place_id,name,address,phone,website,rating,review_count,maps_url,status,types,category,city
ChIJi2U-Jh5VrlQRVqo0tbpJFwA,Master Plumbing,"9446 W Fairview Ave Suite B, Boise, ID 83704, USA",(208) 939-7515,https://masterrooter.com/boise-plumbing-services/,4.9,565,https://maps.google.com/?cid=6554990717217366&g_mp=Cidnb29nbGUubWFwcy5wbGFjZXMudjEuUGxhY2VzLlNlYXJjaFRleHQQAhgEIAA,OPERATIONAL,"plumber,point_of_interest,service,establishment",Plumber,Boise
ChIJrYarZ0j_rlQRqJWOmg8sH50,Goodson Plumbing Services,"5103 W Bethel St STE 120, Boise, ID 83706, USA",(208) 629-4278,https://www.robgoodsonplumbing.com/,4.9,567,https://maps.google.com/?cid=11321816433761883560&g_mp=Cidnb29nbGUubWFwcy5wbGFjZXMudjEuUGxhY2VzLlNlYXJjaFRleHQQAhgEIAA,OPERATIONAL,"plumber,point_of_interest,service,establishment",Plumber,Boise
ChIJOYdyPd75rlQR89K-gfC0GfU,"Beacon Plumbing, Heating, Air-Conditioning, and Electrical, Inc","1310 S Vista Ave #25, Boise, ID 83705, USA",(208) 516-2061,https://www.beaconplumbing.com/,5,1484,https://maps.google.com/?cid=17661346358772028147&g_mp=Cidnb29nbGUubWFwcy5wbGFjZXMudjEuUGxhY2VzLlNlYXJjaFRleHQQAhgEIAA,OPERATIONAL,"plumber,electrician,general_contractor,building_materials_store,store,point_of_interest,service,establishment",Plumber,Boise
ChIJMfuCx0H3rlQR22xR3E-eGUc,Five Star Service Pros Plumbing,"500 W Idaho St Suite #265, Boise, ID 83702, USA",(208) 480-1895,https://fivestarservicepros.com/,4.9,367,https://maps.google.com/?cid=5123300116946578651&g_mp=Cidnb29nbGUubWFwcy5wbGFjZXMudjEuUGxhY2VzLlNlYXJjaFRleHQQAhgEIAA,OPERATIONAL,"plumber,point_of_interest,service,establishment",Plumber,Boise
ChIJM5-XKixUrlQRYiQqOwgK124,Cloverdale Plumbing,"11627 W Fairview Ave, Boise, ID 83713, USA",(208) 376-1901,http://cloverdaleplumbing.com/,4.7,602,https://maps.google.com/?cid=7986863494633497698&g_mp=Cidnb29nbGUubWFwcy5wbGFjZXMudjEuUGxhY2VzLlNlYXJjaFRleHQQAhgEIAA,OPERATIONAL,"plumber,point_of_interest,service,establishment",Plumber,Boise
ChIJYUSysEz_rlQRWNa-4oELciM,Perfect Plumbing Heating & Air,"109 W 44th St, Garden City, ID 83714, USA",(208) 231-1936,https://perfectplumbingheatingair.com/,4.8,5458,https://maps.google.com/?cid=2554116591155336792&g_mp=Cidnb29nbGUubWFwcy5wbGFjZXMudjEuUGxhY2VzLlNlYXJjaFRleHQQAhgEIAA,OPERATIONAL,"plumber,general_contractor,supplier,point_of_interest,service,establishment",Plumber,Boise
ChIJpXvkWltTrlQRR01YEekDkzw,Plumbing Solutions of Idaho,"870 E Franklin Rd Suite 506, Meridian, ID 83642, USA",(208) 606-4515,https://plumbingsolutionsofidaho.com/,4.9,1327,https://maps.google.com/?cid=4364836763405405511&g_mp=Cidnb29nbGUubWFwcy5wbGFjZXMudjEuUGxhY2VzLlNlYXJjaFRleHQQAhgEIAA,OPERATIONAL,"plumber,general_contractor,store,supplier,point_of_interest,service,establishment",Plumber,Boise
ChIJH8WheTD_rlQRu99-OKX75f0,Wickstrom Plumbing Heating & Cooling,"4090 W State St STE 214, Boise, ID 83703, USA",(208) 214-4269,https://www.wickstromphc.com/,4.9,1323,https://maps.google.com/?cid=18295305748298522555&g_mp=Cidnb29nbGUubWFwcy5wbGFjZXMudjEuUGxhY2VzLlNlYXJjaFRleHQQAhgEIAA,OPERATIONAL,"plumber,general_contractor,point_of_interest,service,establishment",Plumber,Boise
ChIJH94r9eT4rlQRpv0QckvrUYc,Express Plumbing Heating & Air,"7863 W Mossy Cup St Suite C, Boise, ID 83709, USA",(208) 398-0309,https://expressplumbingidaho.com/,4.8,1893,https://maps.google.com/?cid=9750833377502625190&g_mp=Cidnb29nbGUubWFwcy5wbGFjZXMudjEuUGxhY2VzLlNlYXJjaFRleHQQAhgEIAA,OPERATIONAL,"plumber,general_contractor,point_of_interest,service,establishment",Plumber,Boise
ChIJe9bV5uBTrlQRkHyO1WWXlp4,"Magic Electric, Plumbing, Heating + Air","7255 W Franklin Rd, Boise, ID 83709, USA",(208) 207-9870,https://www.themagicteam.com/boise/,4.9,1362,https://maps.google.com/?cid=11427487568129588368&g_mp=Cidnb29nbGUubWFwcy5wbGFjZXMudjEuUGxhY2VzLlNlYXJjaFRleHQQAhgEIAA,OPERATIONAL,"plumber,electrician,general_contractor,store,supplier,point_of_interest,service,establishment",Plumber,Boise
ChIJ22PF1tv4rlQRkNNcADQvxnw,Hyde Park Plumbing,"3704 W Overland Rd, Boise, ID 83705, USA",(208) 871-9113,https://hydepark-plumbing.com/,4.8,62,https://maps.google.com/?cid=8990925606482662288&g_mp=Cidnb29nbGUubWFwcy5wbGFjZXMudjEuUGxhY2VzLlNlYXJjaFRleHQQAhgEIAA,OPERATIONAL,"plumber,point_of_interest,service,establishment",Plumber,Boise
ChIJa9pk5qcXXaERx8J2tNjWlzU,Boise Family Plumbing LLC,"210 E 37th St #3, Garden City, ID 83714, USA",(208) 949-3307,https://www.boisefamilyplumbing.com/,4.9,140,https://maps.google.com/?cid=3861791431722451655&g_mp=Cidnb29nbGUubWFwcy5wbGFjZXMudjEuUGxhY2VzLlNlYXJjaFRleHQQAhgEIAA,OPERATIONAL,"plumber,point_of_interest,service,establishment",Plumber,Boise
ChIJf_-NFTCFd4kRNoU3b6EVd8Y,Gary The Plumber LLC.,"6214 N Oliver Ave, Boise, ID 83714, USA",(208) 991-2096,https://garytheplumber208.com/,5,167,https://maps.google.com/?cid=14300922924838126902&g_mp=Cidnb29nbGUubWFwcy5wbGFjZXMudjEuUGxhY2VzLlNlYXJjaFRleHQQAhgEIAA,OPERATIONAL,"plumber,store,supplier,point_of_interest,service,establishment",Plumber,Boise
ChIJgfDU44ZXrlQRvMn1gyNBCb4,Master Plumbing,"10006 West Sandy River Drive, Boise, ID 83709, USA",(208) 955-8556,https://masterrooter.com/southwest-idaho-plumbers/plumbing-services-boise-id-83709/,4.9,470,https://maps.google.com/?cid=13693547762790287804&g_mp=Cidnb29nbGUubWFwcy5wbGFjZXMudjEuUGxhY2VzLlNlYXJjaFRleHQQAhgEIAA,OPERATIONAL,"plumber,point_of_interest,service,establishment",Plumber,Boise
ChIJY2YwA3H5rlQR2UHEutPxSq8,Best Boise City Plumber,"2652 W Main St, Boise, ID 83702, USA",(208) 247-0309,https://bestboisecityplumber.com/,5,18,https://maps.google.com/?cid=12631173996587794905&g_mp=Cidnb29nbGUubWFwcy5wbGFjZXMudjEuUGxhY2VzLlNlYXJjaFRleHQQAhgEIAA,OPERATIONAL,"plumber,point_of_interest,service,establishment",Plumber,Boise
ChIJ01V-vlRRrlQRiHbGcah2WPg,All Star Plumbing and Restoration,"4511 N Glenwood St, Boise, ID 83704, USA",(208) 377-0113,https://www.allstarplumbingandrestoration.com/,4.5,78,https://maps.google.com/?cid=17895183585192081032&g_mp=Cidnb29nbGUubWFwcy5wbGFjZXMudjEuUGxhY2VzLlNlYXJjaFRleHQQAhgEIAA,OPERATIONAL,"plumber,store,supplier,point_of_interest,service,establishment",Plumber,Boise
ChIJ34QaafpTrlQRD7X2mDxn2Bg,Master Plumbing,"280 N Baltic Pl, Meridian, ID 83642, USA",(208) 922-6686,https://masterrooter.com/meridian-plumbing-services/,4.9,1337,https://maps.google.com/?cid=1790294361841775887&g_mp=Cidnb29nbGUubWFwcy5wbGFjZXMudjEuUGxhY2VzLlNlYXJjaFRleHQQAhgEIAA,OPERATIONAL,"plumber,point_of_interest,service,establishment",Plumber,Boise
ChIJqbYEL_g4mAMRb7Oqxpe_q78,Precision Plumbing & Leak Detection,"195 N Liberty St, Boise, ID 83704, USA",(208) 999-8198,http://precisionplumbingandleakdetection.com/,5,33,https://maps.google.com/?cid=13811343340855800687&g_mp=Cidnb29nbGUubWFwcy5wbGFjZXMudjEuUGxhY2VzLlNlYXJjaFRleHQQAhgEIAA,OPERATIONAL,"plumber,point_of_interest,service,establishment",Plumber,Boise
ChIJFTrA9_5UrlQRKJHigoGjlU4,McDaniel Plumbing,"13601 W McMillan Rd, Boise, ID 83713, USA",(208) 297-5833,http://www.mcdanielplumbing.biz/,4.8,37,https://maps.google.com/?cid=5662611883130261800&g_mp=Cidnb29nbGUubWFwcy5wbGFjZXMudjEuUGxhY2VzLlNlYXJjaFRleHQQAhgEIAA,OPERATIONAL,"plumber,point_of_interest,service,establishment",Plumber,Boise
ChIJfzSXIetvyYcRDfDBZ5DBuo0,Boise Plumbing & Drain Clean Co,"2323 S Vista Ave #250, Boise, ID 83705, USA",(986) 252-2384,,5,50,https://maps.google.com/?cid=10212687930976235533&g_mp=Cidnb29nbGUubWFwcy5wbGFjZXMudjEuUGxhY2VzLlNlYXJjaFRleHQQAhgEIAA,OPERATIONAL,"plumber,point_of_interest,service,establishment",Plumber,Boise
ChIJbzO7hAX4rlQRZyIqpsd_M9Q,Boise Plumbing,"1765 W Victory Rd, Boise, ID 83705, USA",(208) 327-1003,http://boiseplumbing208.com/,4.7,15,https://maps.google.com/?cid=15290705655315964519&g_mp=Cidnb29nbGUubWFwcy5wbGFjZXMudjEuUGxhY2VzLlNlYXJjaFRleHQQAhgEIAA,OPERATIONAL,"plumber,point_of_interest,service,establishment",Plumbing contractor,Boise
ChIJjTjcQShXrlQRwAZHeE4eq8M,Veterans Plumbing,"18 S Orchard St, Boise, ID 83705, USA",(208) 250-2525,https://www.veteransplumbingcorp.com/,4.6,41,https://maps.google.com/?cid=14099396380787672768&g_mp=Cidnb29nbGUubWFwcy5wbGFjZXMudjEuUGxhY2VzLlNlYXJjaFRleHQQAhgEIAA,OPERATIONAL,"plumber,point_of_interest,service,establishment",Plumbing contractor,Boise
ChIJ6xfR2oJWrlQR_OxSAXHqVQk,"DeBest, Inc.","11477 W President Dr, Boise, ID 83713, USA",(208) 322-4844,http://debestplumbing.com/,4.1,35,https://maps.google.com/?cid=672701490436173052&g_mp=Cidnb29nbGUubWFwcy5wbGFjZXMudjEuUGxhY2VzLlNlYXJjaFRleHQQAhgEIAA,OPERATIONAL,"plumber,point_of_interest,service,establishment",Plumbing contractor,Boise
ChIJN5kXOZ1WrlQRrlC9o2JnkSA,Roto-Rooter Plumbing & Water Cleanup,"711 N Touchmark Ave, Meridian, ID 83642, USA",(986) 236-4175,https://www.rotorooter.com/meridianid/?utm_source=Google&utm_medium=organic&utm_campaign=gmb&utm_content=website,4.8,1214,https://maps.google.com/?cid=2346770554188288174&g_mp=Cidnb29nbGUubWFwcy5wbGFjZXMudjEuUGxhY2VzLlNlYXJjaFRleHQQAhgEIAA,OPERATIONAL,"plumber,manufacturer,general_contractor,point_of_interest,service,establishment",Plumbing contractor,Boise
ChIJKVK0Gk3_rlQR7HTGDRH88_4,Same Day Electric,"4684 W Chinden Blvd, Boise, ID 83714, USA",(208) 377-3278,https://samedayelectric.net/?utm_source=google-gbp&utm_medium=organic&utm_campaign=*247*same-day-electric-boise,4.9,2356,https://maps.google.com/?cid=18371304455150138604&g_mp=Cidnb29nbGUubWFwcy5wbGFjZXMudjEuUGxhY2VzLlNlYXJjaFRleHQQAhgEIAA,OPERATIONAL,"electrician,general_contractor,wholesaler,point_of_interest,service,establishment",Electrician,Boise
ChIJTeL7LLj4rlQRL6BSu75xgUg,High Ground Electric,"5015 W Fairmont Pl, Boise, ID 83706, USA",(208) 344-0605,https://electricianboiseid.com/,4.7,88,https://maps.google.com/?cid=5224582106726965295&g_mp=Cidnb29nbGUubWFwcy5wbGFjZXMudjEuUGxhY2VzLlNlYXJjaFRleHQQAhgEIAA,OPERATIONAL,"electrician,point_of_interest,service,establishment",Electrician,Boise
ChIJdSpj9ID4rlQRHKVPRHYaSZM,Sublime Electric,"616 S Roosevelt St, Boise, ID 83705, USA",(208) 609-9052,http://sublimeelectricid.net/?utm_source=gmb,4.9,677,https://maps.google.com/?cid=10613043092129817884&g_mp=Cidnb29nbGUubWFwcy5wbGFjZXMudjEuUGxhY2VzLlNlYXJjaFRleHQQAhgEIAA,OPERATIONAL,"electrician,point_of_interest,service,establishment",Electrician,Boise
ChIJL6cXXNpVrlQR4ab4XWU80fw,Idaho Service Electric,"10847 W Montana Ave, Boise, ID 83713, USA",(208) 996-4757,http://www.idahoserviceelectric.co/,4.7,27,https://maps.google.com/?cid=18217408373756307169&g_mp=Cidnb29nbGUubWFwcy5wbGFjZXMudjEuUGxhY2VzLlNlYXJjaFRleHQQAhgEIAA,OPERATIONAL,"electrician,point_of_interest,service,establishment",Electrician,Boise
ChIJrZVr8ORTrlQRJaa9XEQkBCc,American Pro Electric,"7606 W Settlers Ave, Boise, ID 83704, USA",(208) 515-1111,,4.2,35,https://maps.google.com/?cid=2811411943418340901&g_mp=Cidnb29nbGUubWFwcy5wbGFjZXMudjEuUGxhY2VzLlNlYXJjaFRleHQQAhgEIAA,OPERATIONAL,"electrician,point_of_interest,service,establishment",Electrician,Boise
ChIJdYeGBZchnlQR04XjjTHEeQM,All 4 You Electrical,"518 S Eagleson Rd, Boise, ID 83705, USA",(208) 794-7431,http://www.all4youelectrical.com/,5,112,https://maps.google.com/?cid=250446971408713171&g_mp=Cidnb29nbGUubWFwcy5wbGFjZXMudjEuUGxhY2VzLlNlYXJjaFRleHQQAhgEIAA,OPERATIONAL,"electrician,point_of_interest,service,establishment",Electrician,Boise
ChIJWcZW1IBWrlQRmzWxnP3-16U,Hi-Tech Electric,"94 E 49th St C, Garden City, ID 83714, USA",(208) 271-3076,https://www.hitechelect.com/,4.9,144,https://maps.google.com/?cid=11950300501459940763&g_mp=Cidnb29nbGUubWFwcy5wbGFjZXMudjEuUGxhY2VzLlNlYXJjaFRleHQQAhgEIAA,OPERATIONAL,"electrician,consultant,point_of_interest,service,establishment",Electrician,Boise
ChIJ36HQtW72nCwR2MTMJiEuOqs,Tier 1 Electric,"1849 N Wildwood St, Boise, ID 83713, USA",(208) 550-5887,https://tier1electricllc.com/,5,104,https://maps.google.com/?cid=12338224849054647512&g_mp=Cidnb29nbGUubWFwcy5wbGFjZXMudjEuUGxhY2VzLlNlYXJjaFRleHQQAhgEIAA,OPERATIONAL,"electrician,point_of_interest,service,establishment",Electrician,Boise
ChIJ-xIWh6H4rlQR8u7RYhMjl34,"Quality Electric, Inc.","5272 W Irving St, Boise, ID 83706, USA",(208) 375-1300,http://qeidaho.com/,4.6,32,https://maps.google.com/?cid=9121798136431505138&g_mp=Cidnb29nbGUubWFwcy5wbGFjZXMudjEuUGxhY2VzLlNlYXJjaFRleHQQAhgEIAA,OPERATIONAL,"electrician,point_of_interest,service,establishment",Electrician,Boise
ChIJC_WIh29WrlQRJn6BzE6A-3A,Edwards Electric,"590 N Maple Grove Rd, Boise, ID 83704, USA",(208) 375-4859,http://edwardselectricboise.com/,4.3,7,https://maps.google.com/?cid=8141241827329146406&g_mp=Cidnb29nbGUubWFwcy5wbGFjZXMudjEuUGxhY2VzLlNlYXJjaFRleHQQAhgEIAA,OPERATIONAL,"electrician,point_of_interest,service,establishment",Electrician,Boise
ChIJvV9DNsZTrlQR1dMIfsAq4xQ,"A-1 Heating, Air Conditioning & Electric","327 N Linder Rd, Meridian, ID 83642, USA",(208) 343-4445,https://a1heating.com/?utm_source=google&utm_medium=organic&utm_campaign=gbp-profile,4.9,3532,https://maps.google.com/?cid=1505093706708472789&g_mp=Cidnb29nbGUubWFwcy5wbGFjZXMudjEuUGxhY2VzLlNlYXJjaFRleHQQAhgEIAA,OPERATIONAL,"electrician,general_contractor,manufacturer,point_of_interest,service,establishment",Electrician,Boise
ChIJYy26sChWrlQRr4flXPIaNZ0,Cobb Electric,"226 S Phillippi St, Boise, ID 83705, USA",(208) 577-7873,http://cobbelectricboise.com/,4.8,18,https://maps.google.com/?cid=11327990065963304879&g_mp=Cidnb29nbGUubWFwcy5wbGFjZXMudjEuUGxhY2VzLlNlYXJjaFRleHQQAhgEIAA,OPERATIONAL,"electrician,point_of_interest,service,establishment",Electrician,Boise
ChIJRcpL1alXrlQRdsRJ4XLU3I0,Tri State Electric Inc,"7790 W Mossy Cup St #1a, Boise, ID 83709, USA",(208) 362-4636,https://www.tseidaho.com/,4,29,https://maps.google.com/?cid=10222278844095251574&g_mp=Cidnb29nbGUubWFwcy5wbGFjZXMudjEuUGxhY2VzLlNlYXJjaFRleHQQAhgEIAA,OPERATIONAL,"electrician,point_of_interest,service,establishment",Electrician,Boise
ChIJ135StRr5rlQRl8SiKqA10y4,"DG Electric, Inc","723 N Stanley St, Boise, ID 83706, USA",(208) 908-2242,https://www.dgelectricboise.com/,5,16,https://maps.google.com/?cid=3374099507856983191&g_mp=Cidnb29nbGUubWFwcy5wbGFjZXMudjEuUGxhY2VzLlNlYXJjaFRleHQQAhgEIAA,OPERATIONAL,"electrician,point_of_interest,service,establishment",Electrician,Boise
ChIJrySdII9VrlQRO5WzUCwF8ng,K-F Electric Inc,"9021 W Pattie Dr, Boise, ID 83704, USA",(208) 377-0338,https://www.kfelect.com/,4.7,6,https://maps.google.com/?cid=8715033916805977403&g_mp=Cidnb29nbGUubWFwcy5wbGFjZXMudjEuUGxhY2VzLlNlYXJjaFRleHQQAhgEIAA,OPERATIONAL,"electrician,point_of_interest,service,establishment",Electrician,Boise
ChIJX1vCKfNVrlQR11IwrMh5Y8Q,Brite Electric Inc,"3910 Kingswood Dr, Boise, ID 83704, USA",(208) 371-3803,,4.4,12,https://maps.google.com/?cid=14151288356917498583&g_mp=Cidnb29nbGUubWFwcy5wbGFjZXMudjEuUGxhY2VzLlNlYXJjaFRleHQQAhgEIAA,OPERATIONAL,"electrician,point_of_interest,service,establishment",Electrician,Boise
ChIJz_Eg9Uj_rlQRjOI_QSzzEU0,Alloway Co. Inc.,"502 E 45th St, Garden City, ID 83714, USA",(208) 344-2508,http://www.allowayelectric.com/,4.4,39,https://maps.google.com/?cid=5553487186923348620&g_mp=Cidnb29nbGUubWFwcy5wbGFjZXMudjEuUGxhY2VzLlNlYXJjaFRleHQQAhgEIAA,OPERATIONAL,"electrician,service,point_of_interest,establishment",Electrical contractor,Boise
ChIJHYIWswH4rlQRR9gvvCiFy8o,Mountain Power Electrical Contractors,"305 E 41st St, Garden City, ID 83714, USA",(208) 377-3305,http://mtnpwr.com/,4.8,4,https://maps.google.com/?cid=14612919825936144455&g_mp=Cidnb29nbGUubWFwcy5wbGFjZXMudjEuUGxhY2VzLlNlYXJjaFRleHQQAhgEIAA,OPERATIONAL,"electrician,service,point_of_interest,establishment",Electrical contractor,Boise
ChIJo-Ffch1XrlQR9EDL46PPpuc,H&H Electric Boise,"7544 W, 7544 Lemhi St, Boise, ID 83709, USA",(208) 562-8191,http://www.hhelectricboise.com/,4,4,https://maps.google.com/?cid=16692257371703689460&g_mp=Cidnb29nbGUubWFwcy5wbGFjZXMudjEuUGxhY2VzLlNlYXJjaFRleHQQAhgEIAA,OPERATIONAL,"service,point_of_interest,establishment",Electrical contractor,Boise
ChIJDdIyFLxXrlQRLIv5QNteUwo,Independent Electrical Contractors,"5944 W Victory Rd, Boise, ID 83709, USA",(208) 608-4662,https://iecidaho.com/,5,2,https://maps.google.com/?cid=744042659227208492&g_mp=Cidnb29nbGUubWFwcy5wbGFjZXMudjEuUGxhY2VzLlNlYXJjaFRleHQQAhgEIAA,OPERATIONAL,"point_of_interest,establishment",Electrical contractor,Boise
ChIJR9qV6utXrlQRzazjxtHEgaY,BURKE Electrical Contracting,"720 N Allumbaugh St, Boise, ID 83704, USA",(208) 631-4980,https://burke-electrical.com/,5,9,https://maps.google.com/?cid=11998087287555730637&g_mp=Cidnb29nbGUubWFwcy5wbGFjZXMudjEuUGxhY2VzLlNlYXJjaFRleHQQAhgEIAA,OPERATIONAL,"electrician,service,point_of_interest,establishment",Electrical contractor,Boise
ChIJAdOY6vpTrlQRKs7sGYOCtpo,UNITED ELECTRIC CONTRACTING,"760 E King St SUITE 101, Meridian, ID 83642, USA",(208) 424-6813,https://unitedelectricboise.com/,4.6,22,https://maps.google.com/?cid=11148241427189517866&g_mp=Cidnb29nbGUubWFwcy5wbGFjZXMudjEuUGxhY2VzLlNlYXJjaFRleHQQAhgEIAA,OPERATIONAL,"electrician,service,point_of_interest,establishment",Electrical contractor,Boise
ChIJDV1jJdJXrlQREkgwKq7DkMc,Point Roofing & Restoration,"4906 W Overland Rd, Boise, ID 83705, USA",(208) 595-6302,https://pointroof.com/?utm_source=gmb&utm_medium=organic,4.9,402,https://maps.google.com/?cid=14380208762993526802&g_mp=Cidnb29nbGUubWFwcy5wbGFjZXMudjEuUGxhY2VzLlNlYXJjaFRleHQQAhgEIAA,OPERATIONAL,"roofing_contractor,point_of_interest,service,establishment",Roofer,Boise
ChIJBcH-uqVNrlQRZAxNdVkSCz8,Idaho Roofing Contractors,"1565 S Rolling Hl Dr, Meridian, ID 83642, USA",(208) 921-7821,https://www.idahoroofingcontractors.com/,4.9,844,https://maps.google.com/?cid=4542744824562650212&g_mp=Cidnb29nbGUubWFwcy5wbGFjZXMudjEuUGxhY2VzLlNlYXJjaFRleHQQAhgEIAA,OPERATIONAL,"roofing_contractor,point_of_interest,service,establishment",Roofer,Boise
ChIJybiFMt9XrlQRVHSvDFhIxh0,Signature Roofing,"12567 W Franklin Rd, Boise, ID 83709, USA",(208) 609-9071,https://mysignatureroofing.com/,4.9,446,https://maps.google.com/?cid=2145481815495767124&g_mp=Cidnb29nbGUubWFwcy5wbGFjZXMudjEuUGxhY2VzLlNlYXJjaFRleHQQAhgEIAA,OPERATIONAL,"roofing_contractor,manufacturer,point_of_interest,service,establishment",Roofer,Boise
ChIJnQQSk-5WrlQRXQSoALoXmr0,Blue Goat Roofing,"10448 W Lockwood St, Boise, ID 83709, USA",(208) 999-0775,https://bluegoatroofing.com/,5,258,https://maps.google.com/?cid=13662258507224187997&g_mp=Cidnb29nbGUubWFwcy5wbGFjZXMudjEuUGxhY2VzLlNlYXJjaFRleHQQAhgEIAA,OPERATIONAL,"roofing_contractor,point_of_interest,service,establishment",Roofer,Boise
ChIJR4OdX3BRrlQRhodduA5DZzY,Bartlett Roofing,"370 N Mitchell St, Boise, ID 83704, USA",(208) 286-4187,https://bartlettroofs.com/service-areas/boise-id/,4.6,567,https://maps.google.com/?cid=3920175731151046534&g_mp=Cidnb29nbGUubWFwcy5wbGFjZXMudjEuUGxhY2VzLlNlYXJjaFRleHQQAhgEIAA,OPERATIONAL,"roofing_contractor,point_of_interest,service,establishment",Roofer,Boise
ChIJCx5LWgOyr1QR9EpWyDr4WWE,Intermountain Roofing Company,"3261 Spiceland Dr, Boise, ID 83704, USA",(208) 713-5871,https://intermountainroofingcompany.com/,5,48,https://maps.google.com/?cid=7014910825959148276&g_mp=Cidnb29nbGUubWFwcy5wbGFjZXMudjEuUGxhY2VzLlNlYXJjaFRleHQQAhgEIAA,OPERATIONAL,"roofing_contractor,point_of_interest,service,establishment",Roofer,Boise
ChIJFbsM2DpVrlQRZHzqzQqOy_Y,208 Roofing,"6706 W Fairview Ave, Boise, ID 83704, USA",(208) 591-8997,https://www.208roofing.com/,5,50,https://maps.google.com/?cid=17783463730658049124&g_mp=Cidnb29nbGUubWFwcy5wbGFjZXMudjEuUGxhY2VzLlNlYXJjaFRleHQQAhgEIAA,OPERATIONAL,"roofing_contractor,point_of_interest,service,establishment",Roofer,Boise
ChIJ-5HkVSn_rlQRZEz8jHJHnFA,Owyhee Roofing,"3020 W Breneman St, Boise, ID 83703, USA",(208) 440-7693,http://www.owyheeroofing.com/,4.9,88,https://maps.google.com/?cid=5808596176718285924&g_mp=Cidnb29nbGUubWFwcy5wbGFjZXMudjEuUGxhY2VzLlNlYXJjaFRleHQQAhgEIAA,OPERATIONAL,"roofing_contractor,point_of_interest,service,establishment",Roofer,Boise
ChIJL1vN3dgJqIQRSgtpqsTY-_g,Kings Roofing & Contracting,"9201 W State St #127, Boise, ID 83714, USA",(208) 803-8341,https://www.kingsroofingandcontracting.com/,5,73,https://maps.google.com/?cid=17941171879744703306&g_mp=Cidnb29nbGUubWFwcy5wbGFjZXMudjEuUGxhY2VzLlNlYXJjaFRleHQQAhgEIAA,OPERATIONAL,"roofing_contractor,general_contractor,point_of_interest,service,establishment",Roofer,Boise
ChIJ-WlfGqv5rlQRg-gTQqER3GI,Flux Boise Roofing & Siding,"200 N 23rd St Suite 109, Boise, ID 83702, USA",(208) 476-6318,https://www.fluxroofing.com/locations/treasure-valley?utm_source=gbp,5,23,https://maps.google.com/?cid=7123588094889289859&g_mp=Cidnb29nbGUubWFwcy5wbGFjZXMudjEuUGxhY2VzLlNlYXJjaFRleHQQAhgEIAA,OPERATIONAL,"roofing_contractor,point_of_interest,service,establishment",Roofer,Boise
ChIJVVWxqS1XrlQROSA8Uzi5Q3U,Superior Roofing,"9460 W Fairview Ave Unit 155, Boise, ID 83704, USA",(208) 242-2275,https://www.superiorroofingplus.com/,4.8,79,https://maps.google.com/?cid=8449800977442938937&g_mp=Cidnb29nbGUubWFwcy5wbGFjZXMudjEuUGxhY2VzLlNlYXJjaFRleHQQAhgEIAA,OPERATIONAL,"roofing_contractor,point_of_interest,service,establishment",Roofer,Boise
ChIJlZURhONXrlQRx4CzQmZRe3Y,Mighty Dog,"4792 W Overland Rd #200, Boise, ID 83705, USA",(208) 646-9890,https://www.mightydogroofing.com/boise-id/,4.8,106,https://maps.google.com/?cid=8537507018258481351&g_mp=Cidnb29nbGUubWFwcy5wbGFjZXMudjEuUGxhY2VzLlNlYXJjaFRleHQQAhgEIAA,OPERATIONAL,"roofing_contractor,general_contractor,point_of_interest,service,establishment",Roofer,Boise
ChIJyS7ubsxPs0cRH9gYJK5cZo8,Recon Roofing & Solar,"2350 S Vista Ave, Boise, ID 83705, USA",(208) 872-4880,http://www.roofsbyrecon.com/,5,145,https://maps.google.com/?cid=10333048298047854623&g_mp=Cidnb29nbGUubWFwcy5wbGFjZXMudjEuUGxhY2VzLlNlYXJjaFRleHQQAhgEIAA,OPERATIONAL,"roofing_contractor,general_contractor,point_of_interest,service,establishment",Roofer,Boise
ChIJ3Uw5mk__rlQRsKpCK5ewuww,All County Roofing Inc.,"2650 S Cole Rd B, Boise, ID 83709, USA",(208) 322-7663,https://www.allcountyroofingid.com/,4.5,56,https://maps.google.com/?cid=917521112412367536&g_mp=Cidnb29nbGUubWFwcy5wbGFjZXMudjEuUGxhY2VzLlNlYXJjaFRleHQQAhgEIAA,OPERATIONAL,"roofing_contractor,point_of_interest,service,establishment",Roofer,Boise
ChIJ5bJgZJZVrlQRQK4n_hKoZY8,Rebel Roofing,"4697 N Tumbleweed Pl, Boise, ID 83713, USA",(208) 703-9998,http://rebelroofingidaho.com/,4.8,99,https://maps.google.com/?cid=10332849719598362176&g_mp=Cidnb29nbGUubWFwcy5wbGFjZXMudjEuUGxhY2VzLlNlYXJjaFRleHQQAhgEIAA,OPERATIONAL,"roofing_contractor,point_of_interest,service,establishment",Roofer,Boise
ChIJNTXpWa1XrlQRamnkkngDFRw,Boise Roofing and Gutters,"901 S Robert St, Boise, ID 83705, USA",(208) 795-4913,,4.9,50,https://maps.google.com/?cid=2023527423968307562&g_mp=Cidnb29nbGUubWFwcy5wbGFjZXMudjEuUGxhY2VzLlNlYXJjaFRleHQQAhgEIAA,OPERATIONAL,"roofing_contractor,point_of_interest,service,establishment",Roofer,Boise
ChIJsUCwdOdWrlQRvCAN8eMWxJc,Hawaiian Built Roofing,"7966 W Woodlark St, Boise, ID 83709, USA",(208) 214-8808,https://www.hawaiianbuiltroofing.com/,4.8,214,https://maps.google.com/?cid=10935890963419963580&g_mp=Cidnb29nbGUubWFwcy5wbGFjZXMudjEuUGxhY2VzLlNlYXJjaFRleHQQAhgEIAA,OPERATIONAL,"roofing_contractor,point_of_interest,service,establishment",Roofer,Boise
ChIJIQphda5FrlQRGM7QZ9q5Dw8,Legacy Roofing LLC,"10909 Pelican Ln, Nampa, ID 83686, USA",(208) 901-1142,https://legacyroofingidaho.com/,5,274,https://maps.google.com/?cid=1085290382915325464&g_mp=Cidnb29nbGUubWFwcy5wbGFjZXMudjEuUGxhY2VzLlNlYXJjaFRleHQQAhgEIAA,OPERATIONAL,"roofing_contractor,general_contractor,point_of_interest,service,establishment",Roofer,Boise
ChIJzxhVMlJNrlQRl_gKEYZOZCk,Idaho Roof Repair,"950 W Bannock St Suite 1100, Boise, ID 83702, USA",(208) 249-1538,,5,9,https://maps.google.com/?cid=2982595190944626839&g_mp=Cidnb29nbGUubWFwcy5wbGFjZXMudjEuUGxhY2VzLlNlYXJjaFRleHQQAhgEIAA,OPERATIONAL,"roofing_contractor,point_of_interest,service,establishment",Roofer,Boise
ChIJqW1TwxHDMg0RFNhWozh_DJg,Dodd Exteriors,"1711 S Millennium Way # 130, Meridian, ID 83642, USA",(208) 295-9421,https://www.doddroofs.com/,5,279,https://maps.google.com/?cid=10956271874720847892&g_mp=Cidnb29nbGUubWFwcy5wbGFjZXMudjEuUGxhY2VzLlNlYXJjaFRleHQQAhgEIAA,OPERATIONAL,"roofing_contractor,point_of_interest,service,establishment",Roofer,Boise
ChIJAQAUH_lVrlQRdaAeKC9s_MM,ID Roofing LLC,"940 E Carol St, Meridian, ID 83646, USA",(208) 432-7663,https://idroofs.com/contact/,4.8,16,https://maps.google.com/?cid=14122281481319391349&g_mp=Cidnb29nbGUubWFwcy5wbGFjZXMudjEuUGxhY2VzLlNlYXJjaFRleHQQAhgEIAA,OPERATIONAL,"roofing_contractor,service,point_of_interest,establishment",Roofing contractor,Boise
ChIJceruNxdWrlQRdrmynig4iZk,DaBella,"10095 W Emerald St, Boise, ID 83704, USA",(208) 856-7195,https://dabella.us/location/boise/?utm_source=GBP&utm_medium=link&utm_campaign=boiseGBP&utm_id=Google+Business+Profile+Clicks,4.5,1815,https://maps.google.com/?cid=11063435706724694390&g_mp=Cidnb29nbGUubWFwcy5wbGFjZXMudjEuUGxhY2VzLlNlYXJjaFRleHQQAhgEIAA,OPERATIONAL,"roofing_contractor,general_contractor,home_goods_store,service,store,point_of_interest,establishment",Roofing contractor,Boise
ChIJCW-wKQH5rlQRopw8Qf_4u5g,Copper Cloud Rain Gutters,"6000 W Overland Rd, Boise, ID 83709, USA",(208) 724-4339,http://coppercloudraingutters.com/,5,861,https://maps.google.com/?cid=11005663889604779170&g_mp=Cidnb29nbGUubWFwcy5wbGFjZXMudjEuUGxhY2VzLlNlYXJjaFRleHQQAhgEIAA,OPERATIONAL,"roofing_contractor,service,point_of_interest,establishment",Roofing contractor,Boise
ChIJs7gm6Mn_rlQRKUmCB5OqzxU,Western Heating and Air Conditioning,"4980 E Bradley St, Boise, ID 83714, USA",(208) 204-0357,https://westernhvac.com/?utm_source=gbp-listing&utm_medium=organic&utm_campaign=website-button,4.9,3893,https://maps.google.com/?cid=1571662343438485801&g_mp=Cidnb29nbGUubWFwcy5wbGFjZXMudjEuUGxhY2VzLlNlYXJjaFRleHQQAhgEIAA,OPERATIONAL,"electrician,general_contractor,store,service,point_of_interest,establishment",HVAC,Boise
ChIJH5tjRvb3rlQRSEhbD24vay8,Peppy Heating and Cooling Boise,"590 N Maple Grove Rd Ste #7, Boise, ID 83704, USA",(208) 906-6928,https://callpeppy.com/?utm_source=google&utm_medium=organic&utm_campaign=gbp-boise,5,625,https://maps.google.com/?cid=3416876892041201736&g_mp=Cidnb29nbGUubWFwcy5wbGFjZXMudjEuUGxhY2VzLlNlYXJjaFRleHQQAhgEIAA,OPERATIONAL,"general_contractor,service,point_of_interest,establishment",HVAC,Boise
ChIJS9PusLn4rlQRMMyFZl534yo,Capital City Heating & Cooling,"420 N Curtis Rd, Boise, ID 83706, USA",(208) 345-4115,http://www.capitalcityheating.com/,4.9,348,https://maps.google.com/?cid=3090445016636967984&g_mp=Cidnb29nbGUubWFwcy5wbGFjZXMudjEuUGxhY2VzLlNlYXJjaFRleHQQAhgEIAA,OPERATIONAL,"general_contractor,service,point_of_interest,establishment",HVAC,Boise
ChIJaw1xpp9XrlQRU9RKhvuuQso,Right Now Heating and Air Conditioning,"5100 W Emerald St, Boise, ID 83706, USA",(208) 939-4475,https://rightnowheatcool.com/?utm_source=google-gbp&utm_medium=organic&utm_campaign=*169*right-now-heating-boise,4.8,8601,https://maps.google.com/?cid=14574403739437421651&g_mp=Cidnb29nbGUubWFwcy5wbGFjZXMudjEuUGxhY2VzLlNlYXJjaFRleHQQAhgEIAA,OPERATIONAL,"electrician,plumber,general_contractor,service,point_of_interest,establishment",HVAC,Boise
ChIJD8FcZWlWrlQR4u92H0nE_PY,Ashley Heating Air & Water Systems,"8243 W Westpark St, Boise, ID 83704, USA",(208) 378-9445,http://www.ashleyheating.com/,4.9,1132,https://maps.google.com/?cid=17797315645800902626&g_mp=Cidnb29nbGUubWFwcy5wbGFjZXMudjEuUGxhY2VzLlNlYXJjaFRleHQQAhgEIAA,OPERATIONAL,"general_contractor,supplier,store,service,point_of_interest,establishment",HVAC,Boise
ChIJ8SG2bvlPrlQR5yF7uYGhydI,"Ultimate Heating & Air, Inc","535 N Locust Grove Rd #170, Meridian, ID 83642, USA",(208) 584-8816,http://www.ultimateheatingandair.com/?utm_source=GBP&utm_medium=organic,4.9,2113,https://maps.google.com/?cid=15188848796818416103&g_mp=Cidnb29nbGUubWFwcy5wbGFjZXMudjEuUGxhY2VzLlNlYXJjaFRleHQQAhgEIAA,OPERATIONAL,"plumber,general_contractor,service,point_of_interest,establishment",HVAC,Boise
ChIJAy0RQNdXrlQR-9KbpNULlxQ,TSS Home Comfort,"1712 S Roosevelt St, Boise, ID 83705, USA",(208) 908-4330,https://tsshomecomfort.com/?utm_source=GBP&utm_medium=organic,4.8,173,https://maps.google.com/?cid=1483667614459482875&g_mp=Cidnb29nbGUubWFwcy5wbGFjZXMudjEuUGxhY2VzLlNlYXJjaFRleHQQAhgEIAA,OPERATIONAL,"general_contractor,manufacturer,store,service,point_of_interest,establishment",HVAC,Boise
ChIJLzfZWqT4rlQRHH7t2fDNVOI,Jim's Heating & Cooling,"9237 W State St, Garden City, ID 83714, USA",(208) 376-1717,https://jimsheat.com/,4.8,368,https://maps.google.com/?cid=16308886584947473948&g_mp=Cidnb29nbGUubWFwcy5wbGFjZXMudjEuUGxhY2VzLlNlYXJjaFRleHQQAhgEIAA,OPERATIONAL,"general_contractor,service,point_of_interest,establishment",HVAC,Boise
ChIJRbWuaUdXrlQRdUOTWjsSKLs,Fox Heating and Cooling,"4255 Banner St, Boise, ID 83709, USA",(208) 398-3188,https://www.foxhvacpro.com/,4.9,187,https://maps.google.com/?cid=13486049130292921205&g_mp=Cidnb29nbGUubWFwcy5wbGFjZXMudjEuUGxhY2VzLlNlYXJjaFRleHQQAhgEIAA,OPERATIONAL,"general_contractor,consultant,service,point_of_interest,establishment",HVAC,Boise
ChIJ6_2R_4JWrlQRGDnvNRxh5kw,Quality Heating & Cooling,"11225 W President Dr, Boise, ID 83713, USA",(208) 377-3555,https://qualityheating.net/?utm_source=gbp&utm_medium=organic&utm_campaign=website-link,4.9,382,https://maps.google.com/?cid=5541223165317822744&g_mp=Cidnb29nbGUubWFwcy5wbGFjZXMudjEuUGxhY2VzLlNlYXJjaFRleHQQAhgEIAA,OPERATIONAL,"general_contractor,supplier,manufacturer,store,service,point_of_interest,establishment",HVAC,Boise
ChIJQy5o_sOq5EIR80G40MS3R9I,Gem Heating & Air Conditioning,"11166 W Chickadee Dr, Boise, ID 83709, USA",(208) 912-6304,https://gemheating.com/,4.9,73,https://maps.google.com/?cid=15152281527254532595&g_mp=Cidnb29nbGUubWFwcy5wbGFjZXMudjEuUGxhY2VzLlNlYXJjaFRleHQQAhgEIAA,OPERATIONAL,"general_contractor,service,point_of_interest,establishment",HVAC,Boise
ChIJJRjFxIZXrlQR0CX_SQuFfRE,Drake Mechanical | HVAC & Plumbing Services,"5551 W Gowen Rd, Boise, ID 83709, USA",(208) 362-6200,https://www.drakemech.com/,4.5,407,https://maps.google.com/?cid=1260309754266199504&g_mp=Cidnb29nbGUubWFwcy5wbGFjZXMudjEuUGxhY2VzLlNlYXJjaFRleHQQAhgEIAA,OPERATIONAL,"plumber,general_contractor,supplier,manufacturer,service,point_of_interest,establishment",HVAC,Boise
ChIJLcqRwXdXrlQR-qDZaS_wANk,Owyhee Heating and Air Conditioning,"6037 W Franklin Rd, Boise, ID 83709, USA",(208) 792-6700,https://owyheeheating.com/,5,528,https://maps.google.com/?cid=15636761992660361466&g_mp=Cidnb29nbGUubWFwcy5wbGFjZXMudjEuUGxhY2VzLlNlYXJjaFRleHQQAhgEIAA,OPERATIONAL,"general_contractor,service,point_of_interest,establishment",HVAC,Boise
ChIJ8TupNklXrlQRuncsrI9YAbw,Access Heating & Air Conditioning,"10642 W Executive Dr, Boise, ID 83704, USA",(208) 855-2444,https://accessheating.com/boise/,4.9,571,https://maps.google.com/?cid=13547206528199325626&g_mp=Cidnb29nbGUubWFwcy5wbGFjZXMudjEuUGxhY2VzLlNlYXJjaFRleHQQAhgEIAA,OPERATIONAL,"plumber,general_contractor,service,point_of_interest,establishment",HVAC,Boise
ChIJvaIXDPdTrlQRSudphSW6OIM,Advanced Heating & Cooling,"2640 E Lanark St, Meridian, ID 83642, USA",(208) 336-2665,https://www.advancedheatingandcooling.com/,4.5,326,https://maps.google.com/?cid=9455512087979222858&g_mp=Cidnb29nbGUubWFwcy5wbGFjZXMudjEuUGxhY2VzLlNlYXJjaFRleHQQAhgEIAA,OPERATIONAL,"general_contractor,supplier,service,point_of_interest,establishment",HVAC,Boise
ChIJlyfhtlxXrlQRXdo4oRwwKi4,Four Seasons Heating & Cooling LLC,"8749 W Hackamore Dr Suite 5, Boise, ID 83709, USA",(208) 984-9328,https://fourseasons.ac/,5,33,https://maps.google.com/?cid=3326524174288607837&g_mp=Cidnb29nbGUubWFwcy5wbGFjZXMudjEuUGxhY2VzLlNlYXJjaFRleHQQAhgEIAA,OPERATIONAL,"general_contractor,service,point_of_interest,establishment",HVAC,Boise
ChIJt8Qe0iBVrlQRLKLgvbGTssI,Top Shelf Heating and Cooling,"2251 W Chinden Blvd, Meridian, ID 83646, USA",(208) 572-9016,http://www.topshelfheating.com/,5,511,https://maps.google.com/?cid=14029438180816626220&g_mp=Cidnb29nbGUubWFwcy5wbGFjZXMudjEuUGxhY2VzLlNlYXJjaFRleHQQAhgEIAA,OPERATIONAL,"general_contractor,manufacturer,supplier,store,service,point_of_interest,establishment",Heating and cooling,Boise
ChIJMQmr7O5WrlQR5ngrU7hHo40,Boise Pest Control,"3295 W Elder St #209, Boise, ID 83705, USA",(208) 254-5000,https://www.boisepestcontrol.com/,5,712,https://maps.google.com/?cid=10206080037546588390&g_mp=Cidnb29nbGUubWFwcy5wbGFjZXMudjEuUGxhY2VzLlNlYXJjaFRleHQQAhgEIAA,OPERATIONAL,"point_of_interest,service,establishment",Pest control,Boise
ChIJrSPQR4xTrlQRGTuSc0hWjm0,Vertex Pest Control,"9941 W Emerald St, Boise, ID 83704, USA",(208) 248-4336,https://www.vertexpestcontrol.com/pest-control-boise?utm_source=gbp&utm_medium=organic&utm_campaign=gbp-boise,5,2753,https://maps.google.com/?cid=7894342066003655449&g_mp=Cidnb29nbGUubWFwcy5wbGFjZXMudjEuUGxhY2VzLlNlYXJjaFRleHQQAhgEIAA,OPERATIONAL,"point_of_interest,service,establishment",Pest control,Boise
ChIJMxLV_Fb5rlQR3sPjMkqJ9R0,Boise Elite Pest Control,"1754 W State St, Boise, ID 83702, USA",(208) 247-0002,http://boiseelitepestcontrol.site/,5,44,https://maps.google.com/?cid=2158782548168393694&g_mp=Cidnb29nbGUubWFwcy5wbGFjZXMudjEuUGxhY2VzLlNlYXJjaFRleHQQAhgEIAA,OPERATIONAL,"point_of_interest,service,establishment",Pest control,Boise
ChIJdaHL1AwJ5gQRzLDzotOEOts,Reliable Pest Control Boise,"101 S 15th St, Boise, ID 83702, USA",(208) 379-9793,,5,39,https://maps.google.com/?cid=15797084687462281420&g_mp=Cidnb29nbGUubWFwcy5wbGFjZXMudjEuUGxhY2VzLlNlYXJjaFRleHQQAhgEIAA,OPERATIONAL,"point_of_interest,service,establishment",Pest control,Boise
ChIJ8Whaak3_rlQR4H31lP3_sEU,Orkin,"107 W 43rd St, Boise, ID 83714, USA",(208) 345-7378,https://www.orkin.com/locations/idaho-id/boise-pest-control/branch-913?utm_source=local&utm_medium=local&utm_campaign=LCL5008,4.9,2180,https://maps.google.com/?cid=5021795049109028320&g_mp=Cidnb29nbGUubWFwcy5wbGFjZXMudjEuUGxhY2VzLlNlYXJjaFRleHQQAhgEIAA,OPERATIONAL,"point_of_interest,service,establishment",Pest control,Boise
ChIJHX3gC_VXrlQRzRLrRs2TuAE,Habitat Pest & Lawn,"218 N Maple Grove Rd, Boise, ID 83704, USA",(208) 715-5880,http://habitatid.com/?utm_campaign=gmb,5,205,https://maps.google.com/?cid=124011499620078285&g_mp=Cidnb29nbGUubWFwcy5wbGFjZXMudjEuUGxhY2VzLlNlYXJjaFRleHQQAhgEIAA,OPERATIONAL,"point_of_interest,service,establishment",Pest control,Boise
ChIJ71MlmznUJq4RFGDwf09kB0U,Wild West Pest Control,"800 W Main St #1460, Boise, ID 83702, USA",(208) 728-3776,http://wildwestpestboise.com/,5,187,https://maps.google.com/?cid=4974054606065655828&g_mp=Cidnb29nbGUubWFwcy5wbGFjZXMudjEuUGxhY2VzLlNlYXJjaFRleHQQAhgEIAA,OPERATIONAL,"point_of_interest,service,establishment",Pest control,Boise
ChIJm1es9apQrlQRoMP0LgSo61s,Best Pest Control and Services,"10575 W Fox Ridge Dr, Boise, ID 83709, USA",(208) 362-5802,http://www.bestpestidaho.com/,4.8,59,https://maps.google.com/?cid=6623572412899574688&g_mp=Cidnb29nbGUubWFwcy5wbGFjZXMudjEuUGxhY2VzLlNlYXJjaFRleHQQAhgEIAA,OPERATIONAL,"point_of_interest,service,establishment",Pest control,Boise
ChIJrzXEoVr_rlQRPDJsg2s5MEc,Western Exterminator,"345 S Adkins Way Suite 108, Meridian, ID 83642, USA",(208) 591-6203,https://www.westernexterminator.com/local-branches/idaho/boise?utm_source=google&utm_medium=gbp&utm_campaign=eg_listing_lg,4.8,718,https://maps.google.com/?cid=5129663109504184892&g_mp=Cidnb29nbGUubWFwcy5wbGFjZXMudjEuUGxhY2VzLlNlYXJjaFRleHQQAhgEIAA,OPERATIONAL,"point_of_interest,association_or_organization,service,establishment",Pest control,Boise
ChIJ-6ykCej4rlQRRGQy3oCzWfU,Barrier Pest Control,"1655 W Fairview Ave #207, Boise, ID 83702, USA",(208) 463-4533,https://barrierpestcontrol.com/boise-pest-control/,4.8,729,https://maps.google.com/?cid=17679359178284622916&g_mp=Cidnb29nbGUubWFwcy5wbGFjZXMudjEuUGxhY2VzLlNlYXJjaFRleHQQAhgEIAA,OPERATIONAL,"point_of_interest,service,establishment",Pest control,Boise
ChIJFT6Q3sf5rlQR8Jj1xxa-Sbw,PURCOR Pest Solutions,"999 W Main St Ste 113, Boise, ID 83702, USA",(208) 515-7881,https://www.purcorpest.com/service-areas/idaho/boise-id/?utm_source=semrush_local_listings,4.8,117,https://maps.google.com/?cid=13567584357483649264&g_mp=Cidnb29nbGUubWFwcy5wbGFjZXMudjEuUGxhY2VzLlNlYXJjaFRleHQQAhgEIAA,OPERATIONAL,"point_of_interest,service,establishment",Pest control,Boise
ChIJj1be6In_rlQR_70xvD4erMI,Affinity Pest Control,"5220 N Sawyer Ave Ste B, Garden City, ID 83714, USA",(208) 515-7509,https://www.affinitypestcontrol.com/?utm_source=gbp&utm_medium=organic&utm_campaign=gbp-garden-city,5,1476,https://maps.google.com/?cid=14027620194146434559&g_mp=Cidnb29nbGUubWFwcy5wbGFjZXMudjEuUGxhY2VzLlNlYXJjaFRleHQQAhgEIAA,OPERATIONAL,"point_of_interest,service,establishment",Pest control,Boise
ChIJnQCDVhBVrlQRSeWpCTQmjTE,Eco Pest Control,"3799 E Mackay Ct, Meridian, ID 83642, USA",(208) 600-8734,https://www.ecopestcontrolidaho.com/,4.9,166,https://maps.google.com/?cid=3570552084516955465&g_mp=Cidnb29nbGUubWFwcy5wbGFjZXMudjEuUGxhY2VzLlNlYXJjaFRleHQQAhgEIAA,OPERATIONAL,"point_of_interest,service,establishment",Pest control,Boise
ChIJPxugtmX4rlQR5u0jjT-jwYY,Protec Pest Control Services,"5488 W Albatros Ln, Boise, ID 83705, USA",(208) 284-1480,https://www.protecnow.com/,5,81,https://maps.google.com/?cid=9710221764933709286&g_mp=Cidnb29nbGUubWFwcy5wbGFjZXMudjEuUGxhY2VzLlNlYXJjaFRleHQQAhgEIAA,OPERATIONAL,"point_of_interest,service,establishment",Pest control,Boise
ChIJr-EAOoFXrlQRoAYqywS-99M,Evergreen Pest Solutions,"7614 W Lemhi St #6, Boise, ID 83709, USA",(458) 224-6276,https://aptivepestcontrol.com/locations/idaho-id/meridian-pest-control/local-branch/,4.7,497,https://maps.google.com/?cid=15273885589048002208&g_mp=Cidnb29nbGUubWFwcy5wbGFjZXMudjEuUGxhY2VzLlNlYXJjaFRleHQQAhgEIAA,OPERATIONAL,"point_of_interest,service,establishment",Pest control,Boise
ChIJmfLGpjBVrlQRbEgv2c8zrYA,All Natural Pest Elimination,"643 E Painted Hills Dr, Meridian, ID 83646, USA",(877) 662-8449,https://allnaturalpestcontrol.com/,4.8,173,https://maps.google.com/?cid=9272124175620720748&g_mp=Cidnb29nbGUubWFwcy5wbGFjZXMudjEuUGxhY2VzLlNlYXJjaFRleHQQAhgEIAA,OPERATIONAL,"point_of_interest,service,establishment",Pest control,Boise
ChIJI6N_9OJMrlQRNWCrVKXBXtA,Saela Pest Control,"16099 N Franklin Blvd Ste 1, Nampa, ID 83687, USA",(208) 551-1582,https://saelapest.com/american-fork-ut-pest-control//?utm_source=gbp&utm_medium=organic&utm_campaign=boise,4.5,1760,https://maps.google.com/?cid=15014651123534094389&g_mp=Cidnb29nbGUubWFwcy5wbGFjZXMudjEuUGxhY2VzLlNlYXJjaFRleHQQAhgEIAA,OPERATIONAL,"point_of_interest,service,establishment",Pest control,Boise
ChIJgX-XAtBRrlQRVDq5BEFRY8Q,Bigfoot Pest Control,"100 W Overland Rd STE 204, Meridian, ID 83642, USA",(208) 696-3141,https://www.gobigfootpest.com/idaho/meridian,5,1051,https://maps.google.com/?cid=14151243793822202452&g_mp=Cidnb29nbGUubWFwcy5wbGFjZXMudjEuUGxhY2VzLlNlYXJjaFRleHQQAhgEIAA,OPERATIONAL,"point_of_interest,service,establishment",Pest control,Boise
ChIJ0-KjMrUd6AERq-OxTnHYti8,Affinity Pest Control,"3597 E Monarch Sky Ln Suite 240, Meridian, ID 83646, USA",(208) 515-7509,https://www.affinitypestcontrol.com/meridian-id-pest-control?utm_source=gbp&utm_medium=organic&utm_campaign=meridian,5,344,https://maps.google.com/?cid=3438173346707137451&g_mp=Cidnb29nbGUubWFwcy5wbGFjZXMudjEuUGxhY2VzLlNlYXJjaFRleHQQAhgEIAA,OPERATIONAL,"point_of_interest,service,establishment",Pest control,Boise
ChIJMatTB_P_rlQR3B4_GWskjB8,Boise Landscape Design,"7241 Potomac Dr, Boise, ID 83704, USA",(208) 918-2660,http://www.boiselandscapedesign.com/landing,5,115,https://maps.google.com/?cid=2273231954318925532&g_mp=Cidnb29nbGUubWFwcy5wbGFjZXMudjEuUGxhY2VzLlNlYXJjaFRleHQQAhgEIAA,OPERATIONAL,"general_contractor,point_of_interest,service,establishment",Landscaping,Boise
ChIJ5brbS7xTrlQR9EOr1XM_mg0,Chamberlain & Sons Landscaping,"1922 S McDermott Rd, Nampa, ID 83687, USA",(208) 515-9833,https://landscapingboise.com/,5,50,https://maps.google.com/?cid=980165635645064180&g_mp=Cidnb29nbGUubWFwcy5wbGFjZXMudjEuUGxhY2VzLlNlYXJjaFRleHQQAhgEIAA,OPERATIONAL,"garden_center,general_contractor,point_of_interest,service,store,establishment",Landscaping,Boise
ChIJXVogfuX_rlQRJni0r1CyymY,"TLC Landscape, LLC","9755 Shields Ave, Boise, ID 83714, USA",(208) 859-9955,http://www.tlcscape.com/,4.6,167,https://maps.google.com/?cid=7406928596779169830&g_mp=Cidnb29nbGUubWFwcy5wbGFjZXMudjEuUGxhY2VzLlNlYXJjaFRleHQQAhgEIAA,OPERATIONAL,"general_contractor,point_of_interest,service,establishment",Landscaping,Boise
ChIJF3Uh9r9OrlQRdL2iv8OAfBM,Legends Landscaping Inc. (Boise-Idaho),"5419 Airport Rd, Nampa, ID 83687, USA",(208) 965-6560,http://www.legendslandscapingboise.com/,4.6,41,https://maps.google.com/?cid=1404138762054843764&g_mp=Cidnb29nbGUubWFwcy5wbGFjZXMudjEuUGxhY2VzLlNlYXJjaFRleHQQAhgEIAA,OPERATIONAL,"general_contractor,point_of_interest,service,establishment",Landscaping,Boise
ChIJ1XS4Ypv3rlQR5LSTlFf9Et0,Boise Landscaping Company,"3917 S Valley Forge Ave, Boise, ID 83706, USA",(208) 584-5202,https://www.boiselandscapingcompany.com/,,0,https://maps.google.com/?cid=15930073384559555812&g_mp=Cidnb29nbGUubWFwcy5wbGFjZXMudjEuUGxhY2VzLlNlYXJjaFRleHQQAhgEIAA,OPERATIONAL,"general_contractor,point_of_interest,service,establishment",Landscaping,Boise
ChIJ212kEnNXrlQRHy7VKmxG3N4,Modern Landscape,"11532 Joplin Rd, Garden City, ID 83714, USA",(208) 484-4018,http://modernlandscapeidaho.com/,4.4,63,https://maps.google.com/?cid=16058787801685372447&g_mp=Cidnb29nbGUubWFwcy5wbGFjZXMudjEuUGxhY2VzLlNlYXJjaFRleHQQAhgEIAA,OPERATIONAL,"general_contractor,point_of_interest,service,establishment",Landscaping,Boise
ChIJj8F5q7wASgERGtYo5TqtWDY,Boise Landscaping Network,"7633 W Prince St, Boise, ID 83714, USA",(208) 918-2660,https://www.boiselandscapingnetwork.com/,5,37,https://maps.google.com/?cid=3916070344463013402&g_mp=Cidnb29nbGUubWFwcy5wbGFjZXMudjEuUGxhY2VzLlNlYXJjaFRleHQQAhgEIAA,OPERATIONAL,"general_contractor,point_of_interest,service,establishment",Landscaping,Boise
ChIJOTQa3AJarlQRtTpF4kyGOsY,Art of the Earth Landscaping,"9777 W Chinden Blvd, Garden City, ID 83714, USA",(208) 724-0788,http://artoftheearthboise.com/,4.9,41,https://maps.google.com/?cid=14283876832930773685&g_mp=Cidnb29nbGUubWFwcy5wbGFjZXMudjEuUGxhY2VzLlNlYXJjaFRleHQQAhgEIAA,OPERATIONAL,"general_contractor,point_of_interest,service,establishment",Landscaping,Boise
ChIJwad6ddr4rlQR4YC7KFDKfGU,Capitol Landscape Inc.,"4907 Alworth St, Garden City, ID 83714, USA",(208) 703-1059,http://www.capitollandscape.com/,4.7,38,https://maps.google.com/?cid=7312942340572414177&g_mp=Cidnb29nbGUubWFwcy5wbGFjZXMudjEuUGxhY2VzLlNlYXJjaFRleHQQAhgEIAA,OPERATIONAL,"general_contractor,point_of_interest,service,establishment",Landscaping,Boise
ChIJSWEmRZJXrlQR-3lOIiL3tZE,Mr Chipp Landscaping,"7867 W Camas St, Boise, ID 83709, USA",(208) 450-2254,https://www.mrchipp.com/?utm_source=Google+Business+Profile&utm_medium=gbp_view_website,4.8,76,https://maps.google.com/?cid=10499569832260696571&g_mp=Cidnb29nbGUubWFwcy5wbGFjZXMudjEuUGxhY2VzLlNlYXJjaFRleHQQAhgEIAA,OPERATIONAL,"general_contractor,point_of_interest,service,establishment",Landscaping,Boise
ChIJf6YzM2b_rlQRhoO2enpVAe0,Cutting Edge Landscape,"5407 Alworth St, Garden City, ID 83714, USA",(208) 378-4588,https://www.cuttingedgelandscape.com/?utm_source=google&utm_id=gmb,4.2,124,https://maps.google.com/?cid=17078025246498784134&g_mp=Cidnb29nbGUubWFwcy5wbGFjZXMudjEuUGxhY2VzLlNlYXJjaFRleHQQAhgEIAA,OPERATIONAL,"general_contractor,point_of_interest,service,establishment",Landscaping,Boise
ChIJscC19Q3_rlQRuFyEWRlWaFc,Far West Landscape & Garden Center,"5728 W State St, Boise, ID 83703, USA",(208) 853-4000,http://farwestgardencenter.net/,4.4,276,https://maps.google.com/?cid=6298378745753656504&g_mp=Cidnb29nbGUubWFwcy5wbGFjZXMudjEuUGxhY2VzLlNlYXJjaFRleHQQAhgEIAA,OPERATIONAL,"garden_center,florist,gift_shop,general_contractor,supplier,point_of_interest,service,store,establishment",Landscaping,Boise
ChIJ90USWfL5rlQR1CMYv4gnmf8,"208 Specialties - Landscaping, Paver Patios, and Fencing","210-1 E 37th St, Garden City, ID 83714, USA",(208) 925-2393,https://208specialties.com/?utm_source=gmb,4.8,25,https://maps.google.com/?cid=18417795619383419860&g_mp=Cidnb29nbGUubWFwcy5wbGFjZXMudjEuUGxhY2VzLlNlYXJjaFRleHQQAhgEIAA,OPERATIONAL,"general_contractor,point_of_interest,service,establishment",Landscaping,Boise
ChIJK3ANjr9SrlQRkhpKlOoU6GM,"Sterling Landscape Company, LLC","4663 Ustick Rd, Nampa, ID 83687, USA",(208) 461-5111,http://sterlinglandscape.com/,3.9,35,https://maps.google.com/?cid=7199027002094525074&g_mp=Cidnb29nbGUubWFwcy5wbGFjZXMudjEuUGxhY2VzLlNlYXJjaFRleHQQAhgEIAA,OPERATIONAL,"garden_center,farm,general_contractor,wholesaler,point_of_interest,service,store,establishment",Landscaping,Boise
ChIJ2a70hQ3_rlQRgj6ONwjuKcw,FarWest Landscape Company,"5808 W State St, Boise, ID 83703, USA",(208) 853-4057,http://www.farwestlandscape.net/,4.5,20,https://maps.google.com/?cid=14711551376841653890&g_mp=Cidnb29nbGUubWFwcy5wbGFjZXMudjEuUGxhY2VzLlNlYXJjaFRleHQQAhgEIAA,OPERATIONAL,"general_contractor,point_of_interest,service,establishment",Landscaping,Boise
ChIJ9Qr6x5xVrlQRNxQII40PpnY,Green Lawn Care & Landscape Inc.,"4580 Henry St, Boise, ID 83709, USA",(208) 376-4967,http://www.greenlawncareinc.com/,4.1,53,https://maps.google.com/?cid=8549538041462002743&g_mp=Cidnb29nbGUubWFwcy5wbGFjZXMudjEuUGxhY2VzLlNlYXJjaFRleHQQAhgEIAA,OPERATIONAL,"general_contractor,point_of_interest,service,establishment",Landscaping,Boise
ChIJVzwDv9b-rlQR4mxv7psXKQw,Flutterby Gardens Landscaping LLC,"6333 N Bogart Ln, Boise, ID 83714, USA",(208) 571-2170,https://www.goflutterby.com/,4.6,20,https://maps.google.com/?cid=876257560987921634&g_mp=Cidnb29nbGUubWFwcy5wbGFjZXMudjEuUGxhY2VzLlNlYXJjaFRleHQQAhgEIAA,OPERATIONAL,"general_contractor,point_of_interest,service,establishment",Landscaping,Boise
ChIJQ_FQJx73rlQRzTIfIiDIYew,Fox Landscape and Construction,"1075 E Rubicon Dr, Boise, ID 83716, USA",(208) 570-0115,http://boisefoxlandscape.com/,4.5,44,https://maps.google.com/?cid=17033115306028905165&g_mp=Cidnb29nbGUubWFwcy5wbGFjZXMudjEuUGxhY2VzLlNlYXJjaFRleHQQAhgEIAA,OPERATIONAL,"general_contractor,point_of_interest,service,establishment",Landscaping,Boise
ChIJU0ktninUQAkRO45dLpAFWiM,Augusta Lawn Care of Boise,"2726 N Chancery Way, Meridian, ID 83646, USA",(208) 593-3303,http://augustalawncareservices.com/boise,4.6,133,https://maps.google.com/?cid=2547354656042749499&g_mp=Cidnb29nbGUubWFwcy5wbGFjZXMudjEuUGxhY2VzLlNlYXJjaFRleHQQAhgEIAA,OPERATIONAL,"service,point_of_interest,establishment",Lawn care,Boise
ChIJdw4gsPdTrlQRV9yTQDXPcZE,Senske Lawn Care Services - Boise,"9700 Bethel Ct Ste. 102, Boise, ID 83709, USA",(208) 887-7900,https://senske.com/boise/?utm_source=google&utm_medium=organic&utm_campaign=gbp&utm_content=website_link-boise,4.7,1975,https://maps.google.com/?cid=10480385635491503191&g_mp=Cidnb29nbGUubWFwcy5wbGFjZXMudjEuUGxhY2VzLlNlYXJjaFRleHQQAhgEIAA,OPERATIONAL,"general_contractor,service,point_of_interest,establishment",Lawn care,Boise
ChIJjXYR5QZUrlQRWVCbFrTLIVQ,Weed Man Lawn Care,"2269 E Commercial St, Meridian, ID 83642, USA",(208) 888-9911,https://weedman.com/en-us/boise,4.7,1241,https://maps.google.com/?cid=6062350547751227481&g_mp=Cidnb29nbGUubWFwcy5wbGFjZXMudjEuUGxhY2VzLlNlYXJjaFRleHQQAhgEIAA,OPERATIONAL,"service,point_of_interest,establishment",Lawn care,Boise
ChIJ73GrOlVJrlQRyFUufRcZdrs,Clean Air Lawn Care Boise,"7373 S Federal Way c78, Boise, ID 83716, USA",(208) 918-2390,https://cleanairlawncare.com/service-locations/id/boise/,4.6,54,https://maps.google.com/?cid=13508011721019512264&g_mp=Cidnb29nbGUubWFwcy5wbGFjZXMudjEuUGxhY2VzLlNlYXJjaFRleHQQAhgEIAA,OPERATIONAL,"supplier,manufacturer,food,general_contractor,service,point_of_interest,establishment",Lawn care,Boise
ChIJ_XFlAUf4rlQR8I9JfNW6udg,TN Lawncare,"1727 Division Ave, Boise, ID 83706, USA",(208) 794-1627,,5,1,https://maps.google.com/?cid=15616718608959901680&g_mp=Cidnb29nbGUubWFwcy5wbGFjZXMudjEuUGxhY2VzLlNlYXJjaFRleHQQAhgEIAA,OPERATIONAL,"general_contractor,service,point_of_interest,establishment",Lawn care,Boise
ChIJZTlA0Hr_rlQRejxa8sbTyGg,"Green Services, Inc","8685 W State St, Boise, ID 83714, USA",(208) 939-7378,https://mygreenservices.com/,4.5,107,https://maps.google.com/?cid=7550517626709621882&g_mp=Cidnb29nbGUubWFwcy5wbGFjZXMudjEuUGxhY2VzLlNlYXJjaFRleHQQAhgEIAA,OPERATIONAL,"service,point_of_interest,establishment",Lawn care,Boise
ChIJoRKEfKtXrlQREaM-vXYaQts,Emerald Lawns Inc,"7479 Lemhi St, Boise, ID 83709, USA",(208) 322-4700,http://www.emeraldlawnsidaho.com/,4.6,72,https://maps.google.com/?cid=15799219540052583185&g_mp=Cidnb29nbGUubWFwcy5wbGFjZXMudjEuUGxhY2VzLlNlYXJjaFRleHQQAhgEIAA,OPERATIONAL,"service,point_of_interest,establishment",Lawn care,Boise
ChIJWXlLD_xVrlQRDDjqYekQcFE,Vern's Lawn Care,"2668 N Westminster Pl, Boise, ID 83704, USA",(208) 323-7736,,5,5,https://maps.google.com/?cid=5868208909019920396&g_mp=Cidnb29nbGUubWFwcy5wbGFjZXMudjEuUGxhY2VzLlNlYXJjaFRleHQQAhgEIAA,OPERATIONAL,"service,point_of_interest,establishment",Lawn care,Boise
ChIJywZcXwFWrlQR5ERri3ozGm0,ATD Lawn Services,"6900 Petrie St, Boise, ID 83704, USA",(208) 658-5285,http://new.atdlawnservice.com/,4.5,16,https://maps.google.com/?cid=7861652700946711780&g_mp=Cidnb29nbGUubWFwcy5wbGFjZXMudjEuUGxhY2VzLlNlYXJjaFRleHQQAhgEIAA,OPERATIONAL,"general_contractor,service,point_of_interest,establishment",Lawn care,Boise
ChIJ5VCqetVWrlQRcQ3PHJ3izsU,"Safari Lawn, LLC","4291 S Cloverdale Rd, Boise, ID 83709, USA",(208) 562-1500,https://www.safarilawncareboise.com/,3.2,114,https://maps.google.com/?cid=14253579035095272817&g_mp=Cidnb29nbGUubWFwcy5wbGFjZXMudjEuUGxhY2VzLlNlYXJjaFRleHQQAhgEIAA,OPERATIONAL,"service,point_of_interest,establishment",Lawn care,Boise
ChIJi4y3HqxXrlQRbP1uUlT38NY,Garry's Automotive,"2200 S Cole Rd, Boise, ID 83709, USA",(208) 562-1693,https://garrysautomotive.com/,4.8,1029,https://maps.google.com/?cid=15488151060059454828&g_mp=Cidnb29nbGUubWFwcy5wbGFjZXMudjEuUGxhY2VzLlNlYXJjaFRleHQQAhgEIAA,OPERATIONAL,"car_repair,service,point_of_interest,establishment",Auto repair,Boise
ChIJoQM5xwv4rlQRyA5gghMXqfA,Dale's Auto Care,"2602 S Vista Ave, Boise, ID 83705, USA",(208) 278-7856,https://dalesautocare.com/,4.9,526,https://maps.google.com/?cid=17341417212725956296&g_mp=Cidnb29nbGUubWFwcy5wbGFjZXMudjEuUGxhY2VzLlNlYXJjaFRleHQQAhgEIAA,OPERATIONAL,"chauffeur_service,transportation_service,car_repair,service,point_of_interest,establishment",Auto repair,Boise
ChIJA_hNzdH4rlQRwAgnzKaNaNE,27th St. Automotive,"1105 N 27th St, Boise, ID 83702, USA",(208) 890-8739,https://27thstauto.com/?utm_source=google&utm_medium=organic&utm_campaign=gbp,4.8,650,https://maps.google.com/?cid=15089466299034044608&g_mp=Cidnb29nbGUubWFwcy5wbGFjZXMudjEuUGxhY2VzLlNlYXJjaFRleHQQAhgEIAA,OPERATIONAL,"car_repair,service,point_of_interest,establishment",Auto repair,Boise
ChIJp2Xmy7n4rlQRkMVANAsLjBs,Naylor's Auto Repair,"7451 Lemhi St, Boise, ID 83709, USA",(208) 343-0732,https://www.naylorsautorepairidaho.com/,4.9,564,https://maps.google.com/?cid=1984973678512752016&g_mp=Cidnb29nbGUubWFwcy5wbGFjZXMudjEuUGxhY2VzLlNlYXJjaFRleHQQAhgEIAA,OPERATIONAL,"car_repair,service,point_of_interest,establishment",Auto repair,Boise
ChIJ9ZmLwXH4rlQRGTm7Xy1NKIM,Auto Metric,"1703 S Vista Ave, Boise, ID 83705, USA",(208) 338-8483,http://www.boiseautometric.com/,4.9,100,https://maps.google.com/?cid=9450888675311958297&g_mp=Cidnb29nbGUubWFwcy5wbGFjZXMudjEuUGxhY2VzLlNlYXJjaFRleHQQAhgEIAA,OPERATIONAL,"tire_shop,auto_parts_store,car_repair,service,store,point_of_interest,establishment",Auto repair,Boise
ChIJQ3G2w-D4rlQRHEyE1CyT7B0,Tune Tech by Dowdy's Automotive,"1202 W State St, Boise, ID 83702, USA",(208) 336-5315,http://www.dowdysauto.com/,4.7,379,https://maps.google.com/?cid=2156260142356909084&g_mp=Cidnb29nbGUubWFwcy5wbGFjZXMudjEuUGxhY2VzLlNlYXJjaFRleHQQAhgEIAA,OPERATIONAL,"auto_parts_store,car_repair,service,store,point_of_interest,establishment",Auto repair,Boise
ChIJr3trTOb4rlQRk5u5YDy5t0U,Hurless Brothers,"1320 Main St, Boise, ID 83702, USA",(208) 385-0200,https://www.hurlessbros.com/,4.9,234,https://maps.google.com/?cid=5023687578327030675&g_mp=Cidnb29nbGUubWFwcy5wbGFjZXMudjEuUGxhY2VzLlNlYXJjaFRleHQQAhgEIAA,OPERATIONAL,"car_repair,service,point_of_interest,establishment",Auto repair,Boise
ChIJBdxxCk3_rlQRWtR3wFivqrM,Rod's Automotive Repair,"4345 W Chinden Blvd, Boise, ID 83714, USA",(208) 376-4700,http://rodsautomotiverepair.com/,4.7,197,https://maps.google.com/?cid=12946352874550973530&g_mp=Cidnb29nbGUubWFwcy5wbGFjZXMudjEuUGxhY2VzLlNlYXJjaFRleHQQAhgEIAA,OPERATIONAL,"tire_shop,auto_parts_store,car_repair,service,store,point_of_interest,establishment",Auto repair,Boise
ChIJy3HwBBr4rlQR0MKmUmJ1-Z4,Mike's Boise Clutch & Automotive,"2801 S Broadway Ave, Boise, ID 83706, USA",(208) 331-0030,http://www.boiseclutch.com/,4.8,368,https://maps.google.com/?cid=11455316192347472592&g_mp=Cidnb29nbGUubWFwcy5wbGFjZXMudjEuUGxhY2VzLlNlYXJjaFRleHQQAhgEIAA,OPERATIONAL,"car_repair,service,point_of_interest,establishment",Auto repair,Boise
ChIJkaIbu4ZXrlQR1yZ3MM9iZWk,Western Auto Service Boise,"1630 Hadley Ave, Boise, ID 83709, USA",(208) 953-9105,https://westernautoboise.com/,4.8,227,https://maps.google.com/?cid=7594584988641076951&g_mp=Cidnb29nbGUubWFwcy5wbGFjZXMudjEuUGxhY2VzLlNlYXJjaFRleHQQAhgEIAA,OPERATIONAL,"car_repair,service,point_of_interest,establishment",Auto repair,Boise
ChIJb3AG7QNXrlQRLZi9gUzgzCw,Irish Automotive,"8600 W Elisa St, Boise, ID 83709, USA",(208) 345-7220,http://irishautomotive.shop/,4.8,162,https://maps.google.com/?cid=3228201652116625453&g_mp=Cidnb29nbGUubWFwcy5wbGFjZXMudjEuUGxhY2VzLlNlYXJjaFRleHQQAhgEIAA,OPERATIONAL,"car_repair,service,point_of_interest,establishment",Auto repair,Boise
ChIJKbYycthVrlQReV8pd4Hw1n8,Boise Automotive Service,"9901 Fairview Ave, Boise, ID 83704, USA",(208) 375-2129,http://www.boiseautomotiveservice.com/,4.7,319,https://maps.google.com/?cid=9211814526673575801&g_mp=Cidnb29nbGUubWFwcy5wbGFjZXMudjEuUGxhY2VzLlNlYXJjaFRleHQQAhgEIAA,OPERATIONAL,"car_repair,service,point_of_interest,establishment",Auto repair,Boise
ChIJH1jVFpH3rlQR51uEDEJ6aiY,208 Mobile Mechanic Boise,"1183 Exchange St, Boise, ID 83716, USA",(208) 985-3284,http://onsiterepairtech.net/,4.6,165,https://maps.google.com/?cid=2768159345069022183&g_mp=Cidnb29nbGUubWFwcy5wbGFjZXMudjEuUGxhY2VzLlNlYXJjaFRleHQQAhgEIAA,OPERATIONAL,"locksmith,auto_parts_store,car_repair,service,store,point_of_interest,establishment",Auto repair,Boise
ChIJ5ZcSzXn4rlQRyMCH_2ejCv0,Rich's Auto Care and Dyno Service,"3505 W Overland Rd, Boise, ID 83705, USA",(208) 367-9265,https://www.richsautocareanddyno.com/,4.1,205,https://maps.google.com/?cid=18233565708426920136&g_mp=Cidnb29nbGUubWFwcy5wbGFjZXMudjEuUGxhY2VzLlNlYXJjaFRleHQQAhgEIAA,OPERATIONAL,"car_repair,service,point_of_interest,establishment",Auto repair,Boise
ChIJ72UjQ0z_rlQROgIF8OrGSnc,Don's Supreme Auto Repair,"2703 N 36th St, Boise, ID 83703, USA",(208) 344-5915,http://www.donssupremeautorepair.com/,4.9,243,https://maps.google.com/?cid=8595901551141519930&g_mp=Cidnb29nbGUubWFwcy5wbGFjZXMudjEuUGxhY2VzLlNlYXJjaFRleHQQAhgEIAA,OPERATIONAL,"car_repair,service,point_of_interest,establishment",Auto repair,Boise
ChIJBYdx3dH4rlQR1uWKbmTmlvk,Rogers' Northside Garage,"1170 N 29th St, Boise, ID 83702, USA",(208) 428-5244,https://northsidegarage.com/,4.7,147,https://maps.google.com/?cid=17984815480976369110&g_mp=Cidnb29nbGUubWFwcy5wbGFjZXMudjEuUGxhY2VzLlNlYXJjaFRleHQQAhgEIAA,OPERATIONAL,"tire_shop,auto_parts_store,car_repair,service,store,point_of_interest,establishment",Auto repair,Boise
ChIJcZRQgStWrlQRALJo_PrmKno,Gary's Place,"802 S Orchard St, Boise, ID 83705, USA",(208) 343-4464,,4.7,109,https://maps.google.com/?cid=8803102387299987968&g_mp=Cidnb29nbGUubWFwcy5wbGFjZXMudjEuUGxhY2VzLlNlYXJjaFRleHQQAhgEIAA,OPERATIONAL,"car_repair,service,point_of_interest,establishment",Auto repair,Boise
ChIJPzaib_P4rlQRcveffB-7wgY,Automotive Technical Services,"2900 S Cole Rd, Boise, ID 83709, USA",(208) 536-3075,https://www.automotiverepairboise.com/,4.7,247,https://maps.google.com/?cid=487157453618673522&g_mp=Cidnb29nbGUubWFwcy5wbGFjZXMudjEuUGxhY2VzLlNlYXJjaFRleHQQAhgEIAA,OPERATIONAL,"tire_shop,auto_parts_store,car_repair,service,store,point_of_interest,establishment",Auto repair,Boise
ChIJ4UKEjx9WrlQRLzDj53nf45g,Boise Foreign Car Service Inc,"4705 W Emerald St, Boise, ID 83706, USA",(208) 345-2621,http://www.boiseforeigncarservice.com/,4.9,137,https://maps.google.com/?cid=11016894828152827951&g_mp=Cidnb29nbGUubWFwcy5wbGFjZXMudjEuUGxhY2VzLlNlYXJjaFRleHQQAhgEIAA,OPERATIONAL,"car_repair,service,point_of_interest,establishment",Auto repair,Boise
ChIJVyQdDBz4rlQRgVXVN_UH_Oc,Dowdy's Automotive,"3183 S Federal Way, Boise, ID 83705, USA",(208) 342-3651,https://dowdysauto.com/,4.6,465,https://maps.google.com/?cid=16716244666677548417&g_mp=Cidnb29nbGUubWFwcy5wbGFjZXMudjEuUGxhY2VzLlNlYXJjaFRleHQQAhgEIAA,OPERATIONAL,"tire_shop,auto_parts_store,car_repair,service,store,point_of_interest,establishment",Auto repair,Boise
ChIJE3TzCdhXrlQRz6JZQNAB1HQ,Chris mobile mechanic's,"4540 Savannah Ln, Garden City, ID 83714, USA",(986) 218-7084,,3.6,92,https://maps.google.com/?cid=8418355597406741199&g_mp=Cidnb29nbGUubWFwcy5wbGFjZXMudjEuUGxhY2VzLlNlYXJjaFRleHQQAhgEIAA,OPERATIONAL,"car_repair,service,point_of_interest,establishment",Mechanic,Boise
ChIJp3-sS6ZXrlQRDhOeCcwAaTY,Precision Automotive Inc,"7300 W Victory Rd, Boise, ID 83709, USA",(208) 362-2452,http://www.precisionautomotiveboise.com/,4.2,69,https://maps.google.com/?cid=3920665826937410318&g_mp=Cidnb29nbGUubWFwcy5wbGFjZXMudjEuUGxhY2VzLlNlYXJjaFRleHQQAhgEIAA,OPERATIONAL,"car_repair,service,medical_clinic,health,point_of_interest,establishment",Mechanic,Boise
ChIJxVM5F0X_rlQRW9cLEcNImsc,Carl's Auto Repair,"108 E 48th St, Boise, ID 83714, USA",(208) 376-0096,,5,83,https://maps.google.com/?cid=14382888362602911579&g_mp=Cidnb29nbGUubWFwcy5wbGFjZXMudjEuUGxhY2VzLlNlYXJjaFRleHQQAhgEIAA,OPERATIONAL,"car_repair,service,point_of_interest,establishment",Mechanic,Boise
ChIJs4qNXbr4rlQRMsVX7Hn4-k4,"Bob's Auto Repair of Boise, LLC","4600 W Chinden Blvd, Garden City, ID 83714, USA",(208) 322-2568,http://www.bobsautorepairofboise.com/,4.9,61,https://maps.google.com/?cid=5691134281675949362&g_mp=Cidnb29nbGUubWFwcy5wbGFjZXMudjEuUGxhY2VzLlNlYXJjaFRleHQQAhgEIAA,OPERATIONAL,"car_repair,service,point_of_interest,establishment",Mechanic,Boise
ChIJEWxOkLhVrlQRTBRI_G5z91I,Fabulously Clean House Cleaning,"10448 W Garverdale Dr Ste 604, Boise, ID 83704, USA",(208) 608-4648,https://www.fabulouslycleanboise.com/?utm_source=google&utm_medium=organic&utm_campaign=gmb,4.9,405,https://maps.google.com/?cid=5978373950873801804&g_mp=Cidnb29nbGUubWFwcy5wbGFjZXMudjEuUGxhY2VzLlNlYXJjaFRleHQQAhgEIAA,OPERATIONAL,"point_of_interest,service,establishment",Cleaning service,Boise
ChIJ_e-T8XtcZg8R4jSwHhUAAfk,Boise House Cleaning Co.,"800 W Main St, Boise, ID 83702, USA",(208) 361-1027,https://www.boisehousecleaningco.com/,4.9,110,https://maps.google.com/?cid=17942622481129944290&g_mp=Cidnb29nbGUubWFwcy5wbGFjZXMudjEuUGxhY2VzLlNlYXJjaFRleHQQAhgEIAA,OPERATIONAL,"point_of_interest,service,establishment",Cleaning service,Boise
ChIJX8BQOCJWrlQRHFsv9G3ZPHs,The Cleaning Authority - Boise,"6069 Corporal Ln, Boise, ID 83704, USA",(208) 647-3137,https://www.thecleaningauthority.com/boise,4.9,859,https://maps.google.com/?cid=8880211631539182364&g_mp=Cidnb29nbGUubWFwcy5wbGFjZXMudjEuUGxhY2VzLlNlYXJjaFRleHQQAhgEIAA,OPERATIONAL,"point_of_interest,service,establishment",Cleaning service,Boise
ChIJNVL9eBxNrlQRIWPlDPKbDFE,ProTouch Cleaners,"554 N Steelhead Wy Ste 180, Boise, ID 83704, USA",(208) 994-1525,https://www.protouchcleaners.com/,4.8,456,https://maps.google.com/?cid=5840214280693441313&g_mp=Cidnb29nbGUubWFwcy5wbGFjZXMudjEuUGxhY2VzLlNlYXJjaFRleHQQAhgEIAA,OPERATIONAL,"point_of_interest,service,establishment",Cleaning service,Boise
ChIJLfKY707_rlQRxuCgpmVfGrI,Boise Clean Pro,"5979 W Overland Rd, Boise, ID 83709, USA",(208) 377-7100,http://www.boiseclean.pro/,4.8,136,https://maps.google.com/?cid=12833674978337546438&g_mp=Cidnb29nbGUubWFwcy5wbGFjZXMudjEuUGxhY2VzLlNlYXJjaFRleHQQAhgEIAA,OPERATIONAL,"point_of_interest,service,establishment",Cleaning service,Boise
ChIJa1RL9UX4rlQRbLqV11jneOU,Boise Cleaning Fairy,"500 S 8th St, Boise, ID 83702, USA",(208) 949-1347,https://boisecleaningfairy.com/,4.7,224,https://maps.google.com/?cid=16535220400650828396&g_mp=Cidnb29nbGUubWFwcy5wbGFjZXMudjEuUGxhY2VzLlNlYXJjaFRleHQQAhgEIAA,OPERATIONAL,"point_of_interest,service,establishment",Cleaning service,Boise
ChIJUcGuB6n5rlQRMN37ajAJVk8,Earth Home Eco Cleaning,"1728 S Annett St, Boise, ID 83705, USA",(208) 559-6636,http://www.earthhomecleaning.com/,4.8,125,https://maps.google.com/?cid=5716766880551394608&g_mp=Cidnb29nbGUubWFwcy5wbGFjZXMudjEuUGxhY2VzLlNlYXJjaFRleHQQAhgEIAA,OPERATIONAL,"point_of_interest,service,establishment",Cleaning service,Boise
ChIJiYLrhE5WrlQRreTmV_4bjkg,Lucy's Spotless Cleaning,"4883 W Malad St ste b, Boise, ID 83705, USA",(208) 284-5589,http://lucysspotlesscleaning.com/,4.8,57,https://maps.google.com/?cid=5228146996634117293&g_mp=Cidnb29nbGUubWFwcy5wbGFjZXMudjEuUGxhY2VzLlNlYXJjaFRleHQQAhgEIAA,OPERATIONAL,"point_of_interest,service,establishment",Cleaning service,Boise
ChIJnYIeaY5XrlQRvAM6V3CwT48,Boise Premier Cleaning,"8620 W Emerald St, Boise, ID 83704, USA",(208) 901-3919,http://boisepremiercleaning.com/,4.8,100,https://maps.google.com/?cid=10326666467130082236&g_mp=Cidnb29nbGUubWFwcy5wbGFjZXMudjEuUGxhY2VzLlNlYXJjaFRleHQQAhgEIAA,OPERATIONAL,"point_of_interest,service,establishment",Cleaning service,Boise
ChIJq6r2LW5XrlQR3wp9gNSYH3Y,"208 Cleaning Co., LLC","1310 S Vista Ave #3, Boise, ID 83705, USA",(208) 850-0654,http://208clean.com/,5,38,https://maps.google.com/?cid=8511689859209693919&g_mp=Cidnb29nbGUubWFwcy5wbGFjZXMudjEuUGxhY2VzLlNlYXJjaFRleHQQAhgEIAA,OPERATIONAL,"point_of_interest,service,establishment",Cleaning service,Boise
ChIJFbBcN1YStAMRqaAnu7Yx9-Q,UpKeep LLC Cleaning,"1111 S Orchard St, Boise, ID 83705, USA",(208) 519-6292,https://upkeepcleaning.net/,5,88,https://maps.google.com/?cid=16498710420788846761&g_mp=Cidnb29nbGUubWFwcy5wbGFjZXMudjEuUGxhY2VzLlNlYXJjaFRleHQQAhgEIAA,OPERATIONAL,"point_of_interest,service,establishment",Cleaning service,Boise
ChIJizpeoDarr1QR03Tz-C6F7LE,Aloha House Cleaning,"6820 W Biathlon St, Eagle, ID 83616, USA",(208) 912-4543,https://alohahousecleaning.com/,5,13,https://maps.google.com/?cid=12820768676008654035&g_mp=Cidnb29nbGUubWFwcy5wbGFjZXMudjEuUGxhY2VzLlNlYXJjaFRleHQQAhgEIAA,OPERATIONAL,"point_of_interest,service,establishment",Cleaning service,Boise
ChIJ6XImD41TrlQRKgBmXxbnrS0,Molly Maid of Boise and the Treasure Valley,"1519 N Main St #100, Meridian, ID 83642, USA",(208) 261-7202,https://www.mollymaid.com/boise-treasure-valley/?utm_source=google&utm_medium=organic&utm_campaign=gbplisting,4.8,446,https://maps.google.com/?cid=3291540985953517610&g_mp=Cidnb29nbGUubWFwcy5wbGFjZXMudjEuUGxhY2VzLlNlYXJjaFRleHQQAhgEIAA,OPERATIONAL,"point_of_interest,service,establishment",Cleaning service,Boise
ChIJlYaKcLJUrlQRUGf6zOG1edo,Dream Clean Maid Services,"6700 N Linder Rd STE150 210, Meridian, ID 83646, USA",(208) 562-9012,http://dreamcleanidaho.com/,4.8,209,https://maps.google.com/?cid=15742813953861510992&g_mp=Cidnb29nbGUubWFwcy5wbGFjZXMudjEuUGxhY2VzLlNlYXJjaFRleHQQAhgEIAA,OPERATIONAL,"point_of_interest,service,establishment",Cleaning service,Boise
ChIJg6zf0Pr4rlQRMVez2m7qg2A,American Cleaning,"616 W Front St, Boise, ID 83702, USA",(208) 248-3456,https://www.americancleaning.com/?utm_source=gmb&utm_medium=main&utm_campaign=organic,4.7,134,https://maps.google.com/?cid=6954660011426666289&g_mp=Cidnb29nbGUubWFwcy5wbGFjZXMudjEuUGxhY2VzLlNlYXJjaFRleHQQAhgEIAA,OPERATIONAL,"laundry,general_contractor,point_of_interest,service,establishment",Cleaning service,Boise
ChIJaw7fRTjbV24RsUJTdu3dVgk,Oh So Clean Company,"200 N 23rd St Suite 108, Boise, ID 83702, USA",(208) 305-5824,http://ohsocleancompany.com/,5,25,https://maps.google.com/?cid=672969206300623537&g_mp=Cidnb29nbGUubWFwcy5wbGFjZXMudjEuUGxhY2VzLlNlYXJjaFRleHQQAhgEIAA,OPERATIONAL,"point_of_interest,service,establishment",Cleaning service,Boise
ChIJ2YqsGYJMrlQRm3poFy5CPeQ,Safe N Soft Carpet Cleaning Boise ID,"121 E 38th St #107, Garden City, ID 83714, USA",(208) 695-4013,https://carpetcleaningboise.com/,5,1354,https://maps.google.com/?cid=16446374179955571355&g_mp=Cidnb29nbGUubWFwcy5wbGFjZXMudjEuUGxhY2VzLlNlYXJjaFRleHQQAhgEIAA,OPERATIONAL,"laundry,point_of_interest,service,establishment",Cleaning service,Boise
ChIJndTWBnr_rlQR-CAqUwjKimc,Sunshine Window Cleaning,"3132 Brown St, Boise, ID 83714, USA",(208) 461-9685,http://www.pleasecleanmywindows.com/,4.9,914,https://maps.google.com/?cid=7460997869796466936&g_mp=Cidnb29nbGUubWFwcy5wbGFjZXMudjEuUGxhY2VzLlNlYXJjaFRleHQQAhgEIAA,OPERATIONAL,"laundry,point_of_interest,service,establishment",Cleaning service,Boise
ChIJ38S-5z35rlQRYfqJ2UQ7Drk,Sage Cleaning Company - Boise,"1310 S Vista Ave, Boise, ID 83705, USA",(208) 869-4638,https://www.boisesagecleaning.com/,5,3,https://maps.google.com/?cid=13334660713584130657&g_mp=Cidnb29nbGUubWFwcy5wbGFjZXMudjEuUGxhY2VzLlNlYXJjaFRleHQQAhgEIAA,OPERATIONAL,"point_of_interest,service,establishment",Cleaning service,Boise
ChIJCZov4h5VrlQRH8osRCt6epU,Button Babes Household Services,"1220 N Cole Rd, Boise, ID 83704, USA",(208) 724-3244,http://www.buttonbabescleaning.com/,4.8,56,https://maps.google.com/?cid=10771055785055930911&g_mp=Cidnb29nbGUubWFwcy5wbGFjZXMudjEuUGxhY2VzLlNlYXJjaFRleHQQAhgEIAA,OPERATIONAL,"point_of_interest,service,establishment",Cleaning service,Boise
ChIJJZuq6fxTrlQRvmTMMLGPSvA,Merry Maids of Boise,"800 S Industry Way Suite 310, Meridian, ID 83642, USA",(208) 262-3446,https://merrymaids.com/home-cleaners-meridian-id?utm_source=google&utm_medium=organic&utm_campaign=gmb,4.7,314,https://maps.google.com/?cid=17314809708569978046&g_mp=Cidnb29nbGUubWFwcy5wbGFjZXMudjEuUGxhY2VzLlNlYXJjaFRleHQQAhgEIAA,OPERATIONAL,"service,point_of_interest,establishment",House cleaning,Boise
ChIJkUC61opPrlQRk4qxcJ82U3o,Scrub 'N Bubbles Cleaning LLC,"701 N 39th St, Nampa, ID 83687, USA",(208) 899-8584,https://scrubnbubbles.com/?utm_source=google&utm_medium=local&utm_campaign=1&utm_content=primary,4.9,345,https://maps.google.com/?cid=8814448954112576147&g_mp=Cidnb29nbGUubWFwcy5wbGFjZXMudjEuUGxhY2VzLlNlYXJjaFRleHQQAhgEIAA,OPERATIONAL,"service,point_of_interest,establishment",House cleaning,Boise
ChIJcUnUFbxXrlQRq8ETQEi3wrA,Daisy Days House Cleaning Boise,"5918 W Victory Rd, Boise, ID 83709, USA",(208) 871-8159,http://daisydayscleaning.com/,4.5,24,https://maps.google.com/?cid=12736944217097748907&g_mp=Cidnb29nbGUubWFwcy5wbGFjZXMudjEuUGxhY2VzLlNlYXJjaFRleHQQAhgEIAA,OPERATIONAL,"service,point_of_interest,establishment",House cleaning,Boise
ChIJVyyITU1XrlQRlrhfbD_IUak,Noble Clean,"7512 Lemhi St Suite 3A, Boise, ID 83709, USA",(208) 738-6559,https://www.noblecleanco.com/,5,3,https://maps.google.com/?cid=12200753040250091670&g_mp=Cidnb29nbGUubWFwcy5wbGFjZXMudjEuUGxhY2VzLlNlYXJjaFRleHQQAhgEIAA,OPERATIONAL,"service,point_of_interest,establishment",Janitorial service,Boise
ChIJMXZFpeRWrlQRAIwvvySdd9Y,IMC Idaho Maintenance & Cleaning,"7235 W Franklin Rd, Boise, ID 83709, USA",(208) 760-5418,https://imc.cleaning/boise/,4.7,69,https://maps.google.com/?cid=15453993427497094144&g_mp=Cidnb29nbGUubWFwcy5wbGFjZXMudjEuUGxhY2VzLlNlYXJjaFRleHQQAhgEIAA,OPERATIONAL,"laundry,service,point_of_interest,establishment",Janitorial service,Boise
ChIJQ1lCcbj5rlQRPAOoXVQmurI,Executive Cleaning of Idaho,"404 S 8th St ste, 204, Boise, ID 83702, USA",(208) 617-7605,https://www.executivecleaningidaho.com/,5,5,https://maps.google.com/?cid=12878648228209754940&g_mp=Cidnb29nbGUubWFwcy5wbGFjZXMudjEuUGxhY2VzLlNlYXJjaFRleHQQAhgEIAA,OPERATIONAL,"service,point_of_interest,establishment",Janitorial service,Boise
ChIJG4SVfa-FbmERk-dU6UHHhqU,Night Owl Janitorial,"515 S Vista Ave, Boise, ID 83705, USA",(208) 380-4133,http://nightowljanitorialidaho.com/,5,4,https://maps.google.com/?cid=11927439749038794643&g_mp=Cidnb29nbGUubWFwcy5wbGFjZXMudjEuUGxhY2VzLlNlYXJjaFRleHQQAhgEIAA,OPERATIONAL,"service,point_of_interest,establishment",Janitorial service,Boise
ChIJceRk1k75rlQR83h7MYxsUGg,Montano Cleaning and Janitorial LLC,"709 W Hale St, Boise, ID 83706, USA",(208) 921-7899,http://www.montanocleaning.com/,5,3,https://maps.google.com/?cid=7516627127462754547&g_mp=Cidnb29nbGUubWFwcy5wbGFjZXMudjEuUGxhY2VzLlNlYXJjaFRleHQQAhgEIAA,OPERATIONAL,"service,point_of_interest,establishment",Janitorial service,Boise
ChIJQUlB4VhWrlQR9MYeb5LZ0GQ,"Vanguard Cleaning Systems of Inland Northwest - Boise, ID","94 S Cole Rd, Boise, ID 83709, USA",(208) 424-0201,https://www.vanguardcleaning.com/cleaning/idaho-boise/,4.5,43,https://maps.google.com/?cid=7264545421901350644&g_mp=Cidnb29nbGUubWFwcy5wbGFjZXMudjEuUGxhY2VzLlNlYXJjaFRleHQQAhgEIAA,OPERATIONAL,"service,point_of_interest,establishment",Janitorial service,Boise
ChIJAQD0s45UrlQRlxium16X9Wg,Business Cleaning Solutions,"270 W Georgia Ave Suite 100, Nampa, ID 83686, USA",(208) 908-7309,https://businesscleaningsolutions.com/,4.9,105,https://maps.google.com/?cid=7563117581833214103&g_mp=Cidnb29nbGUubWFwcy5wbGFjZXMudjEuUGxhY2VzLlNlYXJjaFRleHQQAhgEIAA,OPERATIONAL,"laundry,general_contractor,service,point_of_interest,establishment",Janitorial service,Boise
ChIJJTWSyl6sr1QRQwOsYudbZDM,RCF Commercial Cleaning,"7000 W Overland Rd, Boise, ID 83709, USA",(208) 286-0646,https://rcfcommercialcleaning.com/?utm_source=omg-gbp&utm_medium=webclick,4.3,36,https://maps.google.com/?cid=3703185842956403523&g_mp=Cidnb29nbGUubWFwcy5wbGFjZXMudjEuUGxhY2VzLlNlYXJjaFRleHQQAhgEIAA,OPERATIONAL,"laundry,general_contractor,service,point_of_interest,establishment",Janitorial service,Boise
ChIJYz_T-_lVrlQRteh2fkWBbAg,Angeles Cleaning Corporation,"7431 Wilshire Dr, Boise, ID 83704, USA",(208) 810-8072,http://www.angelescleaningllc.com/,4.9,20,https://maps.google.com/?cid=607002185262622901&g_mp=Cidnb29nbGUubWFwcy5wbGFjZXMudjEuUGxhY2VzLlNlYXJjaFRleHQQAhgEIAA,OPERATIONAL,"service,point_of_interest,establishment",Janitorial service,Boise
ChIJobjzghhXrlQRKBdwtB8rRKc,Eagleson Cleaning,"Eagleson Rd, Boise, ID 83706, USA",(208) 999-2039,http://www.eaglesoncleaning.com/,4.9,7,https://maps.google.com/?cid=12052805917921515304&g_mp=Cidnb29nbGUubWFwcy5wbGFjZXMudjEuUGxhY2VzLlNlYXJjaFRleHQQAhgEIAA,OPERATIONAL,"service,point_of_interest,establishment",Janitorial service,Boise
ChIJg9_5T9VNrlQREYojDi1S6KM,IMC Janitorial Services Nampa,"1105 2nd St S STE 100, Nampa, ID 83651, USA",(208) 760-5418,https://imc.cleaning/nampa/,5,2,https://maps.google.com/?cid=11810780376243341841&g_mp=Cidnb29nbGUubWFwcy5wbGFjZXMudjEuUGxhY2VzLlNlYXJjaFRleHQQAhgEIAA,OPERATIONAL,"service,point_of_interest,establishment",Janitorial service,Boise
ChIJEXdyicb4rlQRzRAweyeMOAc,Automated Maintenance Services Inc,"2900 W Jefferson St, Boise, ID 83702, USA",(208) 378-0386,https://www.amsjanitorial.com/boise-janitorial,4.3,12,https://maps.google.com/?cid=520319858159653069&g_mp=Cidnb29nbGUubWFwcy5wbGFjZXMudjEuUGxhY2VzLlNlYXJjaFRleHQQAhgEIAA,OPERATIONAL,"service,point_of_interest,establishment",Janitorial service,Boise
ChIJ0_JmiFz4rlQRsr9_Rxe-AlM,Altius Office Cleaning and Janitorial,"1220 S Vermont Ave, Boise, ID 83706, USA",(208) 917-8080,http://www.altiusclean.com/,4.7,15,https://maps.google.com/?cid=5981552262294519730&g_mp=Cidnb29nbGUubWFwcy5wbGFjZXMudjEuUGxhY2VzLlNlYXJjaFRleHQQAhgEIAA,OPERATIONAL,"laundry,service,point_of_interest,establishment",Janitorial service,Boise
ChIJp61I453_rlQR8Ro0ABnQEdM,Hillside Handyman,"4611 W Clearview Dr, Boise, ID 83703, USA",(208) 918-1844,https://www.hillsidehandymanidaho.com/,4.9,58,https://maps.google.com/?cid=15209166222403050225&g_mp=Cidnb29nbGUubWFwcy5wbGFjZXMudjEuUGxhY2VzLlNlYXJjaFRleHQQAhgEIAA,OPERATIONAL,"general_contractor,service,point_of_interest,establishment",Handyman,Boise
ChIJ78ON4o3_rlQRpleUTS451Go,"House Doctors Handyman of Boise, ID","5537 N Glenwood St, Garden City, ID 83714, USA",(208) 505-9976,https://housedoctors.com/boise/,4.9,175,https://maps.google.com/?cid=7697840534115866534&g_mp=Cidnb29nbGUubWFwcy5wbGFjZXMudjEuUGxhY2VzLlNlYXJjaFRleHQQAhgEIAA,OPERATIONAL,"general_contractor,manufacturer,home_goods_store,store,service,point_of_interest,establishment",Handyman,Boise
ChIJ0d8R5PT3rlQRMHMsm5kHxu0,A1 Handyman Boise,"3761 S Gekeler Ln APT 172, Boise, ID 83706, USA",(208) 995-6457,https://www.handyman-boise.com/,4.7,80,https://maps.google.com/?cid=17133390188692402992&g_mp=Cidnb29nbGUubWFwcy5wbGFjZXMudjEuUGxhY2VzLlNlYXJjaFRleHQQAhgEIAA,OPERATIONAL,"electrician,plumber,general_contractor,manufacturer,home_goods_store,store,service,point_of_interest,establishment",Handyman,Boise
ChIJqfPyuha5_yARrrKHHQ4vtto,All Your Home Needs Handyman,"3501 N North St, Boise, ID 83703, USA",(208) 637-5829,https://boisehandyman.net/,5,29,https://maps.google.com/?cid=15759835683701109422&g_mp=Cidnb29nbGUubWFwcy5wbGFjZXMudjEuUGxhY2VzLlNlYXJjaFRleHQQAhgEIAA,OPERATIONAL,"general_contractor,service,point_of_interest,establishment",Handyman,Boise
ChIJ2Vy2QkJVrlQRtFS8fWZIMPk,Ace Handyman Services Meridian,"9460 W Fairview Ave #145, Boise, ID 83704, USA",(208) 593-6939,,4.9,291,https://maps.google.com/?cid=17955931319359526068&g_mp=Cidnb29nbGUubWFwcy5wbGFjZXMudjEuUGxhY2VzLlNlYXJjaFRleHQQAhgEIAA,OPERATIONAL,"general_contractor,home_goods_store,store,service,point_of_interest,establishment",Handyman,Boise
ChIJfc07o95XrlQRNsLevsgn6LE,Handyman Leo LLC,"4920 S Caden Creek Way, Boise, ID 83709, USA",(208) 362-3624,,5,24,https://maps.google.com/?cid=12819540082459329078&g_mp=Cidnb29nbGUubWFwcy5wbGFjZXMudjEuUGxhY2VzLlNlYXJjaFRleHQQAhgEIAA,OPERATIONAL,"general_contractor,service,point_of_interest,establishment",Handyman,Boise
ChIJtWlNe374rlQRWYqUDBLy0XE,Handyman Connection of Boise,"3597 E Monarch Sky Ln Suite 240, Meridian, ID 83646, USA",(208) 901-3999,https://handymanconnection.com/boise/?utm_source=gbp&utm_medium=organic&utm_campaign=GBP-Website-Link,4.5,178,https://maps.google.com/?cid=8201602555752778329&g_mp=Cidnb29nbGUubWFwcy5wbGFjZXMudjEuUGxhY2VzLlNlYXJjaFRleHQQAhgEIAA,OPERATIONAL,"electrician,plumber,general_contractor,manufacturer,home_goods_store,store,service,point_of_interest,establishment",Handyman,Boise
ChIJZXvFkDNRrlQRfqXI2IIofgk,Get 'er Done Home services/Handyman,"463 E Boardwalk Row Dr, Meridian, ID 83642, USA",(208) 861-5243,https://letsgeterdone.com/,5,78,https://maps.google.com/?cid=684028735854781822&g_mp=Cidnb29nbGUubWFwcy5wbGFjZXMudjEuUGxhY2VzLlNlYXJjaFRleHQQAhgEIAA,OPERATIONAL,"general_contractor,service,point_of_interest,establishment",Handyman,Boise
ChIJ83W3JztcNmkRILXviphoi-4,Handyman in Idaho,"5777 N Gary Ln, Boise, ID 83714, USA",(510) 299-8101,https://handymaninidaho.com/,5,12,https://maps.google.com/?cid=17188947407164912928&g_mp=Cidnb29nbGUubWFwcy5wbGFjZXMudjEuUGxhY2VzLlNlYXJjaFRleHQQAhgEIAA,OPERATIONAL,"general_contractor,service,point_of_interest,establishment",Handyman,Boise
ChIJV7GZZwVllyIR48RU4oD7MU0,Captain Carl Handyman,"7097 S Colwood Pl, Boise, ID 83709, USA",(208) 914-5957,https://captaincarlhandyman.com/,5,23,https://maps.google.com/?cid=5562503545750865123&g_mp=Cidnb29nbGUubWFwcy5wbGFjZXMudjEuUGxhY2VzLlNlYXJjaFRleHQQAhgEIAA,OPERATIONAL,"general_contractor,service,point_of_interest,establishment",Handyman,Boise
ChIJt3l3mwtWrlQRRwBxO9e3aME,Total Handyman Solutions,"280 N Milwaukee St, Boise, ID 83704, USA",(208) 921-7722,https://totalhandymansolutionsllc.com/,4.1,18,https://maps.google.com/?cid=13936591181941112903&g_mp=Cidnb29nbGUubWFwcy5wbGFjZXMudjEuUGxhY2VzLlNlYXJjaFRleHQQAhgEIAA,OPERATIONAL,"general_contractor,service,point_of_interest,establishment",Handyman,Boise
ChIJtTZ40cWhXioRJGw5aeVHGyc,Bear Home Repair,"2904 W Jordan St, Boise, ID 83702, USA",(208) 580-4325,http://bearhomerepair.com/,5,20,https://maps.google.com/?cid=2817925042488831012&g_mp=Cidnb29nbGUubWFwcy5wbGFjZXMudjEuUGxhY2VzLlNlYXJjaFRleHQQAhgEIAA,OPERATIONAL,"general_contractor,manufacturer,painter,home_goods_store,store,service,point_of_interest,establishment",Handyman,Boise
ChIJQwulyUVTrlQRf9OBElgXX4U,The Huckleberry Handyman,"744 N Oxwich Ave, Meridian, ID 83642, USA",(208) 912-9598,https://www.huckleberryhandyman.com/,5,12,https://maps.google.com/?cid=9610425796866986879&g_mp=Cidnb29nbGUubWFwcy5wbGFjZXMudjEuUGxhY2VzLlNlYXJjaFRleHQQAhgEIAA,OPERATIONAL,"general_contractor,service,point_of_interest,establishment",Handyman,Boise
ChIJ14gP1tyjXI8RCKojArVcgVk,Ptr Unlimited Llc,"115 N 18th St APT A, Boise, ID 83702, USA",(208) 941-2719,http://www.boisehousepro.com/,5,7,https://maps.google.com/?cid=6449538073865988616&g_mp=Cidnb29nbGUubWFwcy5wbGFjZXMudjEuUGxhY2VzLlNlYXJjaFRleHQQAhgEIAA,OPERATIONAL,"general_contractor,service,point_of_interest,establishment",Handyman,Boise
ChIJh0JWyvj_rlQR3xyE9uMbztM,B&K Painting,"12586 W Bridger St #114, Boise, ID 83713, USA",(208) 939-2278,https://bnkpainting.com/,5,246,https://maps.google.com/?cid=15262166853112569055&g_mp=Cidnb29nbGUubWFwcy5wbGFjZXMudjEuUGxhY2VzLlNlYXJjaFRleHQQAhgEIAA,OPERATIONAL,"point_of_interest,establishment",Painter,Boise
ChIJAwgVyd_4rlQRbc0ctYI6_t4,Roe Painting,"703 E 44th St #8, Garden City, ID 83714, USA",(208) 991-0567,http://roepaint.com/boise/,4.9,391,https://maps.google.com/?cid=16068344853563231597&g_mp=Cidnb29nbGUubWFwcy5wbGFjZXMudjEuUGxhY2VzLlNlYXJjaFRleHQQAhgEIAA,OPERATIONAL,"painter,general_contractor,service,point_of_interest,establishment",Painter,Boise
ChIJ3U8L-cb5rlQREjmgRH4Kk8g,Boise Commercial & Residential Painting,"999 W Main St STE 100, Boise, ID 83702, USA",(208) 254-6615,https://paintboise.com/,5,30,https://maps.google.com/?cid=14452907166595561746&g_mp=Cidnb29nbGUubWFwcy5wbGFjZXMudjEuUGxhY2VzLlNlYXJjaFRleHQQAhgEIAA,OPERATIONAL,"painter,store,service,point_of_interest,establishment",Painter,Boise
ChIJxzCgUVxVrlQRvCCqXJNNEk0,Boise Home Painting,"850 E Franklin Rd STE 408, Meridian, ID 83642, USA",(208) 724-9542,http://boisehomepainting.com/?utm_source=google&utm_medium=organic&utm_campaign=google_my_business,4.9,147,https://maps.google.com/?cid=5553586585811427516&g_mp=Cidnb29nbGUubWFwcy5wbGFjZXMudjEuUGxhY2VzLlNlYXJjaFRleHQQAhgEIAA,OPERATIONAL,"painter,home_goods_store,general_contractor,store,service,point_of_interest,establishment",Painter,Boise
ChIJI6_P7NeftyURkbBWBdNDDo8,1st Choice House Painters of Boise,"7269 Potomac Dr, Boise, ID 83704, USA",(208) 306-3801,https://1stchoicehousepainters.com/,5,54,https://maps.google.com/?cid=10308251170704371857&g_mp=Cidnb29nbGUubWFwcy5wbGFjZXMudjEuUGxhY2VzLlNlYXJjaFRleHQQAhgEIAA,OPERATIONAL,"painter,service,point_of_interest,establishment",Painter,Boise
ChIJxVKD7gS9l6IRwgoUCap8ILo,That 1 Painter Treasure Valley,"3603 E Kings Gate Dr, Nampa, ID 83687, USA",(208) 488-3171,https://that1painter.com/treasure-valley/,5,280,https://maps.google.com/?cid=13411856760047930050&g_mp=Cidnb29nbGUubWFwcy5wbGFjZXMudjEuUGxhY2VzLlNlYXJjaFRleHQQAhgEIAA,OPERATIONAL,"painter,manufacturer,service,point_of_interest,establishment",Painter,Boise
ChIJVVVx3BWzr1QRugE9HNdLX14,Top Tier Painting,"3600 N Maple Grove Rd, Boise, ID 83704, USA",(208) 440-9907,http://toptierpaintingidaho.com/,5,46,https://maps.google.com/?cid=6800237349616550330&g_mp=Cidnb29nbGUubWFwcy5wbGFjZXMudjEuUGxhY2VzLlNlYXJjaFRleHQQAhgEIAA,OPERATIONAL,"point_of_interest,establishment",Painter,Boise
ChIJw6vILSxUrlQRdLZlbmxfBws,Five Star Painting of Boise,"1883 Wildwood St #A, Boise, ID 83713, USA",(208) 789-2881,https://www.fivestarpainting.com/boise/?cid=LSTL_FSP-US000189&utm_source=gmb&utm_campaign=local&utm_medium=organic,4.6,58,https://maps.google.com/?cid=794708778567448180&g_mp=Cidnb29nbGUubWFwcy5wbGFjZXMudjEuUGxhY2VzLlNlYXJjaFRleHQQAhgEIAA,OPERATIONAL,"painter,service,point_of_interest,establishment",Painter,Boise
ChIJqaiGFYH3rlQRIXMevpQyMes,Paul's Precision Painting,"3203 S Maze Ave, Boise, ID 83706, USA",(208) 985-4041,https://paulsprecisionpaintingllc.com/,4.7,50,https://maps.google.com/?cid=16947382487198102305&g_mp=Cidnb29nbGUubWFwcy5wbGFjZXMudjEuUGxhY2VzLlNlYXJjaFRleHQQAhgEIAA,OPERATIONAL,"painter,service,point_of_interest,establishment",Painter,Boise
ChIJLwup_nm8P0sRuMGA_Bpizfc,Imperial Painting,"9715 W Landmark Ct, Boise, ID 83704, USA",(208) 219-4466,https://www.imperialhomepainting.com/,4.9,68,https://maps.google.com/?cid=17856035965638853048&g_mp=Cidnb29nbGUubWFwcy5wbGFjZXMudjEuUGxhY2VzLlNlYXJjaFRleHQQAhgEIAA,OPERATIONAL,"general_contractor,service,point_of_interest,establishment",Painter,Boise
ChIJf5n9eOlRrlQRcAceSVSjG20,LIME Painting of Boise,"3597 E Monarch Sky Ln Suite 240, Unit 227, Meridian, ID 83646, USA",(208) 213-2888,https://limepainting.com/boise-id/?utm_source=GMBlisting&utm_medium=organic,4.9,40,https://maps.google.com/?cid=7862057156904617840&g_mp=Cidnb29nbGUubWFwcy5wbGFjZXMudjEuUGxhY2VzLlNlYXJjaFRleHQQAhgEIAA,OPERATIONAL,"painter,general_contractor,service,point_of_interest,establishment",Painter,Boise
ChIJc6OXYv34rlQRpOQLKwEsziQ,"CertaPro Painters of Boise, ID","10870 W Fairview Ave Ste 102 Box 525, Boise, ID 83713, USA",(208) 514-4169,https://certapro.com/boise-metro/landing-page/residential-gbp/?utm_source=google&utm_medium=organic&utm_campaign=gbp_landing,4.8,119,https://maps.google.com/?cid=2652105614096589988&g_mp=Cidnb29nbGUubWFwcy5wbGFjZXMudjEuUGxhY2VzLlNlYXJjaFRleHQQAhgEIAA,OPERATIONAL,"painter,service,point_of_interest,establishment",Painter,Boise
ChIJCY08zBYAr1QRrBwHu3h9jCQ,Brush Above the Rest Painting,"1107 Beechwood Dr, Boise, ID 83709, USA",(208) 941-9689,http://www.barpaintingidaho.com/,4.7,59,https://maps.google.com/?cid=2633617839592250540&g_mp=Cidnb29nbGUubWFwcy5wbGFjZXMudjEuUGxhY2VzLlNlYXJjaFRleHQQAhgEIAA,OPERATIONAL,"painter,general_contractor,service,point_of_interest,establishment",Painter,Boise
ChIJL2j1oINHMYMRG7lCERw0sQI,Boise Painter,"2605 W Hill Rd, Boise, ID 83702, USA",(208) 991-8800,https://boisepainter.com/,5,36,https://maps.google.com/?cid=193993554106956059&g_mp=Cidnb29nbGUubWFwcy5wbGFjZXMudjEuUGxhY2VzLlNlYXJjaFRleHQQAhgEIAA,OPERATIONAL,"painter,service,point_of_interest,establishment",Painter,Boise
ChIJ1YQ05mb27gwRzfQQ2N-qJw4,Blue Ribbon Painting LLC,"7215 W Ustick Rd, Boise, ID 83704, USA",(208) 369-2583,https://www.blueribbonpainting.net/,4.9,55,https://maps.google.com/?cid=1019971719002125517&g_mp=Cidnb29nbGUubWFwcy5wbGFjZXMudjEuUGxhY2VzLlNlYXJjaFRleHQQAhgEIAA,OPERATIONAL,"point_of_interest,establishment",Painter,Boise
ChIJgwhMQ8unri4Rxm4FGnhXtpU,Horizon Painting LLC,"511 Franklin Park Dr, Boise, ID 83709, USA",(208) 921-4414,https://www.horizonpaintingllc.com/,5,19,https://maps.google.com/?cid=10787906130756857542&g_mp=Cidnb29nbGUubWFwcy5wbGFjZXMudjEuUGxhY2VzLlNlYXJjaFRleHQQAhgEIAA,OPERATIONAL,"painter,service,point_of_interest,establishment",Painter,Boise
ChIJ7f2iU0FVrlQRw4aNr_Sgiu8,Smile-A-Mile Painting Boise,"1580 N Stonehenge Way Suite #105, Meridian, ID 83642, USA",(208) 863-2480,https://www.smileamilepainting.com/,4.9,35,https://maps.google.com/?cid=17260785494628599491&g_mp=Cidnb29nbGUubWFwcy5wbGFjZXMudjEuUGxhY2VzLlNlYXJjaFRleHQQAhgEIAA,OPERATIONAL,"painter,service,point_of_interest,establishment",Painter,Boise
ChIJAQAAAHBLrlQRWS5nH89Lo-Q,Global Painting Inc,"1251 N Five Mile Rd, Boise, ID 83713, USA",(208) 395-0100,https://globalpainting.com/,5,13,https://maps.google.com/?cid=16475095214808575577&g_mp=Cidnb29nbGUubWFwcy5wbGFjZXMudjEuUGxhY2VzLlNlYXJjaFRleHQQAhgEIAA,OPERATIONAL,"painter,service,point_of_interest,establishment",Painter,Boise
ChIJOzBIW1usr1QRF2QGcZ7e_vk,Painter Bros of Boise,"206 Murray St, Garden City, ID 83714, USA",(208) 273-9599,https://www.painterbros.com/boise/,4.6,9,https://maps.google.com/?cid=18014080331611005975&g_mp=Cidnb29nbGUubWFwcy5wbGFjZXMudjEuUGxhY2VzLlNlYXJjaFRleHQQAhgEIAA,OPERATIONAL,"painter,service,point_of_interest,establishment",Painter,Boise
ChIJVVWFJvr4rlQRTc-CtEVygu8,Boise Paint Pros,"300 W Myrtle St, Boise, ID 83702, USA",(208) 639-2362,https://paintersboiseid.com/,5,1,https://maps.google.com/?cid=17258482365743943501&g_mp=Cidnb29nbGUubWFwcy5wbGFjZXMudjEuUGxhY2VzLlNlYXJjaFRleHQQAhgEIAA,OPERATIONAL,"painter,point_of_interest,service,establishment",Painting contractor,Boise
ChIJm-0NXYNVrlQRUSOp7U8NqZc,Boise Concrete Contractors,"511 N Meadowland Dr, Boise, ID 83713, USA",(208) 547-5836,https://www.boiseconcretecontractor.com/,5,62,https://maps.google.com/?cid=10928280607732081489&g_mp=Cidnb29nbGUubWFwcy5wbGFjZXMudjEuUGxhY2VzLlNlYXJjaFRleHQQAhgEIAA,OPERATIONAL,"general_contractor,point_of_interest,service,establishment",Concrete contractor,Boise
ChIJv43SSpb_rlQRuQQBy7yzAv8,Mr. Mudd Concrete,"400 E 52nd St, Garden City, ID 83714, USA",(208) 861-7833,https://www.mrmuddconcrete.com/,4.9,1410,https://maps.google.com/?cid=18375447053066110137&g_mp=Cidnb29nbGUubWFwcy5wbGFjZXMudjEuUGxhY2VzLlNlYXJjaFRleHQQAhgEIAA,OPERATIONAL,"general_contractor,manufacturer,point_of_interest,service,establishment",Concrete contractor,Boise
ChIJZd9vNtZrpSURH8MU4nthkuk,Catalpa Concrete Company,"1102 Dawn Dr, Boise, ID 83713, USA",(208) 519-2504,https://www.catalpaconcrete.com/,5,31,https://maps.google.com/?cid=16830621942138848031&g_mp=Cidnb29nbGUubWFwcy5wbGFjZXMudjEuUGxhY2VzLlNlYXJjaFRleHQQAhgEIAA,OPERATIONAL,"general_contractor,manufacturer,point_of_interest,service,establishment",Concrete contractor,Boise
ChIJASUOwHZXrlQRqtK3_C5OI6Q,Modern Concrete and Design,"11532 Joplin Rd, Garden City, ID 83714, USA",(208) 631-7056,http://www.modernconcreteidaho.com/,4.4,28,https://maps.google.com/?cid=11827383010120422058&g_mp=Cidnb29nbGUubWFwcy5wbGFjZXMudjEuUGxhY2VzLlNlYXJjaFRleHQQAhgEIAA,OPERATIONAL,"general_contractor,point_of_interest,service,establishment",Concrete contractor,Boise
ChIJP6Fd7JD3rlQRruhypNsu3zo,Sam The Concrete Man Boise,"3046 S Honeycomb Way, Boise, ID 83716, USA",(208) 768-6028,https://boise.samtheconcreteman.com/?utm_source=Google&utm_medium=Listings&utm_campaign=GBP,4.7,23,https://maps.google.com/?cid=4242160894898006190&g_mp=Cidnb29nbGUubWFwcy5wbGFjZXMudjEuUGxhY2VzLlNlYXJjaFRleHQQAhgEIAA,OPERATIONAL,"general_contractor,point_of_interest,service,establishment",Concrete contractor,Boise
ChIJvcXlX7BXrlQRdU96EU_enq8,ELEMENT FENCING,"6655 W Victory Rd, Boise, ID 83709, USA",(208) 631-2790,http://elementfencing.com/,4.8,135,https://maps.google.com/?cid=12654796434134683509&g_mp=Cidnb29nbGUubWFwcy5wbGFjZXMudjEuUGxhY2VzLlNlYXJjaFRleHQQAhgEIAA,OPERATIONAL,"general_contractor,point_of_interest,service,establishment",Fencing contractor,Boise
ChIJ1V7G02OVH20Rl0GXLXsCAUI,Equinox Fence,"5821 W Elmer St, Boise, ID 83703, USA",(208) 908-1175,https://www.equinoxfence.com/,5,49,https://maps.google.com/?cid=4756085409549074839&g_mp=Cidnb29nbGUubWFwcy5wbGFjZXMudjEuUGxhY2VzLlNlYXJjaFRleHQQAhgEIAA,OPERATIONAL,"general_contractor,point_of_interest,service,establishment",Fencing contractor,Boise
ChIJDSVuX1ZXrlQRo3ECVLwBUzA,"Certified Fencing, LLC","9601 W State St STE 112, Garden City, ID 83714, USA",(208) 449-2040,https://certifiedfencing.com/,4.8,152,https://maps.google.com/?cid=3482128845262451107&g_mp=Cidnb29nbGUubWFwcy5wbGFjZXMudjEuUGxhY2VzLlNlYXJjaFRleHQQAhgEIAA,OPERATIONAL,"general_contractor,building_materials_store,point_of_interest,service,store,establishment",Fencing contractor,Boise
ChIJBVKX20r_rlQRvqg3cmkBRI0,Frontier Fence Company,"405 E 41st St, Garden City, ID 83714, USA",(208) 546-5752,https://www.frontierfencecompany.com/,4.4,86,https://maps.google.com/?cid=10179262610163607742&g_mp=Cidnb29nbGUubWFwcy5wbGFjZXMudjEuUGxhY2VzLlNlYXJjaFRleHQQAhgEIAA,OPERATIONAL,"general_contractor,point_of_interest,service,establishment",Fencing contractor,Boise
ChIJw5DgCBRVrlQR5V5RF_u_Sqo,Anvil Fence Company,"106 E 46th Pl, Garden City, ID 83714, USA",(208) 375-6767,https://anvilfence.com/,4.8,129,https://maps.google.com/?cid=12270831219873242853&g_mp=Cidnb29nbGUubWFwcy5wbGFjZXMudjEuUGxhY2VzLlNlYXJjaFRleHQQAhgEIAA,OPERATIONAL,"general_contractor,point_of_interest,service,establishment",Fencing contractor,Boise
ChIJdzfSVFGl8GwRcdsJT9Oejus,iD Fence Company,"16345 Midway Rd, Nampa, ID 83651, USA",(208) 994-7855,https://idfencecompany.com/,5,54,https://maps.google.com/?cid=16973678676007312241&g_mp=Cidnb29nbGUubWFwcy5wbGFjZXMudjEuUGxhY2VzLlNlYXJjaFRleHQQAhgEIAA,OPERATIONAL,"general_contractor,point_of_interest,service,establishment",Fencing contractor,Boise
ChIJy9uOMdIWc0oRy1lTEI9baIo,ZD Fencing LLC,"3660 N Falcon Ridge Ln, Eagle, ID 83616, USA",(208) 991-0915,https://www.zdfencing.com/,5,93,https://maps.google.com/?cid=9973322044824312267&g_mp=Cidnb29nbGUubWFwcy5wbGFjZXMudjEuUGxhY2VzLlNlYXJjaFRleHQQAhgEIAA,OPERATIONAL,"general_contractor,point_of_interest,service,establishment",Fencing contractor,Boise
ChIJrxd0IWzJr1QR47i0YqfZ77M,Superior Fence & Rail,"20990 Simplot Blvd, Greenleaf, ID 83626, USA",(208) 325-5570,https://www.superiorfenceandrail.com/treasure-valley/?utm_source=gmb&utm_medium=location&utm_campaign=sfr-boisey-gmb&utm_content=main-5-15-2020,4.7,194,https://maps.google.com/?cid=12965821165161724131&g_mp=Cidnb29nbGUubWFwcy5wbGFjZXMudjEuUGxhY2VzLlNlYXJjaFRleHQQAhgEIAA,OPERATIONAL,"general_contractor,point_of_interest,service,establishment",Fencing contractor,Boise
ChIJu2L55bn5rlQRAsYi8rHEopE,Boise Iron Fencing,"1782 W State St, Boise, ID 83702, USA",(208) 417-8273,http://boiseironfencing.com/,,0,https://maps.google.com/?cid=10494166350277297666&g_mp=Cidnb29nbGUubWFwcy5wbGFjZXMudjEuUGxhY2VzLlNlYXJjaFRleHQQAhgEIAA,OPERATIONAL,"general_contractor,point_of_interest,service,establishment",Fencing contractor,Boise
ChIJx3CJpMhTrlQRyORMy-mK0nI,Cascade Fence Co Inc,"151 N Linder Rd, Meridian, ID 83642, USA",(208) 887-6570,http://www.cascadefence.net/,4.7,9,https://maps.google.com/?cid=8273828202175849672&g_mp=Cidnb29nbGUubWFwcy5wbGFjZXMudjEuUGxhY2VzLlNlYXJjaFRleHQQAhgEIAA,OPERATIONAL,"general_contractor,point_of_interest,service,establishment",Fencing contractor,Boise
ChIJC77u6TQh-KwRS1pEGIG-F2M,Petrified Forest Boise,"1020 N Oxwich Ave, Meridian, ID 83642, USA",(208) 927-7332,https://www.petrifiedfenceboise.com/?utm_source=google&utm_medium=organic&utm_campaign=gbp,5,21,https://maps.google.com/?cid=7140385195886402123&g_mp=Cidnb29nbGUubWFwcy5wbGFjZXMudjEuUGxhY2VzLlNlYXJjaFRleHQQAhgEIAA,OPERATIONAL,"general_contractor,point_of_interest,service,establishment",Fencing contractor,Boise
ChIJyVbY2RH_rlQRUma-NmmI1RM,Aero Fence Company,"206 E 37th St #2, Garden City, ID 83714, USA",(208) 381-0497,http://aerofencecompany.com/,4.2,13,https://maps.google.com/?cid=1429198442231391826&g_mp=Cidnb29nbGUubWFwcy5wbGFjZXMudjEuUGxhY2VzLlNlYXJjaFRleHQQAhgEIAA,OPERATIONAL,"general_contractor,point_of_interest,service,establishment",Fencing contractor,Boise
ChIJpxpgU9tXrlQRDGufBlPiN0M,"Boise River Fence, Inc","5200 W Bethel St, Boise, ID 83706, USA",(208) 383-9535,https://boiseriverfence.com/,,0,https://maps.google.com/?cid=4843588770481531660&g_mp=Cidnb29nbGUubWFwcy5wbGFjZXMudjEuUGxhY2VzLlNlYXJjaFRleHQQAhgEIAA,OPERATIONAL,"general_contractor,point_of_interest,service,establishment",Fencing contractor,Boise
ChIJWZH8dh1FVVMR9tG-1JBGxLQ,Affordable Fencing,"3400 Stockman Rd, Pocatello, ID 83204, USA",(208) 261-1284,http://affordablefencingid.com/,4.9,287,https://maps.google.com/?cid=13025613610120827382&g_mp=Cidnb29nbGUubWFwcy5wbGFjZXMudjEuUGxhY2VzLlNlYXJjaFRleHQQAhgEIAA,OPERATIONAL,"general_contractor,point_of_interest,service,establishment",Fencing contractor,Boise
ChIJBYD8YapXrlQRYpo0qBbYu0s,Kodiak Fencing,"2220 S Mobile Dr, Boise, ID 83709, USA",(208) 906-1526,https://kodiakfenceidaho.com/,5,1,https://maps.google.com/?cid=5457192965312387682&g_mp=Cidnb29nbGUubWFwcy5wbGFjZXMudjEuUGxhY2VzLlNlYXJjaFRleHQQAhgEIAA,OPERATIONAL,"general_contractor,point_of_interest,service,establishment",Fencing contractor,Boise
ChIJGdR2gOb4rlQRkD7bJCSbDrI,Chain link Fencing,"1112 W Main St, Boise, ID 83702, USA",(208) 816-7272,https://www.fencinginboise.com/contact,,0,https://maps.google.com/?cid=12830362967964597904&g_mp=Cidnb29nbGUubWFwcy5wbGFjZXMudjEuUGxhY2VzLlNlYXJjaFRleHQQAhgEIAA,OPERATIONAL,"general_contractor,point_of_interest,service,establishment",Fencing contractor,Boise
ChIJ_Uch4P4Br1QRZrcMKSH9vzs,Arborman Tree Care,"8020 W King St, Boise, ID 83704, USA",(208) 286-6875,https://www.arbormantreecare.net/,4.9,244,https://maps.google.com/?cid=4305438087653930854&g_mp=Cidnb29nbGUubWFwcy5wbGFjZXMudjEuUGxhY2VzLlNlYXJjaFRleHQQAhgEIAA,OPERATIONAL,"point_of_interest,service,establishment",Tree service,Boise
ChIJHbOSCAn_rlQRwWtjPsHbJ30,Boise Tree - SavATree,"6126 W State St #401, Boise, ID 83703, USA",(208) 473-8223,https://www.savatree.com/locations/boise-idaho/?utm_source=GMB&utm_medium=organic&utm_campaign=boise,5,470,https://maps.google.com/?cid=9018418401854581697&g_mp=Cidnb29nbGUubWFwcy5wbGFjZXMudjEuUGxhY2VzLlNlYXJjaFRleHQQAhgEIAA,OPERATIONAL,"general_contractor,point_of_interest,service,establishment",Tree service,Boise
ChIJvRJQocr4rlQRfa011eLaYrU,Timberline Tree Service,"6217 S Latigo Dr, Boise, ID 83709, USA",(208) 377-5663,http://timberlinetreeandshrub.com/,5,321,https://maps.google.com/?cid=13070249736357129597&g_mp=Cidnb29nbGUubWFwcy5wbGFjZXMudjEuUGxhY2VzLlNlYXJjaFRleHQQAhgEIAA,OPERATIONAL,"point_of_interest,service,establishment",Tree service,Boise
ChIJux3OKa_5rlQRniSkDrh1RH8,Sawtooth Tree Service,"5892 S Horseshoe Pl, Boise, ID 83716, USA",(208) 268-8199,https://www.sawtoothboise.com/,5,385,https://maps.google.com/?cid=9170584174613243038&g_mp=Cidnb29nbGUubWFwcy5wbGFjZXMudjEuUGxhY2VzLlNlYXJjaFRleHQQAhgEIAA,OPERATIONAL,"point_of_interest,service,establishment",Tree service,Boise
ChIJ7W4esqtFrlQRw-i9KI73C4Q,Double J Tree Service LLC,"1901 N Sparrow Hawk Ave, Kuna, ID 83634, USA",(208) 705-3557,https://doublejtree.com/,5,248,https://maps.google.com/?cid=9514970827691256003&g_mp=Cidnb29nbGUubWFwcy5wbGFjZXMudjEuUGxhY2VzLlNlYXJjaFRleHQQAhgEIAA,OPERATIONAL,"point_of_interest,service,establishment",Tree service,Boise
ChIJT3oXQ11XrlQRm6N4j1YgTbI,A Cut Above Tree Service,"8401 W Desert Ave, Boise, ID 83709, USA",(208) 898-4286,https://www.acutabovetrees.com/,4.9,208,https://maps.google.com/?cid=12847960868104217499&g_mp=Cidnb29nbGUubWFwcy5wbGFjZXMudjEuUGxhY2VzLlNlYXJjaFRleHQQAhgEIAA,OPERATIONAL,"point_of_interest,service,establishment",Tree service,Boise
ChIJc2fXGwL_rlQRjt7s1vBg3Qs,Tapson's Tree Service LLC,"10832 W Edna St, Boise, ID 83713, USA",(208) 398-3217,https://tapsonstreeservice.com/,4.8,63,https://maps.google.com/?cid=854946091784527502&g_mp=Cidnb29nbGUubWFwcy5wbGFjZXMudjEuUGxhY2VzLlNlYXJjaFRleHQQAhgEIAA,OPERATIONAL,"point_of_interest,service,establishment",Tree service,Boise
ChIJzV-3P8JXrlQRfQEqHw1vP8M,Terry's Tree Services Inc,"7200 W McGlochlin St, Boise, ID 83709, USA",(208) 362-3354,https://terrystreeserviceinc.com/,4.9,22,https://maps.google.com/?cid=14069085863076823421&g_mp=Cidnb29nbGUubWFwcy5wbGFjZXMudjEuUGxhY2VzLlNlYXJjaFRleHQQAhgEIAA,OPERATIONAL,"point_of_interest,service,establishment",Tree service,Boise
ChIJDfMAKIvs_yIR5Buc24taoiQ,Idaho Tree Professionals,"3581 W Dora St, Boise, ID 83703, USA",(208) 919-4878,http://idahotreeprofessionals.com/,5,20,https://maps.google.com/?cid=2639771888323927012&g_mp=Cidnb29nbGUubWFwcy5wbGFjZXMudjEuUGxhY2VzLlNlYXJjaFRleHQQAhgEIAA,OPERATIONAL,"point_of_interest,service,establishment",Tree service,Boise
ChIJ48yXHdZOO2MRL3wFr-2g01A,On The Block Landscape and Tree Service,"2382 S Essex Wy, Boise, ID 83709, USA",(208) 358-9839,http://www.ontheblocklandandtree.com/,5,105,https://maps.google.com/?cid=5824175685824248879&g_mp=Cidnb29nbGUubWFwcy5wbGFjZXMudjEuUGxhY2VzLlNlYXJjaFRleHQQAhgEIAA,OPERATIONAL,"general_contractor,point_of_interest,service,establishment",Tree service,Boise
ChIJ9-xEQmpXrlQRoZiKxL7Fp3o,"Parker Tree Service, Inc.","3713 W Greenbrier Dr, Boise, ID 83705, USA",(208) 461-8733,https://parkertreeservice.com/,5,148,https://maps.google.com/?cid=8838250216869763233&g_mp=Cidnb29nbGUubWFwcy5wbGFjZXMudjEuUGxhY2VzLlNlYXJjaFRleHQQAhgEIAA,OPERATIONAL,"point_of_interest,service,establishment",Tree service,Boise
ChIJORWmNi7g8kYRrSgbfuOZCZQ,Skyline Tree Service LLC,"8532 Colt Dr, Boise, ID 83709, USA",(208) 369-2054,https://www.skyline-tree-service.com/,5,28,https://maps.google.com/?cid=10667226394756065453&g_mp=Cidnb29nbGUubWFwcy5wbGFjZXMudjEuUGxhY2VzLlNlYXJjaFRleHQQAhgEIAA,OPERATIONAL,"point_of_interest,service,establishment",Tree service,Boise
ChIJTa3aExdVrlQR4nQaIjzjvJE,Eden Tree Works,"10722 W Excalibur St, Boise, ID 83713, USA",(208) 860-3683,http://edentreeworks.com/,5,38,https://maps.google.com/?cid=10501518278530856162&g_mp=Cidnb29nbGUubWFwcy5wbGFjZXMudjEuUGxhY2VzLlNlYXJjaFRleHQQAhgEIAA,OPERATIONAL,"point_of_interest,service,establishment",Tree service,Boise
ChIJmQE1kQdXrlQRpC9CRGn49c4,Alpine Tree Service,"7545 Lemhi St, Boise, ID 83709, USA",(208) 362-4478,http://www.alpinetreeservice.net/,5,35,https://maps.google.com/?cid=14913098872107708324&g_mp=Cidnb29nbGUubWFwcy5wbGFjZXMudjEuUGxhY2VzLlNlYXJjaFRleHQQAhgEIAA,OPERATIONAL,"point_of_interest,service,establishment",Tree service,Boise
ChIJqyLKxVj5rlQRwy96TVEj-nk,Idaho Tree Preservation,"1650 W Targee St Box 5848, Boise, ID 83705, USA",(208) 424-0037,https://idahotreepreservation.com/,4.8,89,https://maps.google.com/?cid=8789376454866120643&g_mp=Cidnb29nbGUubWFwcy5wbGFjZXMudjEuUGxhY2VzLlNlYXJjaFRleHQQAhgEIAA,OPERATIONAL,"point_of_interest,service,establishment",Tree service,Boise
ChIJ35FDqR7Ab0kR2Jok5PoRX-w,Trees All Day Tree Service,"6412 E Sherryanna Ln, Nampa, ID 83687, USA",(208) 872-6614,https://www.treesallday.com/,5,86,https://maps.google.com/?cid=17032352085005605592&g_mp=Cidnb29nbGUubWFwcy5wbGFjZXMudjEuUGxhY2VzLlNlYXJjaFRleHQQAhgEIAA,OPERATIONAL,"service,point_of_interest,establishment",Tree removal,Boise
ChIJ1dKjV1NXrlQRpFgZj5bQgEs,D&L Garage Doors - Garage Door Repair Experts!,"3800 W Chinden Blvd, Boise, ID 83714, USA",(208) 261-3700,https://garagedoorrepairinboise.com/?utm_campaign=gmb,4.9,968,https://maps.google.com/?cid=5440577694928033956&g_mp=Cidnb29nbGUubWFwcy5wbGFjZXMudjEuUGxhY2VzLlNlYXJjaFRleHQQAhgEIAA,OPERATIONAL,"supplier,store,point_of_interest,service,establishment",Garage door repair,Boise
ChIJE4Jt6jhTrlQRWSdcAVrdBz4,A1 Garage Door Service,"9543 W Emerald St Suite 103, Boise, ID 83704, USA",(208) 417-2283,https://a1garage.com/locations/idaho/boise/garage-door-repair-and-installation-83704-p.html?utm_source=google&utm_medium=organic&utm_campaign=gbpwebsite[boise],4.8,2719,https://maps.google.com/?cid=4469784533828118361&g_mp=Cidnb29nbGUubWFwcy5wbGFjZXMudjEuUGxhY2VzLlNlYXJjaFRleHQQAhgEIAA,OPERATIONAL,"supplier,point_of_interest,service,establishment",Garage door repair,Boise
ChIJ4S8pM_2tlVQRbgMDF7ztJ7M,Legacy Garage Doors,"7151 W Emerald St Suite #2, Boise, ID 83704, USA",(208) 575-7117,https://www.legacygaragedoorservices.com/?utm_source=google&utm_medium=organic&utm_campaign=GMBListing-Boise-ID,5,369,https://maps.google.com/?cid=12909548248976524142&g_mp=Cidnb29nbGUubWFwcy5wbGFjZXMudjEuUGxhY2VzLlNlYXJjaFRleHQQAhgEIAA,OPERATIONAL,"supplier,point_of_interest,service,establishment",Garage door repair,Boise
ChIJURDishdXrlQRaPiuxAG3DMM,Action Garage Door of Boise,"7269 Potomac Dr suite 210, Boise, ID 83704, USA",(208) 261-2949,https://actiongaragedoor.net/service-area/boise/?utm_source=google&utm_medium=gmb&utm_campaign=gbp%20boise,4.9,72,https://maps.google.com/?cid=14054809755339126888&g_mp=Cidnb29nbGUubWFwcy5wbGFjZXMudjEuUGxhY2VzLlNlYXJjaFRleHQQAhgEIAA,OPERATIONAL,"supplier,point_of_interest,service,establishment",Garage door repair,Boise
ChIJA7VgKzb_rlQRhhA3eaMNA00,Garage Door Store Boise,"9075 W Hackamore Dr, Boise, ID 83709, USA",(208) 514-2871,https://www.garagedoorstoreboise.com/,5,1048,https://maps.google.com/?cid=5549294161615065222&g_mp=Cidnb29nbGUubWFwcy5wbGFjZXMudjEuUGxhY2VzLlNlYXJjaFRleHQQAhgEIAA,OPERATIONAL,"supplier,general_contractor,point_of_interest,service,establishment",Garage door repair,Boise
ChIJ9x0-20z_rlQR843y2NeG7bI,Ex-Cello Overhead Door Company,"106 E 42nd St, Boise, ID 83714, USA",(208) 584-1402,http://excellodoor.com/,4.9,433,https://maps.google.com/?cid=12893109569847463411&g_mp=Cidnb29nbGUubWFwcy5wbGFjZXMudjEuUGxhY2VzLlNlYXJjaFRleHQQAhgEIAA,OPERATIONAL,"supplier,store,point_of_interest,service,establishment",Garage door repair,Boise
ChIJI-Wm4tZXrlQRvnTbuZIMtRo,Precision Garage Door of Boise,"6144 W Clinton St, Boise, ID 83704, USA",(208) 252-6535,https://garagedoorboise.com/?utm_source=gmb&utm_medium=location_boise&utm_campaign=website&camp=GMB,4.9,1124,https://maps.google.com/?cid=1924458240093680830&g_mp=Cidnb29nbGUubWFwcy5wbGFjZXMudjEuUGxhY2VzLlNlYXJjaFRleHQQAhgEIAA,OPERATIONAL,"supplier,point_of_interest,service,establishment",Garage door repair,Boise
ChIJO_cETvv5rlQRJuohD-08bmk,A1 Garage Door Service,"300 W Main St Suite 202, Boise, ID 83702, USA",(208) 254-1134,https://a1garage.com/locations/idaho/boise/garage-door-repair-and-installation-83704-p.html?utm_source=google&utm_medium=organic&utm_campaign=gbpwebsite[boise-id],4.8,249,https://maps.google.com/?cid=7597076610279402022&g_mp=Cidnb29nbGUubWFwcy5wbGFjZXMudjEuUGxhY2VzLlNlYXJjaFRleHQQAhgEIAA,OPERATIONAL,"supplier,point_of_interest,service,establishment",Garage door repair,Boise
ChIJIeFZDBdWrlQRtGb2iC0Aaks,Overhead Door Company of Southwestern Idaho™,"621 N Allumbaugh St, Boise, ID 83704, USA",(208) 375-0137,https://overheaddoorinc.com/overhead-door-company-of-southwestern-idaho/?utm_source=google&utm_medium=local&utm_campaign=gmb_listing,4.9,288,https://maps.google.com/?cid=5434156095947302580&g_mp=Cidnb29nbGUubWFwcy5wbGFjZXMudjEuUGxhY2VzLlNlYXJjaFRleHQQAhgEIAA,OPERATIONAL,"supplier,general_contractor,store,point_of_interest,service,establishment",Garage door repair,Boise
ChIJ51b3RZ1WrlQRZroMFMt-Mqg,Action Garage Door,"65 N Linder Rd, Meridian, ID 83642, USA",(208) 425-4668,https://actiongaragedoor.net/?utm_source=google&utm_medium=gmb&utm_campaign=gbp%20meridian,4.7,1043,https://maps.google.com/?cid=12119888957887265382&g_mp=Cidnb29nbGUubWFwcy5wbGFjZXMudjEuUGxhY2VzLlNlYXJjaFRleHQQAhgEIAA,OPERATIONAL,"supplier,point_of_interest,service,establishment",Garage door repair,Boise
ChIJtYbOQTGxr1QRiOx0qBVmSsY,Sawtooth Garage Doors,"1114 N Dawn Pl, Boise, ID 83713, USA",(208) 960-2977,https://sawtoothgaragedoors.com/?utm_source=google&utm_medium=organic&utm_campaign=gbp-website,5,118,https://maps.google.com/?cid=14288345010992901256&g_mp=Cidnb29nbGUubWFwcy5wbGFjZXMudjEuUGxhY2VzLlNlYXJjaFRleHQQAhgEIAA,OPERATIONAL,"supplier,point_of_interest,service,establishment",Garage door repair,Boise
ChIJ-SfOP_RLrlQRJT77cEyMlhU,Haney Door Service,"14648 Midway Rd, Nampa, ID 83651, USA",(208) 466-3543,https://haneydoorservice.com/,5,2380,https://maps.google.com/?cid=1555584981244001829&g_mp=Cidnb29nbGUubWFwcy5wbGFjZXMudjEuUGxhY2VzLlNlYXJjaFRleHQQAhgEIAA,OPERATIONAL,"supplier,point_of_interest,service,establishment",Garage door repair,Boise
ChIJ9a-IpoFXrlQR87mSFpijmj0,Hearth Garage Doors,"963 S Orchard St Suite 101, Boise, ID 83705, USA",(208) 295-4245,https://hearthgaragedoors.com/,5,37,https://maps.google.com/?cid=4439040256336116211&g_mp=Cidnb29nbGUubWFwcy5wbGFjZXMudjEuUGxhY2VzLlNlYXJjaFRleHQQAhgEIAA,OPERATIONAL,"supplier,point_of_interest,service,establishment",Garage door repair,Boise
ChIJg86XOMZTrlQRZI0fpI3H-T8,Precision Garage Door of Meridian,"1260 E Kalispell St Suite 100, Meridian, ID 83642, USA",(208) 510-5520,https://www.garagedoorboise.com/?utm_source=gmb&utm_medium=location_meridian&utm_campaign=website?camp=GMBM,4.9,647,https://maps.google.com/?cid=4609935104748260708&g_mp=Cidnb29nbGUubWFwcy5wbGFjZXMudjEuUGxhY2VzLlNlYXJjaFRleHQQAhgEIAA,OPERATIONAL,"supplier,point_of_interest,service,establishment",Garage door repair,Boise
ChIJ-USunLS-q40RFYDDjmW9i2c,Idaho Garage Repairs,"1740 E Fairview Ave, Meridian, ID 83642, USA",(208) 278-2775,https://idahogaragerepairs.com/,5,6,https://maps.google.com/?cid=7461265451553882133&g_mp=Cidnb29nbGUubWFwcy5wbGFjZXMudjEuUGxhY2VzLlNlYXJjaFRleHQQAhgEIAA,OPERATIONAL,"point_of_interest,service,establishment",Garage door repair,Boise
ChIJOUzffEP_rlQRfnG7XEqaiSc,Price's Guaranteed Doors Inc,"504 E 43rd St #1, Boise, ID 83714, USA",(208) 595-7575,https://pricesdoors.com/idaho/,4.6,22,https://maps.google.com/?cid=2848977883462594942&g_mp=Cidnb29nbGUubWFwcy5wbGFjZXMudjEuUGxhY2VzLlNlYXJjaFRleHQQAhgEIAA,OPERATIONAL,"supplier,point_of_interest,service,establishment",Garage door repair,Boise
ChIJGSZCViCrr1QRzi15g4vbOi0,Action Garage Door of Eagle,"500 E Shore Dr, Eagle, ID 83616, USA",(208) 297-3663,https://actiongaragedoor.net/,5,3,https://maps.google.com/?cid=3259158672608669134&g_mp=Cidnb29nbGUubWFwcy5wbGFjZXMudjEuUGxhY2VzLlNlYXJjaFRleHQQAhgEIAA,OPERATIONAL,"supplier,point_of_interest,service,establishment",Garage door repair,Boise
ChIJsVcwHwj_rlQRX9hmeVNB8UU,All Valley Garage Doors,"8590 W Chinden Blvd, Garden City, ID 83714, USA",(208) 795-3667,http://allvalleygd.com/,4.8,19,https://maps.google.com/?cid=5039881284779169887&g_mp=Cidnb29nbGUubWFwcy5wbGFjZXMudjEuUGxhY2VzLlNlYXJjaFRleHQQAhgEIAA,OPERATIONAL,"supplier,point_of_interest,service,establishment",Garage door repair,Boise
ChIJFX0874P4rlQRtu4MapWh_Bc,Western Boise Appliance Repair,"4346 Rose Hill St, Boise, ID 83705, USA",(208) 344-4893,https://appliancerepairboise.com/,4.9,84,https://maps.google.com/?cid=1728434020104859318&g_mp=Cidnb29nbGUubWFwcy5wbGFjZXMudjEuUGxhY2VzLlNlYXJjaFRleHQQAhgEIAA,OPERATIONAL,"point_of_interest,service,establishment",Appliance repair,Boise
ChIJiYrPJ6yqr1QR3xRAZhdxLqw,Cody's Appliance Repair Eagle ID,"1117 E Plaza Dr, Eagle, ID 83616, USA",(208) 938-1066,https://codysappliancerepair.com/,4.9,1296,https://maps.google.com/?cid=12406978368765957343&g_mp=Cidnb29nbGUubWFwcy5wbGFjZXMudjEuUGxhY2VzLlNlYXJjaFRleHQQAhgEIAA,OPERATIONAL,"point_of_interest,service,establishment",Appliance repair,Boise
ChIJFTrA9_5UrlQRaOscnoNY38Y,Western Appliance Repair,"13601 W McMillan Rd, Boise, ID 83713, USA",(208) 863-3702,https://westernappliancerepairboise.com/,4.9,94,https://maps.google.com/?cid=14330269861632863080&g_mp=Cidnb29nbGUubWFwcy5wbGFjZXMudjEuUGxhY2VzLlNlYXJjaFRleHQQAhgEIAA,OPERATIONAL,"point_of_interest,service,establishment",Appliance repair,Boise
ChIJMVNPbTbKvqMRc52KcrN1DU0,Gem State Appliance Repair,"1553 N Milwaukee St #111, Boise, ID 83704, USA",(208) 701-4142,https://gemstateappliancerepair.com/,5,144,https://maps.google.com/?cid=5552223329198972275&g_mp=Cidnb29nbGUubWFwcy5wbGFjZXMudjEuUGxhY2VzLlNlYXJjaFRleHQQAhgEIAA,OPERATIONAL,"point_of_interest,service,establishment",Appliance repair,Boise
ChIJS0HIe_P4rlQR6ouxl0OAJrs,Easy's Appliance Repair Services,"8291 W Northview St, Boise, ID 83704, USA",(208) 342-7768,https://www.easysappliance.com/,4.6,113,https://maps.google.com/?cid=13485607162003688426&g_mp=Cidnb29nbGUubWFwcy5wbGFjZXMudjEuUGxhY2VzLlNlYXJjaFRleHQQAhgEIAA,OPERATIONAL,"point_of_interest,service,establishment",Appliance repair,Boise
ChIJI3nV6d74rlQRwH5UvkrN6to,Murf's Appliance Repair,"1615 W Hays St, Boise, ID 83702, USA",(208) 696-1349,http://www.murfsappliancerepair.com/,4.5,85,https://maps.google.com/?cid=15774646365723066048&g_mp=Cidnb29nbGUubWFwcy5wbGFjZXMudjEuUGxhY2VzLlNlYXJjaFRleHQQAhgEIAA,OPERATIONAL,"point_of_interest,service,establishment",Appliance repair,Boise
ChIJx3V6JZFVrlQRYgFjnHsJ8cQ,Major Appliance Repair Service Inc,"10050 W Ustick Rd, Boise, ID 83704, USA",(208) 573-0196,https://marsboiseappliance.com/,4.7,35,https://maps.google.com/?cid=14191134327330505058&g_mp=Cidnb29nbGUubWFwcy5wbGFjZXMudjEuUGxhY2VzLlNlYXJjaFRleHQQAhgEIAA,OPERATIONAL,"point_of_interest,service,establishment",Appliance repair,Boise
ChIJ_9-4ROz4rlQR64rABaPxFHA,A-Appliance Repair,"PO Box 45141, Boise, ID 83711, USA",(208) 362-2037,,5,1,https://maps.google.com/?cid=8076345714260609771&g_mp=Cidnb29nbGUubWFwcy5wbGFjZXMudjEuUGxhY2VzLlNlYXJjaFRleHQQAhgEIAA,OPERATIONAL,"point_of_interest,service,establishment",Appliance repair,Boise
ChIJqeGv14ZWrlQR7gs799uhAdY,Home Appliance Service,"357 E Watertower Ln # G, Meridian, ID 83642, USA",(208) 376-0031,http://www.homeappl.net/,4.9,111,https://maps.google.com/?cid=15420784565211040750&g_mp=Cidnb29nbGUubWFwcy5wbGFjZXMudjEuUGxhY2VzLlNlYXJjaFRleHQQAhgEIAA,OPERATIONAL,"supplier,manufacturer,store,point_of_interest,service,establishment",Appliance repair,Boise
ChIJi0mopr61r1QRspYHuMg0Eos,All Valley Appliance Repair LLP,"515 S 2nd Ave A, Caldwell, ID 83605, USA",(208) 800-1955,http://www.allvalleyappliancerepair.com/?utm_campaign=gmb,4.7,144,https://maps.google.com/?cid=10021130157538383538&g_mp=Cidnb29nbGUubWFwcy5wbGFjZXMudjEuUGxhY2VzLlNlYXJjaFRleHQQAhgEIAA,OPERATIONAL,"point_of_interest,service,establishment",Appliance repair,Boise
ChIJPbh5IXhXrlQRjI0Ji4eeY3w,Perfect Appliance Fix,"1507 N McKinney Ln, Boise, ID 83704, USA",(208) 571-1588,,4.9,50,https://maps.google.com/?cid=8963181988387851660&g_mp=Cidnb29nbGUubWFwcy5wbGFjZXMudjEuUGxhY2VzLlNlYXJjaFRleHQQAhgEIAA,OPERATIONAL,"home_goods_store,store,point_of_interest,establishment",Appliance repair,Boise
ChIJUZ_QFKdRrlQRAOESECilIcY,Murf's Appliance Repair,"Murf's Appliance Repair, 3761 S Peoria Way, Meridian, ID 83642, USA",(208) 696-1349,http://www.murfsappliancerepair.com/,4.8,68,https://maps.google.com/?cid=14276873885228130560&g_mp=Cidnb29nbGUubWFwcy5wbGFjZXMudjEuUGxhY2VzLlNlYXJjaFRleHQQAhgEIAA,OPERATIONAL,"supplier,manufacturer,store,point_of_interest,service,establishment",Appliance repair,Boise
ChIJF-M2ZqhXrlQRMZV9KjDeigA,Boise Appliance & Refrigeration,"7539 W Mossy Cup St, Boise, ID 83709, USA",(208) 343-0103,http://www.boiseappliance.net/,3.2,13,https://maps.google.com/?cid=39087845238740273&g_mp=Cidnb29nbGUubWFwcy5wbGFjZXMudjEuUGxhY2VzLlNlYXJjaFRleHQQAhgEIAA,OPERATIONAL,"point_of_interest,supplier,manufacturer,store,service,establishment",Appliance repair,Boise
ChIJKwqGHh1XrlQRwllFtMsWupI,Infinite Appliance Repair,"Unit at 7157 W, W Cascade Dr #195, Boise, ID 83704, USA",(208) 544-4612,,5,1,https://maps.google.com/?cid=10572788139364276674&g_mp=Cidnb29nbGUubWFwcy5wbGFjZXMudjEuUGxhY2VzLlNlYXJjaFRleHQQAhgEIAA,OPERATIONAL,"point_of_interest,service,establishment",Appliance repair,Boise
ChIJUypi6p74rlQRgN43KbWA9AA,Express Appliance and Mattress,"5326 W Overland Rd, Boise, ID 83705, USA",(208) 344-6700,https://www.expressapplianceid.com/,4.9,866,https://maps.google.com/?cid=68821409886363264&g_mp=Cidnb29nbGUubWFwcy5wbGFjZXMudjEuUGxhY2VzLlNlYXJjaFRleHQQAhgEIAA,OPERATIONAL,"discount_store,furniture_store,home_improvement_store,home_goods_store,store,point_of_interest,service,establishment",Appliance repair,Boise
ChIJr3vPJaxXrlQRDOB2LfrcZLc,Zerorez Carpet Cleaning Boise,"8744 W Fairview Ave, Boise, ID 83704, USA",(208) 383-1000,https://www.zerorez.com/boise,4.9,5245,https://maps.google.com/?cid=13214930173674577932&g_mp=Cidnb29nbGUubWFwcy5wbGFjZXMudjEuUGxhY2VzLlNlYXJjaFRleHQQAhgEIAA,OPERATIONAL,"laundry,service,point_of_interest,establishment",Carpet cleaning,Boise
ChIJVT2yZdVVrlQReYKxrXPea2w,Ultimate Carpet Cleaning,"590 N Maple Grove Rd #6, Boise, ID 83704, USA",(208) 336-9858,https://ultimatecarpetcleaning.com/,4.8,112,https://maps.google.com/?cid=7812582567020954233&g_mp=Cidnb29nbGUubWFwcy5wbGFjZXMudjEuUGxhY2VzLlNlYXJjaFRleHQQAhgEIAA,OPERATIONAL,"laundry,store,service,point_of_interest,establishment",Carpet cleaning,Boise
ChIJP7edmlZFrlQR1LaqMFLwiQg,"Eco Clean Carpet Cleaning Boise, Idaho","1577 N Linder Ave MB 203, Kuna, ID 83634, USA",(208) 571-9934,http://ecocleanboise.com/,5,61,https://maps.google.com/?cid=615287059907262164&g_mp=Cidnb29nbGUubWFwcy5wbGFjZXMudjEuUGxhY2VzLlNlYXJjaFRleHQQAhgEIAA,OPERATIONAL,"laundry,service,point_of_interest,establishment",Carpet cleaning,Boise
ChIJK1dYnln_rlQR6Oxf_1O6au4,Fiber Specialties Fine Rug Cleaning Company,"2905 W Overland Rd, Boise, ID 83705, USA",(208) 272-9705,https://fiberspecialties.com/,5,243,https://maps.google.com/?cid=17179748598487706856&g_mp=Cidnb29nbGUubWFwcy5wbGFjZXMudjEuUGxhY2VzLlNlYXJjaFRleHQQAhgEIAA,OPERATIONAL,"laundry,general_contractor,service,point_of_interest,establishment",Carpet cleaning,Boise
ChIJYZlKYIv_rlQRrXnKf61ywTg,SuperShine Carpet Cleaning,"9580 Umpque River Ct, Garden City, ID 83714, USA",(208) 891-9221,https://supershinecc.com/,5,458,https://maps.google.com/?cid=4089676026128005549&g_mp=Cidnb29nbGUubWFwcy5wbGFjZXMudjEuUGxhY2VzLlNlYXJjaFRleHQQAhgEIAA,OPERATIONAL,"laundry,service,point_of_interest,establishment",Carpet cleaning,Boise
ChIJt9s5ITewr1QRwy6Sueri1wc,Steam Master,"4759 N Adams St, Garden City, ID 83714, USA",(208) 371-8399,http://www.steammasterboise.com/,4.9,216,https://maps.google.com/?cid=565169776021876419&g_mp=Cidnb29nbGUubWFwcy5wbGFjZXMudjEuUGxhY2VzLlNlYXJjaFRleHQQAhgEIAA,OPERATIONAL,"laundry,service,point_of_interest,establishment",Carpet cleaning,Boise
ChIJ4frG_uNTrlQRYDvOtsN5GlY,Stanley Steemer,"490 E Schiller Ln # 130, Meridian, ID 83642, USA",(208) 895-7877,https://www.stanleysteemer.com/locations/ID/Boise/967,4.7,444,https://maps.google.com/?cid=6204405318148832096&g_mp=Cidnb29nbGUubWFwcy5wbGFjZXMudjEuUGxhY2VzLlNlYXJjaFRleHQQAhgEIAA,OPERATIONAL,"laundry,general_contractor,service,point_of_interest,establishment",Carpet cleaning,Boise
ChIJ2zepeHlWrlQRPThhjTTilD8,Miro's Carpet Care,"9706 W Cascade St, Boise, ID 83704, USA",(208) 230-0537,http://miroscarpetcare.com/,5,139,https://maps.google.com/?cid=4581535436280772669&g_mp=Cidnb29nbGUubWFwcy5wbGFjZXMudjEuUGxhY2VzLlNlYXJjaFRleHQQAhgEIAA,OPERATIONAL,"laundry,service,point_of_interest,establishment",Carpet cleaning,Boise
ChIJdaEtQdtWrlQRh-_Zfb5q2R0,Heritage Carpet Cleaners,"2165 Trapper Cv Ave S, Boise, ID 83709, USA",(208) 388-4626,,4.9,27,https://maps.google.com/?cid=2150867663433887623&g_mp=Cidnb29nbGUubWFwcy5wbGFjZXMudjEuUGxhY2VzLlNlYXJjaFRleHQQAhgEIAA,OPERATIONAL,"laundry,service,point_of_interest,establishment",Carpet cleaning,Boise
ChIJi-rOuRgAr1QRdGmAvVdvYTw,Allied Carpet Care,"10246 W Lariat Dr, Boise, ID 83714, USA",(208) 939-3815,https://www.alliedcarpetcare.com/,4.9,61,https://maps.google.com/?cid=4350881137648757108&g_mp=Cidnb29nbGUubWFwcy5wbGFjZXMudjEuUGxhY2VzLlNlYXJjaFRleHQQAhgEIAA,OPERATIONAL,"laundry,service,point_of_interest,establishment",Carpet cleaning,Boise
ChIJ68NXEzlVrlQRB2GnpiWPvQk,Magic Carpet Cleaning,"10480 Garverdale Ct, Boise, ID 83704, USA",(208) 418-1900,https://magiccarpetcleaningboise.com/,5,25,https://maps.google.com/?cid=701874508812214535&g_mp=Cidnb29nbGUubWFwcy5wbGFjZXMudjEuUGxhY2VzLlNlYXJjaFRleHQQAhgEIAA,OPERATIONAL,"laundry,service,point_of_interest,establishment",Carpet cleaning,Boise
ChIJP-dsXAT4rlQRW9y_WyeDc-g,Mint Cleaning Co.,"5441 W Kendall St, Boise, ID 83706, USA",(208) 284-7684,http://mintboise.com/,5,145,https://maps.google.com/?cid=16749875644187270235&g_mp=Cidnb29nbGUubWFwcy5wbGFjZXMudjEuUGxhY2VzLlNlYXJjaFRleHQQAhgEIAA,OPERATIONAL,"laundry,service,point_of_interest,establishment",Carpet cleaning,Boise
ChIJT08X5yj_rlQRZBuHVVwcR1A,"Cascade Cleaning Services - Meridian, ID","707 N Ralstin St, Meridian, ID 83642, USA",(208) 407-8999,http://cascadecleaningservices.net/,4.9,390,https://maps.google.com/?cid=5784623429278178148&g_mp=Cidnb29nbGUubWFwcy5wbGFjZXMudjEuUGxhY2VzLlNlYXJjaFRleHQQAhgEIAA,OPERATIONAL,"laundry,store,service,point_of_interest,establishment",Carpet cleaning,Boise
ChIJVcYPq1sBr1QRYer4tWGu-Z8,Eagle Floor Care,"2575 E Bonita Hls St, Eagle, ID 83616, USA",(208) 999-1331,https://eaglecarpetpros.com/,5,189,https://maps.google.com/?cid=11527436455919544929&g_mp=Cidnb29nbGUubWFwcy5wbGFjZXMudjEuUGxhY2VzLlNlYXJjaFRleHQQAhgEIAA,OPERATIONAL,"laundry,service,point_of_interest,establishment",Carpet cleaning,Boise
ChIJ6fsTg09VrlQR4bEnztXMvFQ,Alliance Carpet Cleaning,"10801 W Ripley St, Boise, ID 83713, USA",(208) 789-4433,,5,27,https://maps.google.com/?cid=6105980413466358241&g_mp=Cidnb29nbGUubWFwcy5wbGFjZXMudjEuUGxhY2VzLlNlYXJjaFRleHQQAhgEIAA,OPERATIONAL,"laundry,service,point_of_interest,establishment",Carpet cleaning,Boise
ChIJoWNZGaRUrlQRWKzrFe13Wrg,All Seasons Carpet Cleaning,"1283 W Hitchcock St, Meridian, ID 83646, USA",(208) 936-8197,http://www.welovecleancarpet.com/,5,60,https://maps.google.com/?cid=13284061911041420376&g_mp=Cidnb29nbGUubWFwcy5wbGFjZXMudjEuUGxhY2VzLlNlYXJjaFRleHQQAhgEIAA,OPERATIONAL,"laundry,service,point_of_interest,establishment",Carpet cleaning,Boise
ChIJ89LHb99VrlQRtMCstesNlx8,Chem-Dry of Boise,"9118 Garverdale Dr, Boise, ID 83704, USA",(208) 314-0188,http://boisecarpetcleaners.net/?utm_campaign=gbp,4.4,15,https://maps.google.com/?cid=2276303442675548340&g_mp=Cidnb29nbGUubWFwcy5wbGFjZXMudjEuUGxhY2VzLlNlYXJjaFRleHQQAhgEIAA,OPERATIONAL,"laundry,service,point_of_interest,establishment",Carpet cleaning,Boise
ChIJAQAAAFBXrlQRJynFZdDNdoE,Dean's Window Cleaning,"5555 W Kendall St, Boise, ID 83706, USA",(208) 213-8880,http://www.deanswindowcleaning.com/?utm_campaign=gmb,5,1059,https://maps.google.com/?cid=9328869973088872743&g_mp=Cidnb29nbGUubWFwcy5wbGFjZXMudjEuUGxhY2VzLlNlYXJjaFRleHQQAhgEIAA,OPERATIONAL,"point_of_interest,service,establishment",Window cleaning,Boise
ChIJh8D5l_lOiqwRCasyoQ-Zz4c,Seymour's Window Washing,"1634 Martha St, Boise, ID 83706, USA",(208) 581-7061,https://www.seymourswindows.com/,5,364,https://maps.google.com/?cid=9786208807707388681&g_mp=Cidnb29nbGUubWFwcy5wbGFjZXMudjEuUGxhY2VzLlNlYXJjaFRleHQQAhgEIAA,OPERATIONAL,"consultant,general_contractor,point_of_interest,store,service,establishment",Window cleaning,Boise
ChIJHf_dBUJRrlQR6_xGZSCyMFM,Blue Gander,"6065 Corporal Ln, Boise, ID 83704, USA",(208) 724-1830,https://callbluegander.com/,4.9,1229,https://maps.google.com/?cid=5994486956237978859&g_mp=Cidnb29nbGUubWFwcy5wbGFjZXMudjEuUGxhY2VzLlNlYXJjaFRleHQQAhgEIAA,OPERATIONAL,"general_contractor,point_of_interest,service,establishment",Window cleaning,Boise
ChIJVVV5-ND4rlQRHFEoYQ45iCg,Tree City,"4336 W Rose Hl St, Boise, ID 83705, USA",(208) 514-1841,http://www.treecitywindowcleaners.com/,5,187,https://maps.google.com/?cid=2920647092272124188&g_mp=Cidnb29nbGUubWFwcy5wbGFjZXMudjEuUGxhY2VzLlNlYXJjaFRleHQQAhgEIAA,OPERATIONAL,"point_of_interest,service,establishment",Window cleaning,Boise
ChIJZ9XbYjfRMoQRV3NJAQGbB8U,Advanced Window Cleaning,"13489 W Persimmon St, Boise, ID 83713, USA",(208) 908-8549,https://advancedwindowid.com/,5,42,https://maps.google.com/?cid=14197486778927641431&g_mp=Cidnb29nbGUubWFwcy5wbGFjZXMudjEuUGxhY2VzLlNlYXJjaFRleHQQAhgEIAA,OPERATIONAL,"point_of_interest,service,establishment",Window cleaning,Boise
ChIJif0OOoxTrlQRmaSzqKi3aEw,Star Brite Window Cleaning & Pressure Washing,"1740 E Fairview Ave, Meridian, ID 83642, USA",(208) 800-2054,http://www.208windowcleaning.com/,4.9,19,https://maps.google.com/?cid=5505852479473165465&g_mp=Cidnb29nbGUubWFwcy5wbGFjZXMudjEuUGxhY2VzLlNlYXJjaFRleHQQAhgEIAA,OPERATIONAL,"point_of_interest,service,establishment",Window cleaning,Boise
ChIJ1YnujFz4rlQRN5bq7GCtfI4,Enlightened Views Window Cleaning,"4810 W Chinden Blvd, Boise, ID 83714, USA",(208) 949-0815,https://enlightenedviewsidaho.com/,5,41,https://maps.google.com/?cid=10267271882301150775&g_mp=Cidnb29nbGUubWFwcy5wbGFjZXMudjEuUGxhY2VzLlNlYXJjaFRleHQQAhgEIAA,OPERATIONAL,"point_of_interest,service,establishment",Window cleaning,Boise
ChIJuXeTXsNYWGcRQRSEw3poeRE,Rolling Suds of Boise-Meridian,"6400 W Contractor St #103, Boise, ID 83709, USA",(208) 904-9348,https://www.rollingsudspowerwashing.com/boise-meridian/,5,12,https://maps.google.com/?cid=1259152447302276161&g_mp=Cidnb29nbGUubWFwcy5wbGFjZXMudjEuUGxhY2VzLlNlYXJjaFRleHQQAhgEIAA,OPERATIONAL,"point_of_interest,service,establishment",Pressure washing,Boise
ChIJ8Ueizc1XrlQRH684OmV3h9g,Get 'R' Done Pressure Washing,"4820 W Albion Dr, Boise, ID 83705, USA",(208) 869-1460,,5,1,https://maps.google.com/?cid=15602570710700568351&g_mp=Cidnb29nbGUubWFwcy5wbGFjZXMudjEuUGxhY2VzLlNlYXJjaFRleHQQAhgEIAA,OPERATIONAL,"point_of_interest,service,establishment",Pressure washing,Boise
ChIJZzcDwoZWrlQRVlXU9KDEkEo,"Pro Power Clean, Inc.","501 N 5 Mile Rd, Boise, ID 83713, USA",(208) 378-8167,http://www.propowercleaninc.com/,4.5,33,https://maps.google.com/?cid=5373010551034369366&g_mp=Cidnb29nbGUubWFwcy5wbGFjZXMudjEuUGxhY2VzLlNlYXJjaFRleHQQAhgEIAA,OPERATIONAL,"laundry,point_of_interest,service,establishment",Power washing,Boise
ChIJqUXdwPRVrlQRC-ClRJ9ykGo,Advanced Lock & Key Locksmith Boise,"10804 W Fairview Ave #102, Boise, ID 83713, USA",(208) 891-8950,https://www.unlockidaho.com/,4.7,1562,https://maps.google.com/?cid=7678763393043783691&g_mp=Cidnb29nbGUubWFwcy5wbGFjZXMudjEuUGxhY2VzLlNlYXJjaFRleHQQAhgEIAA,OPERATIONAL,"locksmith,service,point_of_interest,establishment",Locksmith,Boise
ChIJ0yA-TB1WrlQRDO6T134J0aA,Anytime Lock & Key,"6216 W Fairview Ave, Boise, ID 83704, USA",(208) 375-3120,https://www.anytimelockandkey.com/,4.5,438,https://maps.google.com/?cid=11588053756588322316&g_mp=Cidnb29nbGUubWFwcy5wbGFjZXMudjEuUGxhY2VzLlNlYXJjaFRleHQQAhgEIAA,OPERATIONAL,"locksmith,service,point_of_interest,establishment",Locksmith,Boise
ChIJ950Isu_5rlQR91Yhp4SsAJo,Baldwin Lock & Key,"3155 W Chinden Blvd, Garden City, ID 83714, USA",(208) 343-5625,http://www.baldwinlockandkey.com/,4.8,93,https://maps.google.com/?cid=11097059167580542711&g_mp=Cidnb29nbGUubWFwcy5wbGFjZXMudjEuUGxhY2VzLlNlYXJjaFRleHQQAhgEIAA,OPERATIONAL,"locksmith,service,point_of_interest,establishment",Locksmith,Boise
ChIJw6PWQcVQrlQRW_cOZdptTZ8,A Busy Bee Lock and Key,"12558 W Dalrymple Ct, Boise, ID 83709, USA",(208) 376-2879,,4.5,40,https://maps.google.com/?cid=11478951810003040091&g_mp=Cidnb29nbGUubWFwcy5wbGFjZXMudjEuUGxhY2VzLlNlYXJjaFRleHQQAhgEIAA,OPERATIONAL,"locksmith,service,point_of_interest,establishment",Locksmith,Boise
ChIJIRqYyfL_rlQRyKprfxM0v2k,A & B Lock and Key,"4106 W State St, Boise, ID 83703, USA",(208) 343-3100,https://aandblockandkey.com/,5,9,https://maps.google.com/?cid=7619866352880954056&g_mp=Cidnb29nbGUubWFwcy5wbGFjZXMudjEuUGxhY2VzLlNlYXJjaFRleHQQAhgEIAA,OPERATIONAL,"locksmith,service,point_of_interest,establishment",Locksmith,Boise
ChIJf4EKmxb_rlQRWo8J0_qAk8g,Discount Locksmith of Idaho,"4747 N Glenwood St Bldg A, Suite 201, Boise, ID 83714, USA",(208) 213-2221,https://discount-locksmith-idaho.com/,4.9,1274,https://maps.google.com/?cid=14453037443932852058&g_mp=Cidnb29nbGUubWFwcy5wbGFjZXMudjEuUGxhY2VzLlNlYXJjaFRleHQQAhgEIAA,OPERATIONAL,"locksmith,service,point_of_interest,establishment",Locksmith,Boise
ChIJNwmRBuZTrlQRusD4zZkQzgQ,Minuteman Lock & Security,"230 N Main St, Meridian, ID 83642, USA",(208) 888-2159,http://www.minutemanlock.com/,4.7,165,https://maps.google.com/?cid=346232474125779130&g_mp=Cidnb29nbGUubWFwcy5wbGFjZXMudjEuUGxhY2VzLlNlYXJjaFRleHQQAhgEIAA,OPERATIONAL,"locksmith,service,point_of_interest,establishment",Locksmith,Boise
ChIJPc_qWBhUrlQR_vnsbGvhY90,BA Locksmith & Security LLC,"590 N Maple Grove Rd #5, Boise, ID 83704, USA",(208) 922-0162,http://www.balockandsecurity.com/,5,302,https://maps.google.com/?cid=15952842156581648894&g_mp=Cidnb29nbGUubWFwcy5wbGFjZXMudjEuUGxhY2VzLlNlYXJjaFRleHQQAhgEIAA,OPERATIONAL,"locksmith,service,point_of_interest,establishment",Locksmith,Boise
ChIJt07QiBX4rlQR-FAAtF5dmSU,Safe Home Lock & Key,"2220 S Broadway Ave, Boise, ID 83706, USA",(208) 906-4770,https://www.safehomelockandkey.com/,4.3,88,https://maps.google.com/?cid=2709299312168292600&g_mp=Cidnb29nbGUubWFwcy5wbGFjZXMudjEuUGxhY2VzLlNlYXJjaFRleHQQAhgEIAA,OPERATIONAL,"locksmith,service,point_of_interest,establishment",Locksmith,Boise
ChIJ2aGxIkRRrlQRnEMwGwN-Ybk,Discount Locksmith of Idaho,"943 W Overland Rd Suite 118, Meridian, ID 83642, USA",(208) 213-8900,https://discount-locksmith-id.com/,4.9,168,https://maps.google.com/?cid=13358096521563751324&g_mp=Cidnb29nbGUubWFwcy5wbGFjZXMudjEuUGxhY2VzLlNlYXJjaFRleHQQAhgEIAA,OPERATIONAL,"locksmith,service,point_of_interest,establishment",Locksmith,Boise
ChIJV8QESPRXrlQRcx12CdtS8OY,KeyMe Locksmiths,"8200 Fairview Ave, Boise, ID 83704, USA",(208) 598-7414,https://key.me/kiosks/idaho/boise/boise/locksmith-key-copy-boise-winco-83704-idaho,2.7,10,https://maps.google.com/?cid=16640891723844033907&g_mp=Cidnb29nbGUubWFwcy5wbGFjZXMudjEuUGxhY2VzLlNlYXJjaFRleHQQAhgEIAA,OPERATIONAL,"locksmith,service,point_of_interest,establishment",Locksmith,Boise
ChIJ_5hye_JXrlQRuhkOzLmbYOk,A1 Lock and Safe,"1111 S Orchard St #160, Boise, ID 83705, USA",(208) 377-4500,http://a1lockandsafeboise.com/,5,16,https://maps.google.com/?cid=16816612230896163258&g_mp=Cidnb29nbGUubWFwcy5wbGFjZXMudjEuUGxhY2VzLlNlYXJjaFRleHQQAhgEIAA,OPERATIONAL,"locksmith,service,point_of_interest,establishment",Locksmith,Boise
ChIJs61OxZX5rlQRaxMdR65JtwM,KeyMe Locksmiths,"110 E Myrtle St, Boise, ID 83702, USA",(208) 826-1648,https://key.me/kiosks/idaho/boise/boise/locksmith-key-copy-boise-winco-83702-idaho,4,7,https://maps.google.com/?cid=267763715718058859&g_mp=Cidnb29nbGUubWFwcy5wbGFjZXMudjEuUGxhY2VzLlNlYXJjaFRleHQQAhgEIAA,OPERATIONAL,"locksmith,service,point_of_interest,establishment",Locksmith,Boise
ChIJh0PP4btXrlQR7W-pk-HjOtg,Minute Key,"8300 W Overland Rd, Boise, ID 83709, USA",(805) 472-6062,https://www.minutekey.com/key-services/idaho/boise/locksmith-key-copy-duplication-8300-w-overland-rd/31635/,3,2,https://maps.google.com/?cid=15581016418826153965&g_mp=Cidnb29nbGUubWFwcy5wbGFjZXMudjEuUGxhY2VzLlNlYXJjaFRleHQQAhgEIAA,OPERATIONAL,"locksmith,service,point_of_interest,establishment",Locksmith,Boise
ChIJL297fO1XrlQR5_ugT3Xhu7E,Express Septic & Drain Cleaning,"6003 W Overland Rd l107, Boise, ID 83709, USA",(208) 254-1217,https://septicsystempumping.com/,4.9,525,https://maps.google.com/?cid=12807077859321510887&g_mp=Cidnb29nbGUubWFwcy5wbGFjZXMudjEuUGxhY2VzLlNlYXJjaFRleHQQAhgEIAA,OPERATIONAL,"service,point_of_interest,establishment",Septic service,Boise
ChIJu7f-TLFNrlQRM2sFZQGoCAM,ABC Pumping Service,"281 N Baltic Pl, Meridian, ID 83642, USA",(208) 515-2474,https://abc-septic.com/locations/meridian-pumping-services/,5,774,https://maps.google.com/?cid=218609305870756659&g_mp=Cidnb29nbGUubWFwcy5wbGFjZXMudjEuUGxhY2VzLlNlYXJjaFRleHQQAhgEIAA,OPERATIONAL,"manufacturer,supplier,service,point_of_interest,establishment",Septic service,Boise
ChIJlyNKa7NNrlQR3KhCRIVV4ok,Express Septic & Drain Cleaning,"3206 Airport Rd, Nampa, ID 83687, USA",(208) 254-1217,https://septicsystempumping.com/,4.9,556,https://maps.google.com/?cid=9935597758796966108&g_mp=Cidnb29nbGUubWFwcy5wbGFjZXMudjEuUGxhY2VzLlNlYXJjaFRleHQQAhgEIAA,OPERATIONAL,"service,point_of_interest,establishment",Septic service,Boise
ChIJl_wk70-tr1QRtiz8_mtVS_g,ABC Pumping Services,"393 W State St f, Eagle, ID 83616, USA",(208) 954-5339,https://abc-septic.com/locations/eagle-pumping-service/,5,9,https://maps.google.com/?cid=17891487866987228342&g_mp=Cidnb29nbGUubWFwcy5wbGFjZXMudjEuUGxhY2VzLlNlYXJjaFRleHQQAhgEIAA,OPERATIONAL,"service,point_of_interest,establishment",Septic service,Boise
ChIJXeTYMOxTrlQRNyc818kkBWI,Treasure Valley Septic Services,"Boise, ID 83713, USA",(208) 888-4423,,5,4,https://maps.google.com/?cid=7063092039918561079&g_mp=Cidnb29nbGUubWFwcy5wbGFjZXMudjEuUGxhY2VzLlNlYXJjaFRleHQQAhgEIAA,OPERATIONAL,"service,point_of_interest,establishment",Septic service,Boise
ChIJq4ykQAZNrlQRhQJh0pJuwQ8,Idaho Septic Solutions,"1219 Industrial Rd, Nampa, ID 83687, USA",(208) 249-9364,https://www.idahosepticsolutions.com/,4.6,9,https://maps.google.com/?cid=1135310157947929221&g_mp=Cidnb29nbGUubWFwcy5wbGFjZXMudjEuUGxhY2VzLlNlYXJjaFRleHQQAhgEIAA,OPERATIONAL,"service,point_of_interest,establishment",Septic service,Boise
ChIJxQLiwVewr1QRuDrMLAQA7ng,"Shamrock Construction & Excavating, LLC","2267 S Liberty St, Boise, ID 83709, USA",(208) 919-4260,https://shamrockboise.com/,4.5,10,https://maps.google.com/?cid=8713902346939939512&g_mp=Cidnb29nbGUubWFwcy5wbGFjZXMudjEuUGxhY2VzLlNlYXJjaFRleHQQAhgEIAA,OPERATIONAL,"moving_company,shipping_service,transportation_service,supplier,general_contractor,service,point_of_interest,establishment",Septic service,Boise
ChIJDZsZMnwB_EwR7Ks5omlFBB8,Proline Plumbing & Sewer,"943 W Overland Rd, Meridian, ID 83642, USA",(877) 376-2713,https://www.boiseidahoplumber.com/,5,61,https://maps.google.com/?cid=2234987635078179820&g_mp=Cidnb29nbGUubWFwcy5wbGFjZXMudjEuUGxhY2VzLlNlYXJjaFRleHQQAhgEIAA,OPERATIONAL,"plumber,supplier,general_contractor,service,point_of_interest,establishment",Septic service,Boise
ChIJxw1d2qq7r1QRitS83mttcFk,Advanced Septic Service,"18462 Sand Hollow Rd, Caldwell, ID 83607, USA",(208) 703-5317,,5,4,https://maps.google.com/?cid=6444771376833025162&g_mp=Cidnb29nbGUubWFwcy5wbGFjZXMudjEuUGxhY2VzLlNlYXJjaFRleHQQAhgEIAA,OPERATIONAL,"plumber,service,point_of_interest,establishment",Septic service,Boise
ChIJ34QaafpTrlQRxVXWhsAb0E4,Master Excavation,"281 N Baltic Pl, Meridian, ID 83642, USA",(208) 884-4777,https://masterexcavation.com/,4.9,242,https://maps.google.com/?cid=5679069643824059845&g_mp=Cidnb29nbGUubWFwcy5wbGFjZXMudjEuUGxhY2VzLlNlYXJjaFRleHQQAhgEIAA,OPERATIONAL,"general_contractor,service,point_of_interest,establishment",Septic service,Boise
ChIJKVko3JBOKYcRkoI7CLQevwU,Boise Excavating,"212 N Flume St, Boise, ID 83712, USA",(208) 972-7277,https://www.boiseexcavating.com/,5,3,https://maps.google.com/?cid=414083449322439314&g_mp=Cidnb29nbGUubWFwcy5wbGFjZXMudjEuUGxhY2VzLlNlYXJjaFRleHQQAhgEIAA,OPERATIONAL,"general_contractor,service,point_of_interest,establishment",Septic service,Boise
ChIJJc4974n_rlQR3zWK39Q1ZiI,American Rooter & Drain,"199 E 52nd St SUITE 200, Garden City, ID 83714, USA",(208) 366-5071,https://www.idahosplumber.com/nearme/boise-id?utm_source=google&utm_medium=organic&utm_campaign=gbp-listing&utm_term=website,4.9,141,https://maps.google.com/?cid=2478727833313752543&g_mp=Cidnb29nbGUubWFwcy5wbGFjZXMudjEuUGxhY2VzLlNlYXJjaFRleHQQAhgEIAA,OPERATIONAL,"plumber,general_contractor,service,point_of_interest,establishment",Septic service,Boise
ChIJq6rmSyFNrlQRXjY-MMIdL8g,Idaho Sprinkler Repair,"5106 W Fairview Ave, Boise, ID 83706, USA",(208) 513-6947,https://idahosprinklerrepair.net/,4.8,288,https://maps.google.com/?cid=14424780851361232478&g_mp=Cidnb29nbGUubWFwcy5wbGFjZXMudjEuUGxhY2VzLlNlYXJjaFRleHQQAhgEIAA,OPERATIONAL,"supplier,food,general_contractor,service,point_of_interest,establishment",Irrigation repair,Boise
ChIJay6Oajv5rlQRhpVw32ZWS8s,Conserva Irrigation of Greater Boise,"5301 W Emerald St Suite C, Boise, ID 83706, USA",(208) 369-9783,https://www.conservairrigation.com/greater-boise/?utm_source=GMrB&utm_medium=organic&utm_campaign=Boise,4.7,122,https://maps.google.com/?cid=14648897212788020614&g_mp=Cidnb29nbGUubWFwcy5wbGFjZXMudjEuUGxhY2VzLlNlYXJjaFRleHQQAhgEIAA,OPERATIONAL,"supplier,food,general_contractor,service,point_of_interest,establishment",Irrigation repair,Boise
ChIJ1c1e77v4rlQRSgewfkhXcCE,Evergreen Sprinkler Supply Co,"107 W 32nd St, Garden City, ID 83714, USA",(208) 342-1771,http://www.evergreensprinklersupply.com/,4.8,195,https://maps.google.com/?cid=2409521769517942602&g_mp=Cidnb29nbGUubWFwcy5wbGFjZXMudjEuUGxhY2VzLlNlYXJjaFRleHQQAhgEIAA,OPERATIONAL,"supplier,food,store,point_of_interest,establishment",Irrigation repair,Boise
ChIJtQ48IB5HfwMRExZaNGYX758,Redline Irrigation LLC.,"720 W Colbert St, Meridian, ID 83646, USA",(208) 801-8823,,5,39,https://maps.google.com/?cid=11524455699196810771&g_mp=Cidnb29nbGUubWFwcy5wbGFjZXMudjEuUGxhY2VzLlNlYXJjaFRleHQQAhgEIAA,OPERATIONAL,"general_contractor,service,point_of_interest,establishment",Irrigation repair,Boise
ChIJJ5FfzqBVrlQRQtbfSHp289Y,JFT Lawn Sprinkler SERVICES,"9724 W Linstock Ln, Boise, ID 83704, USA",(208) 609-8602,http://jftlawnandsprinkler.com/,4.8,21,https://maps.google.com/?cid=15488853811037984322&g_mp=Cidnb29nbGUubWFwcy5wbGFjZXMudjEuUGxhY2VzLlNlYXJjaFRleHQQAhgEIAA,OPERATIONAL,"general_contractor,service,point_of_interest,establishment",Irrigation repair,Boise
ChIJk70ZhZkvKqwR_NR9tvNtKWA,Liquid 208,"1804 S Satellite Wy, Boise, ID 83712, USA",(208) 694-4848,https://liquid208.com/,4.8,33,https://maps.google.com/?cid=6929190395192399100&g_mp=Cidnb29nbGUubWFwcy5wbGFjZXMudjEuUGxhY2VzLlNlYXJjaFRleHQQAhgEIAA,OPERATIONAL,"general_contractor,service,point_of_interest,establishment",Irrigation repair,Boise
ChIJ5SXY9qNTrlQRgE_gcqRo7ak,The Maintenance Shop,"2018 N Glennfield Pl, Meridian, ID 83646, USA",(208) 713-3170,http://www.treasurevalleyrepairs.com/,4.3,532,https://maps.google.com/?cid=12244558017401474944&g_mp=Cidnb29nbGUubWFwcy5wbGFjZXMudjEuUGxhY2VzLlNlYXJjaFRleHQQAhgEIAA,OPERATIONAL,"general_contractor,service,point_of_interest,establishment",Irrigation repair,Boise
ChIJZb6SG-ZXrlQRYIqhNGK1ADQ,Absolute Sprinkler Coverage,"3100 Sarazen Way, Boise, ID 83705, USA",(208) 378-4705,,5,3,https://maps.google.com/?cid=3747194323366677088&g_mp=Cidnb29nbGUubWFwcy5wbGFjZXMudjEuUGxhY2VzLlNlYXJjaFRleHQQAhgEIAA,OPERATIONAL,"general_contractor,service,point_of_interest,establishment",Irrigation repair,Boise
ChIJqWGh-Hz_rlQRw0DCIhCq0X0,Pipeco Irrigation Supply Boise,"8550 W Chinden Blvd, Garden City, ID 83714, USA",(208) 336-5777,http://www.pipecoidaho.com/,4.8,103,https://maps.google.com/?cid=9066214511152873667&g_mp=Cidnb29nbGUubWFwcy5wbGFjZXMudjEuUGxhY2VzLlNlYXJjaFRleHQQAhgEIAA,OPERATIONAL,"home_improvement_store,building_materials_store,supplier,home_goods_store,food,general_contractor,service,store,point_of_interest,establishment",Irrigation repair,Boise
ChIJ1XnMxXP5rlQRhY69-hp_jFo,idaho sprinkler repair,"5106 W Fairview Ave, Boise, ID 83706, USA",(208) 513-6947,https://idahosprinklerrepair.net/,,0,https://maps.google.com/?cid=6524729714005610117&g_mp=Cidnb29nbGUubWFwcy5wbGFjZXMudjEuUGxhY2VzLlNlYXJjaFRleHQQAhgEIAA,OPERATIONAL,"general_contractor,service,point_of_interest,establishment",Irrigation repair,Boise
ChIJ1deTTij3rlQR2ASzrPrA7Xk,A Perfect,"4246 S Redhawk Pl, Boise, ID 83716, USA",(208) 323-8587,http://aperfectrepair.com/6222.html,4.8,25,https://maps.google.com/?cid=8785890630941476056&g_mp=Cidnb29nbGUubWFwcy5wbGFjZXMudjEuUGxhY2VzLlNlYXJjaFRleHQQAhgEIAA,OPERATIONAL,"general_contractor,service,point_of_interest,establishment",Irrigation repair,Boise
ChIJlYfnIsv_rlQRCL4XNq8angU,Hydra,"3909 N Cartwright Rd, Boise, ID 83714, USA",(208) 314-0206,,4.9,37,https://maps.google.com/?cid=404790356339047944&g_mp=Cidnb29nbGUubWFwcy5wbGFjZXMudjEuUGxhY2VzLlNlYXJjaFRleHQQAhgEIAA,OPERATIONAL,"general_contractor,service,point_of_interest,establishment",Irrigation repair,Boise
ChIJ3V-Duvf0lmUR8q1nZ4TjNxY,P&B Sprinkler Pros,"5714 W Fairview Ave, Boise, ID 83706, USA",(208) 872-3668,https://pbsprinklerpros.com/,5,5,https://maps.google.com/?cid=1600998350363536882&g_mp=Cidnb29nbGUubWFwcy5wbGFjZXMudjEuUGxhY2VzLlNlYXJjaFRleHQQAhgEIAA,OPERATIONAL,"general_contractor,service,point_of_interest,establishment",Irrigation repair,Boise
ChIJIz1BWuj4rlQR5lp3DgN-ogs,Natural Beauty,"Boise, ID 83702, USA",(208) 371-9455,,5,2,https://maps.google.com/?cid=838371032237038310&g_mp=Cidnb29nbGUubWFwcy5wbGFjZXMudjEuUGxhY2VzLlNlYXJjaFRleHQQAhgEIAA,OPERATIONAL,"general_contractor,service,point_of_interest,establishment",Irrigation repair,Boise
ChIJXymGRedTrlQR0mV9WGvmv54,JAE Services,"342 E 3rd St, Meridian, ID 83642, USA",(208) 631-7878,https://jaesprinklerservices.com/,4.7,89,https://maps.google.com/?cid=11439114927264851410&g_mp=Cidnb29nbGUubWFwcy5wbGFjZXMudjEuUGxhY2VzLlNlYXJjaFRleHQQAhgEIAA,OPERATIONAL,"general_contractor,service,point_of_interest,establishment",Sprinkler repair,Boise
ChIJt_RR2O3_rlQRR9Rwl2_UX_U,Cortez Sprinkler & Maintenance,"7173 Duncan Ln, Boise, ID 83714, USA",(208) 853-0188,,4.1,8,https://maps.google.com/?cid=17681084237827068999&g_mp=Cidnb29nbGUubWFwcy5wbGFjZXMudjEuUGxhY2VzLlNlYXJjaFRleHQQAhgEIAA,OPERATIONAL,"general_contractor,service,point_of_interest,establishment",Sprinkler repair,Boise
ChIJ___b0aJWrlQRs_vgFcb3CFU,Total Lawn & Sprinkler,"12283 W Rockbury Ct, Boise, ID 83709, USA",(208) 283-3518,https://www.houzz.com/pro/totallawnandsprinkler/a-,5,1,https://maps.google.com/?cid=6127419723180211123&g_mp=Cidnb29nbGUubWFwcy5wbGFjZXMudjEuUGxhY2VzLlNlYXJjaFRleHQQAhgEIAA,OPERATIONAL,"service,point_of_interest,establishment",Sprinkler repair,Boise
ChIJEaC86fn5rlQR2kLIpmKTcEk,Spudz LLC.,"2501 Nez Perce St, Boise, ID 83705, USA",(208) 807-5361,http://spudzsprinklers.com/,4.4,19,https://maps.google.com/?cid=5291891614074553050&g_mp=Cidnb29nbGUubWFwcy5wbGFjZXMudjEuUGxhY2VzLlNlYXJjaFRleHQQAhgEIAA,OPERATIONAL,"general_contractor,service,point_of_interest,establishment",Sprinkler repair,Boise
ChIJTWfr6whVrlQRY0ks-ujm5Po,"Classic Hardwood Floors, Inc","12276 W Hickory Dr, Boise, ID 83713, USA",(208) 314-7470,https://208hardwood.com/,5,68,https://maps.google.com/?cid=18078828692476021091&g_mp=Cidnb29nbGUubWFwcy5wbGFjZXMudjEuUGxhY2VzLlNlYXJjaFRleHQQAhgEIAA,OPERATIONAL,"general_contractor,service,point_of_interest,establishment",Flooring contractor,Boise
ChIJYx3vI8_5rlQRKcETIfcZhXk,Rustic Wood Floor Supply - Boise,"5125 Gage St W, Boise, ID 83706, USA",(208) 377-0335,http://www.rusticwoodfloorsupply.com/boise/,5,46,https://maps.google.com/?cid=8756433599694356777&g_mp=Cidnb29nbGUubWFwcy5wbGFjZXMudjEuUGxhY2VzLlNlYXJjaFRleHQQAhgEIAA,OPERATIONAL,"home_goods_store,building_materials_store,store,point_of_interest,establishment",Flooring contractor,Boise
ChIJ4WA_BfxQrlQRIO3r-roiKPE,Capell Flooring and Interiors,"1763 W Marcon Ln #100, Meridian, ID 83642, USA",(208) 288-0151,https://www.capellflooring.com/,5,489,https://maps.google.com/?cid=17377177348678085920&g_mp=Cidnb29nbGUubWFwcy5wbGFjZXMudjEuUGxhY2VzLlNlYXJjaFRleHQQAhgEIAA,OPERATIONAL,"home_goods_store,building_materials_store,general_contractor,store,service,point_of_interest,establishment",Flooring contractor,Boise
ChIJc4WYQxr4rlQR9OWnQ-ZZ6ps,Dillabaugh's Flooring America,"2895 S Federal Way, Boise, ID 83705, USA",(208) 995-2449,https://www.dillabaughsflooringamerica.com/,4.8,463,https://maps.google.com/?cid=11234891065941550580&g_mp=Cidnb29nbGUubWFwcy5wbGFjZXMudjEuUGxhY2VzLlNlYXJjaFRleHQQAhgEIAA,OPERATIONAL,"furniture_store,home_improvement_store,home_goods_store,building_materials_store,general_contractor,supplier,store,service,point_of_interest,establishment",Flooring contractor,Boise
ChIJz3oRfKdbrlQRisgc-pJQSb4,Matthews Hardwood Floors,"9798 W Stonewood Dr, Boise, ID 83709, USA",(208) 314-9913,https://matthewshardwoodfloors.com/,4.8,44,https://maps.google.com/?cid=13711579132697823370&g_mp=Cidnb29nbGUubWFwcy5wbGFjZXMudjEuUGxhY2VzLlNlYXJjaFRleHQQAhgEIAA,OPERATIONAL,"general_contractor,service,point_of_interest,establishment",Flooring contractor,Boise
ChIJJRkDeA3_rlQROHWOSUW32Zc,Nampa Floors & Interiors,"5874 W State St, Boise, ID 83703, USA",(208) 854-1199,http://nampafloors.com/,4.9,217,https://maps.google.com/?cid=10941978277888030008&g_mp=Cidnb29nbGUubWFwcy5wbGFjZXMudjEuUGxhY2VzLlNlYXJjaFRleHQQAhgEIAA,OPERATIONAL,"home_goods_store,building_materials_store,general_contractor,store,service,point_of_interest,establishment",Flooring contractor,Boise
ChIJKWFPPOVXrlQRCobVHJCpp7U,Ideal Floors,"W Emerald St, Boise, ID 83704, USA",(208) 377-3600,http://idealfloorsidaho.com/,4.9,66,https://maps.google.com/?cid=13089617278399776266&g_mp=Cidnb29nbGUubWFwcy5wbGFjZXMudjEuUGxhY2VzLlNlYXJjaFRleHQQAhgEIAA,OPERATIONAL,"home_goods_store,building_materials_store,store,point_of_interest,establishment",Flooring contractor,Boise
ChIJkWAtyi1UrlQRy9cqauJ278E,Dillabaugh's Flooring America,"11522 W Fairview Ave, Boise, ID 83713, USA",(208) 994-4265,https://www.dillabaughsflooringamerica.com/,4.7,457,https://maps.google.com/?cid=13974518883569817547&g_mp=Cidnb29nbGUubWFwcy5wbGFjZXMudjEuUGxhY2VzLlNlYXJjaFRleHQQAhgEIAA,OPERATIONAL,"furniture_store,home_improvement_store,home_goods_store,building_materials_store,general_contractor,supplier,store,service,point_of_interest,establishment",Flooring contractor,Boise
ChIJzbk6-KH4rlQRyrp-i0g3_qA,"R&R Hardwood Floors, Inc.","5126 Gage St W, Boise, ID 83706, USA",(208) 377-5563,http://www.robsrr.com/,4.3,54,https://maps.google.com/?cid=11600770474870487754&g_mp=Cidnb29nbGUubWFwcy5wbGFjZXMudjEuUGxhY2VzLlNlYXJjaFRleHQQAhgEIAA,OPERATIONAL,"general_contractor,service,point_of_interest,establishment",Flooring contractor,Boise
ChIJQ65tPj74rlQRDAZKPAK426U,A-Max Hardwood Floors,"2885 S Cole Rd, Boise, ID 83709, USA",(208) 724-3827,https://www.a-maxhardwood.com/,4.7,148,https://maps.google.com/?cid=11951348355898672652&g_mp=Cidnb29nbGUubWFwcy5wbGFjZXMudjEuUGxhY2VzLlNlYXJjaFRleHQQAhgEIAA,OPERATIONAL,"general_contractor,service,point_of_interest,establishment",Flooring contractor,Boise
ChIJ343Ik9hVrlQRosh_1EDglXU,TUF Flooring LLC,"200 N Maple Grove Rd, Boise, ID 83704, USA",(208) 378-5863,https://tufflooring.com/,4.2,39,https://maps.google.com/?cid=8472924843015129250&g_mp=Cidnb29nbGUubWFwcy5wbGFjZXMudjEuUGxhY2VzLlNlYXJjaFRleHQQAhgEIAA,OPERATIONAL,"home_goods_store,building_materials_store,store,point_of_interest,establishment",Flooring contractor,Boise
ChIJBXgUl-j4rlQR7hReFdbAPX0,Designer Floors,"1400 W Front St, Boise, ID 83702, USA",(208) 342-4271,http://dfloors.com/,4.3,6,https://maps.google.com/?cid=9024581254034363630&g_mp=Cidnb29nbGUubWFwcy5wbGFjZXMudjEuUGxhY2VzLlNlYXJjaFRleHQQAhgEIAA,OPERATIONAL,"home_goods_store,building_materials_store,store,point_of_interest,establishment",Flooring contractor,Boise
ChIJl4QtSnpFrlQRjC8S9oyUj5U,Boise Tile Pros,"1846 N Meadowfield Ave, Kuna, ID 83634, USA",(208) 994-4450,https://www.boisetilepros.com/,4.9,38,https://maps.google.com/?cid=10776995766465605516&g_mp=Cidnb29nbGUubWFwcy5wbGFjZXMudjEuUGxhY2VzLlNlYXJjaFRleHQQAhgEIAA,OPERATIONAL,"general_contractor,home_goods_store,service,store,point_of_interest,establishment",Tile contractor,Boise
ChIJzZIQtk5o02gRKB-L3b5dpLg,Elevation Tile,"1690 N Prestwick Way, Eagle, ID 83616, USA",(208) 845-3208,https://elevationtile.com/,5,8,https://maps.google.com/?cid=13304862273501339432&g_mp=Cidnb29nbGUubWFwcy5wbGFjZXMudjEuUGxhY2VzLlNlYXJjaFRleHQQAhgEIAA,OPERATIONAL,"general_contractor,service,point_of_interest,establishment",Tile contractor,Boise
ChIJwSEQsDdRrlQRWeSR5gvnlPM,Boise Tile Pros,"2949 E Copper Point Dr, Meridian, ID 83642, USA",(208) 994-4450,https://boisetilepros.com/contact,5,1,https://maps.google.com/?cid=17551907686068642905&g_mp=Cidnb29nbGUubWFwcy5wbGFjZXMudjEuUGxhY2VzLlNlYXJjaFRleHQQAhgEIAA,OPERATIONAL,"service,point_of_interest,establishment",Tile contractor,Boise
ChIJzcyxkK1XrlQRXF9KXc-GqyQ,Boise River Cabinets,"2418 S Liberty St, Boise, ID 83709, USA",(208) 453-6975,http://www.boiserivercabinets.com/,4.9,90,https://maps.google.com/?cid=2642353831564435292&g_mp=Cidnb29nbGUubWFwcy5wbGFjZXMudjEuUGxhY2VzLlNlYXJjaFRleHQQAhgEIAA,OPERATIONAL,"manufacturer,point_of_interest,service,establishment",Cabinet maker,Boise
ChIJi5Czfk7_rlQRdNgJYic4CdY,Sweetwood Custom Cabinets,"508 E 46th St, Boise, ID 83714, USA",(208) 375-8425,http://www.sweetwoodcabinets.com/,4.7,51,https://maps.google.com/?cid=15422920140706666612&g_mp=Cidnb29nbGUubWFwcy5wbGFjZXMudjEuUGxhY2VzLlNlYXJjaFRleHQQAhgEIAA,OPERATIONAL,"furniture_store,home_improvement_store,home_goods_store,manufacturer,general_contractor,point_of_interest,store,service,establishment",Cabinet maker,Boise
ChIJXSgfU934rlQRXD8W5pdJLiI,Foothills Cabinet Company,"102 S 17th St Suite 302, Boise, ID 83702, USA",(208) 614-2134,http://foothillscabinets.com/,4.9,27,https://maps.google.com/?cid=2462986962967347036&g_mp=Cidnb29nbGUubWFwcy5wbGFjZXMudjEuUGxhY2VzLlNlYXJjaFRleHQQAhgEIAA,OPERATIONAL,"furniture_store,home_improvement_store,home_goods_store,manufacturer,point_of_interest,store,service,establishment",Cabinet maker,Boise
ChIJB-JFJfhTrlQRIGQiLP4NTXA,Big Wood Cabinets,"1530 E Commercial St # 109, Meridian, ID 83642, USA",(208) 895-1515,http://www.bigwoodcabinets.com/,4.9,34,https://maps.google.com/?cid=8092139490767954976&g_mp=Cidnb29nbGUubWFwcy5wbGFjZXMudjEuUGxhY2VzLlNlYXJjaFRleHQQAhgEIAA,OPERATIONAL,"furniture_store,home_improvement_store,home_goods_store,manufacturer,point_of_interest,store,service,establishment",Cabinet maker,Boise
ChIJXViyqKhXrlQRnXFXK9k3nv4,KC's Custom Cabinetry,"2756 S Cole Rd #130, Boise, ID 83709, USA",(208) 207-9605,https://www.kcscabinetryid.com/,5,5,https://maps.google.com/?cid=18347163337828561309&g_mp=Cidnb29nbGUubWFwcy5wbGFjZXMudjEuUGxhY2VzLlNlYXJjaFRleHQQAhgEIAA,OPERATIONAL,"manufacturer,point_of_interest,service,establishment",Cabinet maker,Boise
ChIJvZdHVtFTrlQR0RxZMVUwL8w,Revive Cabinetry,"119 N Garden St, Boise, ID 83706, USA",(208) 866-0427,http://www.revivecabinetry.com/,4.8,35,https://maps.google.com/?cid=14713031650100976849&g_mp=Cidnb29nbGUubWFwcy5wbGFjZXMudjEuUGxhY2VzLlNlYXJjaFRleHQQAhgEIAA,OPERATIONAL,"painter,manufacturer,point_of_interest,service,establishment",Cabinet maker,Boise
ChIJCzY2Wkz_rlQRg0W0u-Ffgrw,"Boise Cabinet, Inc.","114 E 43rd St, Garden City, ID 83714, USA",(208) 323-0010,,5,2,https://maps.google.com/?cid=13583524849224271235&g_mp=Cidnb29nbGUubWFwcy5wbGFjZXMudjEuUGxhY2VzLlNlYXJjaFRleHQQAhgEIAA,OPERATIONAL,"manufacturer,point_of_interest,service,establishment",Cabinet maker,Boise
ChIJtW5GD4FWrlQRlTLhaLYay1U,Kyles Custom Wood Shop,"10849 W Emerald St, Boise, ID 83713, USA",(208) 375-7776,http://www.kylescabinets.com/,4.1,24,https://maps.google.com/?cid=6182064284242096789&g_mp=Cidnb29nbGUubWFwcy5wbGFjZXMudjEuUGxhY2VzLlNlYXJjaFRleHQQAhgEIAA,OPERATIONAL,"furniture_store,home_improvement_store,home_goods_store,manufacturer,point_of_interest,store,service,establishment",Cabinet maker,Boise
ChIJP0XjNwZXrlQR-fOxYBGJ1z0,Western Idaho Cabinets,"8043 W Woodlark St, Boise, ID 83709, USA",(208) 362-1141,http://www.westernidahocabinets.com/,3.6,71,https://maps.google.com/?cid=4456181064036119545&g_mp=Cidnb29nbGUubWFwcy5wbGFjZXMudjEuUGxhY2VzLlNlYXJjaFRleHQQAhgEIAA,OPERATIONAL,"furniture_store,home_improvement_store,home_goods_store,point_of_interest,store,establishment",Cabinet maker,Boise
ChIJTX6eOmhVrlQRt3z6PEoIt8Y,Delux Cabinets & Woodworking,"3485 N Cole Rd, Boise, ID 83704, USA",(208) 870-3340,https://www.deluxcabinets.com/?utm_campaign=gmb,5,19,https://maps.google.com/?cid=14318922655191432375&g_mp=Cidnb29nbGUubWFwcy5wbGFjZXMudjEuUGxhY2VzLlNlYXJjaFRleHQQAhgEIAA,OPERATIONAL,"manufacturer,general_contractor,point_of_interest,service,establishment",Cabinet maker,Boise
ChIJS2ZHr6uO2GMRopaQi6EgGqk,Eagle Fine Cabinetry,"2976 E State St Ste. 120 #41, Eagle, ID 83616, USA",(208) 985-2672,http://eaglefinecabinetry.com/,5,15,https://maps.google.com/?cid=12185087620007630498&g_mp=Cidnb29nbGUubWFwcy5wbGFjZXMudjEuUGxhY2VzLlNlYXJjaFRleHQQAhgEIAA,OPERATIONAL,"manufacturer,point_of_interest,service,establishment",Cabinet maker,Boise
ChIJdWvhwztWrlQRLWiiNEQq0NA,Tree City Woodworking,"5319 N Sawyer Ave, Garden City, ID 83714, USA",(208) 672-9161,http://www.treecitywoodworking.com/,5,3,https://maps.google.com/?cid=15046572827474028589&g_mp=Cidnb29nbGUubWFwcy5wbGFjZXMudjEuUGxhY2VzLlNlYXJjaFRleHQQAhgEIAA,OPERATIONAL,"home_goods_store,manufacturer,general_contractor,point_of_interest,store,service,establishment",Cabinet maker,Boise
ChIJ-SkSbyn_rlQRmadFONGQ_Cw,Eleet Fine American Cabinetry,"6727 W State St Suite 120, Boise, ID 83714, USA",(208) 291-1277,http://www.eleetcabinetry.com/,5,8,https://maps.google.com/?cid=3241625060066568089&g_mp=Cidnb29nbGUubWFwcy5wbGFjZXMudjEuUGxhY2VzLlNlYXJjaFRleHQQAhgEIAA,OPERATIONAL,"furniture_store,home_improvement_store,home_goods_store,manufacturer,general_contractor,point_of_interest,store,service,establishment",Cabinet maker,Boise
ChIJe6pjL0j_rlQRUCdSnUodRtg,Weckwerth Cabinets,"4921 N Bradley St, Garden City, ID 83714, USA",(208) 323-5928,https://www.weckwerthcabinets.com/,5,10,https://maps.google.com/?cid=15584175766866372432&g_mp=Cidnb29nbGUubWFwcy5wbGFjZXMudjEuUGxhY2VzLlNlYXJjaFRleHQQAhgEIAA,OPERATIONAL,"manufacturer,point_of_interest,service,establishment",Cabinet maker,Boise
ChIJRf4xYtNVrlQRRewfGpY0N28,Huntwood Custom Cabinets,"10870 Fairview Ave #104, Boise, ID 83713, USA",(208) 376-4030,https://boise.huntwood.com/,4.4,28,https://maps.google.com/?cid=8013931881217125445&g_mp=Cidnb29nbGUubWFwcy5wbGFjZXMudjEuUGxhY2VzLlNlYXJjaFRleHQQAhgEIAA,OPERATIONAL,"furniture_store,home_improvement_store,home_goods_store,manufacturer,general_contractor,point_of_interest,store,service,establishment",Cabinet maker,Boise
ChIJ5TuZXkL_rlQRIzJEkR735zM,Jaymark,"5021 Alworth St, Boise, ID 83714, USA",(208) 322-7981,https://www.jaymark.com/,4.9,11,https://maps.google.com/?cid=3740229726212731427&g_mp=Cidnb29nbGUubWFwcy5wbGFjZXMudjEuUGxhY2VzLlNlYXJjaFRleHQQAhgEIAA,OPERATIONAL,"building_materials_store,supplier,furniture_store,home_improvement_store,home_goods_store,manufacturer,point_of_interest,store,service,establishment",Cabinet maker,Boise
ChIJkQiFyTJXrlQRzCfaiGlMsiM,Kims Custom Woodcraft,"4380 S Riva Ridge Wy, Boise, ID 83709, USA",(208) 362-9140,,5,1,https://maps.google.com/?cid=2572202353333249996&g_mp=Cidnb29nbGUubWFwcy5wbGFjZXMudjEuUGxhY2VzLlNlYXJjaFRleHQQAhgEIAA,OPERATIONAL,"manufacturer,point_of_interest,service,establishment",Cabinet maker,Boise
ChIJXcL1LwCmHEARbbkGmbGk0sg,Foundation Millworks,"6323 S Federal Way #14, Boise, ID 83716, USA",(808) 295-0944,https://foundationmillworks.com/,5,10,https://maps.google.com/?cid=14470809635378346349&g_mp=Cidnb29nbGUubWFwcy5wbGFjZXMudjEuUGxhY2VzLlNlYXJjaFRleHQQAhgEIAA,OPERATIONAL,"manufacturer,point_of_interest,service,establishment",Cabinet maker,Boise
ChIJp54FsPpVrlQR1xe7UwssQGQ,MOD Boise Cabinets,"1392 W Colchester Dr, Eagle, ID 83616, USA",(208) 724-1811,http://modboise.com/,5,5,https://maps.google.com/?cid=7223822229463308247&g_mp=Cidnb29nbGUubWFwcy5wbGFjZXMudjEuUGxhY2VzLlNlYXJjaFRleHQQAhgEIAA,OPERATIONAL,"furniture_store,home_improvement_store,home_goods_store,manufacturer,point_of_interest,store,service,establishment",Cabinet maker,Boise
ChIJ9zZHBUVVrlQRlOakiVTw4FM,Cameron's Custom Cabinetry,"2128 E State St, Eagle, ID 83616, USA",(208) 863-6350,http://www.cameronscustomcabinetry.com/,5,1,https://maps.google.com/?cid=6044094945808410260&g_mp=Cidnb29nbGUubWFwcy5wbGFjZXMudjEuUGxhY2VzLlNlYXJjaFRleHQQAhgEIAA,OPERATIONAL,"manufacturer,point_of_interest,service,establishment",Cabinet maker,Boise
ChIJZWkspoFMrlQRAmAim0XNkoE,Boyd Remodeling and Construction,"6126 W State St Suite 504, Boise, ID 83703, USA",(208) 406-0253,https://www.boydrc.com/,5,32,https://maps.google.com/?cid=9336750676331618306&g_mp=Cidnb29nbGUubWFwcy5wbGFjZXMudjEuUGxhY2VzLlNlYXJjaFRleHQQAhgEIAA,OPERATIONAL,"general_contractor,home_goods_store,point_of_interest,service,store,establishment",Kitchen remodel,Boise
ChIJ7XWx5rP4rlQRxlJZ9QzNkaQ,Cutting Edge Kitchens of Idaho,"5032 W State St, Boise, ID 83703, USA",(208) 344-3404,https://cuttingedge.kitchen/,4.9,167,https://maps.google.com/?cid=11858484749382800070&g_mp=Cidnb29nbGUubWFwcy5wbGFjZXMudjEuUGxhY2VzLlNlYXJjaFRleHQQAhgEIAA,OPERATIONAL,"general_contractor,furniture_store,home_improvement_store,home_goods_store,building_materials_store,supplier,manufacturer,point_of_interest,service,store,establishment",Kitchen remodel,Boise
ChIJxfXUNdD4rlQRArsKhHaOHzU,Renaissance Remodeling,"4220 Osage St, Garden City, ID 83714, USA",(208) 384-0591,https://www.remodelboise.com/,4.6,73,https://maps.google.com/?cid=3827934847960791810&g_mp=Cidnb29nbGUubWFwcy5wbGFjZXMudjEuUGxhY2VzLlNlYXJjaFRleHQQAhgEIAA,OPERATIONAL,"general_contractor,home_goods_store,point_of_interest,service,store,establishment",Kitchen remodel,Boise
ChIJUWyFCF8trFQRos39JjPpqz0,Pristine Kitchen & Bath,"5815 E Orchard Ave, Nampa, ID 83687, USA",(425) 367-8780,https://www.pristinekitchenandbath.com/,5,48,https://maps.google.com/?cid=4443901863237897634&g_mp=Cidnb29nbGUubWFwcy5wbGFjZXMudjEuUGxhY2VzLlNlYXJjaFRleHQQAhgEIAA,OPERATIONAL,"general_contractor,home_goods_store,point_of_interest,service,store,establishment",Kitchen remodel,Boise
ChIJz5qKuWH4rlQR_gOeAoYmvdU,STRITE design + remodel,"2650 Grover Ct, Boise, ID 83705, USA",(208) 336-9176,http://www.stritedr.com/,4.6,27,https://maps.google.com/?cid=15401508657688347646&g_mp=Cidnb29nbGUubWFwcy5wbGFjZXMudjEuUGxhY2VzLlNlYXJjaFRleHQQAhgEIAA,OPERATIONAL,"general_contractor,home_goods_store,point_of_interest,service,store,establishment",Kitchen remodel,Boise
ChIJ8YM7-ND5rlQRKIUoyNBoShc,North Star Kitchen and Bath Remodels,"999 W Main St STE 100, Boise, ID 83702, USA",(208) 487-8990,https://northstarkitchenandbath.com/,4.4,28,https://maps.google.com/?cid=1678269057069516072&g_mp=Cidnb29nbGUubWFwcy5wbGFjZXMudjEuUGxhY2VzLlNlYXJjaFRleHQQAhgEIAA,OPERATIONAL,"general_contractor,home_goods_store,point_of_interest,service,store,establishment",Kitchen remodel,Boise
ChIJlRTycE7_rlQRxbXwvQgDMxM,Burton's Luxury Bath & Kitchen,"5233 N Turret Way, Boise, ID 83703, USA",(208) 447-8651,http://www.burtonsremodel.com/,4.6,10,https://maps.google.com/?cid=1383452846614164933&g_mp=Cidnb29nbGUubWFwcy5wbGFjZXMudjEuUGxhY2VzLlNlYXJjaFRleHQQAhgEIAA,OPERATIONAL,"general_contractor,plumber,home_improvement_store,home_goods_store,point_of_interest,service,store,establishment",Kitchen remodel,Boise
ChIJsTcXiCtMS6ARWTykiOdih48,Freimark Construction,"776 E Riverside Dr, Eagle, ID 83616, USA",(208) 810-0874,https://freimarkconstruction.com/,5,22,https://maps.google.com/?cid=10342343815849065561&g_mp=Cidnb29nbGUubWFwcy5wbGFjZXMudjEuUGxhY2VzLlNlYXJjaFRleHQQAhgEIAA,OPERATIONAL,"general_contractor,home_goods_store,point_of_interest,service,store,establishment",Kitchen remodel,Boise
ChIJp0n1mOz_rlQRIOZNaGTJJsQ,Remedy Residential Remodeling,"110 E 43rd St SUITE 200, Boise, ID 83714, USA",(208) 514-2646,https://www.remedyresidential.com/?utm_source=gbp,4.9,24,https://maps.google.com/?cid=14134205913632728608&g_mp=Cidnb29nbGUubWFwcy5wbGFjZXMudjEuUGxhY2VzLlNlYXJjaFRleHQQAhgEIAA,OPERATIONAL,"general_contractor,home_goods_store,manufacturer,point_of_interest,service,store,establishment",Kitchen remodel,Boise
ChIJzX5UsJIaAEkRq5V9xclMtrw,On The Level Remodeling Company,"500 S 8th St, Boise, ID 83702, USA",(208) 495-4346,http://onthelevelidaho.com/,5,6,https://maps.google.com/?cid=13598140554377270699&g_mp=Cidnb29nbGUubWFwcy5wbGFjZXMudjEuUGxhY2VzLlNlYXJjaFRleHQQAhgEIAA,OPERATIONAL,"general_contractor,home_goods_store,point_of_interest,service,store,establishment",Kitchen remodel,Boise
ChIJ0RTKiMD4rlQREYeO-kjJIbA,TIMBER AND LOVE,"3024 W Fairview Ave, Boise, ID 83702, USA",(208) 995-9516,https://www.timberandlove.com/,4.9,46,https://maps.google.com/?cid=12691646540185241361&g_mp=Cidnb29nbGUubWFwcy5wbGFjZXMudjEuUGxhY2VzLlNlYXJjaFRleHQQAhgEIAA,OPERATIONAL,"general_contractor,home_goods_store,point_of_interest,service,store,establishment",Kitchen remodel,Boise
ChIJb-GctwX_rlQRhjfNODLp7t4,Clearwater Home Services,"4951 E Bradley St, Boise, ID 83714, USA",(208) 994-8862,http://www.idahomeremodel.com/,4.9,64,https://maps.google.com/?cid=16064033322787747718&g_mp=Cidnb29nbGUubWFwcy5wbGFjZXMudjEuUGxhY2VzLlNlYXJjaFRleHQQAhgEIAA,OPERATIONAL,"general_contractor,roofing_contractor,home_goods_store,point_of_interest,service,store,establishment",Kitchen remodel,Boise
ChIJRZnTYcdVrlQRvupI1yB9vp8,N-Hance Wood Refinishing,"6145 Corporal Ln, Boise, ID 83704, USA",(208) 392-1717,https://www.nhance.com/treasurevalley/,5,84,https://maps.google.com/?cid=11510775277609872062&g_mp=Cidnb29nbGUubWFwcy5wbGFjZXMudjEuUGxhY2VzLlNlYXJjaFRleHQQAhgEIAA,OPERATIONAL,"painter,general_contractor,home_goods_store,manufacturer,point_of_interest,service,store,establishment",Kitchen remodel,Boise
ChIJYUSysEz_rlQRhijB-1bChe4,Apple Remodeling,"6021 W Franklin Rd, Boise, ID 83709, USA",(208) 505-6760,https://www.appleidaho.com/bathroom-remodeling/,4.9,90,https://maps.google.com/?cid=17187357231776082054&g_mp=Cidnb29nbGUubWFwcy5wbGFjZXMudjEuUGxhY2VzLlNlYXJjaFRleHQQAhgEIAA,OPERATIONAL,"general_contractor,home_goods_store,point_of_interest,service,store,establishment",Kitchen remodel,Boise
ChIJA1q29974rlQRFVbvNc_3OK8,Fine Kitchens & Baths by Patricia Dunlop,"211 W Jefferson St, Boise, ID 83702, USA",(208) 342-1823,http://www.finekitchens-baths.com/,5,1,https://maps.google.com/?cid=12626114024668354069&g_mp=Cidnb29nbGUubWFwcy5wbGFjZXMudjEuUGxhY2VzLlNlYXJjaFRleHQQAhgEIAA,OPERATIONAL,"general_contractor,home_goods_store,point_of_interest,service,store,establishment",Kitchen remodel,Boise
ChIJxY_LPsfymWkRPOmyRPN-jR8,Lechner Design & Remodel,"3121 W Crescent Rim Dr, Boise, ID 83706, USA",(208) 850-6887,http://www.lechnerdesignremodel.com/,4.3,6,https://maps.google.com/?cid=2273612970186697020&g_mp=Cidnb29nbGUubWFwcy5wbGFjZXMudjEuUGxhY2VzLlNlYXJjaFRleHQQAhgEIAA,OPERATIONAL,"general_contractor,home_goods_store,point_of_interest,service,store,establishment",Kitchen remodel,Boise
ChIJy5YtO6z4rlQRqVAkP9tBmmI,Allstar Kitchen Remodeling Boise,"2326 Bruins Ave, Boise, ID 83704, USA",,,5,1,https://maps.google.com/?cid=7105063772043366569&g_mp=Cidnb29nbGUubWFwcy5wbGFjZXMudjEuUGxhY2VzLlNlYXJjaFRleHQQAhgEIAA,OPERATIONAL,"general_contractor,home_goods_store,point_of_interest,service,store,establishment",Kitchen remodel,Boise
ChIJ4RydySL_rlQRZO6CgP7DSa0,Idahome Dream Builders,"5032 W State St, Boise, ID 83703, USA",(208) 863-6214,http://www.idahomedreambuilders.com/,5,11,https://maps.google.com/?cid=12486726939706584676&g_mp=Cidnb29nbGUubWFwcy5wbGFjZXMudjEuUGxhY2VzLlNlYXJjaFRleHQQAhgEIAA,OPERATIONAL,"general_contractor,home_goods_store,point_of_interest,service,store,establishment",Kitchen remodel,Boise
ChIJlZBR9QtXrlQRh2zNZ9oF85s,Boise Pro Builders LLc,"1111 S Orchard St, Boise, ID 83705, USA",(208) 807-6366,https://boiseprobuilders.com/,5,5,https://maps.google.com/?cid=11237331930822044807&g_mp=Cidnb29nbGUubWFwcy5wbGFjZXMudjEuUGxhY2VzLlNlYXJjaFRleHQQAhgEIAA,OPERATIONAL,"sauna,public_bath,spa,general_contractor,home_goods_store,health,point_of_interest,service,store,establishment",Kitchen remodel,Boise
ChIJjbUt3LL4rlQRUcDECp6k7Qs,Bath Fitter of Idaho,"4141 W Chinden Blvd, Boise, ID 83714, USA",(208) 917-2220,https://www.bathfitteridaho.com/,4.9,927,https://maps.google.com/?cid=859524102590087249&g_mp=Cidnb29nbGUubWFwcy5wbGFjZXMudjEuUGxhY2VzLlNlYXJjaFRleHQQAhgEIAA,OPERATIONAL,"building_materials_store,general_contractor,home_goods_store,service,store,point_of_interest,establishment",Bathroom remodel,Boise
ChIJ-6IrhP9XrlQRJpbmxy0IYFs,Jacuzzi Bath Remodel of Boise,"4242 S Eagleson Rd, Boise, ID 83705, USA",(208) 656-1998,https://boisebaths.com/,4.8,107,https://maps.google.com/?cid=6584271647935993382&g_mp=Cidnb29nbGUubWFwcy5wbGFjZXMudjEuUGxhY2VzLlNlYXJjaFRleHQQAhgEIAA,OPERATIONAL,"general_contractor,home_goods_store,service,store,point_of_interest,establishment",Bathroom remodel,Boise
ChIJx4DMq-VTrlQRbShS1hHhDl4,Custom Bath Solutions,"480 E Franklin Rd Suite # 108, Meridian, ID 83642, USA",(208) 888-7561,https://www.custombathsolutions.com/,5,48,https://maps.google.com/?cid=6777601955965577325&g_mp=Cidnb29nbGUubWFwcy5wbGFjZXMudjEuUGxhY2VzLlNlYXJjaFRleHQQAhgEIAA,OPERATIONAL,"building_materials_store,supplier,general_contractor,home_improvement_store,home_goods_store,manufacturer,service,store,point_of_interest,establishment",Bathroom remodel,Boise
ChIJfw9iHfBXrlQR4YBaZUDmZ9Y,Apple Plumbing & Bath,"6017 W Franklin St, Boise, ID 83709, USA",(208) 505-6760,https://www.appleidaho.com/,4.9,241,https://maps.google.com/?cid=15449570210970501345&g_mp=Cidnb29nbGUubWFwcy5wbGFjZXMudjEuUGxhY2VzLlNlYXJjaFRleHQQAhgEIAA,OPERATIONAL,"plumber,general_contractor,home_goods_store,service,store,point_of_interest,establishment",Bathroom remodel,Boise
ChIJaY5xQuVTrlQRr5Mc1Fo-tQk,BathCrest of Idaho,"272 E 5th St Suite C, Meridian, ID 83642, USA",(208) 343-8000,https://www.bathcrestofidaho.com/,4.9,34,https://maps.google.com/?cid=699533876952601519&g_mp=Cidnb29nbGUubWFwcy5wbGFjZXMudjEuUGxhY2VzLlNlYXJjaFRleHQQAhgEIAA,OPERATIONAL,"general_contractor,home_goods_store,service,store,point_of_interest,establishment",Bathroom remodel,Boise
ChIJW9MEIHX5rlQRGk1msaYMJiY,Boise Bathroom Bro's,"3008 W Overland Rd Unit 3A, Boise, ID 83705, USA",(208) 999-2064,https://boisebathroombros.com/,5,15,https://maps.google.com/?cid=2748898532636642586&g_mp=Cidnb29nbGUubWFwcy5wbGFjZXMudjEuUGxhY2VzLlNlYXJjaFRleHQQAhgEIAA,OPERATIONAL,"general_contractor,home_goods_store,service,store,point_of_interest,establishment",Bathroom remodel,Boise
ChIJxXUApzxWrlQRr1VtoBt9sZw,Refinish First in Boise,"5557 W Kendall St, Boise, ID 83706, USA",(208) 473-2889,https://refinishfirst.net/?utm_source=gbp&utm_medium=boise,4.8,205,https://maps.google.com/?cid=11290943298403653039&g_mp=Cidnb29nbGUubWFwcy5wbGFjZXMudjEuUGxhY2VzLlNlYXJjaFRleHQQAhgEIAA,OPERATIONAL,"general_contractor,home_goods_store,service,store,point_of_interest,establishment",Bathroom remodel,Boise
ChIJWRd1xchVrlQRujSD42_WbhA,1st Choice Kitchen & Bath,"687 N Five Mile Rd, Boise, ID 83713, USA",(208) 955-0083,http://www.1stchoicekb.com/,4.9,45,https://maps.google.com/?cid=1184119528091759802&g_mp=Cidnb29nbGUubWFwcy5wbGFjZXMudjEuUGxhY2VzLlNlYXJjaFRleHQQAhgEIAA,OPERATIONAL,"building_materials_store,general_contractor,furniture_store,home_improvement_store,home_goods_store,service,store,point_of_interest,establishment",Bathroom remodel,Boise
ChIJowjx1_lXrlQRJM4tQPcWEg0,Idaho Custom Bath,"7213 Cedarwood Dr, Boise, ID 83709, USA",(208) 703-7262,https://www.idcustombath.com/?utm_source=google&utm_medium=wix_google_business_profile&utm_campaign=18219558368293540991,5,10,https://maps.google.com/?cid=941840523263331876&g_mp=Cidnb29nbGUubWFwcy5wbGFjZXMudjEuUGxhY2VzLlNlYXJjaFRleHQQAhgEIAA,OPERATIONAL,"general_contractor,home_goods_store,service,store,point_of_interest,establishment",Bathroom remodel,Boise
ChIJ8Z8p_S9PrlQRpsaFvaj4G1w,Merrick Construction & Design,"8749 W Hackamore Dr #1, Boise, ID 83709, USA",(208) 890-9664,http://merrickgcdesign.com/,5,24,https://maps.google.com/?cid=6637171879478412966&g_mp=Cidnb29nbGUubWFwcy5wbGFjZXMudjEuUGxhY2VzLlNlYXJjaFRleHQQAhgEIAA,OPERATIONAL,"general_contractor,home_goods_store,service,store,point_of_interest,establishment",Bathroom remodel,Boise
ChIJkaTowR01y2wRegYZ8qmvFg0,Northend Construction,"5262 S Chinook Ave, Boise, ID 83709, USA",(208) 695-5263,https://www.northendconstruction.com/,5,23,https://maps.google.com/?cid=943134316426757754&g_mp=Cidnb29nbGUubWFwcy5wbGFjZXMudjEuUGxhY2VzLlNlYXJjaFRleHQQAhgEIAA,OPERATIONAL,"general_contractor,home_goods_store,store,service,point_of_interest,establishment",General contractor,Boise
ChIJo0uHBVdNrlQRx1tfv09L1j4,Apex General Contracting,"1331 11th Ave N, Nampa, ID 83687, USA",(208) 817-3061,https://apexgcid.com/,5,17,https://maps.google.com/?cid=4527889281252809671&g_mp=Cidnb29nbGUubWFwcy5wbGFjZXMudjEuUGxhY2VzLlNlYXJjaFRleHQQAhgEIAA,OPERATIONAL,"general_contractor,service,point_of_interest,establishment",General contractor,Boise
ChIJpWhWWcH4rlQRmWbvqNoTxi4,Idaho Associated General Contractors (AGC),"1649 Shoreline Dr STE 100, Boise, ID 83702, USA",(208) 344-2531,http://www.idahoagc.org/,4.9,17,https://maps.google.com/?cid=3370403200991454873&g_mp=Cidnb29nbGUubWFwcy5wbGFjZXMudjEuUGxhY2VzLlNlYXJjaFRleHQQAhgEIAA,OPERATIONAL,"association_or_organization,non_profit_organization,general_contractor,service,point_of_interest,establishment",General contractor,Boise
ChIJf_cveL1NrlQRdGUE-KqZvgE,Freeman's Construction,"950 W Bannock St Suite 1100, Boise, ID 83702, USA",(208) 296-7516,https://freemansconstruction.com/?utm_source=GMB&utm_medium=organic&utm_campaign=Boise,5,10,https://maps.google.com/?cid=125706799197480308&g_mp=Cidnb29nbGUubWFwcy5wbGFjZXMudjEuUGxhY2VzLlNlYXJjaFRleHQQAhgEIAA,OPERATIONAL,"general_contractor,service,point_of_interest,establishment",General contractor,Boise
ChIJ8S9r_4r3rlQRLrnJQVRm-YU,Conner Construction LLC,"1118 E Chardie Ct, Boise, ID 83702, USA",(208) 794-7621,https://www.connerconstructionidaho.com/,5,7,https://maps.google.com/?cid=9653859788312394030&g_mp=Cidnb29nbGUubWFwcy5wbGFjZXMudjEuUGxhY2VzLlNlYXJjaFRleHQQAhgEIAA,OPERATIONAL,"general_contractor,service,point_of_interest,establishment",General contractor,Boise
ChIJxXUApzxWrlQR6YiwDSOjGRg,Mark Guho Construction Company,"11450 Joplin Rd, Boise, ID 83714, USA",(208) 375-7475,http://www.mguho.com/,5,5,https://maps.google.com/?cid=1736598502276892905&g_mp=Cidnb29nbGUubWFwcy5wbGFjZXMudjEuUGxhY2VzLlNlYXJjaFRleHQQAhgEIAA,OPERATIONAL,"general_contractor,service,point_of_interest,establishment",General contractor,Boise
ChIJp8fGd2Str1QRfleDsAsdLFo,Cool River LLC,"975 N Cardigan Pl, Star, ID 83669, USA",(208) 995-3280,http://crc-idaho.com/,5,26,https://maps.google.com/?cid=6497600298432026494&g_mp=Cidnb29nbGUubWFwcy5wbGFjZXMudjEuUGxhY2VzLlNlYXJjaFRleHQQAhgEIAA,OPERATIONAL,"general_contractor,home_goods_store,store,service,point_of_interest,establishment",General contractor,Boise
ChIJMyaki_r4rlQRPQhh1L9f0oA,Jordan-Wilcomb Construction,"600 S 8th St, Boise, ID 83702, USA",(208) 344-2441,https://jordan-wilcomb.com/,5,1,https://maps.google.com/?cid=9282587059470534717&g_mp=Cidnb29nbGUubWFwcy5wbGFjZXMudjEuUGxhY2VzLlNlYXJjaFRleHQQAhgEIAA,OPERATIONAL,"general_contractor,service,point_of_interest,establishment",General contractor,Boise
ChIJR1AD6q2qr1QRWiNYiriVhWA,Zach Evans Construction,"7761 W Riverside Dr # 100, Boise, ID 83714, USA",(208) 853-1205,https://www.zechomes.com/,4.5,37,https://maps.google.com/?cid=6955129819371152218&g_mp=Cidnb29nbGUubWFwcy5wbGFjZXMudjEuUGxhY2VzLlNlYXJjaFRleHQQAhgEIAA,OPERATIONAL,"general_contractor,service,point_of_interest,establishment",General contractor,Boise
ChIJBx8creT4rlQRSGjcSB_EWkQ,Ogata Construction Co,"106 N 6th St #207, Boise, ID 83702, USA",(208) 336-3207,http://ogataconstruction.com/,4.5,15,https://maps.google.com/?cid=4925464781128493128&g_mp=Cidnb29nbGUubWFwcy5wbGFjZXMudjEuUGxhY2VzLlNlYXJjaFRleHQQAhgEIAA,OPERATIONAL,"general_contractor,service,point_of_interest,establishment",General contractor,Boise
ChIJVzedhQT2rlQRZxuLDUi-yjk,Western Construction Inc,"10139 S Federal Way, Boise, ID 83716, USA",(208) 345-1440,http://www.wciboise.com/,3.9,18,https://maps.google.com/?cid=4164350022131587943&g_mp=Cidnb29nbGUubWFwcy5wbGFjZXMudjEuUGxhY2VzLlNlYXJjaFRleHQQAhgEIAA,OPERATIONAL,"general_contractor,service,point_of_interest,establishment",General contractor,Boise
ChIJi3WYqSVXrlQRQhXbgXmGwXQ,Prusik Construction,"916 W Sherwood St, Boise, ID 83706, USA",(208) 994-7300,http://www.prusikbuilt.com/,,0,https://maps.google.com/?cid=8413153435332580674&g_mp=Cidnb29nbGUubWFwcy5wbGFjZXMudjEuUGxhY2VzLlNlYXJjaFRleHQQAhgEIAA,OPERATIONAL,"general_contractor,consultant,service,point_of_interest,establishment",General contractor,Boise
ChIJbdXx-6hWrlQRx_UU8yjNQz0,"Engineered Structures, Inc. (ESI)","2200 S Cobalt Pt Wy, Meridian, ID 83642, USA",(208) 362-3040,https://esiconstruction.com/,4.1,72,https://maps.google.com/?cid=4414597635513841095&g_mp=Cidnb29nbGUubWFwcy5wbGFjZXMudjEuUGxhY2VzLlNlYXJjaFRleHQQAhgEIAA,OPERATIONAL,"general_contractor,service,point_of_interest,establishment",General contractor,Boise
ChIJB26eXqL4rlQR4Uc5Wule38c,"Scott Hedrick Construction, Inc","1154 N Orchard St, Boise, ID 83706, USA",(208) 345-5800,http://www.scotthedrick.com/,3.4,10,https://maps.google.com/?cid=14402334489688229857&g_mp=Cidnb29nbGUubWFwcy5wbGFjZXMudjEuUGxhY2VzLlNlYXJjaFRleHQQAhgEIAA,OPERATIONAL,"general_contractor,service,point_of_interest,establishment",General contractor,Boise
ChIJX7IwgOz4rlQRBsjLrhqV0Mw,"McMillen, Inc.","1471 Shoreline Dr STE 100, Boise, ID 83702, USA",(208) 342-4214,https://www.mcmillen.com/,4.6,9,https://maps.google.com/?cid=14758459920727394310&g_mp=Cidnb29nbGUubWFwcy5wbGFjZXMudjEuUGxhY2VzLlNlYXJjaFRleHQQAhgEIAA,OPERATIONAL,"consultant,general_contractor,service,point_of_interest,establishment",General contractor,Boise
ChIJm6euI_D4rlQR2lGFcbc6GhQ,Stroth General,"6850 Fairview Ave, Boise, ID 83704, USA",(208) 918-3432,http://strothgeneral.com/,3.4,5,https://maps.google.com/?cid=1448534789711024602&g_mp=Cidnb29nbGUubWFwcy5wbGFjZXMudjEuUGxhY2VzLlNlYXJjaFRleHQQAhgEIAA,OPERATIONAL,"general_contractor,service,point_of_interest,establishment",General contractor,Boise
ChIJWwlVbCxVrlQRtNufU9bOMGE,Foundation and Crawl Space Repair of Idaho,"368 E Franklin Rd, Meridian, ID 83642, USA",(208) 437-8848,https://www.foundationrepairidaho.com/?utm_source=google&utm_medium=organic&utm_campaign=gmb-ldaho&utm_content=website,4.5,145,https://maps.google.com/?cid=7003324840482429876&g_mp=Cidnb29nbGUubWFwcy5wbGFjZXMudjEuUGxhY2VzLlNlYXJjaFRleHQQAhgEIAA,OPERATIONAL,"general_contractor,service,association_or_organization,point_of_interest,establishment",Foundation repair,Boise
ChIJwUaxLeBTrlQRmy8nogHzVYE,Foundations First Idaho,"160 N Linder Rd Suite 150, Meridian, ID 83642, USA",(986) 213-4245,https://foundationsfirstidaho.com/,5,9,https://maps.google.com/?cid=9319622192254103451&g_mp=Cidnb29nbGUubWFwcy5wbGFjZXMudjEuUGxhY2VzLlNlYXJjaFRleHQQAhgEIAA,OPERATIONAL,"general_contractor,service,point_of_interest,establishment",Foundation repair,Boise
ChIJm3llNQX5u2ARWDrwSxFrSpg,Idaho Concrete Lifting,"505 W Columbia Rd, Meridian, ID 83642, USA",(208) 912-0027,http://www.idahoconcretelifting.com/,4.8,41,https://maps.google.com/?cid=10973701164074285656&g_mp=Cidnb29nbGUubWFwcy5wbGFjZXMudjEuUGxhY2VzLlNlYXJjaFRleHQQAhgEIAA,OPERATIONAL,"general_contractor,service,point_of_interest,establishment",Foundation repair,Boise
ChIJWcy3Az1WrlQRKJTYwiQO6AY,Magic Raising Concrete Repair LLC,"174 N Raymond St, Boise, ID 83704, USA",(208) 602-2530,https://www.concreterepairboiseid.com/,4.9,82,https://maps.google.com/?cid=497663309875024936&g_mp=Cidnb29nbGUubWFwcy5wbGFjZXMudjEuUGxhY2VzLlNlYXJjaFRleHQQAhgEIAA,OPERATIONAL,"general_contractor,service,point_of_interest,establishment",Foundation repair,Boise
ChIJAQAQ5VRVrlQRlxeBgc62IX4,Foundation Supportworks of Idaho,"1871 E McGrath Rd, Eagle, ID 83616, USA",(208) 437-8848,,4,1,https://maps.google.com/?cid=9088746521062610839&g_mp=Cidnb29nbGUubWFwcy5wbGFjZXMudjEuUGxhY2VzLlNlYXJjaFRleHQQAhgEIAA,OPERATIONAL,"service,point_of_interest,establishment",Foundation repair,Boise
ChIJ6ZxcTaRTrlQRx-aw7sKNOg8,Idaho Drainage Solutions,"1510 E Watertower St #100, Meridian, ID 83642, USA",,https://drainageboise.com/,5,373,https://maps.google.com/?cid=1097345327585879751&g_mp=Cidnb29nbGUubWFwcy5wbGFjZXMudjEuUGxhY2VzLlNlYXJjaFRleHQQAhgEIAA,OPERATIONAL,"general_contractor,service,association_or_organization,point_of_interest,establishment",Foundation repair,Boise
ChIJDW74Itj3rlQR_1jhPzwzah4,A-Core Concrete Specialists of Boise,"6531 Business Way, Boise, ID 83716, USA",(208) 384-0500,https://www.a-core.com/locations/boise-id?utm_source=google&utm_medium=organic&utm_campaign=google_business_profile,4.5,20,https://maps.google.com/?cid=2191620502531954943&g_mp=Cidnb29nbGUubWFwcy5wbGFjZXMudjEuUGxhY2VzLlNlYXJjaFRleHQQAhgEIAA,OPERATIONAL,"general_contractor,service,point_of_interest,establishment",Foundation repair,Boise
ChIJvStobdYtrFQRAGwy51Mk3HI,Leveled Up Concrete Inc,"8230 W Winchester Dr, Boise, ID 83704, USA",(208) 330-0051,https://www.leveledupconcrete.com/?utm_source=cumulus&utm_medium=onlinepresence&utm_campaign=gbp,5,43,https://maps.google.com/?cid=8276530157979855872&g_mp=Cidnb29nbGUubWFwcy5wbGFjZXMudjEuUGxhY2VzLlNlYXJjaFRleHQQAhgEIAA,OPERATIONAL,"general_contractor,service,point_of_interest,establishment",Foundation repair,Boise
ChIJN77e8_r4M2IRfiwOFzV8AMo,Rogue Concrete & Construction,"2185 Klemmer Ave N, Kuna, ID 83634, USA",(480) 204-6538,,4.8,45,https://maps.google.com/?cid=14555770563123358846&g_mp=Cidnb29nbGUubWFwcy5wbGFjZXMudjEuUGxhY2VzLlNlYXJjaFRleHQQAhgEIAA,OPERATIONAL,"general_contractor,service,point_of_interest,establishment",Foundation repair,Boise
ChIJ__9jVUX_rlQR54JTeaGBdH0,Done Right Flood & Fire Services Inc.,"4735 W Chinden Blvd, Garden City, ID 83714, USA",(208) 215-2577,https://www.donerightfloodandfire.com/,4.9,254,https://maps.google.com/?cid=9039992882564661991&g_mp=Cidnb29nbGUubWFwcy5wbGFjZXMudjEuUGxhY2VzLlNlYXJjaFRleHQQAhgEIAA,OPERATIONAL,"general_contractor,service,point_of_interest,establishment",Foundation repair,Boise
ChIJ5TGUZN74rlQRm8dB_zJkJ-Y,Lenz Concrete,"1520 W Washington St, Boise, ID 83702, USA",(208) 989-6119,http://www.boisecustomconcrete.com/,4.8,34,https://maps.google.com/?cid=16584334323008784283&g_mp=Cidnb29nbGUubWFwcy5wbGFjZXMudjEuUGxhY2VzLlNlYXJjaFRleHQQAhgEIAA,OPERATIONAL,"general_contractor,service,point_of_interest,establishment",Foundation repair,Boise
ChIJgUoTnXEDr1QRHoqekB5KMI0,Master Restoration,"6480 W Contractor St, Boise, ID 83709, USA",(208) 549-7605,https://masterrestorationidaho.com/?utm_campaign=gmb,4.8,262,https://maps.google.com/?cid=10173713053365733918&g_mp=Cidnb29nbGUubWFwcy5wbGFjZXMudjEuUGxhY2VzLlNlYXJjaFRleHQQAhgEIAA,OPERATIONAL,"general_contractor,service,point_of_interest,establishment",Foundation repair,Boise
ChIJh6rIW6UVTEoRsgkPiibon2Q,Smallwork Pro LLC,"11727 W Azure Dr, Boise, ID 83713, USA",(208) 995-3165,http://www.smallworkprollc.com/,5,9,https://maps.google.com/?cid=7250769177312430514&g_mp=Cidnb29nbGUubWFwcy5wbGFjZXMudjEuUGxhY2VzLlNlYXJjaFRleHQQAhgEIAA,OPERATIONAL,"general_contractor,service,point_of_interest,establishment",Foundation repair,Boise
ChIJAXUaZhij5YARobBWLk_DnzQ,Ness Restoration & Remediation Inc.,"2650 S Cole Rd B, Boise, ID 83709, USA",(208) 466-7594,https://nessrestorationinc.com/,4.9,49,https://maps.google.com/?cid=3791964156116512929&g_mp=Cidnb29nbGUubWFwcy5wbGFjZXMudjEuUGxhY2VzLlNlYXJjaFRleHQQAhgEIAA,OPERATIONAL,"general_contractor,service,point_of_interest,establishment",Foundation repair,Boise
ChIJMS5JomH5rlQRmZb-6kQpL3Y,Buk Restoration,"1401 S Robert St Ste 200, Boise, ID 83705, USA",(208) 615-2287,https://bukrestoration.com/,5,43,https://maps.google.com/?cid=8516070796357965465&g_mp=Cidnb29nbGUubWFwcy5wbGFjZXMudjEuUGxhY2VzLlNlYXJjaFRleHQQAhgEIAA,OPERATIONAL,"roofing_contractor,general_contractor,service,point_of_interest,establishment",Foundation repair,Boise
ChIJC2tsRcYHr1QR27T64VnONNs,Hunter Rain Gutters Boise Idaho,"4810 W Chinden Blvd, Boise, ID 83714, USA",(208) 747-0641,https://www.hunterraingutters.com/,4.9,202,https://maps.google.com/?cid=15795476678533887195&g_mp=Cidnb29nbGUubWFwcy5wbGFjZXMudjEuUGxhY2VzLlNlYXJjaFRleHQQAhgEIAA,OPERATIONAL,"service,point_of_interest,establishment",Gutter cleaning,Boise
ChIJH3fTR7lWrlQRyw1hKXcPH20,Idaho Custom Rain Gutters,"1855 E Lanark St STE 100, Meridian, ID 83642, USA",(208) 991-6733,https://www.idahoguttercompany.com/,4.9,1030,https://maps.google.com/?cid=7863020478881926603&g_mp=Cidnb29nbGUubWFwcy5wbGFjZXMudjEuUGxhY2VzLlNlYXJjaFRleHQQAhgEIAA,OPERATIONAL,"service,point_of_interest,establishment",Gutter cleaning,Boise
ChIJiYcFKbf4rlQRJFFgojlhlfk,Gutters R Us Boise,"10279 Calico St, Boise, ID 83709, USA",(208) 941-4641,https://www.guttersrusboise.net/,4.9,124,https://maps.google.com/?cid=17984387587139195172&g_mp=Cidnb29nbGUubWFwcy5wbGFjZXMudjEuUGxhY2VzLlNlYXJjaFRleHQQAhgEIAA,OPERATIONAL,"service,point_of_interest,establishment",Gutter cleaning,Boise
ChIJT99mMtJXrlQRXujJ-cqhICs,Gutters Near Me,"4747 N Glenwood St STE 202, Bldg A, Boise, ID 83714, USA",(208) 999-7528,http://www.idguttersnearme.com/,5,97,https://maps.google.com/?cid=3107661636031866974&g_mp=Cidnb29nbGUubWFwcy5wbGFjZXMudjEuUGxhY2VzLlNlYXJjaFRleHQQAhgEIAA,OPERATIONAL,"service,point_of_interest,establishment",Gutter cleaning,Boise
ChIJvT0aEuT5rlQRd_m-_gwHY28,The Brothers That Just Do Gutters,"1014 N 28th St, Boise, ID 83702, USA",(208) 228-8747,https://boise.brothersgutters.com/,5,171,https://maps.google.com/?cid=8026266713299286391&g_mp=Cidnb29nbGUubWFwcy5wbGFjZXMudjEuUGxhY2VzLlNlYXJjaFRleHQQAhgEIAA,OPERATIONAL,"service,point_of_interest,establishment",Gutter cleaning,Boise
ChIJw847P7H4rlQR9t_wu73Y4xw,Boise Gutter,"5248 W Chinden Blvd, Boise, ID 83714, USA",(208) 343-8607,https://www.boisegutter.net/,4.7,172,https://maps.google.com/?cid=2081745762188845046&g_mp=Cidnb29nbGUubWFwcy5wbGFjZXMudjEuUGxhY2VzLlNlYXJjaFRleHQQAhgEIAA,OPERATIONAL,"roofing_contractor,building_materials_store,general_contractor,service,store,point_of_interest,establishment",Gutter cleaning,Boise
ChIJN_n7cltMrlQRUTl3J1gyDls,Gutter Done,"4110 W Franklin Rd, Meridian, ID 83642, USA",(208) 965-0923,https://gutterdoneidaho.com/,4.9,235,https://maps.google.com/?cid=6561237061326027089&g_mp=Cidnb29nbGUubWFwcy5wbGFjZXMudjEuUGxhY2VzLlNlYXJjaFRleHQQAhgEIAA,OPERATIONAL,"roofing_contractor,service,point_of_interest,establishment",Gutter cleaning,Boise
ChIJy9WOqwRMrlQRJshiXPWmCLo,Superior Gutter and Roofing,"515 S Vista Ave STE #2C, Boise, ID 83705, USA",(208) 837-7755,https://superiorguttercompany.com/locations/boise-id/?utm_source=gmb,4.8,77,https://maps.google.com/?cid=13405147863615457318&g_mp=Cidnb29nbGUubWFwcy5wbGFjZXMudjEuUGxhY2VzLlNlYXJjaFRleHQQAhgEIAA,OPERATIONAL,"roofing_contractor,service,point_of_interest,establishment",Gutter cleaning,Boise
ChIJXyDTeKZXrlQRZXepr10Tw0k,Gutter Kings,"9755 W Overland Rd, Boise, ID 83709, USA",(208) 985-9600,http://raingutterkings.com/,4.8,64,https://maps.google.com/?cid=5315113278327322469&g_mp=Cidnb29nbGUubWFwcy5wbGFjZXMudjEuUGxhY2VzLlNlYXJjaFRleHQQAhgEIAA,OPERATIONAL,"roofing_contractor,service,point_of_interest,establishment",Gutter cleaning,Boise
ChIJAQDwq0__rlQR8lqXehnS32Y,All American Rain Gutter LLC,"120 E 46th St, Garden City, ID 83714, USA",(208) 927-7302,https://aaraingutterboise.com/,4.5,54,https://maps.google.com/?cid=7412874518547880690&g_mp=Cidnb29nbGUubWFwcy5wbGFjZXMudjEuUGxhY2VzLlNlYXJjaFRleHQQAhgEIAA,OPERATIONAL,"service,point_of_interest,establishment",Gutter cleaning,Boise
ChIJnVqwxtr3rlQRwzXv2iot2jo,Leafguard Gutter Protection,"1851 Century Way #2, Boise, ID 83709, USA",(208) 922-6504,https://www.leafguard.com/locations/idaho,4.6,330,https://maps.google.com/?cid=4240751661207729603&g_mp=Cidnb29nbGUubWFwcy5wbGFjZXMudjEuUGxhY2VzLlNlYXJjaFRleHQQAhgEIAA,OPERATIONAL,"service,point_of_interest,establishment",Gutter cleaning,Boise
ChIJCT7znib_rlQRno38f-Vk22Y,Drip Free Gutter Company,"120 E 46th St Suite B, Boise, ID 83714, USA",(208) 724-1038,https://dripfreeguttercompany.jobbersites.com/,4.8,11,https://maps.google.com/?cid=7411628548625829278&g_mp=Cidnb29nbGUubWFwcy5wbGFjZXMudjEuUGxhY2VzLlNlYXJjaFRleHQQAhgEIAA,OPERATIONAL,"service,point_of_interest,establishment",Gutter cleaning,Boise
ChIJb8ava5pWrlQR2C59WXN9ZBY,"Idaho Gutter & Shade Solutions, Inc.","5140 N Sawyer Ave Unit G, Garden City, ID 83714, USA",(208) 999-0729,https://idahogutter.com/,4.9,102,https://maps.google.com/?cid=1613552500881567448&g_mp=Cidnb29nbGUubWFwcy5wbGFjZXMudjEuUGxhY2VzLlNlYXJjaFRleHQQAhgEIAA,OPERATIONAL,"general_contractor,supplier,service,point_of_interest,establishment",Gutter cleaning,Boise
ChIJg7HAXeL5rlQRbuQKVnb-ESA,Dynamite Gutters Idaho,"1752 Woodbridge Ln, Boise, ID 83706, USA",(208) 891-4319,http://dynamiteguttersidaho.com/,5,21,https://maps.google.com/?cid=2310907868020925550&g_mp=Cidnb29nbGUubWFwcy5wbGFjZXMudjEuUGxhY2VzLlNlYXJjaFRleHQQAhgEIAA,OPERATIONAL,"general_contractor,service,point_of_interest,establishment",Gutter cleaning,Boise
ChIJs7AUA3tLrlQRDDkSde5VDug,Superior Gutter and Roofing,"2820 Brandt Ave, Nampa, ID 83687, USA",(208) 998-0233,https://superiorguttercompany.com/?utm_source=gmb,4.9,1062,https://maps.google.com/?cid=16721396949127936268&g_mp=Cidnb29nbGUubWFwcy5wbGFjZXMudjEuUGxhY2VzLlNlYXJjaFRleHQQAhgEIAA,OPERATIONAL,"roofing_contractor,service,point_of_interest,establishment",Gutter installation,Boise
ChIJ0TYcqv4FgY0RQ6S1LQ24z0w,R Town Gutters,"2976 E State St ste 120, Eagle, ID 83616, USA",(208) 800-7627,https://rtowngutters.wordpress.com/,5,38,https://maps.google.com/?cid=5534844833802593347&g_mp=Cidnb29nbGUubWFwcy5wbGFjZXMudjEuUGxhY2VzLlNlYXJjaFRleHQQAhgEIAA,OPERATIONAL,"service,point_of_interest,establishment",Gutter installation,Boise
ChIJ14ehmJcqeYsRdzproZs3pak,Spotless Rain Gutters LLC,"1737 E Bollman St, Meridian, ID 83642, USA",(208) 481-9915,https://spotlessraingutters.com/,5,77,https://maps.google.com/?cid=12224237905134697079&g_mp=Cidnb29nbGUubWFwcy5wbGFjZXMudjEuUGxhY2VzLlNlYXJjaFRleHQQAhgEIAA,OPERATIONAL,"service,point_of_interest,establishment",Gutter installation,Boise
ChIJLd9sbn-3r1QRBlvyRgF9KXY,Idaho Seamless Gutter,"20839 Whittier Dr, Greenleaf, ID 83626, USA",(208) 250-9321,http://idahoseamlessgutter.com/,5,393,https://maps.google.com/?cid=8514474014959360774&g_mp=Cidnb29nbGUubWFwcy5wbGFjZXMudjEuUGxhY2VzLlNlYXJjaFRleHQQAhgEIAA,OPERATIONAL,"service,point_of_interest,establishment",Gutter installation,Boise
ChIJbTsM-g1XrlQRr6_z_GZmc5U,Affordable Rain Gutter,"6398 W Gowen Rd, Boise, ID 83709, USA",(208) 927-7302,https://affordablegutterboise.com/,4.2,6,https://maps.google.com/?cid=10769063726489513903&g_mp=Cidnb29nbGUubWFwcy5wbGFjZXMudjEuUGxhY2VzLlNlYXJjaFRleHQQAhgEIAA,OPERATIONAL,"service,point_of_interest,establishment",Gutter installation,Boise
ChIJpSEhK2j_rlQRyvn26xMBY0Y,Gutter Helmet of Idaho Inc,"5111 Alworth St B, Garden City, ID 83714, USA",(208) 375-8800,http://www.gutterhelmetofidaho.com/,4.7,51,https://maps.google.com/?cid=5071898790424148426&g_mp=Cidnb29nbGUubWFwcy5wbGFjZXMudjEuUGxhY2VzLlNlYXJjaFRleHQQAhgEIAA,OPERATIONAL,"supplier,service,point_of_interest,establishment",Gutter installation,Boise
ChIJzYnVQ2VRrlQRpsvdo9ExVdo,"Meridian Rain Gutters, LLC","81 W Bloomington Dr, Meridian, ID 83642, USA",(208) 631-6684,https://meridianraingutters.com/,5,9,https://maps.google.com/?cid=15732535649755843494&g_mp=Cidnb29nbGUubWFwcy5wbGFjZXMudjEuUGxhY2VzLlNlYXJjaFRleHQQAhgEIAA,OPERATIONAL,"service,point_of_interest,establishment",Gutter installation,Boise
ChIJ_wZdyFdRrlQRAnb-4Y0cmXs,Mike's Drywall Construction LLC,"3660 S Antler Ridge Ave, Boise, ID 83709, USA",(208) 320-2616,http://www.mikesdrywallidaho.com/,5,86,https://maps.google.com/?cid=8906181133809382914&g_mp=Cidnb29nbGUubWFwcy5wbGFjZXMudjEuUGxhY2VzLlNlYXJjaFRleHQQAhgEIAA,OPERATIONAL,"general_contractor,point_of_interest,service,establishment",Drywall contractor,Boise
ChIJAVBeVhD_rlQR2n399ctVWXI,Boise Drywall Repair,"3909 N Cartwright Rd, Boise, ID 83714, USA",(208) 631-9421,,5,137,https://maps.google.com/?cid=8239711327744785882&g_mp=Cidnb29nbGUubWFwcy5wbGFjZXMudjEuUGxhY2VzLlNlYXJjaFRleHQQAhgEIAA,OPERATIONAL,"general_contractor,point_of_interest,service,establishment",Drywall contractor,Boise
ChIJLdmINFdMrlQRbXa1w9KyLMo,Keely's Drywall,"3629 E Comstock Ave, Nampa, ID 83687, USA",(208) 465-0736,https://www.keelysdrywall.com/,3.8,10,https://maps.google.com/?cid=14568215512933037677&g_mp=Cidnb29nbGUubWFwcy5wbGFjZXMudjEuUGxhY2VzLlNlYXJjaFRleHQQAhgEIAA,OPERATIONAL,"general_contractor,point_of_interest,service,establishment",Drywall contractor,Boise
ChIJpWTbvgNUrlQRbo0wDn0GoP0,Marv's Insulation,"2790 E Lanark St, Meridian, ID 83642, USA",(208) 898-9400,https://www.marvsinsulation.com/?utm_source=google&utm_medium=organic&utm_campaign=listings,4.9,52,https://maps.google.com/?cid=18275614422048214382&g_mp=Cidnb29nbGUubWFwcy5wbGFjZXMudjEuUGxhY2VzLlNlYXJjaFRleHQQAhgEIAA,OPERATIONAL,"general_contractor,supplier,service,point_of_interest,establishment",Insulation contractor,Boise
ChIJ29o_MxpXrlQRh3KYhwfy7Cg,iFOAM Insulation of Boise,"9947 W Emerald St, Boise, ID 83704, USA",(208) 423-1964,https://www.ifoam.com/boise-id/,5,36,https://maps.google.com/?cid=2948997970174440071&g_mp=Cidnb29nbGUubWFwcy5wbGFjZXMudjEuUGxhY2VzLlNlYXJjaFRleHQQAhgEIAA,OPERATIONAL,"general_contractor,service,point_of_interest,establishment",Insulation contractor,Boise
ChIJ6c-jsL1mrC0RUUf9NY2pjkw,Bronco Company,"383 W Valentino St, Meridian, ID 83646, USA",(208) 803-5607,https://www.broncoinsulation.com/,5,44,https://maps.google.com/?cid=5516533017536710481&g_mp=Cidnb29nbGUubWFwcy5wbGFjZXMudjEuUGxhY2VzLlNlYXJjaFRleHQQAhgEIAA,OPERATIONAL,"general_contractor,service,point_of_interest,establishment",Insulation contractor,Boise
ChIJd75Qc4NWrlQR0snGNybJmeQ,"Acme Insulation, Inc.","11252 W Executive Dr Suite #H, Boise, ID 83713, USA",(208) 376-5449,http://acmeinsulationboise.com/,4.8,17,https://maps.google.com/?cid=16472418278066014674&g_mp=Cidnb29nbGUubWFwcy5wbGFjZXMudjEuUGxhY2VzLlNlYXJjaFRleHQQAhgEIAA,OPERATIONAL,"general_contractor,service,point_of_interest,establishment",Insulation contractor,Boise
ChIJzQvxjehTrlQRP4CO290-jKg,G & G Insulation,"75 W Taylor Ave #800, Meridian, ID 83642, USA",(208) 377-8781,http://www.gandginsulation.com/,4.5,25,https://maps.google.com/?cid=12145151417703628863&g_mp=Cidnb29nbGUubWFwcy5wbGFjZXMudjEuUGxhY2VzLlNlYXJjaFRleHQQAhgEIAA,OPERATIONAL,"general_contractor,service,point_of_interest,establishment",Insulation contractor,Boise
ChIJH8oieff5rlQRo6ahpPrUPmk,Partners Insulation LLC,"2611 S Fry St, Boise, ID 83709, USA",(208) 898-8716,https://www.piinsulation.com/,3.6,12,https://maps.google.com/?cid=7583732995507463843&g_mp=Cidnb29nbGUubWFwcy5wbGFjZXMudjEuUGxhY2VzLlNlYXJjaFRleHQQAhgEIAA,OPERATIONAL,"general_contractor,service,point_of_interest,establishment",Insulation contractor,Boise
ChIJtUEucn9TrlQRL7Cj0IccICI,Energy Pro Solutions,"2294 W Windchime Dr, Meridian, ID 83646, USA",(208) 350-0355,https://www.energyprosolutionsllc.com/,4.8,22,https://maps.google.com/?cid=2458996766190841903&g_mp=Cidnb29nbGUubWFwcy5wbGFjZXMudjEuUGxhY2VzLlNlYXJjaFRleHQQAhgEIAA,OPERATIONAL,"general_contractor,service,point_of_interest,establishment",Insulation contractor,Boise
ChIJ1QJOrrdTrlQRzYvX-9uDrL0,iDA,"2272 W San Remo Dr, Meridian, ID 83646, USA",(208) 248-3626,https://idafoam.com/?utm_source=gbp,5,70,https://maps.google.com/?cid=13667443950008896461&g_mp=Cidnb29nbGUubWFwcy5wbGFjZXMudjEuUGxhY2VzLlNlYXJjaFRleHQQAhgEIAA,OPERATIONAL,"general_contractor,service,point_of_interest,establishment",Insulation contractor,Boise
ChIJd2wQvQdUrlQRW0FCHfNydfk,Paragon Pacific,"2000 E Commercial St, Meridian, ID 83642, USA",(208) 887-9955,,4.5,10,https://maps.google.com/?cid=17975399876212703579&g_mp=Cidnb29nbGUubWFwcy5wbGFjZXMudjEuUGxhY2VzLlNlYXJjaFRleHQQAhgEIAA,OPERATIONAL,"general_contractor,service,point_of_interest,establishment",Insulation contractor,Boise
ChIJ1VKMSTP1WYgRZcYEcs3wl4U,3e Insulation,"5899 N Lakeshore Way, Garden City, ID 83714, USA",(208) 477-4547,http://www.3einsulation.com/,5,98,https://maps.google.com/?cid=9626427493699602021&g_mp=Cidnb29nbGUubWFwcy5wbGFjZXMudjEuUGxhY2VzLlNlYXJjaFRleHQQAhgEIAA,OPERATIONAL,"general_contractor,service,point_of_interest,establishment",Insulation contractor,Boise
ChIJAWFG6ApMrlQRVTxcmp5Sh0I,Idaho Insulation,"1540 11th Ave N Suite 101, Nampa, ID 83687, USA",(208) 684-1970,http://idahoinsulation.com/,4.9,52,https://maps.google.com/?cid=4793891169507228757&g_mp=Cidnb29nbGUubWFwcy5wbGFjZXMudjEuUGxhY2VzLlNlYXJjaFRleHQQAhgEIAA,OPERATIONAL,"general_contractor,service,point_of_interest,establishment",Insulation contractor,Boise
ChIJB1kxB5BXrlQRUL9f4PTbR5Y,Big City Insulation of Idaho,"1314 Shilo Dr, Nampa, ID 83687, USA",(208) 322-3522,https://www.bigcityinsulationidaho.com/?utm_source=google&utm_medium=organic&utm_campaign=listings,4.6,21,https://maps.google.com/?cid=10828865673818521424&g_mp=Cidnb29nbGUubWFwcy5wbGFjZXMudjEuUGxhY2VzLlNlYXJjaFRleHQQAhgEIAA,OPERATIONAL,"roofing_contractor,building_materials_store,general_contractor,supplier,service,store,point_of_interest,establishment",Insulation contractor,Boise
ChIJU5TWlf1WrlQRlJIsbKQbP30,Pro Pac Interiors Inc,"5209 W Emerald St, Boise, ID 83706, USA",(208) 323-6237,http://www.propacinteriors.com/,4.8,5,https://maps.google.com/?cid=9024962571277210260&g_mp=Cidnb29nbGUubWFwcy5wbGFjZXMudjEuUGxhY2VzLlNlYXJjaFRleHQQAhgEIAA,OPERATIONAL,"general_contractor,service,point_of_interest,establishment",Insulation contractor,Boise
ChIJVVREZff3rlQRHOjvGnE-0ic,R-Factor,"W McGregor Dr, Boise, ID 83705, USA",,,5,3,https://maps.google.com/?cid=2869424568092583964&g_mp=Cidnb29nbGUubWFwcy5wbGFjZXMudjEuUGxhY2VzLlNlYXJjaFRleHQQAhgEIAA,OPERATIONAL,"general_contractor,service,point_of_interest,establishment",Insulation contractor,Boise
ChIJAcVAYAEbx4kRDCv62IS5gqw,Aim High,"250 S Eagle Rd #16, Eagle, ID 83616, USA",(208) 225-6935,https://www.insulationeagle.com/,5,13,https://maps.google.com/?cid=12430701901723085580&g_mp=Cidnb29nbGUubWFwcy5wbGFjZXMudjEuUGxhY2VzLlNlYXJjaFRleHQQAhgEIAA,OPERATIONAL,"general_contractor,service,point_of_interest,establishment",Insulation contractor,Boise
ChIJp0RvnxxWrlQRxl-QwGiF6Ck,Siding Pros of Idaho,"9446 Fairview Ave ste a, Boise, ID 83704, USA",(208) 672-1697,https://www.sidingprosofidaho.com/,5,92,https://maps.google.com/?cid=3019810235105697734&g_mp=Cidnb29nbGUubWFwcy5wbGFjZXMudjEuUGxhY2VzLlNlYXJjaFRleHQQAhgEIAA,OPERATIONAL,"roofing_contractor,general_contractor,service,point_of_interest,establishment",Siding contractor,Boise
ChIJzThARqBXrlQRBgXVTHvVmkA,Boise Siding,"1550 S Cloverdale Rd Suite 205, Boise, ID 83709, USA",(208) 965-5049,https://www.boisesiding.net/?utm_source=gmb&utm_medium=local_organic,5,45,https://maps.google.com/?cid=4655267890387551494&g_mp=Cidnb29nbGUubWFwcy5wbGFjZXMudjEuUGxhY2VzLlNlYXJjaFRleHQQAhgEIAA,OPERATIONAL,"service,point_of_interest,establishment",Siding contractor,Boise
ChIJCXP-_Nv5rlQR5Ef2OYvhsUY,Direct Siding Idaho,"4518 W Emerald St, Boise, ID 83706, USA",(208) 230-4168,https://www.directsiding.com/,5,4,https://maps.google.com/?cid=5094100641621886948&g_mp=Cidnb29nbGUubWFwcy5wbGFjZXMudjEuUGxhY2VzLlNlYXJjaFRleHQQAhgEIAA,OPERATIONAL,"service,point_of_interest,establishment",Siding contractor,Boise
ChIJr9pswgxTrlQRProVv_xn8GY,Ideal Siding Boise,"3828 N Twin Eagles Way, Meridian, ID 83646, USA",(208) 510-0771,https://idealsiding.com/us/locations/siding-boise/,4.9,12,https://maps.google.com/?cid=7417542921514498622&g_mp=Cidnb29nbGUubWFwcy5wbGFjZXMudjEuUGxhY2VzLlNlYXJjaFRleHQQAhgEIAA,OPERATIONAL,"service,point_of_interest,establishment",Siding contractor,Boise
ChIJU8XMhvxTrlQRmMOG4WnipXs,Siding Pros Of Idaho,"1311 E Franklin Rd Suite 105, Meridian, ID 83642, USA",(208) 672-1697,https://www.sidingprosofidaho.com/,5,100,https://maps.google.com/?cid=8909776382205543320&g_mp=Cidnb29nbGUubWFwcy5wbGFjZXMudjEuUGxhY2VzLlNlYXJjaFRleHQQAhgEIAA,OPERATIONAL,"service,point_of_interest,establishment",Siding contractor,Boise
ChIJz5dSbrr4rlQR09WQPcLL9cM,Treasure Valley Seamless Siding Company LLC,"113 W 36th St, Boise, ID 83714, USA",(208) 363-0056,https://www.treasurevalleyseamlesssiding.com/,5,7,https://maps.google.com/?cid=14120416241807054291&g_mp=Cidnb29nbGUubWFwcy5wbGFjZXMudjEuUGxhY2VzLlNlYXJjaFRleHQQAhgEIAA,OPERATIONAL,"roofing_contractor,general_contractor,service,point_of_interest,establishment",Siding contractor,Boise
ChIJGT064vpTrlQR15nqKfmpQ7U,Treasure Valley Exteriors,"1915 W Cherry Ln, Meridian, ID 83642, USA",(208) 943-7308,https://www.treasurevalleyexteriors.com/,4.8,643,https://maps.google.com/?cid=13061470231919761879&g_mp=Cidnb29nbGUubWFwcy5wbGFjZXMudjEuUGxhY2VzLlNlYXJjaFRleHQQAhgEIAA,OPERATIONAL,"roofing_contractor,painter,general_contractor,supplier,service,point_of_interest,establishment",Siding contractor,Boise
ChIJMQTe27b5rlQR7tKSWsTPq0c,Amazing Exteriors,"2285 E Warm Springs Ave, Boise, ID 83712, USA",(208) 340-5286,http://amazingexteriors.com/locations/boise/,4.3,40,https://maps.google.com/?cid=5164449839950516974&g_mp=Cidnb29nbGUubWFwcy5wbGFjZXMudjEuUGxhY2VzLlNlYXJjaFRleHQQAhgEIAA,OPERATIONAL,"general_contractor,service,point_of_interest,establishment",Siding contractor,Boise
ChIJU9FLdPhVrlQRQHHtqGD8N_I,HBSI,"269 E 5th St # 107, Meridian, ID 83642, USA",(208) 376-3521,https://hbsiding.com/?utm_source=google&utm_medium=organic&utm_campaign=gbp_website,4.8,49,https://maps.google.com/?cid=17453696372978839872&g_mp=Cidnb29nbGUubWFwcy5wbGFjZXMudjEuUGxhY2VzLlNlYXJjaFRleHQQAhgEIAA,OPERATIONAL,"roofing_contractor,general_contractor,service,point_of_interest,establishment",Siding contractor,Boise
ChIJwQ3XT2b4rlQRNs-HVzenk8k,Idaho Home Exteriors LLC,"999 S Federal Way Ste 8, Boise, ID 83705, USA",(208) 957-7114,http://idahohomeexteriors.com/,3.5,26,https://maps.google.com/?cid=14525137079333539638&g_mp=Cidnb29nbGUubWFwcy5wbGFjZXMudjEuUGxhY2VzLlNlYXJjaFRleHQQAhgEIAA,OPERATIONAL,"roofing_contractor,general_contractor,service,point_of_interest,establishment",Siding contractor,Boise
ChIJydmyWwVVrlQR5ci_g9-ZEWk,Straightline Design,"12783 W Lasalle St Suite B, Boise, ID 83713, USA",(208) 271-4346,https://www.straightlinedesignllc.com/?utm_source=google&utm_medium=organic&utm_campaign=gmb-listing,4.8,78,https://maps.google.com/?cid=7571001633853655269&g_mp=Cidnb29nbGUubWFwcy5wbGFjZXMudjEuUGxhY2VzLlNlYXJjaFRleHQQAhgEIAA,OPERATIONAL,"roofing_contractor,general_contractor,service,point_of_interest,establishment",Siding contractor,Boise
ChIJ_RQk0FnHYVMRQhl47_CC8J4,Direct Siding,"213 E Harrison Ave, Coeur d'Alene, ID 83814, USA",(208) 230-4168,http://www.directsiding.com/,5,5,https://maps.google.com/?cid=11452797823724558658&g_mp=Cidnb29nbGUubWFwcy5wbGFjZXMudjEuUGxhY2VzLlNlYXJjaFRleHQQAhgEIAA,OPERATIONAL,"general_contractor,service,point_of_interest,establishment",Siding contractor,Boise
ChIJsxH_v0dXrlQRBkXSJbBI5AE,Boise Deck Creations,"4062 W Dorian St, Boise, ID 83705, USA",(208) 268-5764,https://www.boisedeck.com/,5,18,https://maps.google.com/?cid=136313810113938694&g_mp=Cidnb29nbGUubWFwcy5wbGFjZXMudjEuUGxhY2VzLlNlYXJjaFRleHQQAhgEIAA,OPERATIONAL,"general_contractor,service,point_of_interest,establishment",Deck builder,Boise
ChIJ8yHYQHqt2YgRH8nZIRXcW6I,Precision Custom Deck Builders,"1311 4th St S, Nampa, ID 83651, USA",(208) 812-5105,https://deckbuildersmeridianid.com/our-services/,5,12,https://maps.google.com/?cid=11699186440345340191&g_mp=Cidnb29nbGUubWFwcy5wbGFjZXMudjEuUGxhY2VzLlNlYXJjaFRleHQQAhgEIAA,OPERATIONAL,"general_contractor,service,point_of_interest,establishment",Deck builder,Boise
ChIJr9SgdNNTrlQR_vaqv9icygU,All Pro Meridian Deck Builders,"113 E Idaho Ave, Meridian, ID 83642, USA",(208) 536-8966,https://deckbuildersmeridianid.com/,5,12,https://maps.google.com/?cid=417318370227713790&g_mp=Cidnb29nbGUubWFwcy5wbGFjZXMudjEuUGxhY2VzLlNlYXJjaFRleHQQAhgEIAA,OPERATIONAL,"general_contractor,service,point_of_interest,establishment",Deck builder,Boise
ChIJGzTFjAJg9yARKMnpvhlx6wU,Sunset decks Idaho,"2385 NE 16th St, Fruitland, ID 83619, USA",(208) 739-6778,https://sunsetdecksidaho.com/,5,32,https://maps.google.com/?cid=426558945107757352&g_mp=Cidnb29nbGUubWFwcy5wbGFjZXMudjEuUGxhY2VzLlNlYXJjaFRleHQQAhgEIAA,OPERATIONAL,"general_contractor,service,point_of_interest,establishment",Deck builder,Boise
ChIJyxTa6QFVrlQRRiiEYeA5uxo,Alpha Boise,"10134 W Garverdale Ln APT 102, Boise, ID 83704, USA",(208) 584-8743,https://www.alphadecksboise.com/,4.9,15,https://maps.google.com/?cid=1926196901502527558&g_mp=Cidnb29nbGUubWFwcy5wbGFjZXMudjEuUGxhY2VzLlNlYXJjaFRleHQQAhgEIAA,OPERATIONAL,"general_contractor,service,point_of_interest,establishment",Deck builder,Boise
ChIJoxKfQAFRrlQRPYr_NXojXn8,Idaho Decking & Outdoor Living,"6986 S Valley Heights Dr, Boise, ID 83709, USA",(208) 409-7931,https://www.idahodecking.com/,5,2,https://maps.google.com/?cid=9177812098426571325&g_mp=Cidnb29nbGUubWFwcy5wbGFjZXMudjEuUGxhY2VzLlNlYXJjaFRleHQQAhgEIAA,OPERATIONAL,"general_contractor,service,point_of_interest,establishment",Deck builder,Boise
ChIJIbtDXoGeBGARjJUyakNtngY,Decked Out | Decks and Outdoor Living,"114 E 43rd St, Garden City, ID 83714, USA",(208) 400-5300,https://deckedoutboise.com/,5,3,https://maps.google.com/?cid=476938746859787660&g_mp=Cidnb29nbGUubWFwcy5wbGFjZXMudjEuUGxhY2VzLlNlYXJjaFRleHQQAhgEIAA,OPERATIONAL,"supplier,general_contractor,service,point_of_interest,establishment",Deck builder,Boise
ChIJ75V_zI77jEkRA4k6bJqOymk,Idlewild Builders,"110 W 31st St Suite 105, Garden City, ID 83714, USA",(208) 616-0132,http://idlewildbuilders.com/,5,2,https://maps.google.com/?cid=7623062113169869059&g_mp=Cidnb29nbGUubWFwcy5wbGFjZXMudjEuUGxhY2VzLlNlYXJjaFRleHQQAhgEIAA,OPERATIONAL,"general_contractor,service,point_of_interest,establishment",Deck builder,Boise
ChIJQ0pbEbP_rlQRT6uk8MtMjU4,Berbower Builds,"2007 N 28th St, Boise, ID 83703, USA",(208) 350-8621,https://berbowerbuilds.com/,5,33,https://maps.google.com/?cid=5660264745473977167&g_mp=Cidnb29nbGUubWFwcy5wbGFjZXMudjEuUGxhY2VzLlNlYXJjaFRleHQQAhgEIAA,OPERATIONAL,"manufacturer,general_contractor,service,point_of_interest,establishment",Deck builder,Boise
ChIJH2KFfilVrlQRcNIn29YT088,Horn Building Co.,"9201 W State St Suite 106, Boise, ID 83714, USA",(208) 871-9670,http://www.hornbuilding.com/,4.9,21,https://maps.google.com/?cid=14975334999457780336&g_mp=Cidnb29nbGUubWFwcy5wbGFjZXMudjEuUGxhY2VzLlNlYXJjaFRleHQQAhgEIAA,OPERATIONAL,"home_goods_store,general_contractor,service,store,point_of_interest,establishment",Deck builder,Boise
ChIJvxnunWW3r1QRgUV1NL9Biho,83-MetalCraft-LLC-Metal Fabrication-Boise,"514 E 45th St unit #12, Garden City, ID 83714, USA",(208) 948-2114,http://www.83metalcraftboise.com/,5,41,https://maps.google.com/?cid=1912413281246856577&g_mp=Cidnb29nbGUubWFwcy5wbGFjZXMudjEuUGxhY2VzLlNlYXJjaFRleHQQAhgEIAA,OPERATIONAL,"manufacturer,general_contractor,service,point_of_interest,establishment",Deck builder,Boise
ChIJcUeFzMWvr1QRTqGtHSCgFL4,Secoma Pools- Boise Pool Construction & Maintenance,"408 S Eagle Rd Suite 205, Eagle, ID 83616, USA",(208) 960-4652,http://secomapoolsidaho.com/,5,56,https://maps.google.com/?cid=13696748426537836878&g_mp=Cidnb29nbGUubWFwcy5wbGFjZXMudjEuUGxhY2VzLlNlYXJjaFRleHQQAhgEIAA,OPERATIONAL,"swimming_pool,general_contractor,sports_activity_location,service,point_of_interest,establishment",Pool service,Boise
ChIJseq7ROz4rlQR8N3Sv4FJ_ZY,Briva Pool and Spa,"1618 N Orchard St, Boise, ID 83706, USA",(208) 891-1462,https://brivapools.com/,4.8,104,https://maps.google.com/?cid=10879933096414862832&g_mp=Cidnb29nbGUubWFwcy5wbGFjZXMudjEuUGxhY2VzLlNlYXJjaFRleHQQAhgEIAA,OPERATIONAL,"general_contractor,service,point_of_interest,establishment",Pool service,Boise
ChIJPd_oneX_rlQRiH0f5Fldwgc,Pool DoctoRx and Spa,"5213 W Chinden Blvd, Boise, ID 83714, USA",(208) 287-3747 ext. 3,https://pooldoctorandspa.com/,4.7,240,https://maps.google.com/?cid=559111944408104328&g_mp=Cidnb29nbGUubWFwcy5wbGFjZXMudjEuUGxhY2VzLlNlYXJjaFRleHQQAhgEIAA,OPERATIONAL,"general_contractor,sporting_goods_store,store,service,point_of_interest,establishment",Pool service,Boise
ChIJib_CBvH_rlQRgYVJbx9CA8A,The Pool Zombie,"10105 W Claudia Rd, Boise, ID 83714, USA",(208) 991-4578,,5,8,https://maps.google.com/?cid=13835975182990804353&g_mp=Cidnb29nbGUubWFwcy5wbGFjZXMudjEuUGxhY2VzLlNlYXJjaFRleHQQAhgEIAA,OPERATIONAL,"service,point_of_interest,establishment",Pool service,Boise
ChIJ9z5_8ixVrlQRj3rUsTrJhnU,Boise Pool Pros,"8670 W Pembrook Dr, Boise, ID 83704, USA",(208) 475-4344,https://www.boisepoolpros.com/,4.8,20,https://maps.google.com/?cid=8468677403245574799&g_mp=Cidnb29nbGUubWFwcy5wbGFjZXMudjEuUGxhY2VzLlNlYXJjaFRleHQQAhgEIAA,OPERATIONAL,"general_contractor,service,point_of_interest,establishment",Pool service,Boise
ChIJ4wZNfgFVrlQRMuGoUVbw-4M,Absolute Pool Care,"7953 W Mossy Cup St, Boise, ID 83709, USA",(208) 841-0388,http://www.absolutepoolcare.us/,4.7,48,https://maps.google.com/?cid=9510459291650810162&g_mp=Cidnb29nbGUubWFwcy5wbGFjZXMudjEuUGxhY2VzLlNlYXJjaFRleHQQAhgEIAA,OPERATIONAL,"service,point_of_interest,establishment",Pool service,Boise
ChIJc_mK08D_rlQRwGi7-efbk68,Peak Performance Pools,"9740 Shields Ave, Boise, ID 83714, USA",(208) 505-1155,http://www.peakperformancepoolsidaho.com/,5,11,https://maps.google.com/?cid=12651697567587592384&g_mp=Cidnb29nbGUubWFwcy5wbGFjZXMudjEuUGxhY2VzLlNlYXJjaFRleHQQAhgEIAA,OPERATIONAL,"service,point_of_interest,establishment",Pool service,Boise
ChIJq6qqqvpVrlQRjYd4gPASVZk,Aaa Quality Pool & Spa Maintenance,"Boise, ID 83704, USA",(208) 570-7755,,1,1,https://maps.google.com/?cid=11048758084980213645&g_mp=Cidnb29nbGUubWFwcy5wbGFjZXMudjEuUGxhY2VzLlNlYXJjaFRleHQQAhgEIAA,OPERATIONAL,"general_contractor,service,point_of_interest,establishment",Pool service,Boise
ChIJ-e8UJC1XrlQRS64_RDoXcv0,Superior Pools,"11880 W President Dr Suite H, Boise, ID 83713, USA",(208) 971-6644,https://superiorpoolsofidaho.com/,4,49,https://maps.google.com/?cid=18262684977961348683&g_mp=Cidnb29nbGUubWFwcy5wbGFjZXMudjEuUGxhY2VzLlNlYXJjaFRleHQQAhgEIAA,OPERATIONAL,"general_contractor,sporting_goods_store,store,service,point_of_interest,establishment",Pool service,Boise
ChIJ_82RpWb3rlQRLetQ-waHIQ4,Ben's Pool Care,"1561 E Wright St, Boise, ID 83706, USA",(208) 449-2448,http://www.benspoolcare.com/,5,3,https://maps.google.com/?cid=1018243454818380589&g_mp=Cidnb29nbGUubWFwcy5wbGFjZXMudjEuUGxhY2VzLlNlYXJjaFRleHQQAhgEIAA,OPERATIONAL,"service,point_of_interest,establishment",Pool service,Boise
ChIJKyVagRhVrlQRulUHYR9pWTE,Family Pool & Spa LLC,"4902 W Chinden Blvd, Boise, ID 83714, USA",(208) 939-7665,http://familypoolandspaid.com/,4.8,135,https://maps.google.com/?cid=3555988964278490554&g_mp=Cidnb29nbGUubWFwcy5wbGFjZXMudjEuUGxhY2VzLlNlYXJjaFRleHQQAhgEIAA,OPERATIONAL,"sporting_goods_store,store,point_of_interest,establishment",Pool service,Boise
ChIJh-dOwzz_rlQR0eeQbXlUiTk,Superior Solutions,"4515 N Glenwood St, Boise, ID 83704, USA",(208) 912-9358,http://superiorsolutionsboise.org/,4.4,13,https://maps.google.com/?cid=4145937812477241297&g_mp=Cidnb29nbGUubWFwcy5wbGFjZXMudjEuUGxhY2VzLlNlYXJjaFRleHQQAhgEIAA,OPERATIONAL,"swimming_pool,sports_activity_location,service,point_of_interest,establishment",Pool service,Boise
ChIJH2ATBLP4rlQRscZJvPqvVEk,Custom Pools Boise,"3848 Osage St, Garden City, ID 83714, USA",(208) 345-2792,http://custompoolsandpatio.com/,4.2,22,https://maps.google.com/?cid=5284041754248070833&g_mp=Cidnb29nbGUubWFwcy5wbGFjZXMudjEuUGxhY2VzLlNlYXJjaFRleHQQAhgEIAA,OPERATIONAL,"general_contractor,service,point_of_interest,establishment",Pool service,Boise
ChIJa1ND9zYM7y4RITQ0g3HzWl4,TNA Pool & Spa,"6099 S Federal Way Ste A04, Boise, ID 83716, USA",(208) 807-0001,https://tnapool.com/,5,15,https://maps.google.com/?cid=6799014256327275553&g_mp=Cidnb29nbGUubWFwcy5wbGFjZXMudjEuUGxhY2VzLlNlYXJjaFRleHQQAhgEIAA,OPERATIONAL,"general_contractor,service,point_of_interest,establishment",Pool service,Boise
ChIJ8cxN199XrlQR0QHnVY9iH1U,All Pro Pool and Spa,"3313 Cherry Ln, Boise, ID 83705, USA",(208) 371-6619,https://allpropoolandspa.com/contact/,5,1,https://maps.google.com/?cid=6133729585262952913&g_mp=Cidnb29nbGUubWFwcy5wbGFjZXMudjEuUGxhY2VzLlNlYXJjaFRleHQQAhgEIAA,OPERATIONAL,"service,point_of_interest,establishment",Pool service,Boise
ChIJ4UKEjx9WrlQR3C5Hzb6jgtQ,Twin Dolphin Pool & Spa,"5657 W Emerald St, Boise, ID 83706, USA",(208) 375-2163,https://twindolphinpools.com/,4.8,203,https://maps.google.com/?cid=15312981722896215772&g_mp=Cidnb29nbGUubWFwcy5wbGFjZXMudjEuUGxhY2VzLlNlYXJjaFRleHQQAhgEIAA,OPERATIONAL,"sporting_goods_store,store,point_of_interest,establishment",Pool service,Boise
ChIJh7mFgbOqr1QReLh6zHPCpPQ,Premier Pools & Spas,"6213 N Cloverdale Rd Suite 110, Boise, ID 83713, USA",(208) 286-4988,https://premierpoolsandspas.com/pool-builders/idaho/boise/,4.6,35,https://maps.google.com/?cid=17628428644042586232&g_mp=Cidnb29nbGUubWFwcy5wbGFjZXMudjEuUGxhY2VzLlNlYXJjaFRleHQQAhgEIAA,OPERATIONAL,"general_contractor,service,point_of_interest,establishment",Pool service,Boise
ChIJs8YdrwpRrlQRXUShlGde9QA,"C.H.I. Pool Contractors, Inc","355 W Victory Rd, Meridian, ID 83642, USA",(208) 288-2259,,3.5,17,https://maps.google.com/?cid=69065168262349917&g_mp=Cidnb29nbGUubWFwcy5wbGFjZXMudjEuUGxhY2VzLlNlYXJjaFRleHQQAhgEIAA,OPERATIONAL,"swimming_pool,general_contractor,sports_activity_location,point_of_interest,service,establishment",Pool cleaning,Boise
ChIJueU3rWRWrlQR-vFobInPtK0,Aquabot Pool Cleaners,"9543 W Emerald St #101, Boise, ID 83704, USA",(866) 931-1071,http://aquabot-pool-cleaner.com,,0,https://maps.google.com/?cid=12516857453505737210&g_mp=Cidnb29nbGUubWFwcy5wbGFjZXMudjEuUGxhY2VzLlNlYXJjaFRleHQQAhgEIAA,OPERATIONAL,"point_of_interest,service,establishment",Pool cleaning,Boise
ChIJfTZczeHI1aMR1SdSGYDTnfI,Boise Fiberglass Pool Design and Installation,"7241 Potomac Dr, Boise, ID 83704, USA",(208) 960-4652,https://www.boisepooldesignandinstallation.com/,5,13,https://maps.google.com/?cid=17482361875656222677&g_mp=Cidnb29nbGUubWFwcy5wbGFjZXMudjEuUGxhY2VzLlNlYXJjaFRleHQQAhgEIAA,OPERATIONAL,"general_contractor,point_of_interest,service,establishment",Pool cleaning,Boise
ChIJjUNSEwVWrlQRpUXF9Ic83Ws,Cross Town Movers,"1419 N Eldorado St, Boise, ID 83704, USA",(208) 378-0226,http://crosstownmovers.net/,4.9,1372,https://maps.google.com/?cid=7772435086536164773&g_mp=Cidnb29nbGUubWFwcy5wbGFjZXMudjEuUGxhY2VzLlNlYXJjaFRleHQQAhgEIAA,OPERATIONAL,"moving_company,transportation_service,service,point_of_interest,establishment",Moving company,Boise
ChIJ6dLTRiJWrlQRomVibi6Mv3Q,208 Moving Company,"4744 Fenton St, Garden City, ID 83714, USA",(208) 841-5993,https://208moving.com/,4.9,994,https://maps.google.com/?cid=8412596759999702434&g_mp=Cidnb29nbGUubWFwcy5wbGFjZXMudjEuUGxhY2VzLlNlYXJjaFRleHQQAhgEIAA,OPERATIONAL,"moving_company,transportation_service,service,point_of_interest,establishment",Moving company,Boise
ChIJm8M4dLP4rlQR_gTcQsIBY8Y,Two Men and a Truck Moving,"5414 W Franklin Rd, Meridian, ID 83642, USA",(208) 759-0033,https://twomenandatruck.com/movers/id/boise?utm_source=google&utm_medium=organic&utm_campaign=gmb,4.8,424,https://maps.google.com/?cid=14295271576061084926&g_mp=Cidnb29nbGUubWFwcy5wbGFjZXMudjEuUGxhY2VzLlNlYXJjaFRleHQQAhgEIAA,OPERATIONAL,"moving_company,shipping_service,storage,transportation_service,service,store,point_of_interest,establishment",Moving company,Boise
ChIJeZviMPj3rlQRf-6df0SKjnY,All My Sons Moving & Storage,"3987 W Chinden Blvd, Garden City, ID 83714, USA",(208) 494-9819,https://www.allmysons.com/idaho/boise/index.aspx?utm_source=GMBlisting&utm_medium=organic&phone=208-494-9819,4.7,2167,https://maps.google.com/?cid=8542917569971875455&g_mp=Cidnb29nbGUubWFwcy5wbGFjZXMudjEuUGxhY2VzLlNlYXJjaFRleHQQAhgEIAA,OPERATIONAL,"moving_company,shipping_service,storage,transportation_service,service,store,point_of_interest,establishment",Moving company,Boise
ChIJq6qqqvpVrlQROWuebI6xjqM,Delicate Touch Moving,"4931 N Parkwood St, Boise, ID 83704, USA",(208) 713-4216,http://delicatetouchmoving.com/,4.8,257,https://maps.google.com/?cid=11785552500140960569&g_mp=Cidnb29nbGUubWFwcy5wbGFjZXMudjEuUGxhY2VzLlNlYXJjaFRleHQQAhgEIAA,OPERATIONAL,"moving_company,shipping_service,storage,transportation_service,manufacturer,service,point_of_interest,establishment",Moving company,Boise
ChIJT3KmWDH5rlQR4RY26t2jPhE,Bluebird Moving,"5325 W Kendall St, Boise, ID 83706, USA",(208) 600-1953,http://www.bluebirdmoving.com/,5,335,https://maps.google.com/?cid=1242610720713348833&g_mp=Cidnb29nbGUubWFwcy5wbGFjZXMudjEuUGxhY2VzLlNlYXJjaFRleHQQAhgEIAA,OPERATIONAL,"moving_company,transportation_service,service,point_of_interest,establishment",Moving company,Boise
ChIJWzaADbH3rlQRzdWqCZlKaKg,Idaho Premier Moving,"262 E Lake Rim Ln, Boise, ID 83716, USA",(208) 248-6006,http://boiselocalmoving.com/?utm_source=gmb&utm_medium=organic&utm_campaign=boise,5,161,https://maps.google.com/?cid=12135031217102443981&g_mp=Cidnb29nbGUubWFwcy5wbGFjZXMudjEuUGxhY2VzLlNlYXJjaFRleHQQAhgEIAA,OPERATIONAL,"moving_company,transportation_service,service,point_of_interest,establishment",Moving company,Boise
ChIJ73Ll54P5rlQROwtiGpBEkkA,Treasure Valley Movers,"7202 W Victory Rd, Boise, ID 83709, USA",(208) 261-4228,https://treasurevalleymoverz.com/,4.8,89,https://maps.google.com/?cid=4652856750735756091&g_mp=Cidnb29nbGUubWFwcy5wbGFjZXMudjEuUGxhY2VzLlNlYXJjaFRleHQQAhgEIAA,OPERATIONAL,"moving_company,transportation_service,service,point_of_interest,establishment",Moving company,Boise
ChIJXzmtpP_5rlQRLNUKHzaLcv0,BustNMoves Moving Company,"820 S Latah St STE 105, Boise, ID 83705, USA",(208) 904-0766,https://bustnmoves.com/movers/boise-id/?utm_source=gmb&utm_medium=organic&utm_campaign=listing&utm_content=boise,5,188,https://maps.google.com/?cid=18262812503506081068&g_mp=Cidnb29nbGUubWFwcy5wbGFjZXMudjEuUGxhY2VzLlNlYXJjaFRleHQQAhgEIAA,OPERATIONAL,"moving_company,shipping_service,storage,transportation_service,manufacturer,service,store,point_of_interest,establishment",Moving company,Boise
ChIJgQScqRNFrlQRGt31lv_7gLc,All In One Moving Llc,"2807 S Cole Rd, Boise, ID 83709, USA",(208) 999-8036,https://allinonemovingllc.com/,4.9,27,https://maps.google.com/?cid=13222845581127703834&g_mp=Cidnb29nbGUubWFwcy5wbGFjZXMudjEuUGxhY2VzLlNlYXJjaFRleHQQAhgEIAA,OPERATIONAL,"moving_company,shipping_service,storage,transportation_service,finance,consultant,service,point_of_interest,establishment",Moving company,Boise
ChIJeSSnNff3rlQRT8P1T4JIYTc,Boise Moving and Storage,"300 N Steelhead Way, Boise, ID 83704, USA",(208) 342-5566,https://boisemoving.com/?utm_source=gmb&utm_medium=organic&utm_content=gmb_listing&utm_campaign=location_boise,4.9,53,https://maps.google.com/?cid=3990550469351424847&g_mp=Cidnb29nbGUubWFwcy5wbGFjZXMudjEuUGxhY2VzLlNlYXJjaFRleHQQAhgEIAA,OPERATIONAL,"moving_company,shipping_service,storage,transportation_service,service,point_of_interest,establishment",Moving company,Boise
ChIJb-JBc3D4rlQREGJb7yvWkqs,Micro Movers Idaho,"4503 S Federal Way, Boise, ID 83716, USA",(208) 914-5700,http://www.micromoversidaho.com/,4.7,82,https://maps.google.com/?cid=12363179411273114128&g_mp=Cidnb29nbGUubWFwcy5wbGFjZXMudjEuUGxhY2VzLlNlYXJjaFRleHQQAhgEIAA,OPERATIONAL,"moving_company,storage,transportation_service,service,point_of_interest,establishment",Moving company,Boise
ChIJtXF-OWj4rlQRyGMrfBeHh3g,Whitewater moving,"1177 W Wright St #33, Boise, ID 83705, USA",(208) 608-6208,http://whitewatermoving.com/,4.9,105,https://maps.google.com/?cid=8685058941344506824&g_mp=Cidnb29nbGUubWFwcy5wbGFjZXMudjEuUGxhY2VzLlNlYXJjaFRleHQQAhgEIAA,OPERATIONAL,"moving_company,transportation_service,service,point_of_interest,establishment",Moving company,Boise
ChIJG25bVp9WrlQRunhzODdBukk,"Associated Pacific Movers, Inc.","12348 W Franklin Rd, Boise, ID 83709, USA",(208) 376-8660,https://idahohousemovers.com/,4.5,51,https://maps.google.com/?cid=5312630415863019706&g_mp=Cidnb29nbGUubWFwcy5wbGFjZXMudjEuUGxhY2VzLlNlYXJjaFRleHQQAhgEIAA,OPERATIONAL,"moving_company,transportation_service,service,point_of_interest,establishment",Moving company,Boise
ChIJORRP8DH2rlQRDirylRe8g4Y,Mesa Moving and Storage: Boise,"7600 S Eisenman Rd, Boise, ID 83716, USA",(208) 336-7000,https://mesamoving.com/locations/boise-id/?utm_source=google&utm_medium=gmb&utm_campaign=gmb-boise,4.7,185,https://maps.google.com/?cid=9692797632517384718&g_mp=Cidnb29nbGUubWFwcy5wbGFjZXMudjEuUGxhY2VzLlNlYXJjaFRleHQQAhgEIAA,OPERATIONAL,"moving_company,shipping_service,storage,transportation_service,service,point_of_interest,establishment",Moving company,Boise
ChIJ1eJ_75NuLE0Ri6UQtc7KDqo,I-84 Express Movers and Delivery,"4090 W State St #222, Boise, ID 83703, USA",(208) 850-5427,https://www.i84expressdelivery.com/,5,131,https://maps.google.com/?cid=12253954625271539083&g_mp=Cidnb29nbGUubWFwcy5wbGFjZXMudjEuUGxhY2VzLlNlYXJjaFRleHQQAhgEIAA,OPERATIONAL,"moving_company,transportation_service,service,point_of_interest,establishment",Moving company,Boise
ChIJ_Zcx_wyNKCARIYcpxiStR8w,A Moving Company,"3693 E Florence Dr, Meridian, ID 83642, USA",(208) 576-4901,https://www.amovingcompanyllc.com/,4.9,108,https://maps.google.com/?cid=14719924280538793761&g_mp=Cidnb29nbGUubWFwcy5wbGFjZXMudjEuUGxhY2VzLlNlYXJjaFRleHQQAhgEIAA,OPERATIONAL,"moving_company,transportation_service,service,point_of_interest,establishment",Moving company,Boise
ChIJdxYMw_dVrlQRN7t03EH4hyo,Caseboise Moving,"1220 N Cole Rd, Boise, ID 83704, USA",(208) 884-5191,https://www.caseboisemovingcompany.com/,4.9,80,https://maps.google.com/?cid=3064691033204112183&g_mp=Cidnb29nbGUubWFwcy5wbGFjZXMudjEuUGxhY2VzLlNlYXJjaFRleHQQAhgEIAA,OPERATIONAL,"moving_company,transportation_service,service,point_of_interest,establishment",Moving company,Boise
ChIJT3gZohz4rlQRBxkwuvVn8Q0,"Air Van Moving | Residential & Commercial Movers Boise, ID","3340 S Denver Way, Boise, ID 83705, USA",(208) 345-3030,https://airvanmoving.com/boise-movers/,4.7,73,https://maps.google.com/?cid=1004698496968694023&g_mp=Cidnb29nbGUubWFwcy5wbGFjZXMudjEuUGxhY2VzLlNlYXJjaFRleHQQAhgEIAA,OPERATIONAL,"moving_company,shipping_service,storage,transportation_service,service,point_of_interest,establishment",Moving company,Boise
ChIJJSesUINWrlQRPBnDgpq8vMI,"Merchants Moving & Storage, Inc.","11345 W Executive Dr, Boise, ID 83713, USA",(208) 376-8990,http://www.merchantsmoving.com/?y_source=1_ODE3NTM3LTcxNS1sb2NhdGlvbi53ZWJzaXRl,4.7,145,https://maps.google.com/?cid=14032297910784432444&g_mp=Cidnb29nbGUubWFwcy5wbGFjZXMudjEuUGxhY2VzLlNlYXJjaFRleHQQAhgEIAA,OPERATIONAL,"moving_company,transportation_service,service,point_of_interest,establishment",Moving company,Boise
ChIJa8gLm-P4rlQRyVtBgBhK8UM,Junk Holler,"1111 S Orchard St Ste 216, Boise, ID 83705, USA",(208) 899-4000,https://junkholler.com/?utm_source=Google&utm_medium=GMB,5,795,https://maps.google.com/?cid=4895775739019877321&g_mp=Cidnb29nbGUubWFwcy5wbGFjZXMudjEuUGxhY2VzLlNlYXJjaFRleHQQAhgEIAA,OPERATIONAL,"service,point_of_interest,establishment",Junk removal,Boise
ChIJS9mqfppVrlQRxrG7gwERTQU,We Haul Boise,"2875 N Camden Pl, Boise, ID 83704, USA",(208) 242-3039,https://www.wehaulboise.com/,5,429,https://maps.google.com/?cid=381980241599115718&g_mp=Cidnb29nbGUubWFwcy5wbGFjZXMudjEuUGxhY2VzLlNlYXJjaFRleHQQAhgEIAA,OPERATIONAL,"moving_company,transportation_service,service,point_of_interest,establishment",Junk removal,Boise
ChIJtTWIf0L_rlQRqdulYqKr950,Junk King Boise,"5107 Alworth St, Boise, ID 83714, USA",(208) 495-4607,https://www.junk-king.com/locations/boise?cid=LSTL_JKG-US000187&utm_source=gmb&utm_campaign=local&utm_medium=organic,4.9,1397,https://maps.google.com/?cid=11382755297130306473&g_mp=Cidnb29nbGUubWFwcy5wbGFjZXMudjEuUGxhY2VzLlNlYXJjaFRleHQQAhgEIAA,OPERATIONAL,"service,point_of_interest,establishment",Junk removal,Boise
ChIJ6wQuk6Wqr1QRI0fk-m2x67s,Junk Bros.,"4110 W State St, Boise, ID 83703, USA",(208) 297-8720,http://www.junk-bros.com/,5,365,https://maps.google.com/?cid=13541111790538344227&g_mp=Cidnb29nbGUubWFwcy5wbGFjZXMudjEuUGxhY2VzLlNlYXJjaFRleHQQAhgEIAA,OPERATIONAL,"service,point_of_interest,establishment",Junk removal,Boise
ChIJT8W5Iqitr1QRK2Zf6Bdu16o,Full House Junk Removal & Demolition,"950 W Bannock St Suite 1100, Boise, ID 83702, USA",(208) 994-2429,https://fullhousejunkremoval.com/,5,136,https://maps.google.com/?cid=12310429155402409515&g_mp=Cidnb29nbGUubWFwcy5wbGFjZXMudjEuUGxhY2VzLlNlYXJjaFRleHQQAhgEIAA,OPERATIONAL,"general_contractor,service,point_of_interest,establishment",Junk removal,Boise
ChIJWX894LFTrlQR7CDKpJOLAmU,The Junkluggers of Treasure Valley,"2873 S Cole Rd, Boise, ID 83709, USA",(208) 643-7726,https://www.junkluggers.com/treasure-valley/?utm_source=gbp&utm_medium=organic&utm_campaign=632458_-JL0102-,5,594,https://maps.google.com/?cid=7278533414025306348&g_mp=Cidnb29nbGUubWFwcy5wbGFjZXMudjEuUGxhY2VzLlNlYXJjaFRleHQQAhgEIAA,OPERATIONAL,"service,point_of_interest,establishment",Junk removal,Boise
ChIJSc-xsx03QqARHfHxXUD9TqU,Junk Man Treasure Valley,"3463 N Tradewind Ave, Meridian, ID 83646, USA",(208) 204-6431,https://www.junkmantreasurevalley.com/,5,200,https://maps.google.com/?cid=11911736517337411869&g_mp=Cidnb29nbGUubWFwcy5wbGFjZXMudjEuUGxhY2VzLlNlYXJjaFRleHQQAhgEIAA,OPERATIONAL,"service,point_of_interest,establishment",Junk removal,Boise
ChIJM3caEHsxbEcRPME_jjjMvbg,Junk Haul Boise,"502 W Hale St, Boise, ID 83706, USA",(208) 347-8250,https://junkhaulboise.com/,5,35,https://maps.google.com/?cid=13312020616853831996&g_mp=Cidnb29nbGUubWFwcy5wbGFjZXMudjEuUGxhY2VzLlNlYXJjaFRleHQQAhgEIAA,OPERATIONAL,"service,point_of_interest,establishment",Junk removal,Boise
ChIJSUIm2uRVrlQRmxNCPt74xsc,Treasure Valley Haul Away,"493 W Lockhart Ln, Meridian, ID 83646, USA",(208) 999-0895,https://treasurevalleyhaulaway.com/,5,307,https://maps.google.com/?cid=14395466892347315099&g_mp=Cidnb29nbGUubWFwcy5wbGFjZXMudjEuUGxhY2VzLlNlYXJjaFRleHQQAhgEIAA,OPERATIONAL,"service,point_of_interest,establishment",Junk removal,Boise
ChIJz63bo0O3r1QRufHW9IJKKUk,Top Shelf Junk Removal and Demolition,"1755 N Westgate Dr Suite 110, Boise, ID 83704, USA",(208) 593-2877,https://topshelfpros.com/,5,325,https://maps.google.com/?cid=5271826765127807417&g_mp=Cidnb29nbGUubWFwcy5wbGFjZXMudjEuUGxhY2VzLlNlYXJjaFRleHQQAhgEIAA,OPERATIONAL,"general_contractor,service,point_of_interest,establishment",Junk removal,Boise
ChIJfeCYTVtFrlQRCa_OZipLu6Y,Simon Says Junk It LLC,"2625 North Elk Creek Ave, Kuna, ID 83634, USA",(208) 249-4798,https://simonsaysjunkit.com/,5,47,https://maps.google.com/?cid=12014279076426460937&g_mp=Cidnb29nbGUubWFwcy5wbGFjZXMudjEuUGxhY2VzLlNlYXJjaFRleHQQAhgEIAA,OPERATIONAL,"service,point_of_interest,establishment",Junk removal,Boise
ChIJZ3gLv6WLUAoRi2gC68Iopq0,Boise River Junk Removal,"607 Empress St, Boise, ID 83713, USA",(208) 563-3103,https://www.boiseriverjunkremoval.com/,4.9,96,https://maps.google.com/?cid=12512733432327071883&g_mp=Cidnb29nbGUubWFwcy5wbGFjZXMudjEuUGxhY2VzLlNlYXJjaFRleHQQAhgEIAA,OPERATIONAL,"service,point_of_interest,establishment",Junk removal,Boise
ChIJpVnCh8-DqigRPxWhtUWgp7k,Haul Away Junk,"13316 W Satinleaf Dr, Boise, ID 83713, USA",(208) 919-5662,https://haulawayjunks.com/,5,3,https://maps.google.com/?cid=13377837439387768127&g_mp=Cidnb29nbGUubWFwcy5wbGFjZXMudjEuUGxhY2VzLlNlYXJjaFRleHQQAhgEIAA,OPERATIONAL,"service,point_of_interest,establishment",Junk removal,Boise
ChIJFTXAHYFVrlQRUbEH2ZF1zcA,Treasure Valley Disposal & Pink Steel Dumpsters,"1111 S Orchard St #147, Boise, ID 83705, USA",(208) 994-0177,https://treasurevalleydisposalllc.com/,4.9,19,https://maps.google.com/?cid=13892889694779715921&g_mp=Cidnb29nbGUubWFwcy5wbGFjZXMudjEuUGxhY2VzLlNlYXJjaFRleHQQAhgEIAA,OPERATIONAL,"general_contractor,service,point_of_interest,establishment",Junk removal,Boise
ChIJ05jae32IRiARbjfX0-obNts,Boise Chimney Company,"219 N 27th St STE 16, Boise, ID 83702, USA",(208) 296-4247,https://www.boisechimney.com/,5,144,https://maps.google.com/?cid=15795843438438987630&g_mp=Cidnb29nbGUubWFwcy5wbGFjZXMudjEuUGxhY2VzLlNlYXJjaFRleHQQAhgEIAA,OPERATIONAL,"service,point_of_interest,establishment",Chimney sweep,Boise
ChIJFS1eL6JQrlQRTQrvDwNAgBk,Capitol Chimney Sweep,"11844 W Hidden Valley Rim Rd, Boise, ID 83709, USA",(208) 362-1989,http://capitolchimneysweeps.com/,5,28,https://maps.google.com/?cid=1837539029863565901&g_mp=Cidnb29nbGUubWFwcy5wbGFjZXMudjEuUGxhY2VzLlNlYXJjaFRleHQQAhgEIAA,OPERATIONAL,"service,point_of_interest,establishment",Chimney sweep,Boise
ChIJw6XOJmAKr1QRNDks1gwzFR8,A Fireman's Chimney Sweep,"1901 N Washington Ave, Emmett, ID 83617, USA",(208) 890-4588,http://www.firemancs.com/,4.8,359,https://maps.google.com/?cid=2239752519912536372&g_mp=Cidnb29nbGUubWFwcy5wbGFjZXMudjEuUGxhY2VzLlNlYXJjaFRleHQQAhgEIAA,OPERATIONAL,"general_contractor,service,point_of_interest,establishment",Chimney sweep,Boise
ChIJZ7wGzRf_rlQRLIQzy6_mW4A,All Valley Fireplace,"5123 N Sawyer Ave, Garden City, ID 83714, USA",(208) 586-3473,https://www.allvalleyfp.com/,4.9,361,https://maps.google.com/?cid=9249239902438261804&g_mp=Cidnb29nbGUubWFwcy5wbGFjZXMudjEuUGxhY2VzLlNlYXJjaFRleHQQAhgEIAA,OPERATIONAL,"home_improvement_store,home_goods_store,store,point_of_interest,establishment",Chimney sweep,Boise
ChIJcXu6l5_4rlQRr4ZqRxIdJmk,The Windshield Guy,"5373 W Emerald St, Boise, ID 83706, USA",(208) 344-5566,http://www.thewindshieldguy.com/,4.9,674,https://maps.google.com/?cid=7576775387442218671&g_mp=Cidnb29nbGUubWFwcy5wbGFjZXMudjEuUGxhY2VzLlNlYXJjaFRleHQQAhgEIAA,OPERATIONAL,"car_repair,building_materials_store,point_of_interest,service,store,establishment",Glass repair,Boise
ChIJTw4dqkpWrlQR5TwfdhZUN1g,Glass Monkey,"7646 Lemhi St, Boise, ID 83709, USA",(208) 320-6650,http://www.glassmonkeywindshields.com/,4.9,403,https://maps.google.com/?cid=6356641854504516837&g_mp=Cidnb29nbGUubWFwcy5wbGFjZXMudjEuUGxhY2VzLlNlYXJjaFRleHQQAhgEIAA,OPERATIONAL,"car_repair,point_of_interest,service,establishment",Glass repair,Boise
ChIJl7k-VgZUrlQRbE_JKobhJRM,Glass Doctor of Southwest Idaho,"44 S Meridian Rd, Meridian, ID 83642, USA",(208) 957-5326,https://glassdoctor.com/boise?cid=LSTL_MGD000191&utm_source=gmb&utm_campaign=local&utm_medium=organic,4.9,1511,https://maps.google.com/?cid=1379756827218628460&g_mp=Cidnb29nbGUubWFwcy5wbGFjZXMudjEuUGxhY2VzLlNlYXJjaFRleHQQAhgEIAA,OPERATIONAL,"general_contractor,car_repair,building_materials_store,point_of_interest,service,store,establishment",Glass repair,Boise
ChIJYwYApa5XrlQRf6RWTx4F4-0,Fast Glass,"2222 S Cole Rd, Boise, ID 83709, USA",(208) 384-1336,http://www.fastglassinc.com/locations/boise,4.6,438,https://maps.google.com/?cid=17141550234440475775&g_mp=Cidnb29nbGUubWFwcy5wbGFjZXMudjEuUGxhY2VzLlNlYXJjaFRleHQQAhgEIAA,OPERATIONAL,"general_contractor,car_repair,building_materials_store,point_of_interest,service,store,establishment",Glass repair,Boise
ChIJ638UssP4rlQR5LgCZaRp4X4,Valley Glass - Boise,"105 N 24th St, Boise, ID 83702, USA",(208) 344-6518,https://www.valleyglass.com/boise,4.7,138,https://maps.google.com/?cid=9142704873329047780&g_mp=Cidnb29nbGUubWFwcy5wbGFjZXMudjEuUGxhY2VzLlNlYXJjaFRleHQQAhgEIAA,OPERATIONAL,"general_contractor,car_repair,building_materials_store,manufacturer,point_of_interest,service,store,establishment",Glass repair,Boise
ChIJnYTzEwD_rlQRSPok7RJHEgc,Glass Doctor of Eagle & Boise,"6845 N Gardener Ln, Garden City, ID 83714, USA",(208) 888-1096,https://glassdoctor.com/eagle-boise?cid=LSTL_MGD000191&utm_source=gmb&utm_campaign=local&utm_medium=organic,4.9,119,https://maps.google.com/?cid=509547854459894344&g_mp=Cidnb29nbGUubWFwcy5wbGFjZXMudjEuUGxhY2VzLlNlYXJjaFRleHQQAhgEIAA,OPERATIONAL,"general_contractor,car_repair,building_materials_store,point_of_interest,service,store,establishment",Glass repair,Boise
ChIJVyC3AW9WrlQRzbzN3oaKqRM,Cascade Auto Glass,"445 Steelhead Way, Boise, ID 83704, USA",(208) 378-4330,https://cascadeautoglass.com/in/boise-id/?utm_source=google_business&utm_medium=organic&utm_campaign=boi,4.8,248,https://maps.google.com/?cid=1416815869653007565&g_mp=Cidnb29nbGUubWFwcy5wbGFjZXMudjEuUGxhY2VzLlNlYXJjaFRleHQQAhgEIAA,OPERATIONAL,"car_repair,point_of_interest,service,establishment",Glass repair,Boise
ChIJT53GUZ_4rlQR02afLs583KU,Atkinson's Mirror and Glass,"909 N Orchard St, Boise, ID 83706, USA",(208) 375-3762,http://atkinsonsmirrorandglass.com/,4.4,276,https://maps.google.com/?cid=11951564736121759443&g_mp=Cidnb29nbGUubWFwcy5wbGFjZXMudjEuUGxhY2VzLlNlYXJjaFRleHQQAhgEIAA,OPERATIONAL,"general_contractor,point_of_interest,service,establishment",Glass repair,Boise
ChIJA3cMq0pWrlQR5pSOcZkJ7B8,Safelite AutoGlass,"6310 W Overland Rd, Boise, ID 83709, USA",(208) 922-6611,https://www.safelite.com/stores/Boise-Overland?utm_source=yext&utm_medium=list&utm_campaign=local&y_source=1_MTc4Njg1OS03MTUtbG9jYXRpb24ud2Vic2l0ZQ%3D%3D,4.3,206,https://maps.google.com/?cid=2300224064319296742&g_mp=Cidnb29nbGUubWFwcy5wbGFjZXMudjEuUGxhY2VzLlNlYXJjaFRleHQQAhgEIAA,OPERATIONAL,"point_of_interest,establishment",Glass repair,Boise
ChIJsbQhALv4rlQR7g0dg5N24O0,Ashley Glass Co,"208 W 34th St, Boise, ID 83714, USA",(208) 345-0682,http://www.ashleyglass.com/,4.7,41,https://maps.google.com/?cid=17140830557704097262&g_mp=Cidnb29nbGUubWFwcy5wbGFjZXMudjEuUGxhY2VzLlNlYXJjaFRleHQQAhgEIAA,OPERATIONAL,"building_materials_store,point_of_interest,store,establishment",Glass repair,Boise
ChIJEY--K5eqr1QRohvURUZQhbs,Patriot Mobile Auto Glass Repair,"11801 W Box Canyon St, Star, ID 83669, USA",(208) 991-7686,https://www.patriotglassrepair.com/,5,246,https://maps.google.com/?cid=13512294519744502690&g_mp=Cidnb29nbGUubWFwcy5wbGFjZXMudjEuUGxhY2VzLlNlYXJjaFRleHQQAhgEIAA,OPERATIONAL,"car_repair,point_of_interest,service,establishment",Glass repair,Boise
ChIJaaScnn9WrlQRUqm5gXJilKE,Roadrunner Glass co inc.,"11777 W Fairview Ave, Boise, ID 83713, USA",(208) 345-8685,https://www.roadrunnerglassboise.com/,4.7,85,https://maps.google.com/?cid=11643039180601796946&g_mp=Cidnb29nbGUubWFwcy5wbGFjZXMudjEuUGxhY2VzLlNlYXJjaFRleHQQAhgEIAA,OPERATIONAL,"home_improvement_store,home_goods_store,building_materials_store,manufacturer,point_of_interest,store,establishment",Glass repair,Boise
ChIJX8GvBruqr1QRMFHFhwpTlq0,"Summit Auto Glass, LLC","335 S Edgewood Ln #110, Eagle, ID 83616, USA",(208) 287-4252,http://www.summitautoglassllc.com/,5,654,https://maps.google.com/?cid=12508276319760765232&g_mp=Cidnb29nbGUubWFwcy5wbGFjZXMudjEuUGxhY2VzLlNlYXJjaFRleHQQAhgEIAA,OPERATIONAL,"car_repair,point_of_interest,service,establishment",Glass repair,Boise
ChIJVcyDkKZVrlQRC1l_qvf1OtQ,Boise Glass Repair,"3832 N Elgin Way, Boise, ID 83713, USA",(208) 901-5888,https://www.boiseglassrepair.com/,4.9,29,https://maps.google.com/?cid=15292805928756140299&g_mp=Cidnb29nbGUubWFwcy5wbGFjZXMudjEuUGxhY2VzLlNlYXJjaFRleHQQAhgEIAA,OPERATIONAL,"car_repair,point_of_interest,service,establishment",Glass repair,Boise
ChIJ86eJIqSNtUoRQE4RllvlzsU,Custom Auto Glass,"223 Chester Dr, Boise, ID 83706, USA",(208) 867-2517,http://www.customautoglassid.com/,5,44,https://maps.google.com/?cid=14253582052196699712&g_mp=Cidnb29nbGUubWFwcy5wbGFjZXMudjEuUGxhY2VzLlNlYXJjaFRleHQQAhgEIAA,OPERATIONAL,"car_repair,building_materials_store,point_of_interest,service,store,establishment",Glass repair,Boise
ChIJ8TGQN7VVrlQRbm3k2p1_UX8,Avalon Glass,"4744 Fenton St Suite A, Garden City, ID 83714, USA",(208) 866-4341,https://www.avalonglassidaho.com/,5,39,https://maps.google.com/?cid=9174254231889407342&g_mp=Cidnb29nbGUubWFwcy5wbGFjZXMudjEuUGxhY2VzLlNlYXJjaFRleHQQAhgEIAA,OPERATIONAL,"building_materials_store,point_of_interest,service,store,establishment",Glass repair,Boise
ChIJEc1_CRRVrlQR50rSG6TmncY,Safelite AutoGlass,"11575 W President Dr, Boise, ID 83713, USA",(208) 813-6481,https://www.safelite.com/stores/Boise?utm_source=yext&utm_medium=list&utm_campaign=local&y_source=1_MTc4Njg1OC03MTUtbG9jYXRpb24ud2Vic2l0ZQ%3D%3D,4.4,509,https://maps.google.com/?cid=14311848783369095911&g_mp=Cidnb29nbGUubWFwcy5wbGFjZXMudjEuUGxhY2VzLlNlYXJjaFRleHQQAhgEIAA,OPERATIONAL,"point_of_interest,establishment",Glass repair,Boise
ChIJOUtJajtXrlQRPfOJHeXg3jc,Gatsby Glass of Treasure Valley,"276 N Maple Grove Rd STE 120, Boise, ID 83704, USA",(208) 427-2296,https://www.gatsbyglass.com/treasure-valley-id/,5,160,https://maps.google.com/?cid=4025902391563514685&g_mp=Cidnb29nbGUubWFwcy5wbGFjZXMudjEuUGxhY2VzLlNlYXJjaFRleHQQAhgEIAA,OPERATIONAL,"general_contractor,building_materials_store,point_of_interest,service,store,establishment",Glass repair,Boise
ChIJu-yF5jxTrlQR7r0i-5ujF0E,Glass Now!,"426 N Main St, Meridian, ID 83642, USA",(208) 780-3495,https://www.myglassnow.com/,4.9,62,https://maps.google.com/?cid=4690397427258277358&g_mp=Cidnb29nbGUubWFwcy5wbGFjZXMudjEuUGxhY2VzLlNlYXJjaFRleHQQAhgEIAA,OPERATIONAL,"pet_care,general_contractor,car_repair,building_materials_store,point_of_interest,service,store,establishment",Glass repair,Boise
ChIJQ1vjPev3rlQR_VIPs5Ub5Y8,Fresh Glass Mobile Windshield Repair,"820 E Bergeson St, Boise, ID 83706, USA",(208) 918-1220,,5,1,https://maps.google.com/?cid=10368724046858638077&g_mp=Cidnb29nbGUubWFwcy5wbGFjZXMudjEuUGxhY2VzLlNlYXJjaFRleHQQAhgEIAA,OPERATIONAL,"car_repair,point_of_interest,service,establishment",Glass repair,Boise
ChIJVYb1a2FVrlQRn9qZqjqxfG0,Elevated Windows & Doors,"110 E 43rd St, Garden City, ID 83714, USA",(208) 880-3333,https://www.elevatedwindowsdoors.com/?utm_source=gbp,4.9,101,https://maps.google.com/?cid=7889375512774695583&g_mp=Cidnb29nbGUubWFwcy5wbGFjZXMudjEuUGxhY2VzLlNlYXJjaFRleHQQAhgEIAA,OPERATIONAL,"general_contractor,supplier,point_of_interest,service,establishment",Window repair,Boise
ChIJ-ye3xSRWrlQRVNNfStItMgs,Champion Replacement Windows of Boise,"6010 W Franklin St, Boise, ID 83709, USA",(208) 629-7369,https://www.championwindow.com/Boise/?utm_source=google&utm_medium=organic&utm_campaign=gmb_boise_localpage,4.4,373,https://maps.google.com/?cid=806757664466916180&g_mp=Cidnb29nbGUubWFwcy5wbGFjZXMudjEuUGxhY2VzLlNlYXJjaFRleHQQAhgEIAA,OPERATIONAL,"general_contractor,supplier,point_of_interest,service,establishment",Window repair,Boise
ChIJEZZeAcBVrlQR0YcwkCgbhek,Boise Custom Windows,"3008 W Overland Rd, Boise, ID 83705, USA",(208) 920-1126,https://www.boisecustomwindows.com/?utm_source=gmb&utm_medium=local_organic,4.9,263,https://maps.google.com/?cid=16826885443771467729&g_mp=Cidnb29nbGUubWFwcy5wbGFjZXMudjEuUGxhY2VzLlNlYXJjaFRleHQQAhgEIAA,OPERATIONAL,"general_contractor,store,supplier,point_of_interest,service,establishment",Window repair,Boise
ChIJVw8wZV3_rlQRBUiFlAizmHw,Window World of Boise,"5230 W Chinden Blvd, Garden City, ID 83714, USA",(208) 672-1287,https://www.windowworldboise.com/,4.8,268,https://maps.google.com/?cid=8978122706595956741&g_mp=Cidnb29nbGUubWFwcy5wbGFjZXMudjEuUGxhY2VzLlNlYXJjaFRleHQQAhgEIAA,OPERATIONAL,"home_improvement_store,home_goods_store,general_contractor,store,supplier,point_of_interest,service,establishment",Window repair,Boise
ChIJm8L1xLBXrlQRai1-G23q3lM,Kiwi's Welding & Repair,"2267 S Liberty St, Boise, ID 83709, USA",(208) 362-4788,https://kiwiswelding.com/,4.9,35,https://maps.google.com/?cid=6043525504311373162&g_mp=Cidnb29nbGUubWFwcy5wbGFjZXMudjEuUGxhY2VzLlNlYXJjaFRleHQQAhgEIAA,OPERATIONAL,"service,point_of_interest,establishment",Welding service,Boise
ChIJhZzzW5ahbaYRV2yKnQxb8FY,Conley Welding LLC,"8265 S Danskin Ln, Meridian, ID 83642, USA",(208) 576-4679,http://conleyweld.com/,5,28,https://maps.google.com/?cid=6264607191413189719&g_mp=Cidnb29nbGUubWFwcy5wbGFjZXMudjEuUGxhY2VzLlNlYXJjaFRleHQQAhgEIAA,OPERATIONAL,"service,point_of_interest,establishment",Welding service,Boise
ChIJhb1Gr2ZWrlQRVWazm1Nlvng,Weld Pro,"9222 Franklin Rd, Boise, ID 83709, USA",(208) 323-9353,http://www.weldproinc.com/,4,11,https://maps.google.com/?cid=8700502939895293525&g_mp=Cidnb29nbGUubWFwcy5wbGFjZXMudjEuUGxhY2VzLlNlYXJjaFRleHQQAhgEIAA,OPERATIONAL,"manufacturer,service,point_of_interest,establishment",Welding service,Boise
ChIJR4pMamf_rlQRqhqVZGVyNA8,Jeremy's Welding LLC,"599 E 44th St Suite #4, Garden City, ID 83714, USA",(208) 999-2935,,4.9,17,https://maps.google.com/?cid=1095626389162629802&g_mp=Cidnb29nbGUubWFwcy5wbGFjZXMudjEuUGxhY2VzLlNlYXJjaFRleHQQAhgEIAA,OPERATIONAL,"service,point_of_interest,establishment",Welding service,Boise
ChIJLx2jFUIRr1QRmPGXR20SPHk,"FabCo Welding, LLC","108 Depot St, Horseshoe Bend, ID 83629, USA",(208) 617-0925,https://fabcoweldingidaho.com/,4.7,23,https://maps.google.com/?cid=8735877637753794968&g_mp=Cidnb29nbGUubWFwcy5wbGFjZXMudjEuUGxhY2VzLlNlYXJjaFRleHQQAhgEIAA,OPERATIONAL,"service,point_of_interest,establishment",Welding service,Boise
ChIJVT7LA_T5rlQRBzsIStCHLtA,RB's Custom Fabrication,"508 E 46th St, Garden City, ID 83714, USA",(208) 340-4671,https://www.rbs-custom-fabrication.com/,5,13,https://maps.google.com/?cid=15001076737482701575&g_mp=Cidnb29nbGUubWFwcy5wbGFjZXMudjEuUGxhY2VzLlNlYXJjaFRleHQQAhgEIAA,OPERATIONAL,"manufacturer,service,point_of_interest,establishment",Welding service,Boise
ChIJCT2z4chTrlQRfjYLSC-tTvg,KB Fabrication and Welding LLC,"2675 E Lanark St, Meridian, ID 83642, USA",(208) 898-9353,https://www.kbwelding.biz/,4.5,23,https://maps.google.com/?cid=17892428788173321854&g_mp=Cidnb29nbGUubWFwcy5wbGFjZXMudjEuUGxhY2VzLlNlYXJjaFRleHQQAhgEIAA,OPERATIONAL,"manufacturer,general_contractor,service,point_of_interest,establishment",Welding service,Boise
ChIJpyYgh0n_rlQReSQXqB7MS04,Megis Machine & Welding,"498 E 43rd St, Garden City, ID 83714, USA",(208) 322-6245,,4.7,46,https://maps.google.com/?cid=5641827390252852345&g_mp=Cidnb29nbGUubWFwcy5wbGFjZXMudjEuUGxhY2VzLlNlYXJjaFRleHQQAhgEIAA,OPERATIONAL,"service,point_of_interest,establishment",Welding service,Boise
ChIJk1UUm3izr1QR29Ne09nk4k8,G & L Welding,"10741 US-20 #26, Caldwell, ID 83605, USA",(208) 454-3443,http://www.gandlwelding.com/,5,34,https://maps.google.com/?cid=5756414897938158555&g_mp=Cidnb29nbGUubWFwcy5wbGFjZXMudjEuUGxhY2VzLlNlYXJjaFRleHQQAhgEIAA,OPERATIONAL,"car_repair,manufacturer,supplier,store,food,service,point_of_interest,establishment",Welding service,Boise
ChIJgajciGj5rlQRbINNY5a794k,The Metal Knight,"3082 S Lindsay Ave, Boise, ID 83705, USA",(208) 960-0218,http://themetalknight.com/,5,7,https://maps.google.com/?cid=9941620957029172076&g_mp=Cidnb29nbGUubWFwcy5wbGFjZXMudjEuUGxhY2VzLlNlYXJjaFRleHQQAhgEIAA,OPERATIONAL,"manufacturer,service,point_of_interest,establishment",Welding service,Boise
ChIJ8awJg0BJimARfJxQYUMQQyI,Next gen welding and fabrication,"1726 Calaveras Pl N, Kuna, ID 83634, USA",(208) 912-7722,,3.7,6,https://maps.google.com/?cid=2468834902310689916&g_mp=Cidnb29nbGUubWFwcy5wbGFjZXMudjEuUGxhY2VzLlNlYXJjaFRleHQQAhgEIAA,OPERATIONAL,"manufacturer,point_of_interest,establishment",Welding service,Boise
ChIJObF795L_rlQRAC-_f67EVqA,DSR Welding & Fabrication LLC.,"121 39th St E Unit C, Garden City, ID 83714, USA",(208) 345-1929,http://dsrwelding.com/,,0,https://maps.google.com/?cid=11553638147812175616&g_mp=Cidnb29nbGUubWFwcy5wbGFjZXMudjEuUGxhY2VzLlNlYXJjaFRleHQQAhgEIAA,OPERATIONAL,"service,point_of_interest,establishment",Welding service,Boise
ChIJZUqfCAoo3YARg53yX6hrTxI,American Welding and Fabrication LLC,"28072 Watkins Glen Ct, Wilder, ID 83676, USA",(208) 281-7177,http://americanweldingoc.com/,4.9,34,https://maps.google.com/?cid=1319391586751257987&g_mp=Cidnb29nbGUubWFwcy5wbGFjZXMudjEuUGxhY2VzLlNlYXJjaFRleHQQAhgEIAA,OPERATIONAL,"ranch,farm,manufacturer,service,point_of_interest,establishment",Welding service,Boise
ChIJd8LOzUf_rlQR4jN5eubK1pY,Jacks Metal Works LLC,"508 E 46th St, Garden City, ID 83714, USA",(208) 375-5272,http://jacksmetalworks.com/,4.5,33,https://maps.google.com/?cid=10869097841951323106&g_mp=Cidnb29nbGUubWFwcy5wbGFjZXMudjEuUGxhY2VzLlNlYXJjaFRleHQQAhgEIAA,OPERATIONAL,"manufacturer,supplier,service,point_of_interest,establishment",Welding service,Boise
ChIJU8smQFlXrlQRONxaR_CXEB8,Tim's Job Shop,"2652 S Cloverdale Rd, Boise, ID 83709, USA",(208) 761-6874,,5,21,https://maps.google.com/?cid=2238456073048218680&g_mp=Cidnb29nbGUubWFwcy5wbGFjZXMudjEuUGxhY2VzLlNlYXJjaFRleHQQAhgEIAA,OPERATIONAL,"manufacturer,point_of_interest,establishment",Welding service,Boise
ChIJpSuj3vH3rlQRL-XovIMZJjk,Yanke Machine Shop & Fabrication,"4414 Gekeler Ln, Boise, ID 83716, USA",(208) 342-8901,http://yankemachine.com/,4,17,https://maps.google.com/?cid=4118006962877687087&g_mp=Cidnb29nbGUubWFwcy5wbGFjZXMudjEuUGxhY2VzLlNlYXJjaFRleHQQAhgEIAA,OPERATIONAL,"manufacturer,service,point_of_interest,establishment",Welding service,Boise
ChIJU22A-oJWrlQRMoU2L10DccM,Boise Metal Works,"2000 Yamhill Rd, Boise, ID 83716, USA",(208) 376-7777,http://www.boisemetalworks.com/,4.1,38,https://maps.google.com/?cid=14083041208523195698&g_mp=Cidnb29nbGUubWFwcy5wbGFjZXMudjEuUGxhY2VzLlNlYXJjaFRleHQQAhgEIAA,OPERATIONAL,"manufacturer,service,point_of_interest,establishment",Welding service,Boise
ChIJncWn2bFXrlQR-Y26-fkqXCA,Sloan Metal Solutions,"6828 W Melrose St, Boise, ID 83709, USA",(888) 382-8379,https://sloanmetalsolutions.com/,5,1,https://maps.google.com/?cid=2331785960196050425&g_mp=Cidnb29nbGUubWFwcy5wbGFjZXMudjEuUGxhY2VzLlNlYXJjaFRleHQQAhgEIAA,OPERATIONAL,"manufacturer,general_contractor,service,point_of_interest,establishment",Welding service,Boise
ChIJgZ2RNgIAr1QRPMvCNQLS548,Granite Excavation Inc,"152 S Kestrel Pl UNIT 102, Eagle, ID 83616, USA",(208) 382-4188,http://www.graniteexcavation.com/,3.9,23,https://maps.google.com/?cid=10369487573977582396&g_mp=Cidnb29nbGUubWFwcy5wbGFjZXMudjEuUGxhY2VzLlNlYXJjaFRleHQQAhgEIAA,OPERATIONAL,"general_contractor,point_of_interest,service,establishment",Excavation contractor,Boise
ChIJp1w8ZCJYrlQRL6M5hHnF2hI,Iron Horse Excavation,"875 W Gowen Rd, Boise, ID 83705, USA",(208) 472-5292,http://www.ironhorseexcavation.com/,4,4,https://maps.google.com/?cid=1358615363305710383&g_mp=Cidnb29nbGUubWFwcy5wbGFjZXMudjEuUGxhY2VzLlNlYXJjaFRleHQQAhgEIAA,OPERATIONAL,"general_contractor,point_of_interest,service,establishment",Excavation contractor,Boise
ChIJbWySdAdRrlQR1EyrYVoi1oY,Idaho Dirt Co.,"321 W Harris St, Meridian, ID 83642, USA",(208) 870-4412,https://dirtcoinc.com/,5,8,https://maps.google.com/?cid=9715991017679441108&g_mp=Cidnb29nbGUubWFwcy5wbGFjZXMudjEuUGxhY2VzLlNlYXJjaFRleHQQAhgEIAA,OPERATIONAL,"general_contractor,point_of_interest,service,establishment",Excavation contractor,Boise
ChIJqaKTP61NrlQRPCvasmsYrCI,L2 Excavation LLC,"2817 Brandt Ave, Nampa, ID 83687, USA",(208) 800-0330,https://l2excavation.com/,5,5,https://maps.google.com/?cid=2498398744124992316&g_mp=Cidnb29nbGUubWFwcy5wbGFjZXMudjEuUGxhY2VzLlNlYXJjaFRleHQQAhgEIAA,OPERATIONAL,"general_contractor,point_of_interest,service,establishment",Excavation contractor,Boise
ChIJZURH_apXrlQRtfu7R9QmOo4,Earth Energy Inc.,"6418 W Gowen Rd, Boise, ID 83709, USA",(208) 375-0532,http://earthenergyinc.com/,4,9,https://maps.google.com/?cid=10248546595213409205&g_mp=Cidnb29nbGUubWFwcy5wbGFjZXMudjEuUGxhY2VzLlNlYXJjaFRleHQQAhgEIAA,OPERATIONAL,"point_of_interest,service,establishment",Excavation contractor,Boise
ChIJ2-tAVuxXrlQRDNmQge1o3hM,Boise Asphalt Creations,"4062 W Dorian St, Boise, ID 83705, USA",(208) 742-4990,https://www.boiseasphalt.com/,4.8,29,https://maps.google.com/?cid=1431697100840687884&g_mp=Cidnb29nbGUubWFwcy5wbGFjZXMudjEuUGxhY2VzLlNlYXJjaFRleHQQAhgEIAA,OPERATIONAL,"general_contractor,point_of_interest,service,establishment",Paving contractor,Boise
ChIJS7FRFSgT_oYRZQhtqMTSaeQ,Bobo Asphalt Solutions,"7109 W Overland Rd #33, Boise, ID 83709, USA",(208) 858-5546,http://www.asphaltboise.com/,4.3,6,https://maps.google.com/?cid=16458918055283329125&g_mp=Cidnb29nbGUubWFwcy5wbGFjZXMudjEuUGxhY2VzLlNlYXJjaFRleHQQAhgEIAA,OPERATIONAL,"general_contractor,point_of_interest,service,establishment",Paving contractor,Boise
ChIJp1oYYpZWrlQRZpngCCpVMEY,Cutting Edge Asphalt Services,"5373 Alworth St, Boise, ID 83714, USA",(208) 378-4588,https://www.ce-asphalt.com/?utm_source=google&utm_id=gmb,5,5,https://maps.google.com/?cid=5057636020562991462&g_mp=Cidnb29nbGUubWFwcy5wbGFjZXMudjEuUGxhY2VzLlNlYXJjaFRleHQQAhgEIAA,OPERATIONAL,"general_contractor,point_of_interest,service,establishment",Paving contractor,Boise
ChIJYy3MD2n_rlQRoSX2Vt8myNE,Asphalt Maintenance & Paving,"2645 N Cole Rd Ste M, Boise, ID 83704, USA",(208) 338-9318,http://asphaltmaintenanceidaho.com/,5,1,https://maps.google.com/?cid=15116374889947604385&g_mp=Cidnb29nbGUubWFwcy5wbGFjZXMudjEuUGxhY2VzLlNlYXJjaFRleHQQAhgEIAA,OPERATIONAL,"general_contractor,point_of_interest,service,establishment",Paving contractor,Boise
ChIJ5w-0VLdXrlQRIGMOJQ4IGaA,Capital Paving Inc,"2403 S Empire Way, Boise, ID 83709, USA",(208) 362-9845,https://capitalpavingboise.com/,2.8,16,https://maps.google.com/?cid=11536260777330500384&g_mp=Cidnb29nbGUubWFwcy5wbGFjZXMudjEuUGxhY2VzLlNlYXJjaFRleHQQAhgEIAA,OPERATIONAL,"general_contractor,point_of_interest,service,establishment",Paving contractor,Boise
ChIJUV4dRktOrlQRbLHMOWs-b04,Pro Paving LLC,"5575 W Summerview Ln, Nampa, ID 83687, USA",(208) 888-9300,https://propavingllc.com/,4.9,92,https://maps.google.com/?cid=5651804687625400684&g_mp=Cidnb29nbGUubWFwcy5wbGFjZXMudjEuUGxhY2VzLlNlYXJjaFRleHQQAhgEIAA,OPERATIONAL,"general_contractor,point_of_interest,service,establishment",Paving contractor,Boise
ChIJuWEU3_ZMrlQRY8zS5-YuCp4,Asphalt Driveways & Patching,"6472 Cherry Ln, Nampa, ID 83687, USA",(208) 467-5368,https://www.asphaltdrivewaysandpatching.com/,4.2,52,https://maps.google.com/?cid=11387966177026428003&g_mp=Cidnb29nbGUubWFwcy5wbGFjZXMudjEuUGxhY2VzLlNlYXJjaFRleHQQAhgEIAA,OPERATIONAL,"general_contractor,point_of_interest,service,establishment",Paving contractor,Boise
ChIJPzfyYm5VrlQRO8NcKg9C8OQ,Central Paving Co. Inc.,"21283 Pinto Ln, Caldwell, ID 83607, USA",(208) 338-4316,https://centralpaving.com/,4,7,https://maps.google.com/?cid=16496758067960791867&g_mp=Cidnb29nbGUubWFwcy5wbGFjZXMudjEuUGxhY2VzLlNlYXJjaFRleHQQAhgEIAA,OPERATIONAL,"general_contractor,point_of_interest,service,establishment",Paving contractor,Boise
ChIJ5QHxgIz3rlQRXQ8eA9833ZU,Central Paving,"5319 S Apple St, Boise, ID 83716, USA",(208) 338-0818,,1,1,https://maps.google.com/?cid=10798848912473853789&g_mp=Cidnb29nbGUubWFwcy5wbGFjZXMudjEuUGxhY2VzLlNlYXJjaFRleHQQAhgEIAA,OPERATIONAL,"point_of_interest,service,establishment",Paving contractor,Boise
ChIJGx-lxupVrlQRkYm09v4zoAI,Delta Paving,"3597 E Monarch Sky Ln Suite 240, Meridian, ID 83646, USA",(208) 803-1486,http://delta-paving.com/,4,3,https://maps.google.com/?cid=189208354503297425&g_mp=Cidnb29nbGUubWFwcy5wbGFjZXMudjEuUGxhY2VzLlNlYXJjaFRleHQQAhgEIAA,OPERATIONAL,"parking_lot,parking,general_contractor,point_of_interest,transportation_service,service,establishment",Paving contractor,Boise
ChIJx4DMq-VTrlQReGxRqYP32VM,"Meridian Plumbing, Heating and Air","480 E Franklin Rd # 100, Meridian, ID 83642, USA",(208) 888-7555,https://www.meridian-plumbing.com/,4.9,1471,https://maps.google.com/?cid=6042132519947693176&g_mp=Cidnb29nbGUubWFwcy5wbGFjZXMudjEuUGxhY2VzLlNlYXJjaFRleHQQAhgEIAA,OPERATIONAL,"plumber,general_contractor,manufacturer,service,point_of_interest,establishment",Plumber,Meridian
ChIJt69ubK1TrlQRv-ruoQdgOCc,Reliable Plumbers Meridian ID,"1855 E Lanark St, Meridian, ID 83642, USA",(208) 279-2559,https://masterplumbersmeridian.com/,5,24,https://maps.google.com/?cid=2826114352072813247&g_mp=Cidnb29nbGUubWFwcy5wbGFjZXMudjEuUGxhY2VzLlNlYXJjaFRleHQQAhgEIAA,OPERATIONAL,"plumber,service,point_of_interest,establishment",Plumber,Meridian
ChIJnVTTqJxTrlQR24xlEgHsph4,"Beacon Plumbing, Heating, Air-Conditioning, and Electrical, Inc","303 E Franklin Rd, Meridian, ID 83642, USA",(208) 693-2761,https://www.beaconplumbing.com/meridian-plumbing,5,333,https://maps.google.com/?cid=2208712156619574491&g_mp=Cidnb29nbGUubWFwcy5wbGFjZXMudjEuUGxhY2VzLlNlYXJjaFRleHQQAhgEIAA,OPERATIONAL,"plumber,electrician,general_contractor,service,point_of_interest,establishment",Plumber,Meridian
ChIJJ446fd5TrlQRmA-0Y9NA58I,Premier Meridian Emergency Plumber,"1576 W Deer Crst Dr, Meridian, ID 83646, USA",(208) 247-5002,https://premiermeridianemergencyplumber.com/,5,11,https://maps.google.com/?cid=14044265239633203096&g_mp=Cidnb29nbGUubWFwcy5wbGFjZXMudjEuUGxhY2VzLlNlYXJjaFRleHQQAhgEIAA,OPERATIONAL,"plumber,service,point_of_interest,establishment",Plumber,Meridian
ChIJneHyLRmkvUoRIoSVcsIZc4o,Running Water Plumbing LLC,"3665 S Peoria Way, Meridian, ID 83642, USA",(208) 247-0839,http://runningwaterplumbingidaho.com/,5,99,https://maps.google.com/?cid=9976345922492531746&g_mp=Cidnb29nbGUubWFwcy5wbGFjZXMudjEuUGxhY2VzLlNlYXJjaFRleHQQAhgEIAA,OPERATIONAL,"plumber,supplier,general_contractor,home_goods_store,service,store,point_of_interest,establishment",Plumber,Meridian
ChIJe1aNb8JTrlQRRxSLEJsSdjc,Wickstrom Plumbing Heating & Cooling,"125 W Taylor Ave #100, Meridian, ID 83642, USA",(208) 213-8635,https://www.wickstromphc.com/,5,348,https://maps.google.com/?cid=3996402176544674887&g_mp=Cidnb29nbGUubWFwcy5wbGFjZXMudjEuUGxhY2VzLlNlYXJjaFRleHQQAhgEIAA,OPERATIONAL,"plumber,general_contractor,service,point_of_interest,establishment",Plumber,Meridian
ChIJm5YsvspVrlQRU3b5FFt5s0Y,Summit Plumbing Meridian,"3540 N Eagle Rd, Meridian, ID 83646, USA",(208) 361-8068,https://summitplumbingmeridian.com/,5,5,https://maps.google.com/?cid=5094549035587040851&g_mp=Cidnb29nbGUubWFwcy5wbGFjZXMudjEuUGxhY2VzLlNlYXJjaFRleHQQAhgEIAA,OPERATIONAL,"plumber,service,point_of_interest,establishment",Plumber,Meridian
ChIJWZixRwtTrlQRK1D9Jz-R9pg,Proficient Plumbing Service,"75 W Taylor Ave #200, Meridian, ID 83642, USA",(208) 684-1621,https://proficientplumbingservice.com/,5,500,https://maps.google.com/?cid=11022156838475747371&g_mp=Cidnb29nbGUubWFwcy5wbGFjZXMudjEuUGxhY2VzLlNlYXJjaFRleHQQAhgEIAA,OPERATIONAL,"plumber,building_materials_store,supplier,home_goods_store,manufacturer,service,store,point_of_interest,establishment",Plumber,Meridian
ChIJJ0rVkSRRrlQRsE6xVCbakGE,"Quality Service Plumbing, Inc.","870 E Franklin Rd #501, Meridian, ID 83642, USA",(208) 866-7903,http://qualityserviceplumbing.co/,5,86,https://maps.google.com/?cid=7030358876489862832&g_mp=Cidnb29nbGUubWFwcy5wbGFjZXMudjEuUGxhY2VzLlNlYXJjaFRleHQQAhgEIAA,OPERATIONAL,"plumber,service,point_of_interest,establishment",Plumber,Meridian
ChIJU1x7smw0rq4RPRtjYaWB9Os,Fauth Plumbing,"642 E Wakely Ct, Meridian, ID 83646, USA",(208) 789-6716,http://fauthplumbing.com/,5,51,https://maps.google.com/?cid=17002357040533936957&g_mp=Cidnb29nbGUubWFwcy5wbGFjZXMudjEuUGxhY2VzLlNlYXJjaFRleHQQAhgEIAA,OPERATIONAL,"plumber,service,point_of_interest,establishment",Plumber,Meridian
ChIJWdYkO7NNrlQR2Q-3k7toEAU,Wickstrom Plumbing Heating & Cooling,"4121 Garrity Blvd, Nampa, ID 83687, USA",(208) 214-4206,https://www.wickstromphc.com/,4.9,962,https://maps.google.com/?cid=364906724663431129&g_mp=Cidnb29nbGUubWFwcy5wbGFjZXMudjEuUGxhY2VzLlNlYXJjaFRleHQQAhgEIAA,OPERATIONAL,"plumber,general_contractor,service,point_of_interest,establishment",Plumber,Meridian
ChIJ4RuZ_ve2syUR3p_rJZg9T_Q,"Meridian Plumbing, Heating and Air","1883 N Wildwood St, Boise, ID 83713, USA",(208) 888-7555,https://www.meridian-plumbing.com/,5,231,https://maps.google.com/?cid=17604357192095080414&g_mp=Cidnb29nbGUubWFwcy5wbGFjZXMudjEuUGxhY2VzLlNlYXJjaFRleHQQAhgEIAA,OPERATIONAL,"plumber,general_contractor,manufacturer,service,point_of_interest,establishment",Plumber,Meridian
ChIJTXk5_bTYx4kRJ8-09v4uy_E,A-V Emergency Plumbing Repair,"25333 Volendam St Suite 101, Caldwell, ID 83607, USA",(208) 782-7333,https://a-vplumbing.com/?utm_source=gbp,5,47,https://maps.google.com/?cid=17423071256008511271&g_mp=Cidnb29nbGUubWFwcy5wbGFjZXMudjEuUGxhY2VzLlNlYXJjaFRleHQQAhgEIAA,OPERATIONAL,"plumber,supplier,service,store,point_of_interest,establishment",Plumbing contractor,Meridian
ChIJ66lO6SdRrlQRXRSDX94bA7g,Wolf plumbing llc,"715 S Trunnel Ave, Meridian, ID 83642, USA",(208) 986-0700,,5,6,https://maps.google.com/?cid=13259472369807987805&g_mp=Cidnb29nbGUubWFwcy5wbGFjZXMudjEuUGxhY2VzLlNlYXJjaFRleHQQAhgEIAA,OPERATIONAL,"plumber,service,point_of_interest,establishment",Plumbing contractor,Meridian
ChIJoRP-eR-qn40RE212iq4Qzos,All Things Plumbing,"75 W Taylor Ave STE: 300, Meridian, ID 83642, USA",(208) 888-2005,http://www.allthingsplumbing.net/,5,41,https://maps.google.com/?cid=10074007758307749139&g_mp=Cidnb29nbGUubWFwcy5wbGFjZXMudjEuUGxhY2VzLlNlYXJjaFRleHQQAhgEIAA,OPERATIONAL,"plumber,service,point_of_interest,establishment",Plumbing contractor,Meridian
ChIJDTuEy5P_rlQR7p_r-ieWpnw,Rocky Mountain Electric,"2860 E Lanark St, Meridian, ID 83642, USA",(208) 853-2968,http://www.rmeinc.net/,4.8,219,https://maps.google.com/?cid=8982031605294669806&g_mp=Cidnb29nbGUubWFwcy5wbGFjZXMudjEuUGxhY2VzLlNlYXJjaFRleHQQAhgEIAA,OPERATIONAL,"electrician,service,point_of_interest,establishment",Electrician,Meridian
ChIJ9Wgc1Un_rlQRRSf_J0YpwME,Eco Electric,"749 N Ralstin St, Meridian, ID 83642, USA",(208) 392-1470,http://ecoelectricid.com/,4.9,134,https://maps.google.com/?cid=13961204226144020293&g_mp=Cidnb29nbGUubWFwcy5wbGFjZXMudjEuUGxhY2VzLlNlYXJjaFRleHQQAhgEIAA,OPERATIONAL,"electrician,service,point_of_interest,establishment",Electrician,Meridian
ChIJVR5tY1dSrlQRBUkbINDiBsQ,"Berry Electrical Services, Inc.","1299 N Black Cat Rd, Meridian, ID 83642, USA",(208) 898-0950,,5,5,https://maps.google.com/?cid=14125226664813873413&g_mp=Cidnb29nbGUubWFwcy5wbGFjZXMudjEuUGxhY2VzLlNlYXJjaFRleHQQAhgEIAA,OPERATIONAL,"electrician,service,point_of_interest,establishment",Electrician,Meridian
ChIJ6djgw0L_rlQR1HD4SXKS2J8,"Canyon Electric, LLC","1270 E Fairview Ave #100, Meridian, ID 83642, USA",(208) 323-2000,,4.7,44,https://maps.google.com/?cid=11518117066564989140&g_mp=Cidnb29nbGUubWFwcy5wbGFjZXMudjEuUGxhY2VzLlNlYXJjaFRleHQQAhgEIAA,OPERATIONAL,"electrician,service,point_of_interest,establishment",Electrician,Meridian
ChIJpW__iy1TrlQRN6w05GDnlyY,Black Diamond Electric,"850 E Franklin Rd Suite 414, Meridian, ID 83642, USA",(208) 278-6743,http://bdeidaho.com/,5,61,https://maps.google.com/?cid=2780945698256104503&g_mp=Cidnb29nbGUubWFwcy5wbGFjZXMudjEuUGxhY2VzLlNlYXJjaFRleHQQAhgEIAA,OPERATIONAL,"electrician,general_contractor,service,point_of_interest,establishment",Electrician,Meridian
ChIJOT0AnZkA2mQREeSiqviLOss,Old Town Electric,"N Main St Box 729, Meridian, ID 83680, USA",(208) 880-7791,http://www.oldtownelectricboise.com/,5,35,https://maps.google.com/?cid=14644171038479541265&g_mp=Cidnb29nbGUubWFwcy5wbGFjZXMudjEuUGxhY2VzLlNlYXJjaFRleHQQAhgEIAA,OPERATIONAL,"electrician,service,point_of_interest,establishment",Electrician,Meridian
ChIJpxIUzS9XrlQRSt5Lg-tr1CA,Rummer Electric,"637 N Linder Rd, Meridian, ID 83642, USA",(208) 209-1156,https://www.rummerelectric.com/,5,23,https://maps.google.com/?cid=2365634363540627018&g_mp=Cidnb29nbGUubWFwcy5wbGFjZXMudjEuUGxhY2VzLlNlYXJjaFRleHQQAhgEIAA,OPERATIONAL,"electrician,service,point_of_interest,establishment",Electrician,Meridian
ChIJid4-_QZUrlQRIdzMUJLd-MY,"Lea Electric, LLC","2201 E Commercial St, Meridian, ID 83642, USA",(208) 888-2523,https://www.leaelectric.com/,4.5,22,https://maps.google.com/?cid=14337453034224540705&g_mp=Cidnb29nbGUubWFwcy5wbGFjZXMudjEuUGxhY2VzLlNlYXJjaFRleHQQAhgEIAA,OPERATIONAL,"electrician,general_contractor,service,point_of_interest,establishment",Electrician,Meridian
ChIJW5CtCS9Sx6cRhqUhuR_bB64,"Manning Electrical Services, LLC","5892 S Nordean Ave, Meridian, ID 83642, USA",(208) 909-0905,https://manningelectricalservices.com/,5,15,https://maps.google.com/?cid=12540232616732894598&g_mp=Cidnb29nbGUubWFwcy5wbGFjZXMudjEuUGxhY2VzLlNlYXJjaFRleHQQAhgEIAA,OPERATIONAL,"electrician,service,point_of_interest,establishment",Electrician,Meridian
ChIJg96pj8NTrlQRaUlPI6ebtlE,Custom Electric,"104 E Fairview Ave, Meridian, ID 83642, USA",(208) 855-0228,https://www.customelectricinc.net/,5,1,https://maps.google.com/?cid=5888064704987744617&g_mp=Cidnb29nbGUubWFwcy5wbGFjZXMudjEuUGxhY2VzLlNlYXJjaFRleHQQAhgEIAA,OPERATIONAL,"electrician,service,point_of_interest,establishment",Electrician,Meridian
ChIJYwa_B1FjcyERSE_QNwktFYE,State Street Electric,"1121 E State St STE 100, Eagle, ID 83616, USA",(208) 996-7973,https://statestreetelectric.com/?utm_source=gbp&utm_medium=organic,5,104,https://maps.google.com/?cid=9301390123017981768&g_mp=Cidnb29nbGUubWFwcy5wbGFjZXMudjEuUGxhY2VzLlNlYXJjaFRleHQQAhgEIAA,OPERATIONAL,"electrician,service,point_of_interest,establishment",Electrician,Meridian
ChIJ5xJkp6FRrlQRp3cMOX0olgU,Winters Electric LLC,"7730 S Linder Rd, Meridian, ID 83642, USA",(208) 888-3224,,4.7,15,https://maps.google.com/?cid=402553734989379495&g_mp=Cidnb29nbGUubWFwcy5wbGFjZXMudjEuUGxhY2VzLlNlYXJjaFRleHQQAhgEIAA,OPERATIONAL,"electrician,service,point_of_interest,establishment",Electrician,Meridian
ChIJAZQvZc5TrlQR1NWA_CeJEuY,"Statewide Electrical Services, LLC","W Calcite Ct, Meridian, ID 83642, USA",(208) 571-1742,http://www.statewideelectrical.com/,5,7,https://maps.google.com/?cid=16578463983137248724&g_mp=Cidnb29nbGUubWFwcy5wbGFjZXMudjEuUGxhY2VzLlNlYXJjaFRleHQQAhgEIAA,OPERATIONAL,"electrician,service,point_of_interest,establishment",Electrician,Meridian
ChIJm2w2LJCmYUwRragGg5aGWeQ,Penta Electric Inc,"1120 S Rackham Way Suite 300, Meridian, ID 83642, USA",(208) 760-8600,http://pentaelectricinc.com/,5,3,https://maps.google.com/?cid=16454330694576285869&g_mp=Cidnb29nbGUubWFwcy5wbGFjZXMudjEuUGxhY2VzLlNlYXJjaFRleHQQAhgEIAA,OPERATIONAL,"electrician,point_of_interest,service,establishment",Electrical contractor,Meridian
ChIJMTScdKRVrlQReinsltnDMaM,Silver Lining Roofing & Exteriors,"850 E Franklin Rd #403, Meridian, ID 83642, USA",(208) 250-9784,https://silverliningroofing.com/,4.9,229,https://maps.google.com/?cid=11759395441348454778&g_mp=Cidnb29nbGUubWFwcy5wbGFjZXMudjEuUGxhY2VzLlNlYXJjaFRleHQQAhgEIAA,OPERATIONAL,"roofing_contractor,general_contractor,service,point_of_interest,establishment",Roofer,Meridian
ChIJEQ0hHd9TrlQRP3oBb8OA1Qs,Meridian Roofing LLC,"3018 W Fieldstream Dr #4129, Meridian, ID 83646, USA",(208) 258-5239,,5,112,https://maps.google.com/?cid=852729281325922879&g_mp=Cidnb29nbGUubWFwcy5wbGFjZXMudjEuUGxhY2VzLlNlYXJjaFRleHQQAhgEIAA,OPERATIONAL,"roofing_contractor,service,point_of_interest,establishment",Roofer,Meridian
ChIJe_nwQu5TrlQRUYVjL38NmHg,"Northwest Roof, LLC","1028 E Cayman Dr, Meridian, ID 83642, USA",(208) 440-2205,http://www.nwroof.net/,5,158,https://maps.google.com/?cid=8689710320918431057&g_mp=Cidnb29nbGUubWFwcy5wbGFjZXMudjEuUGxhY2VzLlNlYXJjaFRleHQQAhgEIAA,OPERATIONAL,"roofing_contractor,service,point_of_interest,establishment",Roofer,Meridian
ChIJUzcsWDBVrlQRcwBwmpKVl4o,Bulletproof Roofing LLC,"3597 E Monarch Sky Ln Suite 240, Meridian, ID 83646, USA",(208) 724-4348,https://www.bulletproofroofingllc.com/?utm_source=google&utm_medium=organic&utm_campaign=gbp,4.9,55,https://maps.google.com/?cid=9986615155606159475&g_mp=Cidnb29nbGUubWFwcy5wbGFjZXMudjEuUGxhY2VzLlNlYXJjaFRleHQQAhgEIAA,OPERATIONAL,"roofing_contractor,service,point_of_interest,establishment",Roofer,Meridian
ChIJ-ey4I11RrlQRbKx9Fat9lqk,K D Roofing Inc,"1100 E Overland Rd, Meridian, ID 83642, USA",(208) 887-1775,http://kdroofing.com/,4.5,87,https://maps.google.com/?cid=12220092812669856876&g_mp=Cidnb29nbGUubWFwcy5wbGFjZXMudjEuUGxhY2VzLlNlYXJjaFRleHQQAhgEIAA,OPERATIONAL,"roofing_contractor,service,point_of_interest,establishment",Roofer,Meridian
ChIJkZSKe_x1QYYR9ogjSjwrQv4,NXT LVL Roofing & Exteriors,"1465 E Commercial Dr, Meridian, ID 83642, USA",(208) 986-2461,http://www.nxtlvlroofingandexteriors.com/,5,104,https://maps.google.com/?cid=18321253772038473974&g_mp=Cidnb29nbGUubWFwcy5wbGFjZXMudjEuUGxhY2VzLlNlYXJjaFRleHQQAhgEIAA,OPERATIONAL,"roofing_contractor,general_contractor,service,point_of_interest,establishment",Roofer,Meridian
ChIJLYw-sl1r3gURll7YeYOPLKY,American Roof Solutions,"2115 SE 3rd Way, Meridian, ID 83642, USA",(208) 391-4280,https://www.americanroof.solutions/,5,39,https://maps.google.com/?cid=11974103304119017110&g_mp=Cidnb29nbGUubWFwcy5wbGFjZXMudjEuUGxhY2VzLlNlYXJjaFRleHQQAhgEIAA,OPERATIONAL,"roofing_contractor,service,point_of_interest,establishment",Roofer,Meridian
ChIJT9aIAgVTrlQRKxlGDjh4nyE,Valley,"1510 E Watertower St Ste. 120, Meridian, ID 83642, USA",(208) 830-4890,https://www.myvalleyroofing.com/,4.8,24,https://maps.google.com/?cid=2422787306701592875&g_mp=Cidnb29nbGUubWFwcy5wbGFjZXMudjEuUGxhY2VzLlNlYXJjaFRleHQQAhgEIAA,OPERATIONAL,"roofing_contractor,service,point_of_interest,establishment",Roofer,Meridian
ChIJb4AyQr1XrlQRIF2j7jqIexc,Smart Roofing & Remodeling - Roofing Specialist,"4309 E Vacheron St, Meridian, ID 83642, USA",(208) 921-9284,https://smartroofingandremodeling.com/?utm_source=google&utm_medium=organic&utm_campaign=gmb-primary-link,5,43,https://maps.google.com/?cid=1692095871700917536&g_mp=Cidnb29nbGUubWFwcy5wbGFjZXMudjEuUGxhY2VzLlNlYXJjaFRleHQQAhgEIAA,OPERATIONAL,"roofing_contractor,service,point_of_interest,establishment",Roofer,Meridian
ChIJ-0tv6MJTrlQRsCeyWtRJ7uI,"LaFever, Inc.","560 W Franklin Rd, Meridian, ID 83642, USA",(208) 888-5285,https://lafever-roofing.com/,4.8,61,https://maps.google.com/?cid=16352088473432369072&g_mp=Cidnb29nbGUubWFwcy5wbGFjZXMudjEuUGxhY2VzLlNlYXJjaFRleHQQAhgEIAA,OPERATIONAL,"roofing_contractor,service,point_of_interest,establishment",Roofer,Meridian
ChIJx_NLHORXrlQRxkQ7fDYWptU,"Roofing Stop, LLC","4136 E Blueberry St, Meridian, ID 83642, USA",(208) 999-2863,https://www.roofingstop.com/,5,28,https://maps.google.com/?cid=15395016799480923334&g_mp=Cidnb29nbGUubWFwcy5wbGFjZXMudjEuUGxhY2VzLlNlYXJjaFRleHQQAhgEIAA,OPERATIONAL,"roofing_contractor,general_contractor,service,point_of_interest,establishment",Roofer,Meridian
ChIJZaeClY9XrlQRdHGuW7m6WgM,"Platinum Roofing & Construction, LLC.","1120 S Rackham Way Suite 300, Meridian, ID 83642, USA",(208) 287-4195,https://www.platinum-contractor.com/,4.9,37,https://maps.google.com/?cid=241710835287617908&g_mp=Cidnb29nbGUubWFwcy5wbGFjZXMudjEuUGxhY2VzLlNlYXJjaFRleHQQAhgEIAA,OPERATIONAL,"roofing_contractor,point_of_interest,service,establishment",Roofing contractor,Meridian
ChIJb6cqMKdTrlQRjC4KIN6yV_8,Right Now Heating and Air Conditioning & Plumbing,"737 N Ralstin St, Meridian, ID 83642, USA",(208) 812-4443,https://rightnowheatcool.com/?utm_source=google-gbp&utm_medium=organic&utm_campaign=*353*right-now-meridian,5,1861,https://maps.google.com/?cid=18399371469735472780&g_mp=Cidnb29nbGUubWFwcy5wbGFjZXMudjEuUGxhY2VzLlNlYXJjaFRleHQQAhgEIAA,OPERATIONAL,"plumber,store,general_contractor,service,point_of_interest,establishment",HVAC,Meridian
ChIJW8zWKwBUrlQRiNXldB2YzKM,Air Conditioning & Heating Service of Meridian,"880 E Franklin Rd Suite 313, Meridian, ID 83642, USA",(208) 846-8707,,5,317,https://maps.google.com/?cid=11802975975713920392&g_mp=Cidnb29nbGUubWFwcy5wbGFjZXMudjEuUGxhY2VzLlNlYXJjaFRleHQQAhgEIAA,OPERATIONAL,"general_contractor,service,point_of_interest,establishment",HVAC,Meridian
ChIJM90hKypXrlQR95VGWPvt3C0,Bill's Heating & A/C,"3920 E Lanark St STE 100, Meridian, ID 83642, USA",(208) 962-4557,https://callbills.com/boise,5,1304,https://maps.google.com/?cid=3304777890356696567&g_mp=Cidnb29nbGUubWFwcy5wbGFjZXMudjEuUGxhY2VzLlNlYXJjaFRleHQQAhgEIAA,OPERATIONAL,"plumber,electrician,general_contractor,service,point_of_interest,establishment",HVAC,Meridian
ChIJS-kOQABRrlQR-xYmRyXWF4I,One Hour Heating & Air Conditioning,"800 S Industry Way Suite 160, Meridian, ID 83642, USA",(208) 219-5891,https://www.onehourheatandair.com/meridian/?utm_source=gbp&utm_medium=organic&utm_campaign=640172_-OH0809-,4.9,179,https://maps.google.com/?cid=9374196604990789371&g_mp=Cidnb29nbGUubWFwcy5wbGFjZXMudjEuUGxhY2VzLlNlYXJjaFRleHQQAhgEIAA,OPERATIONAL,"manufacturer,general_contractor,service,point_of_interest,establishment",HVAC,Meridian
ChIJ3ZHOrhZTrlQRHKEccNQoz7Q,7th Element Heating & Cooling,"1530 W State St Suite C, Meridian, ID 83642, USA",(208) 724-0111,https://www.7thelementhvac.com/,4.9,821,https://maps.google.com/?cid=13028677139885236508&g_mp=Cidnb29nbGUubWFwcy5wbGFjZXMudjEuUGxhY2VzLlNlYXJjaFRleHQQAhgEIAA,OPERATIONAL,"general_contractor,service,point_of_interest,establishment",HVAC,Meridian
ChIJn1Okhh9QrlQRYhO6XleFRCU,Butler Heating & Air Conditioning,"7945 S Linder Rd, Meridian, ID 83642, USA",(208) 362-5697,https://gobutlerheating.com/,4.7,91,https://maps.google.com/?cid=2685417888117560162&g_mp=Cidnb29nbGUubWFwcy5wbGFjZXMudjEuUGxhY2VzLlNlYXJjaFRleHQQAhgEIAA,OPERATIONAL,"general_contractor,service,point_of_interest,establishment",HVAC,Meridian
ChIJi9JHBQ1UrlQRYInKU4ji4uc,"Access Heating, Air & Plumbing","2040 E Fairview Ave STE 5, Meridian, ID 83642, USA",(208) 855-2444,https://accessheating.com/,4.8,1728,https://maps.google.com/?cid=16709166642647173472&g_mp=Cidnb29nbGUubWFwcy5wbGFjZXMudjEuUGxhY2VzLlNlYXJjaFRleHQQAhgEIAA,OPERATIONAL,"plumber,general_contractor,service,point_of_interest,establishment",HVAC,Meridian
ChIJ-xSgw1RSrlQRkZiL2RzKF18,"Polar Heating & Air Conditioning, Inc","4045 W Cherry Ln, Meridian, ID 83642, USA",(208) 884-0334,http://polarheatair.com/,4.8,160,https://maps.google.com/?cid=6852167583325198481&g_mp=Cidnb29nbGUubWFwcy5wbGFjZXMudjEuUGxhY2VzLlNlYXJjaFRleHQQAhgEIAA,OPERATIONAL,"general_contractor,service,point_of_interest,establishment",HVAC,Meridian
ChIJn4LPXcFTrlQRaVxzf8rFc5c,"Idaho Plumbing, Heating & Air","1380 E Commercial Dr STE 103, Meridian, ID 83642, USA",(208) 759-1629,https://idahoheating.com/?utm_source=GBP&utm_medium=organic,4.9,509,https://maps.google.com/?cid=10913283795561176169&g_mp=Cidnb29nbGUubWFwcy5wbGFjZXMudjEuUGxhY2VzLlNlYXJjaFRleHQQAhgEIAA,OPERATIONAL,"plumber,general_contractor,service,point_of_interest,establishment",HVAC,Meridian
ChIJx_enZxxTrlQRG8l7OfLV3sI,Trusted Heating & Air,"1200 N Main St #605, Meridian, ID 83680, USA",(208) 880-8442,https://trustedheatingandair.com/,4.9,43,https://maps.google.com/?cid=14041895924511000859&g_mp=Cidnb29nbGUubWFwcy5wbGFjZXMudjEuUGxhY2VzLlNlYXJjaFRleHQQAhgEIAA,OPERATIONAL,"general_contractor,service,point_of_interest,establishment",HVAC,Meridian
ChIJ477ctwNVrlQRMSsycSwAofs,"Saint Tonys Heating and Cooling, LLC","192 W White Sands Dr, Meridian, ID 83646, USA",(208) 995-6891,http://sainttonysheatingandcooling.com/,5,28,https://maps.google.com/?cid=18131773765648001841&g_mp=Cidnb29nbGUubWFwcy5wbGFjZXMudjEuUGxhY2VzLlNlYXJjaFRleHQQAhgEIAA,OPERATIONAL,"general_contractor,service,point_of_interest,establishment",Heating and cooling,Meridian
ChIJI8PCWMBNrlQRBx8jLvTKjYU,"J&D Heating, Cooling, & Water","5313 Airport Rd, Nampa, ID 83687, USA",(208) 254-5802,https://www.getjdnow.com/?utm_source=google&utm_medium=organic&utm_campaign=gbp,4.8,1005,https://maps.google.com/?cid=9623571128855502599&g_mp=Cidnb29nbGUubWFwcy5wbGFjZXMudjEuUGxhY2VzLlNlYXJjaFRleHQQAhgEIAA,OPERATIONAL,"general_contractor,service,point_of_interest,establishment",Heating and cooling,Meridian
ChIJkxdRuvdTrlQR2EeT4VBYs0Y,Easy Heating and Plumbing,"2269 E Commercial St, Meridian, ID 83642, USA",(208) 813-6334,https://www.easyheatandair.com/,4.9,205,https://maps.google.com/?cid=5094512707891316696&g_mp=Cidnb29nbGUubWFwcy5wbGFjZXMudjEuUGxhY2VzLlNlYXJjaFRleHQQAhgEIAA,OPERATIONAL,"plumber,store,general_contractor,service,supplier,point_of_interest,establishment",Heating and cooling,Meridian
ChIJ81GbrV9RrlQR9TY985YKaPM,Meridian Pest Defense Services,"265 W Overland Rd, Meridian, ID 83642, USA",(208) 361-3474,http://meridianpestdefenseservices.site/,5,33,https://maps.google.com/?cid=17539280392236644085&g_mp=Cidnb29nbGUubWFwcy5wbGFjZXMudjEuUGxhY2VzLlNlYXJjaFRleHQQAhgEIAA,OPERATIONAL,"service,point_of_interest,establishment",Pest control,Meridian
ChIJHf4WbQD_rlQRY0bNUEzb-Lk,Owyhee Environmental,"1940 S Bonito Way STE 130, Meridian, ID 83642, USA",(208) 391-5153,https://www.owyheeenvironmental.com/?utm_source=google&utm_medium=organic&utm_campaign=local-seo&utm_term=meridian-website,5,1845,https://maps.google.com/?cid=13400701812060538467&g_mp=Cidnb29nbGUubWFwcy5wbGFjZXMudjEuUGxhY2VzLlNlYXJjaFRleHQQAhgEIAA,OPERATIONAL,"service,point_of_interest,establishment",Pest control,Meridian
ChIJNRjwjehTrlQRQgYtl7GR9r4,Vertex Pest Control,"1715 E Columbia Rd, Meridian, ID 83642, USA",(208) 361-3917,https://www.vertexpestcontrol.com/?utm_source=gbp&utm_medium=organic&utm_campaign=gbp-meridian,5,1589,https://maps.google.com/?cid=13760345903408678466&g_mp=Cidnb29nbGUubWFwcy5wbGFjZXMudjEuUGxhY2VzLlNlYXJjaFRleHQQAhgEIAA,OPERATIONAL,"service,point_of_interest,establishment",Pest control,Meridian
ChIJnbHFs7ZTrlQRlG5RqdL9stE,HEMI Pest Control,"2973 N Price Way, Meridian, ID 83646, USA",(208) 906-3668,https://hemipest.com/idaho-service-areas/meridian-id-pest-control/,5,292,https://maps.google.com/?cid=15110418781007081108&g_mp=Cidnb29nbGUubWFwcy5wbGFjZXMudjEuUGxhY2VzLlNlYXJjaFRleHQQAhgEIAA,OPERATIONAL,"service,point_of_interest,establishment",Pest control,Meridian
ChIJr1puOTTe9gUR1SuNIw7K5No,Candor Pest Control,"2566 E Madrigal St, Meridian, ID 83642, USA",(208) 996-3146,https://candorpestcontrol.com/meridian-pest-control/?utm_source=gbp&utm_medium=organic&utm_campaign=gbp-meridian,5,441,https://maps.google.com/?cid=15772953957033126869&g_mp=Cidnb29nbGUubWFwcy5wbGFjZXMudjEuUGxhY2VzLlNlYXJjaFRleHQQAhgEIAA,OPERATIONAL,"service,point_of_interest,establishment",Pest control,Meridian
ChIJ77vAWrhTrlQRVG-gqIolGIA,Armis Pest Management,"3487 Dixon Ave N, Meridian, ID 83646, USA",(208) 650-7378,http://www.armispestmanagement.com/,5,435,https://maps.google.com/?cid=9230168713760632660&g_mp=Cidnb29nbGUubWFwcy5wbGFjZXMudjEuUGxhY2VzLlNlYXJjaFRleHQQAhgEIAA,OPERATIONAL,"service,point_of_interest,establishment",Pest control,Meridian
ChIJwwiDlz9RrlQRllg1DIAGgAE,Natura Pest Control,"3650 S Eagle Rd, Meridian, ID 83642, USA",(208) 996-4356,https://www.naturapc.com/,4.9,485,https://maps.google.com/?cid=108093538087295126&g_mp=Cidnb29nbGUubWFwcy5wbGFjZXMudjEuUGxhY2VzLlNlYXJjaFRleHQQAhgEIAA,OPERATIONAL,"service,point_of_interest,establishment",Pest control,Meridian
ChIJlWGWPaxTrlQRXMfywQMJ5j4,Integrity Pest Control,"3313 W Cherry Ln #337, Meridian, ID 83642, USA",(208) 869-7878,http://www.killmybugs.net/,4.7,98,https://maps.google.com/?cid=4532319986738448220&g_mp=Cidnb29nbGUubWFwcy5wbGFjZXMudjEuUGxhY2VzLlNlYXJjaFRleHQQAhgEIAA,OPERATIONAL,"service,point_of_interest,establishment",Pest control,Meridian
ChIJA7-WMrVTrlQRIUGxv1vSFP0,Halo Pest Solutions,"880 E Franklin Rd Suite 306, Meridian, ID 83642, USA",(208) 403-4001,https://www.halopestsolutions.com/,5,48,https://maps.google.com/?cid=18236432082629902625&g_mp=Cidnb29nbGUubWFwcy5wbGFjZXMudjEuUGxhY2VzLlNlYXJjaFRleHQQAhgEIAA,OPERATIONAL,"service,point_of_interest,establishment",Pest control,Meridian
ChIJt3uSDfVRrlQRroddlyYVdHo,Nature Shield Pest & Lawn,"1067 S Wells St Suite 200, Meridian, ID 83642, USA",(208) 402-8017,https://www.gonatureshield.com/,5,124,https://maps.google.com/?cid=8823700825418074030&g_mp=Cidnb29nbGUubWFwcy5wbGFjZXMudjEuUGxhY2VzLlNlYXJjaFRleHQQAhgEIAA,OPERATIONAL,"service,point_of_interest,establishment",Pest control,Meridian
ChIJzQvxjehTrlQRS0MgX55H0Kc,Pestcom Pest Management,"16201 N 20th St Suite 110, Nampa, ID 83687, USA",(208) 795-3298,https://www.pestcom.com/,4.9,947,https://maps.google.com/?cid=12092243745016136523&g_mp=Cidnb29nbGUubWFwcy5wbGFjZXMudjEuUGxhY2VzLlNlYXJjaFRleHQQAhgEIAA,OPERATIONAL,"service,point_of_interest,establishment",Pest control,Meridian
ChIJO3GrcLXYnysRCvH65nC3i2Y,Presto Pest Solutions,"2909 S Zims Ave, Meridian, ID 83642, USA",(208) 510-0307,https://www.prestopestsolutions.com/,5,100,https://maps.google.com/?cid=7389201309170856202&g_mp=Cidnb29nbGUubWFwcy5wbGFjZXMudjEuUGxhY2VzLlNlYXJjaFRleHQQAhgEIAA,OPERATIONAL,"service,point_of_interest,establishment",Pest control,Meridian
ChIJL6NNMvmof24RnYM9OHBqomw,Elite Sprinkler Tech & Landscaping LLC,"1131 E Ustick Rd, Meridian, ID 83646, USA",(208) 922-8879,,4.9,61,https://maps.google.com/?cid=7827936132535780253&g_mp=Cidnb29nbGUubWFwcy5wbGFjZXMudjEuUGxhY2VzLlNlYXJjaFRleHQQAhgEIAA,OPERATIONAL,"general_contractor,point_of_interest,service,establishment",Landscaping,Meridian
ChIJG7JVAFhTrlQR-ORrpRV_61Q,Salmon River Landscape and Hardscape LLC,"600 N Scotney Ave, Meridian, ID 83642, USA",(208) 901-8120,http://salmonriverlandscape.com/,4.9,30,https://maps.google.com/?cid=6119124249659303160&g_mp=Cidnb29nbGUubWFwcy5wbGFjZXMudjEuUGxhY2VzLlNlYXJjaFRleHQQAhgEIAA,OPERATIONAL,"general_contractor,point_of_interest,service,establishment",Landscaping,Meridian
ChIJrfIcBxlFrlQROCOU8gytnGQ,Aim High Lawn and Landscape LLC,"1577 N Linder Rd, Kuna, ID 83634, USA",(208) 996-3302,https://aimhighlawns.com/,4.9,69,https://maps.google.com/?cid=7249859771280663352&g_mp=Cidnb29nbGUubWFwcy5wbGFjZXMudjEuUGxhY2VzLlNlYXJjaFRleHQQAhgEIAA,OPERATIONAL,"general_contractor,point_of_interest,service,establishment",Landscaping,Meridian
ChIJy3VomY5TrlQRa2EF3ADMATk,Artistree Landscaping and Tree Service,"5550 S Linder Rd, Meridian, ID 83642, USA",(208) 985-5363,https://www.artistreelandscaping.com/,4.8,40,https://maps.google.com/?cid=4107788639202009451&g_mp=Cidnb29nbGUubWFwcy5wbGFjZXMudjEuUGxhY2VzLlNlYXJjaFRleHQQAhgEIAA,OPERATIONAL,"general_contractor,point_of_interest,service,establishment",Landscaping,Meridian
ChIJL2MZZ0dTrlQRQv3CcLUM_wk,Grande Landscape and Maintenance,"1905 N Monaco Way, Meridian, ID 83646, USA",(208) 685-9393,https://grandelandscape.com/,5,11,https://maps.google.com/?cid=720308438823009602&g_mp=Cidnb29nbGUubWFwcy5wbGFjZXMudjEuUGxhY2VzLlNlYXJjaFRleHQQAhgEIAA,OPERATIONAL,"general_contractor,point_of_interest,service,establishment",Landscaping,Meridian
ChIJORbsvrPyzYERvwJqACQyq6k,Well Grounded LLC,"4639 S Cochees Ave, Boise, ID 83709, USA",(573) 301-7339,https://wellgroundedlandscaping.com/,4.9,39,https://maps.google.com/?cid=12225920743634502335&g_mp=Cidnb29nbGUubWFwcy5wbGFjZXMudjEuUGxhY2VzLlNlYXJjaFRleHQQAhgEIAA,OPERATIONAL,"general_contractor,point_of_interest,service,establishment",Landscaping,Meridian
ChIJZTsMYQtRrlQRUlUP4BvWOOs,Victory Greens,"4975 S Meridian Rd, Meridian, ID 83642, USA",(208) 888-5551,https://www.victorygreens.com/,3.9,282,https://maps.google.com/?cid=16949532612820424018&g_mp=Cidnb29nbGUubWFwcy5wbGFjZXMudjEuUGxhY2VzLlNlYXJjaFRleHQQAhgEIAA,OPERATIONAL,"general_contractor,building_materials_store,wholesaler,store,farm,point_of_interest,service,establishment",Landscaping,Meridian
ChIJFQ5bgVdTrlQR2ZG8AFA7Vvc,Valley Curb & Landscape,"6270 N Spurwing Way, Meridian, ID 83646, USA",(208) 899-6637,http://valleycurb.com/,4.9,61,https://maps.google.com/?cid=17822497790161097177&g_mp=Cidnb29nbGUubWFwcy5wbGFjZXMudjEuUGxhY2VzLlNlYXJjaFRleHQQAhgEIAA,OPERATIONAL,"general_contractor,point_of_interest,service,establishment",Landscaping,Meridian
ChIJmbx657Wsr1QRd98ya-aHOh0,Jon C Irby Landscaping LLC,"5415 W Chinden Blvd, Meridian, ID 83646, USA",(208) 887-1456,http://joncirby.com/,3.7,51,https://maps.google.com/?cid=2106145199459852151&g_mp=Cidnb29nbGUubWFwcy5wbGFjZXMudjEuUGxhY2VzLlNlYXJjaFRleHQQAhgEIAA,OPERATIONAL,"garden_center,general_contractor,wholesaler,store,farm,point_of_interest,service,establishment",Landscaping,Meridian
ChIJD8haVhJTrlQRZcTedDKeRvU,Avalon Landscapes Inc,"2535 S Black Cat Rd, Meridian, ID 83642, USA",(208) 376-6599,https://avalonlandscapes.net/,3.2,29,https://maps.google.com/?cid=17673987727208399973&g_mp=Cidnb29nbGUubWFwcy5wbGFjZXMudjEuUGxhY2VzLlNlYXJjaFRleHQQAhgEIAA,OPERATIONAL,"general_contractor,point_of_interest,service,establishment",Landscaping,Meridian
ChIJT7P-HdOzr1QRIQoFIsCBge8,Blazin Lawn & Landscape LLC,"846 E Ocelot St, Meridian, ID 83646, USA",(208) 606-2388,http://blazinlandl.com/,5,23,https://maps.google.com/?cid=17258217909264910881&g_mp=Cidnb29nbGUubWFwcy5wbGFjZXMudjEuUGxhY2VzLlNlYXJjaFRleHQQAhgEIAA,OPERATIONAL,"general_contractor,point_of_interest,service,establishment",Landscaping,Meridian
ChIJ1_exBgtXrlQRDcfIRqDq3AU,Shupe Construction & Landscaping,"1120 S Rackham Way Suite 300, Meridian, ID 83642, USA",(208) 353-6622,https://nextdoor.com/pages/shupe-construction-landscaping-meridian-id/?init_source=org_pages,4.7,13,https://maps.google.com/?cid=422470439169214221&g_mp=Cidnb29nbGUubWFwcy5wbGFjZXMudjEuUGxhY2VzLlNlYXJjaFRleHQQAhgEIAA,OPERATIONAL,"point_of_interest,service,establishment",Landscaping,Meridian
ChIJKUCATY1UrlQRpXj8e_F-rcQ,Diamond Lawns,"3520 W Amity Rd, Meridian, ID 83642, USA",(208) 484-5568,https://diamondlawns.com/,4.6,383,https://maps.google.com/?cid=14172123178037180581&g_mp=Cidnb29nbGUubWFwcy5wbGFjZXMudjEuUGxhY2VzLlNlYXJjaFRleHQQAhgEIAA,OPERATIONAL,"point_of_interest,service,establishment",Landscaping,Meridian
ChIJiXYVZ0pRrlQRJuwJhDh2IR0,Century Lawn Care,"3393 E Murchison St, Meridian, ID 83642, USA",(208) 713-7164,http://www.centurylawns.com/,4.5,44,https://maps.google.com/?cid=2099088886436850726&g_mp=Cidnb29nbGUubWFwcy5wbGFjZXMudjEuUGxhY2VzLlNlYXJjaFRleHQQAhgEIAA,OPERATIONAL,"service,point_of_interest,establishment",Lawn care,Meridian
ChIJ_4oTsbZWrlQR0cWZ1vhpUX8,Carefree Lawns,"1295 S Topaz Ave, Meridian, ID 83642, USA",(208) 344-5334,https://carefreelawnsboise.com/,5,7,https://maps.google.com/?cid=9174230433403618769&g_mp=Cidnb29nbGUubWFwcy5wbGFjZXMudjEuUGxhY2VzLlNlYXJjaFRleHQQAhgEIAA,OPERATIONAL,"general_contractor,service,point_of_interest,establishment",Lawn care,Meridian
ChIJI7YUlgZUrlQRP2zfp7vWhoE,TruGreen Lawn Care,"2393 E Commercial St, Meridian, ID 83642, USA",(833) 418-5004,https://www.trugreen.com/local-lawn-care/idaho/meridian/?utm_source=gmb&utm_channel=organic,3.8,621,https://maps.google.com/?cid=9333383379235597375&g_mp=Cidnb29nbGUubWFwcy5wbGFjZXMudjEuUGxhY2VzLlNlYXJjaFRleHQQAhgEIAA,OPERATIONAL,"service,point_of_interest,establishment",Lawn care,Meridian
ChIJh6IZZqNTrlQRG7xgD4JKBGo,Meridian Mowing,"2163 W Rainfall St, Meridian, ID 83646, USA",(208) 870-8718,http://www.tiptopwebsite.com/jsimpsonmeridianlawnscom,4.4,14,https://maps.google.com/?cid=7639312790391405595&g_mp=Cidnb29nbGUubWFwcy5wbGFjZXMudjEuUGxhY2VzLlNlYXJjaFRleHQQAhgEIAA,OPERATIONAL,"service,point_of_interest,establishment",Lawn care,Meridian
ChIJj2Vt3bGjMk4Rk7rOTOgRb1o,J&J Lawn Maintenance LLC,"15880 Riverside Rd, Caldwell, ID 83607, USA",(208) 906-4225,http://www.jandjlawnmaintenance.com/,5,48,https://maps.google.com/?cid=6516446875247098515&g_mp=Cidnb29nbGUubWFwcy5wbGFjZXMudjEuUGxhY2VzLlNlYXJjaFRleHQQAhgEIAA,OPERATIONAL,"general_contractor,service,point_of_interest,establishment",Lawn care,Meridian
ChIJNf9DsxKF0akRRbEXWnghA4o,The Sod Squad - Lawn Care,"4247 E Grayson Dr, Meridian, ID 83642, USA",(208) 629-7456,https://www.sodsquadlawns.com/,5,3,https://maps.google.com/?cid=9944829202955481413&g_mp=Cidnb29nbGUubWFwcy5wbGFjZXMudjEuUGxhY2VzLlNlYXJjaFRleHQQAhgEIAA,OPERATIONAL,"supplier,general_contractor,food,service,point_of_interest,establishment",Lawn care,Meridian
ChIJl4ih6hJRrlQRWmldpCGCmjI,Lawn Barber Landscaping,"827 E Fallingbranch Ct, Meridian, ID 83642, USA",(208) 570-9691,,5,1,https://maps.google.com/?cid=3646369929312954714&g_mp=Cidnb29nbGUubWFwcy5wbGFjZXMudjEuUGxhY2VzLlNlYXJjaFRleHQQAhgEIAA,OPERATIONAL,"service,point_of_interest,establishment",Lawn care,Meridian
ChIJxzNpJu9TrlQRiWUjq1Hu4pI,Meridian Automotive,"505 N Main St, Meridian, ID 83642, USA",(208) 888-3797,https://meridianautocare.com/,4.6,666,https://maps.google.com/?cid=10584284108805072265&g_mp=Cidnb29nbGUubWFwcy5wbGFjZXMudjEuUGxhY2VzLlNlYXJjaFRleHQQAhgEIAA,OPERATIONAL,"tire_shop,auto_parts_store,car_repair,store,point_of_interest,service,establishment",Auto repair,Meridian
ChIJlzC7Bd5TrlQRm4gD1X1_VnU,John's Auto Care Center,"499 S Meridian Rd, Meridian, ID 83642, USA",(208) 314-1622,https://johnsautocare.com/?utm_campaign=gmb&utm_medium=gmb&utm_source=google,4.6,676,https://maps.google.com/?cid=8455085528856103067&g_mp=Cidnb29nbGUubWFwcy5wbGFjZXMudjEuUGxhY2VzLlNlYXJjaFRleHQQAhgEIAA,OPERATIONAL,"tire_shop,auto_parts_store,car_repair,store,point_of_interest,service,establishment",Auto repair,Meridian
ChIJJYHOCehTrlQRGJ0N1LONWmI,Giesler's Auto Repair,"216 W Franklin Rd, Meridian, ID 83642, USA",(208) 888-1841,,4.9,121,https://maps.google.com/?cid=7087132767117221144&g_mp=Cidnb29nbGUubWFwcy5wbGFjZXMudjEuUGxhY2VzLlNlYXJjaFRleHQQAhgEIAA,OPERATIONAL,"car_repair,point_of_interest,service,establishment",Auto repair,Meridian
ChIJP9ABn8hTrlQRcME7Pd3N3-Q,Heritage Auto Repair,"175 N Linder Rd, Meridian, ID 83642, USA",(208) 887-1442,http://www.heritageautorepair.com/,4.7,729,https://maps.google.com/?cid=16492126710552838512&g_mp=Cidnb29nbGUubWFwcy5wbGFjZXMudjEuUGxhY2VzLlNlYXJjaFRleHQQAhgEIAA,OPERATIONAL,"tire_shop,auto_parts_store,car_repair,store,point_of_interest,service,establishment",Auto repair,Meridian
ChIJ67ZoOOVTrlQRqbpLxCx05Mw,Driven Automotive,"1850 E Franklin Rd, Meridian, ID 83642, USA",(208) 888-7464,https://drivenautomotivemeridian.com/,4.9,446,https://maps.google.com/?cid=14764053214048008873&g_mp=Cidnb29nbGUubWFwcy5wbGFjZXMudjEuUGxhY2VzLlNlYXJjaFRleHQQAhgEIAA,OPERATIONAL,"car_repair,point_of_interest,service,establishment",Auto repair,Meridian
ChIJHdVS8fpTrlQRNU1yqJr9SJ0,Blue Wrench Meridian - Auto Repair,"265 N Baltic Pl, Meridian, ID 83642, USA",(208) 545-5059,https://bluewrench.com/locations/meridian-auto-repair/,4.5,96,https://maps.google.com/?cid=11333587302970707253&g_mp=Cidnb29nbGUubWFwcy5wbGFjZXMudjEuUGxhY2VzLlNlYXJjaFRleHQQAhgEIAA,OPERATIONAL,"auto_parts_store,car_repair,store,point_of_interest,service,establishment",Auto repair,Meridian
ChIJuVTSFmBTrlQRmg42hcysrwI,Christian Brothers Automotive Meridian,"1402 W McMillan Rd, Meridian, ID 83646, USA",(208) 751-8830,https://www.cbac.com/meridian/?utm_source=GMB&utm_medium=organic&utm_campaign=meridian&utm_content=website-cta,4.7,872,https://maps.google.com/?cid=193563303408438938&g_mp=Cidnb29nbGUubWFwcy5wbGFjZXMudjEuUGxhY2VzLlNlYXJjaFRleHQQAhgEIAA,OPERATIONAL,"car_repair,point_of_interest,service,establishment",Auto repair,Meridian
ChIJK_9VdGVRrlQRZ3ZccMEDH5s,Dowdy's Automotive,"1890 S Meridian Rd, Meridian, ID 83642, USA",(208) 972-5160,http://www.dowdysauto.com/,4.8,528,https://maps.google.com/?cid=11177656929505539687&g_mp=Cidnb29nbGUubWFwcy5wbGFjZXMudjEuUGxhY2VzLlNlYXJjaFRleHQQAhgEIAA,OPERATIONAL,"tire_shop,auto_parts_store,car_repair,store,point_of_interest,service,establishment",Auto repair,Meridian
ChIJ822OHbVVrlQRN5atHXKrSIw,Dowdy's Automotive,"4850 N Elsinore Ave, Meridian, ID 83646, USA",(208) 288-5515,http://www.dowdysauto.com/,4.9,401,https://maps.google.com/?cid=10108517870245615159&g_mp=Cidnb29nbGUubWFwcy5wbGFjZXMudjEuUGxhY2VzLlNlYXJjaFRleHQQAhgEIAA,OPERATIONAL,"tire_shop,auto_parts_store,car_repair,store,point_of_interest,service,establishment",Auto repair,Meridian
ChIJ5aUJw95VrlQRuBIMXg0zM9k,Idaho Mobile Automotive Co,"3415 N Centrepoint Way C103, Meridian, ID 83646, USA",(303) 547-6468,,4.7,23,https://maps.google.com/?cid=15650909262548046520&g_mp=Cidnb29nbGUubWFwcy5wbGFjZXMudjEuUGxhY2VzLlNlYXJjaFRleHQQAhgEIAA,OPERATIONAL,"car_repair,point_of_interest,service,establishment",Auto repair,Meridian
ChIJvyJDgUFRrlQRithYMjvIMZA,Christian Brothers Automotive Meridian Rd,"87 E Calderwood Dr, Meridian, ID 83642, USA",(208) 937-7131,https://www.cbac.com/meridian-rd/?utm_source=GMB&utm_medium=organic&utm_campaign=meridian-rd&utm_content=website-cta,4.8,423,https://maps.google.com/?cid=10390305971893753994&g_mp=Cidnb29nbGUubWFwcy5wbGFjZXMudjEuUGxhY2VzLlNlYXJjaFRleHQQAhgEIAA,OPERATIONAL,"car_repair,point_of_interest,service,establishment",Auto repair,Meridian
ChIJTYamjYtTrlQRQEXEF9hK2Os,K & R Automotive,"2390 E Commercial St #1, Meridian, ID 83642, USA",(208) 888-3719,http://kandrautorepairid.com/,4.9,54,https://maps.google.com/?cid=16994415485854696768&g_mp=Cidnb29nbGUubWFwcy5wbGFjZXMudjEuUGxhY2VzLlNlYXJjaFRleHQQAhgEIAA,OPERATIONAL,"car_repair,point_of_interest,service,establishment",Auto repair,Meridian
ChIJ44wiOSNTrlQRawsz16-sAX4,Liebes Auto Care LLC,"1511 Storey St, Meridian, ID 83646, USA",(208) 850-2083,https://nextdoor.com/pages/liebes-auto-care-meridian-id/,5,30,https://maps.google.com/?cid=9079728194985331563&g_mp=Cidnb29nbGUubWFwcy5wbGFjZXMudjEuUGxhY2VzLlNlYXJjaFRleHQQAhgEIAA,OPERATIONAL,"car_repair,point_of_interest,service,establishment",Auto repair,Meridian
ChIJ85SH4gxUrlQRR_Yb7aC9fkQ,Meineke Car Care Center,"1975 E Fairview Ave, Meridian, ID 83642, USA",(208) 391-4169,https://www.meineke.com/locations/id/meridian-4305/?utm_source=google&utm_medium=organic&utm_campaign=gbp_website,4.5,1079,https://maps.google.com/?cid=4935590740515092039&g_mp=Cidnb29nbGUubWFwcy5wbGFjZXMudjEuUGxhY2VzLlNlYXJjaFRleHQQAhgEIAA,OPERATIONAL,"car_repair,store,point_of_interest,service,establishment",Auto repair,Meridian
ChIJL86Xf-tRrlQRAlmnxtYSnb0,Crown Automotive,"805 E Fairview Ave, Meridian, ID 83642, USA",(208) 870-4711,https://www.crownautoboise.com/,4.9,95,https://maps.google.com/?cid=13663097558177110274&g_mp=Cidnb29nbGUubWFwcy5wbGFjZXMudjEuUGxhY2VzLlNlYXJjaFRleHQQAhgEIAA,OPERATIONAL,"car_repair,point_of_interest,service,establishment",Auto repair,Meridian
ChIJ-3ImPuVTrlQRS76_cYvjtyQ,D.A.D.S Garage,"505 E King St, Meridian, ID 83642, USA",(208) 888-9522,,4.9,37,https://maps.google.com/?cid=2645833494151806539&g_mp=Cidnb29nbGUubWFwcy5wbGFjZXMudjEuUGxhY2VzLlNlYXJjaFRleHQQAhgEIAA,OPERATIONAL,"car_repair,medical_clinic,health,point_of_interest,service,establishment",Auto repair,Meridian
ChIJPZ386kNSrlQRYw4pky2Ynmw,Trana's Garage,"175 N Black Cat Rd, Meridian, ID 83642, USA",(208) 866-1089,,4.9,73,https://maps.google.com/?cid=7826860523926392419&g_mp=Cidnb29nbGUubWFwcy5wbGFjZXMudjEuUGxhY2VzLlNlYXJjaFRleHQQAhgEIAA,OPERATIONAL,"car_repair,point_of_interest,service,establishment",Auto repair,Meridian
ChIJo9TF-xFTrlQRz-oyZx4qwnc,Roger’s Tire Pros & Auto Care,"3304 W Ustick Rd, Meridian, ID 83646, USA",(208) 789-2985,https://rogerstire.com/meridian/,4.8,943,https://maps.google.com/?cid=8629506146064067279&g_mp=Cidnb29nbGUubWFwcy5wbGFjZXMudjEuUGxhY2VzLlNlYXJjaFRleHQQAhgEIAA,OPERATIONAL,"tire_shop,auto_parts_store,car_repair,store,point_of_interest,service,establishment",Auto repair,Meridian
ChIJbVqeZOS1r1QR_GRXRFGEqgk,Mountain Automotive And Performance,"475 N Linder Ave, Meridian, ID 83642, USA",(208) 546-9365,https://www.mountainautoperformance.net/,4.9,121,https://maps.google.com/?cid=696514576955958524&g_mp=Cidnb29nbGUubWFwcy5wbGFjZXMudjEuUGxhY2VzLlNlYXJjaFRleHQQAhgEIAA,OPERATIONAL,"car_repair,point_of_interest,service,establishment",Auto repair,Meridian
ChIJi-CNKKFTrlQRFQxKUIOBbVY,Sportsman Auto Service Center,"220 E Fairview Ave STE 130, Meridian, ID 83642, USA",(208) 855-0703,,5,22,https://maps.google.com/?cid=6227776260710992917&g_mp=Cidnb29nbGUubWFwcy5wbGFjZXMudjEuUGxhY2VzLlNlYXJjaFRleHQQAhgEIAA,OPERATIONAL,"car_repair,point_of_interest,service,establishment",Auto repair,Meridian
ChIJa5SkIBpTrlQRoRmmub_30tM,Stay Dent Free LLC,"1185 W Apple Pine St, Meridian, ID 83646, USA",(208) 918-3410,https://staydentfreepdr.com/,5,205,https://maps.google.com/?cid=15263534489937516961&g_mp=Cidnb29nbGUubWFwcy5wbGFjZXMudjEuUGxhY2VzLlNlYXJjaFRleHQQAhgEIAA,OPERATIONAL,"car_repair,service,point_of_interest,establishment",Mechanic,Meridian
ChIJ4dDDyMpTrlQRTzw_GWruMI0,Bowers Auto Repair,"2740 W Franklin Rd, Meridian, ID 83642, USA",(208) 888-7355,,4.6,26,https://maps.google.com/?cid=10173893697687469135&g_mp=Cidnb29nbGUubWFwcy5wbGFjZXMudjEuUGxhY2VzLlNlYXJjaFRleHQQAhgEIAA,OPERATIONAL,"car_repair,service,point_of_interest,establishment",Mechanic,Meridian
ChIJq4zAacCIQ2oRkxyQOG6DJXg,Luxe Cleaning Co.,"1350 N Webb Wy, Meridian, ID 83642, USA",(208) 728-7448,http://luxecleaningco.net/,5,34,https://maps.google.com/?cid=8657470368108256403&g_mp=Cidnb29nbGUubWFwcy5wbGFjZXMudjEuUGxhY2VzLlNlYXJjaFRleHQQAhgEIAA,OPERATIONAL,"service,point_of_interest,establishment",Cleaning service,Meridian
ChIJjYq0hrVTrlQRPoK_iHCX7RM,Sunshine Cleaning Services,"202 W Franklin Rd, Meridian, ID 83642, USA",(208) 461-9685,http://pleasecleanmywindows.com/,4.9,117,https://maps.google.com/?cid=1435970365787439678&g_mp=Cidnb29nbGUubWFwcy5wbGFjZXMudjEuUGxhY2VzLlNlYXJjaFRleHQQAhgEIAA,OPERATIONAL,"laundry,service,point_of_interest,establishment",Cleaning service,Meridian
ChIJOwq-aVuXlocRW6dXSDKruTk,Abby's Maids llc,"2512 N Stokesberry Pl #101, Meridian, ID 83646, USA",(208) 286-1558,http://www.abbysmaids.com/,4.9,59,https://maps.google.com/?cid=4159543963303782235&g_mp=Cidnb29nbGUubWFwcy5wbGFjZXMudjEuUGxhY2VzLlNlYXJjaFRleHQQAhgEIAA,OPERATIONAL,"service,point_of_interest,establishment",Cleaning service,Meridian
ChIJ9-W9iGDIyU4RiKJi-sEDxls,Wanny Clean LLC,"5558 N Saguaro Hills Ave, Meridian, ID 83646, USA",(208) 280-2574,http://www.wannycleanidaho.com/,5,44,https://maps.google.com/?cid=6612977234504491656&g_mp=Cidnb29nbGUubWFwcy5wbGFjZXMudjEuUGxhY2VzLlNlYXJjaFRleHQQAhgEIAA,OPERATIONAL,"service,point_of_interest,establishment",Cleaning service,Meridian
ChIJEw-UOb1LrlQRWf3p1CtIzZw,Blue Bird Home Services LLC,"520 W Waltman Ln, Meridian, ID 83642, USA",(208) 861-6335,http://bluebirdidaho.com/,4.9,247,https://maps.google.com/?cid=11298766393235340633&g_mp=Cidnb29nbGUubWFwcy5wbGFjZXMudjEuUGxhY2VzLlNlYXJjaFRleHQQAhgEIAA,OPERATIONAL,"laundry,general_contractor,service,point_of_interest,establishment",Cleaning service,Meridian
ChIJNSR9HF1TrlQROaqeOLFG8CQ,Two Maids,"743 N Ralstin St, Meridian, ID 83642, USA",(208) 258-3123,https://www.twomaidscleaning.com/meridian/,5,18,https://maps.google.com/?cid=2661705106749041209&g_mp=Cidnb29nbGUubWFwcy5wbGFjZXMudjEuUGxhY2VzLlNlYXJjaFRleHQQAhgEIAA,OPERATIONAL,"service,point_of_interest,establishment",Cleaning service,Meridian
ChIJ8-2ncnBUrlQRMdU6rJWZ36o,freedommaid,"880 E Franklin Rd #308, Meridian, ID 83642, USA",(208) 559-1292,https://www.freedommaid.com/,4.8,72,https://maps.google.com/?cid=12312728774372939057&g_mp=Cidnb29nbGUubWFwcy5wbGFjZXMudjEuUGxhY2VzLlNlYXJjaFRleHQQAhgEIAA,OPERATIONAL,"service,point_of_interest,establishment",Cleaning service,Meridian
ChIJW3mZJukkAkgR9xDGVe0NHZM,Favorite Day Maid & House Cleaning Service,"1036 E Iron Eagle Dr Suite 162, Eagle, ID 83616, USA",(208) 999-7427,https://www.favoritedaymaid.com/,4.9,87,https://maps.google.com/?cid=10600644410897469687&g_mp=Cidnb29nbGUubWFwcy5wbGFjZXMudjEuUGxhY2VzLlNlYXJjaFRleHQQAhgEIAA,OPERATIONAL,"service,point_of_interest,establishment",Cleaning service,Meridian
ChIJHxQY715VrlQRLD8_XxqvZ8g,Lovely Cleaning LLC,"1774 W Puzzle Creek Dr, Meridian, ID 83646, USA",(208) 703-7210,,5,2,https://maps.google.com/?cid=14440703257988775724&g_mp=Cidnb29nbGUubWFwcy5wbGFjZXMudjEuUGxhY2VzLlNlYXJjaFRleHQQAhgEIAA,OPERATIONAL,"service,point_of_interest,establishment",Cleaning service,Meridian
ChIJZxGxnM9LrlQRNo4hzriidEE,Extra Clean Cleaning,"1010 W Finch Dr, Nampa, ID 83651, USA",(208) 468-8967,http://extracleancleaning.com/,4.8,97,https://maps.google.com/?cid=4716573624379739702&g_mp=Cidnb29nbGUubWFwcy5wbGFjZXMudjEuUGxhY2VzLlNlYXJjaFRleHQQAhgEIAA,OPERATIONAL,"laundry,service,point_of_interest,establishment",Cleaning service,Meridian
ChIJYZVReyBVrlQR724Q8Zr85m8,Sophisticated Cleaners,"3597 E Monarch Sky Ln Suite 240, Meridian, ID 83646, USA",(208) 812-5716,https://www.sophisticatedcleanersllc.com/,4.7,48,https://maps.google.com/?cid=8063409925253000943&g_mp=Cidnb29nbGUubWFwcy5wbGFjZXMudjEuUGxhY2VzLlNlYXJjaFRleHQQAhgEIAA,OPERATIONAL,"service,point_of_interest,establishment",Cleaning service,Meridian
ChIJmatc2plRrlQR1R9gP-nORdo,Grime Busters 208 Carpet&Floor Cleaning,"121 E Victory Rd, Meridian, ID 83642, USA",(208) 992-7402,https://grimebusters208.com/,5,32,https://maps.google.com/?cid=15728204774847291349&g_mp=Cidnb29nbGUubWFwcy5wbGFjZXMudjEuUGxhY2VzLlNlYXJjaFRleHQQAhgEIAA,OPERATIONAL,"laundry,general_contractor,point_of_interest,service,establishment",House cleaning,Meridian
ChIJzW8utm9TrlQRNWzdhG6ExFI,Anago Commercial Cleaning,"114 E Idaho Ave # 200, Meridian, ID 83642, USA",(208) 514-4786,https://anagocleaning.com/boise/?utm_source=gbp+listing&utm_medium=organic,4.7,26,https://maps.google.com/?cid=5964037416755751989&g_mp=Cidnb29nbGUubWFwcy5wbGFjZXMudjEuUGxhY2VzLlNlYXJjaFRleHQQAhgEIAA,OPERATIONAL,"laundry,point_of_interest,service,establishment",Janitorial service,Meridian
ChIJiQFGKOlXrlQR8eeC15KDmug,Premier Cleaning Pro,"1560 S Rolling Hl Dr, Meridian, ID 83642, USA",(208) 965-4285,http://premiercleaningpro.com/,5,5,https://maps.google.com/?cid=16760853629916866545&g_mp=Cidnb29nbGUubWFwcy5wbGFjZXMudjEuUGxhY2VzLlNlYXJjaFRleHQQAhgEIAA,OPERATIONAL,"point_of_interest,service,establishment",Janitorial service,Meridian
ChIJ45ljjTVTrlQRN-0dXz9DfXs,Johnsons Cleaning Services LLC,"2020 W Lonesome Dove St, Meridian, ID 83646, USA",(208) 917-2099,https://www.johnsonscleaningservices.net/,5,9,https://maps.google.com/?cid=8898342378211765559&g_mp=Cidnb29nbGUubWFwcy5wbGFjZXMudjEuUGxhY2VzLlNlYXJjaFRleHQQAhgEIAA,OPERATIONAL,"point_of_interest,service,establishment",Janitorial service,Meridian
ChIJqYtxTiv_rlQRCjGsbHSUwzo,"Idaho Property Maintenance Meridian, ID","880 E Franklin Rd STE 311, Meridian, ID 83642, USA",(208) 344-1743,https://idahopropertymaintenance.com/,4.9,356,https://maps.google.com/?cid=4234391302418739466&g_mp=Cidnb29nbGUubWFwcy5wbGFjZXMudjEuUGxhY2VzLlNlYXJjaFRleHQQAhgEIAA,OPERATIONAL,"general_contractor,service,point_of_interest,establishment",Handyman,Meridian
ChIJ6ylkn3NUrlQRadnf0EkJEZw,A1 Handyman Meridian,"1925 N Locust Grove Rd, Meridian, ID 83646, USA",(208) 887-9999,https://www.handyman-boise.com/meridian-handyman-services,4.7,10,https://maps.google.com/?cid=11245779957162432873&g_mp=Cidnb29nbGUubWFwcy5wbGFjZXMudjEuUGxhY2VzLlNlYXJjaFRleHQQAhgEIAA,OPERATIONAL,"plumber,electrician,home_goods_store,manufacturer,store,general_contractor,service,point_of_interest,establishment",Handyman,Meridian
ChIJw3v_r2VTrlQRAH-kJ7hAv6s,Bearded Hammer,"3597 E Monarch Sky Ln Suite 240, Meridian, ID 83646, USA",(208) 391-6371,http://www.beardedhammerid.com/,5,41,https://maps.google.com/?cid=12375681460720664320&g_mp=Cidnb29nbGUubWFwcy5wbGFjZXMudjEuUGxhY2VzLlNlYXJjaFRleHQQAhgEIAA,OPERATIONAL,"plumber,general_contractor,service,point_of_interest,establishment",Handyman,Meridian
ChIJ_f_TmllXrlQRsRfJNH-6In4,1A2C Handyman,"5307 Airport Rd, Nampa, ID 83687, USA",(208) 850-9030,http://1a2chandyman.com/,5,10,https://maps.google.com/?cid=9089032053496289201&g_mp=Cidnb29nbGUubWFwcy5wbGFjZXMudjEuUGxhY2VzLlNlYXJjaFRleHQQAhgEIAA,OPERATIONAL,"general_contractor,service,point_of_interest,establishment",Handyman,Meridian
ChIJ6VL8qH6tr1QRZhQOPYwYnMw,Prime Meridian Handyman Service,"5921 N Levenham Ave, Meridian, ID 83646, USA",(208) 510-8335,,5,8,https://maps.google.com/?cid=14743686270702982246&g_mp=Cidnb29nbGUubWFwcy5wbGFjZXMudjEuUGxhY2VzLlNlYXJjaFRleHQQAhgEIAA,OPERATIONAL,"general_contractor,service,point_of_interest,establishment",Handyman,Meridian
ChIJd19MwRy-RYkRzC6kWD_OdPA,Sasquatch Home Solutions,"6058 N Eynsford Ave, Meridian, ID 83646, USA",(208) 695-7027,,5,31,https://maps.google.com/?cid=17326700437866557132&g_mp=Cidnb29nbGUubWFwcy5wbGFjZXMudjEuUGxhY2VzLlNlYXJjaFRleHQQAhgEIAA,OPERATIONAL,"general_contractor,service,point_of_interest,establishment",Handyman,Meridian
ChIJ__9PI41TrlQRCGuyGXFyrgg,Genesis Pro Solutions LLC,"1735 S Millennium Way, Meridian, ID 83642, USA",(208) 888-6108,https://www.genesisidaho.com/,4.8,39,https://maps.google.com/?cid=625563228339071752&g_mp=Cidnb29nbGUubWFwcy5wbGFjZXMudjEuUGxhY2VzLlNlYXJjaFRleHQQAhgEIAA,OPERATIONAL,"general_contractor,service,point_of_interest,establishment",Handyman,Meridian
ChIJDZh7DzpTrlQRrRTLaWP-GxI,Stan's Handyman Service,"355 W Sedgewick Dr, Meridian, ID 83646, USA",(208) 870-0036,http://stanshandymanservice.com/,5,3,https://maps.google.com/?cid=1304916219984024749&g_mp=Cidnb29nbGUubWFwcy5wbGFjZXMudjEuUGxhY2VzLlNlYXJjaFRleHQQAhgEIAA,OPERATIONAL,"manufacturer,general_contractor,service,point_of_interest,establishment",Handyman,Meridian
ChIJNTWazi1VrlQR7L_wkEcF03E,River Valley Handyman,"12303 W Freedom Dr, Boise, ID 83713, USA",(208) 330-4208,https://www.therivervalleyhandyman.com/,5,1,https://maps.google.com/?cid=8201905151304318956&g_mp=Cidnb29nbGUubWFwcy5wbGFjZXMudjEuUGxhY2VzLlNlYXJjaFRleHQQAhgEIAA,OPERATIONAL,"general_contractor,service,point_of_interest,establishment",Handyman,Meridian
ChIJsXIGZ9hRrlQRqYRMEXrdtno,First Choice House Painters of Meridian,"1272 E Shepherd St, Meridian, ID 83642, USA",(208) 644-8395,https://firstchoicehousepainters.com/,5,50,https://maps.google.com/?cid=8842498434734523561&g_mp=Cidnb29nbGUubWFwcy5wbGFjZXMudjEuUGxhY2VzLlNlYXJjaFRleHQQAhgEIAA,OPERATIONAL,"painter,service,point_of_interest,establishment",Painter,Meridian
ChIJmY8IRkGtwaoROBGdk3thG48,Montenegro's Painting & Construction LLC,"357 E Watertower St, Meridian, ID 83642, USA",(208) 831-0280,http://www.montenegrosllc.com/,5,92,https://maps.google.com/?cid=10311942955180298552&g_mp=Cidnb29nbGUubWFwcy5wbGFjZXMudjEuUGxhY2VzLlNlYXJjaFRleHQQAhgEIAA,OPERATIONAL,"general_contractor,service,point_of_interest,establishment",Painter,Meridian
ChIJ52JuVOlTrlQRrt8jc8F3Ydw,Signature Painting,"631 W 1st St, Meridian, ID 83642, USA",(208) 870-7236,http://www.signaturepaintingidaho.com/,4.7,40,https://maps.google.com/?cid=15880105433829203886&g_mp=Cidnb29nbGUubWFwcy5wbGFjZXMudjEuUGxhY2VzLlNlYXJjaFRleHQQAhgEIAA,OPERATIONAL,"painter,service,point_of_interest,establishment",Painter,Meridian
ChIJHXyCXmUFR0wRONMg6Ivkjuw,Salmeron Treasure Valley Painter LLC,"3403 W Acarrera Ct, Meridian, ID 83642, USA",(619) 678-9193,https://salmerontreasurevalleypainterllc.com/,5,25,https://maps.google.com/?cid=17045812929189958456&g_mp=Cidnb29nbGUubWFwcy5wbGFjZXMudjEuUGxhY2VzLlNlYXJjaFRleHQQAhgEIAA,OPERATIONAL,"painter,general_contractor,service,point_of_interest,establishment",Painter,Meridian
ChIJtwkSUmVJAywR5cslQsvtq38,Spray 'n Coat Painting and Epoxy Flooring,"2972 E Leslie Dr, Meridian, ID 83646, USA",(208) 254-4149,https://www.sprayncoat.com/garage-floor-coating,5,187,https://maps.google.com/?cid=9199708121078287333&g_mp=Cidnb29nbGUubWFwcy5wbGFjZXMudjEuUGxhY2VzLlNlYXJjaFRleHQQAhgEIAA,OPERATIONAL,"painter,general_contractor,service,point_of_interest,establishment",Painter,Meridian
ChIJa21xs8xTrlQRfNFmhND3MGI,Andrus Painting,"3597 E Monarch Sky Ln Suite 240 - 6878, Meridian, ID 83646, USA",(208) 297-9332,http://www.andruspainting.com/,5,82,https://maps.google.com/?cid=7075427489545638268&g_mp=Cidnb29nbGUubWFwcy5wbGFjZXMudjEuUGxhY2VzLlNlYXJjaFRleHQQAhgEIAA,OPERATIONAL,"painter,service,point_of_interest,establishment",Painter,Meridian
ChIJr-5chkZRrlQR0N83G8Gu9dY,"Adam Roe Painting, Inc.","7085 S Eagle Rd, Meridian, ID 83642, USA",(208) 247-0891,https://arppainting.com/,4.8,52,https://maps.google.com/?cid=15489478637819256784&g_mp=Cidnb29nbGUubWFwcy5wbGFjZXMudjEuUGxhY2VzLlNlYXJjaFRleHQQAhgEIAA,OPERATIONAL,"painter,manufacturer,general_contractor,service,point_of_interest,establishment",Painter,Meridian
ChIJ5Xlp0bdLrlQRFF-q0mxdgMc,Paint EZ Of Boise,"3313 W Cherry Ln Suite 1016, Meridian, ID 83642, USA",(208) 608-5461,https://www.paintez.com/boise/,5,138,https://maps.google.com/?cid=14375592732538855188&g_mp=Cidnb29nbGUubWFwcy5wbGFjZXMudjEuUGxhY2VzLlNlYXJjaFRleHQQAhgEIAA,OPERATIONAL,"painter,service,point_of_interest,establishment",Painter,Meridian
ChIJI39x3ndRrlQRr5aziLcKKb8,Effective Painting & Construction LLC,"1332 E Ionia St, Meridian, ID 83642, USA",(986) 910-2200,https://www.effectivepainting.co/,5,6,https://maps.google.com/?cid=13774552718678136495&g_mp=Cidnb29nbGUubWFwcy5wbGFjZXMudjEuUGxhY2VzLlNlYXJjaFRleHQQAhgEIAA,OPERATIONAL,"point_of_interest,establishment",Painter,Meridian
ChIJo8f_bv9UrlQR73SM4nH0_jU,Spray 'n Coat Painting,"1213 3rd Ave N, Nampa, ID 83687, USA",(208) 615-5432,https://sprayncoat.com/nampa,4.9,356,https://maps.google.com/?cid=3890815898064024815&g_mp=Cidnb29nbGUubWFwcy5wbGFjZXMudjEuUGxhY2VzLlNlYXJjaFRleHQQAhgEIAA,OPERATIONAL,"painter,general_contractor,service,point_of_interest,establishment",Painter,Meridian
ChIJycVKwERTrlQRrMATKtZr7EI,Peter The Painter,"2686 N Blue Springs Ave, Meridian, ID 83646, USA",(208) 999-7120,http://www.peterthepainter.us/,4.6,11,https://maps.google.com/?cid=4822347868580069548&g_mp=Cidnb29nbGUubWFwcy5wbGFjZXMudjEuUGxhY2VzLlNlYXJjaFRleHQQAhgEIAA,OPERATIONAL,"painter,service,point_of_interest,establishment",Painter,Meridian
ChIJTzYcNT0Ar1QRspftn230yeM,B&K Painting,"3879 N Chocaya Pl, Meridian, ID 83646, USA",(208) 939-2278,https://bnkpainting.com/,5,43,https://maps.google.com/?cid=16413919068600244146&g_mp=Cidnb29nbGUubWFwcy5wbGFjZXMudjEuUGxhY2VzLlNlYXJjaFRleHQQAhgEIAA,OPERATIONAL,"point_of_interest,establishment",Painter,Meridian
ChIJ2WCxf8RTrlQRF2fyCgIJzmw,Alan Curtis Painting Contractor LLC Idaho lic#RCT52329,"3313 W Cherry Ln, Meridian, ID 83642, USA",(702) 635-0612,,5,45,https://maps.google.com/?cid=7840213905676855063&g_mp=Cidnb29nbGUubWFwcy5wbGFjZXMudjEuUGxhY2VzLlNlYXJjaFRleHQQAhgEIAA,OPERATIONAL,"general_contractor,service,point_of_interest,establishment",Painting contractor,Meridian
ChIJd5BrNuhNrlQRtEbmZz8aZl4,JDS CONCRETE LLC,"811 N Jasper Pl, Nampa, ID 83687, USA",(208) 571-8851,http://jdsconcreteidaho.com/,4.9,55,https://maps.google.com/?cid=6802153146818119348&g_mp=Cidnb29nbGUubWFwcy5wbGFjZXMudjEuUGxhY2VzLlNlYXJjaFRleHQQAhgEIAA,OPERATIONAL,"general_contractor,service,point_of_interest,establishment",Concrete contractor,Meridian
ChIJlWGWPaxTrlQRfOsurZFs4Mc,Glidden Concrete Construction llc,"3313 W Cherry Ln #541, Meridian, ID 83642, USA",(208) 371-1564,https://www.gliddenconcrete.com/,2.8,4,https://maps.google.com/?cid=14402630981262437244&g_mp=Cidnb29nbGUubWFwcy5wbGFjZXMudjEuUGxhY2VzLlNlYXJjaFRleHQQAhgEIAA,OPERATIONAL,"general_contractor,service,point_of_interest,establishment",Concrete contractor,Meridian
ChIJnXsmE7pWrlQRGlMXWvi2x1o,Division III Concrete Construction,"850 S Rolling Hl Dr, Meridian, ID 83642, USA",(208) 761-6242,,3,1,https://maps.google.com/?cid=6541398161558557466&g_mp=Cidnb29nbGUubWFwcy5wbGFjZXMudjEuUGxhY2VzLlNlYXJjaFRleHQQAhgEIAA,OPERATIONAL,"general_contractor,service,point_of_interest,establishment",Concrete contractor,Meridian
ChIJg_1CRAdRrlQRsihOwKuWxoE,Straightline Concrete,"523 Rumple Ln, Meridian, ID 83642, USA",(208) 846-8377,,2.5,2,https://maps.google.com/?cid=9351327340691335346&g_mp=Cidnb29nbGUubWFwcy5wbGFjZXMudjEuUGxhY2VzLlNlYXJjaFRleHQQAhgEIAA,OPERATIONAL,"general_contractor,service,point_of_interest,establishment",Concrete contractor,Meridian
ChIJEUS4iQ1VrlQRx3CZ3PM2uSQ,Boden Concrete LLC,"11785 W Jenilyn Ct, Boise, ID 83713, USA",(208) 713-9661,https://bodenconcrete.com/,4.5,17,https://maps.google.com/?cid=2646206677062873287&g_mp=Cidnb29nbGUubWFwcy5wbGFjZXMudjEuUGxhY2VzLlNlYXJjaFRleHQQAhgEIAA,OPERATIONAL,"general_contractor,service,point_of_interest,establishment",Concrete contractor,Meridian
ChIJI15lwO1TrlQRlYXZ4RilufI,Extreme Concrete,"1330 E Fairview Ave #105, Meridian, ID 83642, USA",(208) 288-5627,,3,2,https://maps.google.com/?cid=17490192154156959125&g_mp=Cidnb29nbGUubWFwcy5wbGFjZXMudjEuUGxhY2VzLlNlYXJjaFRleHQQAhgEIAA,OPERATIONAL,"general_contractor,service,point_of_interest,establishment",Concrete contractor,Meridian
ChIJZQrGhV9TrlQRCNeFrXNCywo,Blackhorn Concrete,"5233 W Franklin Rd, Meridian, ID 83642, USA",(208) 895-2030,http://blackhornconcrete.com/,4.6,10,https://maps.google.com/?cid=777788425251444488&g_mp=Cidnb29nbGUubWFwcy5wbGFjZXMudjEuUGxhY2VzLlNlYXJjaFRleHQQAhgEIAA,OPERATIONAL,"general_contractor,manufacturer,service,point_of_interest,establishment",Concrete contractor,Meridian
ChIJCYGK9ZOjGmIR7vgosNJmkVY,DaVinci Concrete Coatings,"1200 N Main St Unit 1589, Meridian, ID 83680, USA",(208) 563-5630,http://www.davinciconcretecoatings.com/,4.9,31,https://maps.google.com/?cid=6237880013969488110&g_mp=Cidnb29nbGUubWFwcy5wbGFjZXMudjEuUGxhY2VzLlNlYXJjaFRleHQQAhgEIAA,OPERATIONAL,"general_contractor,service,point_of_interest,establishment",Concrete contractor,Meridian
ChIJ-7WE-MJTrlQRaCbZSMg_7fU,Meridian Fence,"702 W Franklin Rd, Meridian, ID 83642, USA",(208) 888-6131,http://www.meridianfence.net/,4.5,356,https://maps.google.com/?cid=17720890238220969576&g_mp=Cidnb29nbGUubWFwcy5wbGFjZXMudjEuUGxhY2VzLlNlYXJjaFRleHQQAhgEIAA,OPERATIONAL,"general_contractor,point_of_interest,service,establishment",Fencing contractor,Meridian
ChIJL4Y7OQxUrlQRj-cPhQtvBUM,Butte Fence Inc,"5233 W Franklin Rd, Meridian, ID 83642, USA",(208) 884-0203,https://www.buttefence.com/,4.6,510,https://maps.google.com/?cid=4829388270692460431&g_mp=Cidnb29nbGUubWFwcy5wbGFjZXMudjEuUGxhY2VzLlNlYXJjaFRleHQQAhgEIAA,OPERATIONAL,"general_contractor,point_of_interest,service,establishment",Fencing contractor,Meridian
ChIJUTzHWUtTrlQRBJ9eCDTD7X8,Sonrise Fence Company,"3330 N Meridian Rd, Meridian, ID 83646, USA",(208) 906-2100,http://www.sonrisefence.com/,5,17,https://maps.google.com/?cid=9218238640543407876&g_mp=Cidnb29nbGUubWFwcy5wbGFjZXMudjEuUGxhY2VzLlNlYXJjaFRleHQQAhgEIAA,OPERATIONAL,"general_contractor,point_of_interest,service,establishment",Fencing contractor,Meridian
ChIJyYECqHtRrlQRqKwZxTN-M4M,B & W Fence,"7208 S Meridian Rd, Meridian, ID 83642, USA",(208) 999-7272,http://www.bandwfence.com/,5,6,https://maps.google.com/?cid=9454038803596029096&g_mp=Cidnb29nbGUubWFwcy5wbGFjZXMudjEuUGxhY2VzLlNlYXJjaFRleHQQAhgEIAA,OPERATIONAL,"general_contractor,point_of_interest,service,establishment",Fencing contractor,Meridian
ChIJ0Ts2ontTrlQRt7H9BSW9L3g,Idaho Fence & Deck Supply,"225 N Meridian Rd, Meridian, ID 83642, USA",(208) 888-1158,https://idahofencesupply.com/,5,9,https://maps.google.com/?cid=8660348575168704951&g_mp=Cidnb29nbGUubWFwcy5wbGFjZXMudjEuUGxhY2VzLlNlYXJjaFRleHQQAhgEIAA,OPERATIONAL,"wholesaler,point_of_interest,establishment",Fencing contractor,Meridian
ChIJN3xl82U-Na0Rn66bz9MRX4U,DogWatch Hidden Fences of Boise,"1493 E Mona Lisa Dr, Meridian, ID 83642, USA",(208) 969-0078,https://boise.dogwatch.com/,5,108,https://maps.google.com/?cid=9610419731250785951&g_mp=Cidnb29nbGUubWFwcy5wbGFjZXMudjEuUGxhY2VzLlNlYXJjaFRleHQQAhgEIAA,OPERATIONAL,"general_contractor,pet_care,point_of_interest,service,establishment",Fencing contractor,Meridian
ChIJgYZOiRRNrlQRUDIechA5MwI,Vanderhoof Brothers LLC,"7060 E Canterbury Ln, Nampa, ID 83687, USA",(208) 606-8003,http://www.vanderhoofbrothers.com/,4.9,72,https://maps.google.com/?cid=158533154684940880&g_mp=Cidnb29nbGUubWFwcy5wbGFjZXMudjEuUGxhY2VzLlNlYXJjaFRleHQQAhgEIAA,OPERATIONAL,"general_contractor,point_of_interest,service,establishment",Fencing contractor,Meridian
ChIJOSmHbwNNrlQRl-VKewMoyA4,First Fence of Idaho LLC,"411 S Garland St, Nampa, ID 83686, USA",,https://firstfenceofidaho.com/,5,23,https://maps.google.com/?cid=1065145307291641239&g_mp=Cidnb29nbGUubWFwcy5wbGFjZXMudjEuUGxhY2VzLlNlYXJjaFRleHQQAhgEIAA,OPERATIONAL,"general_contractor,point_of_interest,service,establishment",Fencing contractor,Meridian
ChIJDTzhvFJVrlQRfLydc8-sSN8,Henry's Treasure Valley Fence,"3204 S Indiana Ave, Caldwell, ID 83605, USA",(208) 514-8299,http://treasurevalleyfence.com/,4.8,67,https://maps.google.com/?cid=16089299675779021948&g_mp=Cidnb29nbGUubWFwcy5wbGFjZXMudjEuUGxhY2VzLlNlYXJjaFRleHQQAhgEIAA,OPERATIONAL,"general_contractor,point_of_interest,service,establishment",Fencing contractor,Meridian
ChIJXbfnOqhNrlQRpqz5auAw2vs,Valleywide Patio & Fence,"800 Caldwell Blvd, Nampa, ID 83651, USA",(208) 960-1630,https://www.idaho.vwfence.com/,5,47,https://maps.google.com/?cid=18147871388868390054&g_mp=Cidnb29nbGUubWFwcy5wbGFjZXMudjEuUGxhY2VzLlNlYXJjaFRleHQQAhgEIAA,OPERATIONAL,"building_materials_store,general_contractor,store,point_of_interest,service,establishment",Fencing contractor,Meridian
ChIJVVUFvBlRrlQRuV5HlcnAoIU,High Desert Fence,"7429 Cowen St, Boise, ID 83709, USA",(208) 602-7972,http://www.highdesertfence208.com/,4.7,32,https://maps.google.com/?cid=9628907975343562425&g_mp=Cidnb29nbGUubWFwcy5wbGFjZXMudjEuUGxhY2VzLlNlYXJjaFRleHQQAhgEIAA,OPERATIONAL,"building_materials_store,general_contractor,store,point_of_interest,service,establishment",Fencing contractor,Meridian
ChIJGVggiMlVrlQRYL1D7dzXIcw,Majestic Tree Care LLC,"2467 N Arrowwood Wy, Meridian, ID 83646, USA",(208) 856-6088,http://mtcidaho.com/,4.9,91,https://maps.google.com/?cid=14709275201842167136&g_mp=Cidnb29nbGUubWFwcy5wbGFjZXMudjEuUGxhY2VzLlNlYXJjaFRleHQQAhgEIAA,OPERATIONAL,"general_contractor,supplier,service,point_of_interest,establishment",Tree service,Meridian
ChIJH_87hyBRrlQRmK2G7ySCBSQ,"Parker Tree Service, Inc.","2205 E Cadillac Dr, Meridian, ID 83642, USA",(208) 461-8733,https://parkertreeservice.com/,5,193,https://maps.google.com/?cid=2595623855397973400&g_mp=Cidnb29nbGUubWFwcy5wbGFjZXMudjEuUGxhY2VzLlNlYXJjaFRleHQQAhgEIAA,OPERATIONAL,"service,point_of_interest,establishment",Tree service,Meridian
ChIJq52kp6dbrlQR5m_glGISoTk,2 Rivers Tree Service & Hardscapes,"8200 S Stewart Rd, Meridian, ID 83642, USA",(208) 861-1203,https://2riverstreeremoval.com/,4.8,78,https://maps.google.com/?cid=4152620546026139622&g_mp=Cidnb29nbGUubWFwcy5wbGFjZXMudjEuUGxhY2VzLlNlYXJjaFRleHQQAhgEIAA,OPERATIONAL,"service,point_of_interest,establishment",Tree service,Meridian
ChIJXd0QB75VrlQR8NOOSZbatpU,Brown Tree Service LLC,"5995 N Meridian Rd, Meridian, ID 83646, USA",(208) 860-0904,,5,7,https://maps.google.com/?cid=10788050296426648560&g_mp=Cidnb29nbGUubWFwcy5wbGFjZXMudjEuUGxhY2VzLlNlYXJjaFRleHQQAhgEIAA,OPERATIONAL,"service,point_of_interest,establishment",Tree service,Meridian
ChIJYVpxQ9tNrlQR2IBINNlv4Lo,Timmy's Tree Service,"18 N Pit Ln, Nampa, ID 83687, USA",(208) 412-5647,https://www.timmystrees.com/?utm_source=gbp,4.7,460,https://maps.google.com/?cid=13465885864513536216&g_mp=Cidnb29nbGUubWFwcy5wbGFjZXMudjEuUGxhY2VzLlNlYXJjaFRleHQQAhgEIAA,OPERATIONAL,"service,point_of_interest,establishment",Tree service,Meridian
ChIJNbB-FH9VrlQRHPuvhwIzLFE,EZ Tree Services Boise,"3597 E Monarch Sky Ln, Meridian, ID 83646, USA",(208) 999-4199,https://eztree.services/boise/,,0,https://maps.google.com/?cid=5849106102006840092&g_mp=Cidnb29nbGUubWFwcy5wbGFjZXMudjEuUGxhY2VzLlNlYXJjaFRleHQQAhgEIAA,OPERATIONAL,"service,point_of_interest,establishment",Tree removal,Meridian
ChIJOdWstMxSrlQRxIUcaE2VNAU,Tree Services,"6197 N Star Rd, Meridian, ID 83647, USA",(208) 870-9761,https://landltreeservices.com/contact/,3,1,https://maps.google.com/?cid=375088828670313924&g_mp=Cidnb29nbGUubWFwcy5wbGFjZXMudjEuUGxhY2VzLlNlYXJjaFRleHQQAhgEIAA,OPERATIONAL,"service,point_of_interest,establishment",Tree removal,Meridian
ChIJg7kexlVVrlQRfaXxTgfobY0,Garage Door Team,"2355 E Meadow Wood Dr, Meridian, ID 83646, USA",(208) 565-8548,https://garagedoorteam.net/,5,162,https://maps.google.com/?cid=10191056649896174973&g_mp=Cidnb29nbGUubWFwcy5wbGFjZXMudjEuUGxhY2VzLlNlYXJjaFRleHQQAhgEIAA,OPERATIONAL,"supplier,service,point_of_interest,establishment",Garage door repair,Meridian
ChIJL0kmpQFTrlQRivzKrLiAaYk,208 Aloha Garage Doors LLC,"932 W Verbena Dr, Meridian, ID 83642, USA",(208) 794-1317,https://www.208alohagaragedoorsllc.com/,4.9,33,https://maps.google.com/?cid=9901586786412067978&g_mp=Cidnb29nbGUubWFwcy5wbGFjZXMudjEuUGxhY2VzLlNlYXJjaFRleHQQAhgEIAA,OPERATIONAL,"supplier,service,point_of_interest,establishment",Garage door repair,Meridian
ChIJhZQ3-5VNrlQRmpU81Ixi348,SureFix Garage Door Service,"3615 E Newby St SUITE 105, Nampa, ID 83687, USA",(208) 242-4523,https://surefixgarage.com/garage-door-company-idaho/?utm_campaign=google&utm_medium=organic&utm_source=google_business_profile,5,58,https://maps.google.com/?cid=10367113224225854874&g_mp=Cidnb29nbGUubWFwcy5wbGFjZXMudjEuUGxhY2VzLlNlYXJjaFRleHQQAhgEIAA,OPERATIONAL,"supplier,service,point_of_interest,establishment",Garage door repair,Meridian
ChIJmVmAN-FTrlQRvt7eHds6_4s,Demoss Beam Garage Door’s Exp,"3410 W Nelis Dr, Meridian, ID 83646, USA",(323) 503-4817,https://demossbeamgaragedoorsexp.com/,5,2,https://maps.google.com/?cid=10087846403106594494&g_mp=Cidnb29nbGUubWFwcy5wbGFjZXMudjEuUGxhY2VzLlNlYXJjaFRleHQQAhgEIAA,OPERATIONAL,"service,point_of_interest,establishment",Garage door repair,Meridian
ChIJ894DfsJNrlQRjW8f4W3iofI,IDAHO DOOR AND GATE,"5911 Howard Ln, Nampa, ID 83687, USA",(208) 591-4283,https://idahodoorandgate.com/?utm_source=GMB&utm_medium=organic&utm_campaign=Nampa,5,112,https://maps.google.com/?cid=17483504189985222541&g_mp=Cidnb29nbGUubWFwcy5wbGFjZXMudjEuUGxhY2VzLlNlYXJjaFRleHQQAhgEIAA,OPERATIONAL,"supplier,manufacturer,service,point_of_interest,establishment",Garage door repair,Meridian
ChIJebED8JpTrlQRVxgJv9hn0As,Quality Appliance,"1524 8th St NW, Meridian, ID 83642, USA",(208) 714-4237,https://www.qualityapplianceserviceandrepair.com/,4.8,821,https://maps.google.com/?cid=851294510188664919&g_mp=Cidnb29nbGUubWFwcy5wbGFjZXMudjEuUGxhY2VzLlNlYXJjaFRleHQQAhgEIAA,OPERATIONAL,"service,point_of_interest,establishment",Appliance repair,Meridian
ChIJW_q-pVpTrlQRqYMrSmEdLOI,Lake Appliance Repair,"MAIL ONLY, 82 S Baltic Pl, Meridian, ID 83642, USA",(208) 900-5253,https://lakeappliancerepair.com/meridian-id/,4.6,415,https://maps.google.com/?cid=16297433455240381353&g_mp=Cidnb29nbGUubWFwcy5wbGFjZXMudjEuUGxhY2VzLlNlYXJjaFRleHQQAhgEIAA,OPERATIONAL,"service,point_of_interest,establishment",Appliance repair,Meridian
ChIJQ1xZiWZ6eYIRR05D7Wfd_Js,Better Appliance Services,"6299 N Eagle Rd #1079, Boise, ID 83713, USA",(208) 917-3618,https://www.betterappliance-services.com/,5,283,https://maps.google.com/?cid=11240102208441896519&g_mp=Cidnb29nbGUubWFwcy5wbGFjZXMudjEuUGxhY2VzLlNlYXJjaFRleHQQAhgEIAA,OPERATIONAL,"service,point_of_interest,establishment",Appliance repair,Meridian
ChIJ_7V7UidUrlQRsCd2nM2Qo3U,W L May Co,"11692 W Executive Dr, Boise, ID 83713, USA",(208) 345-7411,http://www.wlmay.com/,4.4,64,https://maps.google.com/?cid=8476778136409089968&g_mp=Cidnb29nbGUubWFwcy5wbGFjZXMudjEuUGxhY2VzLlNlYXJjaFRleHQQAhgEIAA,OPERATIONAL,"manufacturer,supplier,store,point_of_interest,establishment",Appliance repair,Meridian
ChIJf0SoNyxUrlQRngqTtpRbZCs,General Parts Group,"1160 Taylor Ave #110, Meridian, ID 83642, USA",(208) 375-4073,https://generalparts.com/,3.7,18,https://maps.google.com/?cid=3126724735578344094&g_mp=Cidnb29nbGUubWFwcy5wbGFjZXMudjEuUGxhY2VzLlNlYXJjaFRleHQQAhgEIAA,OPERATIONAL,"service,point_of_interest,establishment",Appliance repair,Meridian
ChIJrQoN0NJVrlQRedxUmX-SrCo,Telco Electronics Inc,"1813 Wildwood St, Boise, ID 83713, USA",(208) 322-3304,http://www.telco-repair.com/,4.3,84,https://maps.google.com/?cid=3074993722318183545&g_mp=Cidnb29nbGUubWFwcy5wbGFjZXMudjEuUGxhY2VzLlNlYXJjaFRleHQQAhgEIAA,OPERATIONAL,"service,point_of_interest,establishment",Appliance repair,Meridian
ChIJ1RweasxTrlQRsCsddLv6ge0,AAA Vacuums & Sewing,"412 E Fairview Ave, Meridian, ID 83642, USA",(208) 887-2120,https://aaavacuumsew.com/,5,48,https://maps.google.com/?cid=17114235741998492592&g_mp=Cidnb29nbGUubWFwcy5wbGFjZXMudjEuUGxhY2VzLlNlYXJjaFRleHQQAhgEIAA,OPERATIONAL,"supplier,store,service,point_of_interest,establishment",Appliance repair,Meridian
ChIJIzMsYBVWrlQRexcOOYWkdTw,Treasure Valley Trader,"424 W Cherry Ln, Meridian, ID 83642, USA",(986) 207-2651,,5,17,https://maps.google.com/?cid=4356569106645653371&g_mp=Cidnb29nbGUubWFwcy5wbGFjZXMudjEuUGxhY2VzLlNlYXJjaFRleHQQAhgEIAA,OPERATIONAL,"service,point_of_interest,establishment",Appliance repair,Meridian
ChIJlZBbh07UU2ERcdzbFj9c2sI,Gold Standard Carpet & Upholstery Cleaning,"W Parkstone St, Meridian, ID 83646, USA",(208) 848-4752,https://carpetcleanersboise.com/?utm_source=gmb,5,38,https://maps.google.com/?cid=14040636214317145201&g_mp=Cidnb29nbGUubWFwcy5wbGFjZXMudjEuUGxhY2VzLlNlYXJjaFRleHQQAhgEIAA,OPERATIONAL,"laundry,service,point_of_interest,establishment",Carpet cleaning,Meridian
ChIJTfP0FepTrlQRuR1u0GUtuGY,System Kleen,"521 W Broadway Ave, Meridian, ID 83642, USA",(208) 884-3300,https://www.systemkleen.com/,4.8,204,https://maps.google.com/?cid=7401715902895234489&g_mp=Cidnb29nbGUubWFwcy5wbGFjZXMudjEuUGxhY2VzLlNlYXJjaFRleHQQAhgEIAA,OPERATIONAL,"laundry,general_contractor,service,point_of_interest,establishment",Carpet cleaning,Meridian
ChIJG85_-DhRrlQRamnum81vJk0,Meridian Carpet Cleaning,"841 E Fairview Ave, Meridian, ID 83642, USA",(208) 744-7990,,5,23,https://maps.google.com/?cid=5559253718910527850&g_mp=Cidnb29nbGUubWFwcy5wbGFjZXMudjEuUGxhY2VzLlNlYXJjaFRleHQQAhgEIAA,OPERATIONAL,"laundry,service,point_of_interest,establishment",Carpet cleaning,Meridian
ChIJvcyySaSbT2oR6FFNF1or_PE,986 carpet cleaning and repair LLC,"175 E Sicily Dr, Meridian, ID 83642, USA",(986) 600-9266,https://986carpetcleaning.com/,5,10,https://maps.google.com/?cid=17436859523209712104&g_mp=Cidnb29nbGUubWFwcy5wbGFjZXMudjEuUGxhY2VzLlNlYXJjaFRleHQQAhgEIAA,OPERATIONAL,"laundry,service,point_of_interest,establishment",Carpet cleaning,Meridian
ChIJI15lwO1TrlQRvkymuENzsQQ,Rug Rats Carpet Cleaning,"2050 N Astaire Way, Meridian, ID 83646, USA",(208) 895-8483,,5,19,https://maps.google.com/?cid=338178181727407294&g_mp=Cidnb29nbGUubWFwcy5wbGFjZXMudjEuUGxhY2VzLlNlYXJjaFRleHQQAhgEIAA,OPERATIONAL,"laundry,service,point_of_interest,establishment",Carpet cleaning,Meridian
ChIJR1QxHSoExqgRLLu7tvSSIGE,Kingsway Idaho Carpet Cleaning,"6218 E Mayfield Dr, Nampa, ID 83687, USA",(986) 910-9741,https://kingswayidaho.com/,4.9,112,https://maps.google.com/?cid=6998755400669182764&g_mp=Cidnb29nbGUubWFwcy5wbGFjZXMudjEuUGxhY2VzLlNlYXJjaFRleHQQAhgEIAA,OPERATIONAL,"laundry,service,point_of_interest,establishment",Carpet cleaning,Meridian
ChIJBRpPDnuWrUgRMh31k3vjmbc,Peter's Carpet Cleaning,"4723 W Steeplechase Dr, Meridian, ID 83646, USA",(208) 903-2088,https://petercarpetcleaner.com/,5,118,https://maps.google.com/?cid=13229855500280339762&g_mp=Cidnb29nbGUubWFwcy5wbGFjZXMudjEuUGxhY2VzLlNlYXJjaFRleHQQAhgEIAA,OPERATIONAL,"laundry,service,point_of_interest,establishment",Carpet cleaning,Meridian
ChIJbUggJzrLIaQR0Jl0q8e42Vw,Reflekt Window Cleaning Meridian,"6242 N Sweet Vly Pl, Meridian, ID 83646, USA",(208) 617-4965,https://reflektwindows.jobbersites.com/,4.9,57,https://maps.google.com/?cid=6690581889150130640&g_mp=Cidnb29nbGUubWFwcy5wbGFjZXMudjEuUGxhY2VzLlNlYXJjaFRleHQQAhgEIAA,OPERATIONAL,"point_of_interest,service,establishment",Window cleaning,Meridian
ChIJf5puLeVTrlQRFp6sYFSMbCs,Window Wizard Window & Blind Cleaning,"655 E King St, Meridian, ID 83642, USA",(208) 288-4458,https://www.mywindowwizard.com/,4.8,238,https://maps.google.com/?cid=3129030135142718998&g_mp=Cidnb29nbGUubWFwcy5wbGFjZXMudjEuUGxhY2VzLlNlYXJjaFRleHQQAhgEIAA,OPERATIONAL,"point_of_interest,service,establishment",Window cleaning,Meridian
ChIJYw0yKIdTrlQRjhlKdaiYpQk,"All Panes Window Cleaning, Painting, & Pressure Washing LLC.","64 W Indian Rocks St, Meridian, ID 83646, USA",(208) 703-6806,http://www.allpanes.com/,5,34,https://maps.google.com/?cid=695129566788327822&g_mp=Cidnb29nbGUubWFwcy5wbGFjZXMudjEuUGxhY2VzLlNlYXJjaFRleHQQAhgEIAA,OPERATIONAL,"point_of_interest,service,establishment",Window cleaning,Meridian
ChIJ4Ruu0EdXrlQR51bjkN-KtSs,"Action, LLC","1580 N Santa Rosa Pl, Meridian, ID 83642, USA",(208) 866-8585,http://actionwindow.co/,4.8,88,https://maps.google.com/?cid=3149576207228688103&g_mp=Cidnb29nbGUubWFwcy5wbGFjZXMudjEuUGxhY2VzLlNlYXJjaFRleHQQAhgEIAA,OPERATIONAL,"electrician,roofing_contractor,point_of_interest,service,establishment",Window cleaning,Meridian
ChIJSdmUmR1RrlQRAkRtUxMpw9Q,Colyer Pro Clean,"2600 S Beartooth Way, Meridian, ID 83642, USA",(208) 917-3751,http://www.colyerproclean.com/,5,34,https://maps.google.com/?cid=15331142719480087554&g_mp=Cidnb29nbGUubWFwcy5wbGFjZXMudjEuUGxhY2VzLlNlYXJjaFRleHQQAhgEIAA,OPERATIONAL,"point_of_interest,service,establishment",Window cleaning,Meridian
ChIJx0f5P75VrlQRE6n1XOKt0Hg,R-1 Powerwash,"1875 Suzan Dr, Meridian, ID 83642, USA",(208) 602-8095,http://www.r1powerwash.com/,5,67,https://maps.google.com/?cid=8705649267440986387&g_mp=Cidnb29nbGUubWFwcy5wbGFjZXMudjEuUGxhY2VzLlNlYXJjaFRleHQQAhgEIAA,OPERATIONAL,"point_of_interest,service,establishment",Pressure washing,Meridian
ChIJJSi1cxwA3KAR5ldKsGVIWtc,Power LLC.,"5271 N Fox Run Way, Meridian, ID 83646, USA",(208) 899-9960,https://www.powerwashidaho.com/,5,18,https://maps.google.com/?cid=15517795067645024230&g_mp=Cidnb29nbGUubWFwcy5wbGFjZXMudjEuUGxhY2VzLlNlYXJjaFRleHQQAhgEIAA,OPERATIONAL,"point_of_interest,service,establishment",Pressure washing,Meridian
ChIJRXkMXTdNrlQR9-QO5ypzQRo,All Purpose Pressure Washing,"N Idaho Center Blvd, Nampa, ID 83687, USA",(208) 371-1583,https://www.pressurewashingandcleaning.com/,5,25,https://maps.google.com/?cid=1891919946574652663&g_mp=Cidnb29nbGUubWFwcy5wbGFjZXMudjEuUGxhY2VzLlNlYXJjaFRleHQQAhgEIAA,OPERATIONAL,"point_of_interest,service,establishment",Power washing,Meridian
ChIJ8xG3FJ3r12URBnquvLRlqEE,Wingate locksmith,"3819 Southside Blvd, Nampa, ID 83686, USA",(208) 559-8150,http://www.wingatelocksmith.com/,5,2,https://maps.google.com/?cid=4731143235486775814&g_mp=Cidnb29nbGUubWFwcy5wbGFjZXMudjEuUGxhY2VzLlNlYXJjaFRleHQQAhgEIAA,OPERATIONAL,"locksmith,point_of_interest,service,establishment",Locksmith,Meridian
ChIJ5bHxGT9RrlQROouVnd0v6LE,KeyMe Locksmiths,"1050 S Progress Ave, Meridian, ID 83642, USA",(208) 858-6212,https://key.me/kiosks/idaho/meridian/meridian/locksmith-key-copy-meridian-winco-83642-idaho,5,2,https://maps.google.com/?cid=12819548968188218170&g_mp=Cidnb29nbGUubWFwcy5wbGFjZXMudjEuUGxhY2VzLlNlYXJjaFRleHQQAhgEIAA,OPERATIONAL,"locksmith,point_of_interest,service,establishment",Locksmith,Meridian
ChIJh-VXt_xVrlQRc6SlAd7lj90,KeyMe Locksmiths,"1407 W Chinden Blvd, Meridian, ID 83646, USA",(208) 547-5714,https://key.me/kiosks/idaho/meridian/meridian/locksmith-key-copy-meridian-winco-83646-idaho,3.3,4,https://maps.google.com/?cid=15965231945724830835&g_mp=Cidnb29nbGUubWFwcy5wbGFjZXMudjEuUGxhY2VzLlNlYXJjaFRleHQQAhgEIAA,OPERATIONAL,"locksmith,point_of_interest,service,establishment",Locksmith,Meridian
ChIJzwgE78JVrlQRJfKAAwQdpm4,KeyMe Locksmiths,"1850 E Fairview Ave, Meridian, ID 83642, USA",(208) 469-4781,https://key.me/kiosks/idaho/meridian/meridian/locksmith-key-copy-meridian-fred-meyer-83642-idaho,3.8,19,https://maps.google.com/?cid=7973092093381898789&g_mp=Cidnb29nbGUubWFwcy5wbGFjZXMudjEuUGxhY2VzLlNlYXJjaFRleHQQAhgEIAA,OPERATIONAL,"locksmith,point_of_interest,service,establishment",Locksmith,Meridian
ChIJ3ceaSZpMrlQRY00j55Net54,AAA-1 Lock & Key,"1507 N Midland Blvd, Nampa, ID 83651, USA",(208) 466-3742,http://aaa1lock.com/,4.7,379,https://maps.google.com/?cid=11436713768061717859&g_mp=Cidnb29nbGUubWFwcy5wbGFjZXMudjEuUGxhY2VzLlNlYXJjaFRleHQQAhgEIAA,OPERATIONAL,"locksmith,point_of_interest,service,establishment",Locksmith,Meridian
ChIJr85Y3WtVrlQRLyRG3GOOu_k,KeyMe Locksmiths,"1400 W Chinden Blvd, Meridian, ID 83686, USA",(208) 494-8409,https://key.me/kiosks/idaho/meridian/meridian/locksmith-key-copy-meridian-fred-meyer-83686-idaho,4.6,31,https://maps.google.com/?cid=17995133295637439535&g_mp=Cidnb29nbGUubWFwcy5wbGFjZXMudjEuUGxhY2VzLlNlYXJjaFRleHQQAhgEIAA,OPERATIONAL,"locksmith,point_of_interest,service,establishment",Locksmith,Meridian
ChIJiztGZRtxGAYR6dfwcPL_FKc,Qube Septic,"810 S. Quiet Creek Ln, Nampa, ID 83687, USA",(208) 656-5355,https://qubeseptic.com/,5,32,https://maps.google.com/?cid=12039529120610179049&g_mp=Cidnb29nbGUubWFwcy5wbGFjZXMudjEuUGxhY2VzLlNlYXJjaFRleHQQAhgEIAA,OPERATIONAL,"service,point_of_interest,establishment",Septic service,Meridian
ChIJE1wNLLdNrlQR_k7gVqw1WDQ,ABC Pumping Service,"3716 Airport Rd, Nampa, ID 83687, USA",(208) 546-9994,https://abc-septic.com/locations/nampa-pumping-service/,4.8,20,https://maps.google.com/?cid=3771823702230978302&g_mp=Cidnb29nbGUubWFwcy5wbGFjZXMudjEuUGxhY2VzLlNlYXJjaFRleHQQAhgEIAA,OPERATIONAL,"service,point_of_interest,establishment",Septic service,Meridian
ChIJcQwYxu9NrlQRwBogaidVEyY,Master Plumbing,"1015 Caldwell Blvd Suite 4, Nampa, ID 83651, USA",(208) 960-1091,https://masterrooter.com/,4.9,200,https://maps.google.com/?cid=2743630225771338432&g_mp=Cidnb29nbGUubWFwcy5wbGFjZXMudjEuUGxhY2VzLlNlYXJjaFRleHQQAhgEIAA,OPERATIONAL,"plumber,service,point_of_interest,establishment",Septic service,Meridian
ChIJH8dflUhVrlQRzq-ml7WiNTU,Water Marshals Llc dba,"5862 N Cougar Flat Ave, Meridian, ID 83646, USA",,https://www.auroralandscapeswm.com/,5,14,https://maps.google.com/?cid=3834149558592909262&g_mp=Cidnb29nbGUubWFwcy5wbGFjZXMudjEuUGxhY2VzLlNlYXJjaFRleHQQAhgEIAA,OPERATIONAL,"general_contractor,service,point_of_interest,establishment",Irrigation repair,Meridian
ChIJVVURnBxMrlQRq05-DPDGAaY,Beeline Sprinkler Repair,"5606 W Amity Rd, Nampa, ID 83687, USA",(208) 880-2712,https://www.beelinesprinklerrepair.com/,5,117,https://maps.google.com/?cid=11962060819576802987&g_mp=Cidnb29nbGUubWFwcy5wbGFjZXMudjEuUGxhY2VzLlNlYXJjaFRleHQQAhgEIAA,OPERATIONAL,"general_contractor,service,point_of_interest,establishment",Irrigation repair,Meridian
ChIJ2Sjz6zlVrlQR8xWSmZKh0Qs,Idaho Sprinkler Authority,"612 W Laughton Dr, Meridian, ID 83646, USA",(208) 918-3959,,5,2,https://maps.google.com/?cid=851639455563519475&g_mp=Cidnb29nbGUubWFwcy5wbGFjZXMudjEuUGxhY2VzLlNlYXJjaFRleHQQAhgEIAA,OPERATIONAL,"general_contractor,service,point_of_interest,establishment",Irrigation repair,Meridian
ChIJ-19GEgxTrlQR8RyDeU1nRKs,Organic Solutions Lawn Care and Landscaper Idaho,"7755 Ustick Rd, Nampa, ID 83687, USA",(208) 475-3681,https://www.idahoorganicsolutions.com/nampa/,4.8,218,https://maps.google.com/?cid=12341102461350780145&g_mp=Cidnb29nbGUubWFwcy5wbGFjZXMudjEuUGxhY2VzLlNlYXJjaFRleHQQAhgEIAA,OPERATIONAL,"building_materials_store,general_contractor,service,store,point_of_interest,establishment",Sprinkler repair,Meridian
ChIJO8jVKItTrlQRGnf6YQv-aOU,Factory Direct Flooring,"910 E Franklin Rd #105, Meridian, ID 83642, USA",(208) 871-3311,http://factorydirectflooring.com/,4.7,68,https://maps.google.com/?cid=16530741757105305370&g_mp=Cidnb29nbGUubWFwcy5wbGFjZXMudjEuUGxhY2VzLlNlYXJjaFRleHQQAhgEIAA,OPERATIONAL,"building_materials_store,furniture_store,home_improvement_store,home_goods_store,general_contractor,store,point_of_interest,service,establishment",Flooring contractor,Meridian
ChIJBecpLdaK0gIRquJA4LaIYQU,Evergreen Flooring LLC,"1323 N Meridian Rd, Meridian, ID 83642, USA",(986) 200-3489,,5,22,https://maps.google.com/?cid=387741361958347434&g_mp=Cidnb29nbGUubWFwcy5wbGFjZXMudjEuUGxhY2VzLlNlYXJjaFRleHQQAhgEIAA,OPERATIONAL,"general_contractor,point_of_interest,service,establishment",Flooring contractor,Meridian
ChIJpYE9DPhTrlQRxVsFwR4nGnE,Idaho Renovations llc,"1336 NE 4th St, Meridian, ID 83642, USA",(208) 602-0511,,5,2,https://maps.google.com/?cid=8149869488721189829&g_mp=Cidnb29nbGUubWFwcy5wbGFjZXMudjEuUGxhY2VzLlNlYXJjaFRleHQQAhgEIAA,OPERATIONAL,"general_contractor,point_of_interest,service,establishment",Flooring contractor,Meridian
ChIJGwxOyuz5rlQRvdVDdD4ZfGY,Floor Coverings International Boise,"880 E Franklin Rd #308, Meridian, ID 83642, USA",(208) 803-0990,https://floorcoveringsinternational.com/locations/us/id/boise/,4.9,210,https://maps.google.com/?cid=7384805245010040253&g_mp=Cidnb29nbGUubWFwcy5wbGFjZXMudjEuUGxhY2VzLlNlYXJjaFRleHQQAhgEIAA,OPERATIONAL,"building_materials_store,furniture_store,home_improvement_store,home_goods_store,general_contractor,store,point_of_interest,service,establishment",Flooring contractor,Meridian
ChIJm3YMMeZTrlQRc1fy8Gdbb-U,Meridian Floor Covering,"30 E Franklin Rd STE 70, Meridian, ID 83642, USA",(208) 888-9103,https://meridian.abbeycarpetandfloor.com/,4.5,33,https://maps.google.com/?cid=16532533259082553203&g_mp=Cidnb29nbGUubWFwcy5wbGFjZXMudjEuUGxhY2VzLlNlYXJjaFRleHQQAhgEIAA,OPERATIONAL,"building_materials_store,home_goods_store,general_contractor,store,point_of_interest,service,establishment",Flooring contractor,Meridian
ChIJPUacWJxTrlQRxXglYCm_pvY,Quality Flooring LLC,"3806 E Newby St Ste #105, Nampa, ID 83687, USA",,https://qualityflooringmeridian.com/,4.4,20,https://maps.google.com/?cid=17773103163891873989&g_mp=Cidnb29nbGUubWFwcy5wbGFjZXMudjEuUGxhY2VzLlNlYXJjaFRleHQQAhgEIAA,OPERATIONAL,"building_materials_store,home_goods_store,general_contractor,store,point_of_interest,service,establishment",Flooring contractor,Meridian
ChIJf1G9kfdTrlQRrASG-MSI6ok,Apex Home Solutions,"1994 E Franklin Rd #140, Meridian, ID 83642, USA",(208) 895-8563,http://www.apexhomesid.com/,5,33,https://maps.google.com/?cid=9937905907310920876&g_mp=Cidnb29nbGUubWFwcy5wbGFjZXMudjEuUGxhY2VzLlNlYXJjaFRleHQQAhgEIAA,OPERATIONAL,"building_materials_store,furniture_store,home_improvement_store,home_goods_store,general_contractor,store,point_of_interest,service,establishment",Flooring contractor,Meridian
ChIJp37belBTrlQRfT1hhosxGrU,Creative Hardwoods,"2970 W Fieldstream Dr, Meridian, ID 83646, USA",(208) 608-2216,,5,41,https://maps.google.com/?cid=13049797345584168317&g_mp=Cidnb29nbGUubWFwcy5wbGFjZXMudjEuUGxhY2VzLlNlYXJjaFRleHQQAhgEIAA,OPERATIONAL,"general_contractor,point_of_interest,service,establishment",Flooring contractor,Meridian
ChIJ1VzuF6dTrlQRk077eqUiyzg,Boise Precision Flooring,"3711 W Lesina Dr, Meridian, ID 83646, USA",(208) 890-3375,http://boiseprecisionflooring.com/,5,11,https://maps.google.com/?cid=4092402780524465811&g_mp=Cidnb29nbGUubWFwcy5wbGFjZXMudjEuUGxhY2VzLlNlYXJjaFRleHQQAhgEIAA,OPERATIONAL,"point_of_interest,service,establishment",Flooring contractor,Meridian
ChIJBZr_jPL_rlQROqqB6X8jcR0,Precision Floors and Design,"4736 N Park Crossing Ave Ste 100, Meridian, ID 83646, USA",(208) 209-5083,https://www.precisionfloorsanddesign.com/,4,21,https://maps.google.com/?cid=2121515931753622074&g_mp=Cidnb29nbGUubWFwcy5wbGFjZXMudjEuUGxhY2VzLlNlYXJjaFRleHQQAhgEIAA,OPERATIONAL,"building_materials_store,furniture_store,home_improvement_store,home_goods_store,general_contractor,store,point_of_interest,service,establishment",Flooring contractor,Meridian
ChIJNRDQB3JUrlQRTndbuarvDR4,Meridian Tile & Stone LLC,"2215 N Meadowrose Pl, Meridian, ID 83646, USA",(208) 703-1543,http://meridiantileandstone.com/,5,21,https://maps.google.com/?cid=2165650512368334670&g_mp=Cidnb29nbGUubWFwcy5wbGFjZXMudjEuUGxhY2VzLlNlYXJjaFRleHQQAhgEIAA,OPERATIONAL,"general_contractor,point_of_interest,service,establishment",Flooring contractor,Meridian
ChIJGaHCxa5XrlQRUtyGscjtBzs,PG Long - Meridian,"143 Northwest 13th Place Suite 110, Meridian, ID 83642, USA",(208) 377-1303,https://www.pglong.com/,4.4,102,https://maps.google.com/?cid=4253629819302370386&g_mp=Cidnb29nbGUubWFwcy5wbGFjZXMudjEuUGxhY2VzLlNlYXJjaFRleHQQAhgEIAA,OPERATIONAL,"laundry,building_materials_store,home_goods_store,general_contractor,store,point_of_interest,service,establishment",Flooring contractor,Meridian
ChIJdZ8J-S3I3Q0Rta91bHXsYxQ,Snake River Epoxy & Trade,"2058 E Franklin Rd, Meridian, ID 83642, USA",(208) 412-4299,https://www.boiseepoxyflooring.com/,5,40,https://maps.google.com/?cid=1469277892527894453&g_mp=Cidnb29nbGUubWFwcy5wbGFjZXMudjEuUGxhY2VzLlNlYXJjaFRleHQQAhgEIAA,OPERATIONAL,"general_contractor,point_of_interest,service,establishment",Flooring contractor,Meridian
ChIJK5ipuyhRrlQR1zB25E2bGZw,The Tile Geek LLC,"3540 S Falconers Pl, Meridian, ID 83642, USA",(208) 353-5745,http://www.facebook.com/thetilegeek,4.7,25,https://maps.google.com/?cid=11248192303182262487&g_mp=Cidnb29nbGUubWFwcy5wbGFjZXMudjEuUGxhY2VzLlNlYXJjaFRleHQQAhgEIAA,OPERATIONAL,"general_contractor,point_of_interest,service,establishment",Flooring contractor,Meridian
ChIJ21mQbgpUrlQRp0oM3EmFmS8,Soriano Floor Finishing,"880 E Franklin Rd #307, Meridian, ID 83642, USA",(208) 343-5122,http://www.sorianofloors.com/,5,4,https://maps.google.com/?cid=3429919143490243239&g_mp=Cidnb29nbGUubWFwcy5wbGFjZXMudjEuUGxhY2VzLlNlYXJjaFRleHQQAhgEIAA,OPERATIONAL,"general_contractor,point_of_interest,service,establishment",Flooring contractor,Meridian
ChIJk7iyzyjN0S4RB6SZFXjCB9U,GC Tile and Stone,"764 N Oxwich Ave, Meridian, ID 83642, USA",(208) 225-4003,https://www.gctileandstoneid.com/,5,2,https://maps.google.com/?cid=15350451675929879559&g_mp=Cidnb29nbGUubWFwcy5wbGFjZXMudjEuUGxhY2VzLlNlYXJjaFRleHQQAhgEIAA,OPERATIONAL,"general_contractor,point_of_interest,service,establishment",Tile contractor,Meridian
ChIJFViSOWxTrlQR_cBUflnkn4Q,Idaho Tile World and Remodeling,"972 W Broadway Ave, Meridian, ID 83642, USA",(208) 982-8298,,5,2,https://maps.google.com/?cid=9556608007326187773&g_mp=Cidnb29nbGUubWFwcy5wbGFjZXMudjEuUGxhY2VzLlNlYXJjaFRleHQQAhgEIAA,OPERATIONAL,"general_contractor,home_goods_store,store,point_of_interest,service,establishment",Tile contractor,Meridian
ChIJ658r52NTrlQRzJMo1MpXyNw,RTS Remodel LLC,"145 W Cranmer Dr, Meridian, ID 83646, USA",(208) 866-3962,http://www.rtsremodel.com/,4.5,26,https://maps.google.com/?cid=15909062212340716492&g_mp=Cidnb29nbGUubWFwcy5wbGFjZXMudjEuUGxhY2VzLlNlYXJjaFRleHQQAhgEIAA,OPERATIONAL,"general_contractor,home_goods_store,store,point_of_interest,service,establishment",Tile contractor,Meridian
ChIJTc62eDndpG4Rhkzc_gteifU,Timeless Creations Tile & Remodeling,"10400 W Overland Rd #253, Boise, ID 83709, USA",(208) 306-4004,http://timelesscreationstiling.com/,5,59,https://maps.google.com/?cid=17692776016715205766&g_mp=Cidnb29nbGUubWFwcy5wbGFjZXMudjEuUGxhY2VzLlNlYXJjaFRleHQQAhgEIAA,OPERATIONAL,"general_contractor,point_of_interest,service,establishment",Tile contractor,Meridian
ChIJRR1DD-9TrlQRvxFQD6T9THM,Classic Kitchen Doors Inc,"208 E Bower St, Meridian, ID 83642, USA",(208) 888-4774,http://ckdidaho.com/,5,14,https://maps.google.com/?cid=8308294293665092031&g_mp=Cidnb29nbGUubWFwcy5wbGFjZXMudjEuUGxhY2VzLlNlYXJjaFRleHQQAhgEIAA,OPERATIONAL,"furniture_store,home_improvement_store,home_goods_store,manufacturer,supplier,store,service,point_of_interest,establishment",Cabinet maker,Meridian
ChIJNRjwjehTrlQR494Kyj0BA9Y,Legacy Craft,"75 W Taylor Ave Ste 300, Meridian, ID 83642, USA",(208) 223-3863,http://www.legacycraft.co/,5,1,https://maps.google.com/?cid=15421170913941053155&g_mp=Cidnb29nbGUubWFwcy5wbGFjZXMudjEuUGxhY2VzLlNlYXJjaFRleHQQAhgEIAA,OPERATIONAL,"furniture_store,home_improvement_store,home_goods_store,general_contractor,manufacturer,store,service,point_of_interest,establishment",Cabinet maker,Meridian
ChIJ0czkRnWRbIcRlE_EovCvM90,Crane Customs,"2121 S Woodhouse Ave, Meridian, ID 83642, USA",(208) 713-6313,http://cranecustom.com/,5,7,https://maps.google.com/?cid=15939276954252103572&g_mp=Cidnb29nbGUubWFwcy5wbGFjZXMudjEuUGxhY2VzLlNlYXJjaFRleHQQAhgEIAA,OPERATIONAL,"painter,general_contractor,manufacturer,service,point_of_interest,establishment",Cabinet maker,Meridian
ChIJR1LiNcJTrlQRM1hPr26U8dQ,"Distinctive Millwork & Specialties, Inc.","721 Taylor Ave, Meridian, ID 83642, USA",(208) 375-8848,http://www.distinctivemillwork.com/,5,3,https://maps.google.com/?cid=15344208608536516659&g_mp=Cidnb29nbGUubWFwcy5wbGFjZXMudjEuUGxhY2VzLlNlYXJjaFRleHQQAhgEIAA,OPERATIONAL,"manufacturer,service,point_of_interest,establishment",Cabinet maker,Meridian
ChIJVS4OkWVWrlQRw37-TR5z5pA,Treasure Valley Kitchen & Bath,"272 SW 5th Ave Suite 300, Meridian, ID 83642, USA",(208) 375-7881,https://treasurevalleykitchenandbath.com/,4.2,40,https://maps.google.com/?cid=10441159360099811011&g_mp=Cidnb29nbGUubWFwcy5wbGFjZXMudjEuUGxhY2VzLlNlYXJjaFRleHQQAhgEIAA,OPERATIONAL,"furniture_store,home_improvement_store,home_goods_store,building_materials_store,general_contractor,store,service,point_of_interest,establishment",Cabinet maker,Meridian
ChIJHakVdvGpPCgRL2DZOO-and8,PremierGarage of Boise,"280 E Corporate Dr Suite 250, Meridian, ID 83642, USA",(208) 906-0695,https://www.premiergarage.com/near-me/boise-id/?utm_source=Internet&utm_medium=Directory&utm_campaign=GOOGLE-PLACES/,5,2,https://maps.google.com/?cid=16113205394043133999&g_mp=Cidnb29nbGUubWFwcy5wbGFjZXMudjEuUGxhY2VzLlNlYXJjaFRleHQQAhgEIAA,OPERATIONAL,"manufacturer,service,point_of_interest,establishment",Cabinet maker,Meridian
ChIJkWrdH5NTrlQR8vyt4Rrr99k,The Tailored Closet of Boise,"280 E Corporate Dr # 260, Meridian, ID 83642, USA",(208) 600-0668,https://www.tailoredcloset.com/near-me/boise-id/?utm_source=Internet&utm_medium=Directory&utm_campaign=GOOGLE-PLACES/,5,5,https://maps.google.com/?cid=15706280726165847282&g_mp=Cidnb29nbGUubWFwcy5wbGFjZXMudjEuUGxhY2VzLlNlYXJjaFRleHQQAhgEIAA,OPERATIONAL,"manufacturer,service,point_of_interest,establishment",Cabinet maker,Meridian
ChIJe5180o9UrlQRunrfVXuLxoI,CCH Design | Remodel,"2230 W Everest Ln #150, Meridian, ID 83646, USA",(208) 573-1037,https://www.yourhomeremodeled.com/,4.8,24,https://maps.google.com/?cid=9423372632157289146&g_mp=Cidnb29nbGUubWFwcy5wbGFjZXMudjEuUGxhY2VzLlNlYXJjaFRleHQQAhgEIAA,OPERATIONAL,"general_contractor,home_goods_store,store,service,point_of_interest,establishment",Kitchen remodel,Meridian
ChIJpyu6PkhRrlQR22t_s4xmst8,DNB Remodeling - Bathrooms & Kitchens,"2020 S Luxury Ln h106, Meridian, ID 83642, USA",(208) 859-8291,,5,5,https://maps.google.com/?cid=16119058770805353435&g_mp=Cidnb29nbGUubWFwcy5wbGFjZXMudjEuUGxhY2VzLlNlYXJjaFRleHQQAhgEIAA,OPERATIONAL,"general_contractor,home_goods_store,store,service,point_of_interest,establishment",Kitchen remodel,Meridian
ChIJW09g8qBVrlQRlh6UFjLLsDM,Meridian Development Group LLC,"850 E Franklin Rd #411, Meridian, ID 83642, USA",(208) 943-5998,https://meridian-development.com/,5,5,https://maps.google.com/?cid=3724700307823009430&g_mp=Cidnb29nbGUubWFwcy5wbGFjZXMudjEuUGxhY2VzLlNlYXJjaFRleHQQAhgEIAA,OPERATIONAL,"general_contractor,home_goods_store,store,service,point_of_interest,establishment",Kitchen remodel,Meridian
ChIJVVXBFoxUrlQRnOdQKZu_ULk,Greenbelt Homes Construction,"119 E Calderwood Dr #101, Meridian, ID 83642, USA",(208) 948-1520,http://www.greenbelthomes.com/,4.8,19,https://maps.google.com/?cid=13353383568287524764&g_mp=Cidnb29nbGUubWFwcy5wbGFjZXMudjEuUGxhY2VzLlNlYXJjaFRleHQQAhgEIAA,OPERATIONAL,"general_contractor,home_goods_store,store,service,point_of_interest,establishment",Kitchen remodel,Meridian
ChIJ67Of7slTrlQRclllZGPMzqw,Constructed by 360 LLC,"1572 N Haven Cove Ave, Meridian, ID 83642, USA",(208) 281-5813,https://constructedby360llc.com/,5,6,https://maps.google.com/?cid=12452114746984192370&g_mp=Cidnb29nbGUubWFwcy5wbGFjZXMudjEuUGxhY2VzLlNlYXJjaFRleHQQAhgEIAA,OPERATIONAL,"general_contractor,home_goods_store,store,service,point_of_interest,establishment",Kitchen remodel,Meridian
ChIJ0Quat4ZHKCUR1smTIN9D1TA,The Home Building Company,"2647 W San Remo Dr, Meridian, ID 83646, USA",(209) 596-5170,https://www.thbcidaho.com/,5,48,https://maps.google.com/?cid=3518793309463235030&g_mp=Cidnb29nbGUubWFwcy5wbGFjZXMudjEuUGxhY2VzLlNlYXJjaFRleHQQAhgEIAA,OPERATIONAL,"general_contractor,home_goods_store,store,service,point_of_interest,establishment",Kitchen remodel,Meridian
ChIJd3Zf3dypEycROldjUaybj58,TDS Remodeling LLC,"3167 W Belltower Dr ste 7, Meridian, ID 83646, USA",(208) 912-0103,https://tdsremodelingllc.com/,5,10,https://maps.google.com/?cid=11497579538102310714&g_mp=Cidnb29nbGUubWFwcy5wbGFjZXMudjEuUGxhY2VzLlNlYXJjaFRleHQQAhgEIAA,OPERATIONAL,"general_contractor,service,point_of_interest,establishment",Kitchen remodel,Meridian
ChIJMyLQR4xTrlQRD6AaJrW-NyQ,Texture Tech,"104 E Fairview Ave #250, Meridian, ID 83642, USA",(208) 914-1232,http://texturetechllc.com/,5,1,https://maps.google.com/?cid=2609764194322128911&g_mp=Cidnb29nbGUubWFwcy5wbGFjZXMudjEuUGxhY2VzLlNlYXJjaFRleHQQAhgEIAA,OPERATIONAL,"general_contractor,home_goods_store,store,service,point_of_interest,establishment",Kitchen remodel,Meridian
ChIJt3p_wv9VrlQRI07jjKfgUqY,RESTOREMAX,"3486 Summer Park Ave, Meridian, ID 83646, USA",(208) 600-3904,https://www.restoremaxpros.com/,5,32,https://maps.google.com/?cid=11984888568614178339&g_mp=Cidnb29nbGUubWFwcy5wbGFjZXMudjEuUGxhY2VzLlNlYXJjaFRleHQQAhgEIAA,OPERATIONAL,"general_contractor,home_goods_store,store,service,point_of_interest,establishment",Kitchen remodel,Meridian
ChIJ4Sppj21VrlQR2-PNAVo4v_w,Re-Bath,"2150 E Fairview Ave suite #150, Meridian, ID 83642, USA",(208) 297-7939,https://www.rebath.com/location/meridian/?utm_source=google&utm_medium=organic&utm_campaign=gmb,4.8,492,https://maps.google.com/?cid=18212337377338057691&g_mp=Cidnb29nbGUubWFwcy5wbGFjZXMudjEuUGxhY2VzLlNlYXJjaFRleHQQAhgEIAA,OPERATIONAL,"home_goods_store,general_contractor,service,store,point_of_interest,establishment",Bathroom remodel,Meridian
ChIJm6x_HmlJrlQR9G6lXjrRRmQ,Miracle Method Surface Refinishing,"1580 NW 4th St STE 102, Meridian, ID 83642, USA",(208) 244-6313,http://www.miraclemethod.com/boise?utm_source=Google&utm_medium=GMB&utm_content=MMMS,4.9,297,https://maps.google.com/?cid=7225692700788748020&g_mp=Cidnb29nbGUubWFwcy5wbGFjZXMudjEuUGxhY2VzLlNlYXJjaFRleHQQAhgEIAA,OPERATIONAL,"home_goods_store,general_contractor,service,store,point_of_interest,establishment",Bathroom remodel,Meridian
ChIJd5M_4LCqr1QRMJ0LQ0ux16k,Stack Construction,"2110 W Everest Ln #150, Meridian, ID 83646, USA",(208) 899-3726,http://stackconstruction.com/,5,13,https://maps.google.com/?cid=12238445449208110384&g_mp=Cidnb29nbGUubWFwcy5wbGFjZXMudjEuUGxhY2VzLlNlYXJjaFRleHQQAhgEIAA,OPERATIONAL,"general_contractor,service,point_of_interest,establishment",General contractor,Meridian
ChIJszWs8i3KTSwRAui7Twal6rI,KL Construction & Remodel LLC,"12668 Sunstone St, Nampa, ID 83651, USA",(208) 599-7337,https://www.klconstructionidaho.com/,5,23,https://maps.google.com/?cid=12892298329827567618&g_mp=Cidnb29nbGUubWFwcy5wbGFjZXMudjEuUGxhY2VzLlNlYXJjaFRleHQQAhgEIAA,OPERATIONAL,"service,point_of_interest,establishment",General contractor,Meridian
ChIJ0dxFW9xTrlQRBjk7O_IrufM,Beniton Construction,"389 SW 5th Ave, Meridian, ID 83642, USA",(208) 884-0027,http://www.beniton.com/,5,10,https://maps.google.com/?cid=17562116541283776774&g_mp=Cidnb29nbGUubWFwcy5wbGFjZXMudjEuUGxhY2VzLlNlYXJjaFRleHQQAhgEIAA,OPERATIONAL,"general_contractor,service,point_of_interest,establishment",General contractor,Meridian
ChIJA0VE6vpTrlQRnUmrunZig50,Hall & Hill Construction LLC,"760 E King St # 107, Meridian, ID 83642, USA",(208) 898-9910,http://hall-hill.com/,5,3,https://maps.google.com/?cid=11350023747981232541&g_mp=Cidnb29nbGUubWFwcy5wbGFjZXMudjEuUGxhY2VzLlNlYXJjaFRleHQQAhgEIAA,OPERATIONAL,"general_contractor,service,point_of_interest,establishment",General contractor,Meridian
ChIJjY66pChNrlQRk9JsfZ-b1gA,Cascade Custom Construction,"100 S Adkins Way STE 101, Meridian, ID 83642, USA",(877) 208-8843,http://cascadecustomconstruction.com/,4.5,8,https://maps.google.com/?cid=60406754322469523&g_mp=Cidnb29nbGUubWFwcy5wbGFjZXMudjEuUGxhY2VzLlNlYXJjaFRleHQQAhgEIAA,OPERATIONAL,"general_contractor,service,point_of_interest,establishment",General contractor,Meridian
ChIJXeUwqkFUrlQR6nmHkViq-TU,Hallmark Homes,"1895 N Lakes Pl, Meridian, ID 83646, USA",(208) 887-9090,https://www.hallmarkhomesidaho.com/,4.9,104,https://maps.google.com/?cid=3889327050586552810&g_mp=Cidnb29nbGUubWFwcy5wbGFjZXMudjEuUGxhY2VzLlNlYXJjaFRleHQQAhgEIAA,OPERATIONAL,"general_contractor,service,point_of_interest,establishment",General contractor,Meridian
ChIJo3VQPQJRrlQRsL2HN8jL5UQ,J&W Custom Homes,"306 NE 2nd St, Meridian, ID 83642, USA",(208) 887-4613,https://www.jandwcustomhomes.com/,5,3,https://maps.google.com/?cid=4964598225031380400&g_mp=Cidnb29nbGUubWFwcy5wbGFjZXMudjEuUGxhY2VzLlNlYXJjaFRleHQQAhgEIAA,OPERATIONAL,"general_contractor,service,point_of_interest,establishment",General contractor,Meridian
ChIJn9yKHSFRrlQR8sVNBYQG6L8,"Straight-Line Building Solutions, LLC","633 E King St, Meridian, ID 83642, USA",(208) 409-6090,http://www.sl-builders.com/,4.1,15,https://maps.google.com/?cid=13828309819935540722&g_mp=Cidnb29nbGUubWFwcy5wbGFjZXMudjEuUGxhY2VzLlNlYXJjaFRleHQQAhgEIAA,OPERATIONAL,"general_contractor,service,point_of_interest,establishment",General contractor,Meridian
ChIJI15lwO1TrlQRiVJ_JmtZt5o,Perfection Construction,"Meridian, ID 83642, USA",(208) 412-1136,http://perfectionconcrete.boise100.com/,5,1,https://maps.google.com/?cid=11148477719321203337&g_mp=Cidnb29nbGUubWFwcy5wbGFjZXMudjEuUGxhY2VzLlNlYXJjaFRleHQQAhgEIAA,OPERATIONAL,"general_contractor,service,point_of_interest,establishment",General contractor,Meridian
ChIJXeUwqkFUrlQR-u_fChu_SmA,Highland Homes,"1015 S Bridgeway Pl Suite 200, Eagle, ID 83616, USA",(208) 288-2722,http://www.highlandhomesllc.com/,4.9,57,https://maps.google.com/?cid=6938568298785140730&g_mp=Cidnb29nbGUubWFwcy5wbGFjZXMudjEuUGxhY2VzLlNlYXJjaFRleHQQAhgEIAA,OPERATIONAL,"general_contractor,service,point_of_interest,establishment",General contractor,Meridian
ChIJa7Au3uBTrlQR1j7OldNFkXc,Elite Inc.,"369 E Watertower Ln Suite D, Meridian, ID 83642, USA",(208) 936-4118,https://elite-restoration.com/locations/meridian-id/,4.9,115,https://maps.google.com/?cid=8615744337190207190&g_mp=Cidnb29nbGUubWFwcy5wbGFjZXMudjEuUGxhY2VzLlNlYXJjaFRleHQQAhgEIAA,OPERATIONAL,"general_contractor,service,point_of_interest,establishment",General contractor,Meridian
ChIJ5VrGDm1NrlQRiHxVZspAi_Y,Concrete America LLC,"918 10th Ave N Unit A, Nampa, ID 83687, USA",(986) 279-7948,http://www.concreteamerica.us/,5,51,https://maps.google.com/?cid=17765364393137503368&g_mp=Cidnb29nbGUubWFwcy5wbGFjZXMudjEuUGxhY2VzLlNlYXJjaFRleHQQAhgEIAA,OPERATIONAL,"general_contractor,service,point_of_interest,establishment",Foundation repair,Meridian
ChIJkff0t1Au3YARMl_ZZi8RDBY,Professional Foundation Repair,"7441 Anaconda Ave, Garden Grove, CA 92841, USA",(866) 362-4403,https://pfr-inc.com/,4.9,217,https://maps.google.com/?cid=1588663663841599282&g_mp=Cidnb29nbGUubWFwcy5wbGFjZXMudjEuUGxhY2VzLlNlYXJjaFRleHQQAhgEIAA,OPERATIONAL,"general_contractor,service,point_of_interest,establishment",Foundation repair,Meridian
ChIJI_JyOYlVrlQR_7ZeVV1jwG4,"Idaho Seamless Gutter of Meridian, Idaho","3597 E Monarch Sky Ln Suite 240, Office 290, Meridian, ID 83642, USA",(208) 250-9321,https://www.idahoseamlessgutters.com/,5,248,https://maps.google.com/?cid=7980487792215897855&g_mp=Cidnb29nbGUubWFwcy5wbGFjZXMudjEuUGxhY2VzLlNlYXJjaFRleHQQAhgEIAA,OPERATIONAL,"point_of_interest,service,establishment",Gutter cleaning,Meridian
ChIJ7Rx-UgNTrlQRFuK4NxekJSE,Legacy Gutter Pros LLC,"480 E Franklin Rd #101, Meridian, ID 83642, USA",(208) 995-3984,http://www.legacygutterpros.com/,5,48,https://maps.google.com/?cid=2388495597015982614&g_mp=Cidnb29nbGUubWFwcy5wbGFjZXMudjEuUGxhY2VzLlNlYXJjaFRleHQQAhgEIAA,OPERATIONAL,"point_of_interest,service,establishment",Gutter cleaning,Meridian
ChIJpSTnd_JUrlQRRoIwWBCcNVk,Rain Control Gutters,"4805 N Locust Grove Rd, Meridian, ID 83646, USA",(208) 768-4948,https://www.rain-control.com/,4.6,36,https://maps.google.com/?cid=6428215637154234950&g_mp=Cidnb29nbGUubWFwcy5wbGFjZXMudjEuUGxhY2VzLlNlYXJjaFRleHQQAhgEIAA,OPERATIONAL,"point_of_interest,service,establishment",Gutter cleaning,Meridian
ChIJ78yINP8P4CoRYna3StdrIGE,"Clearview Gutters LLC, Inc.","6844 Red Forest Ln, Nampa, ID 83686, USA",(425) 330-2300,http://www.clearviewgutters.com/,4.9,55,https://maps.google.com/?cid=6998712393349428834&g_mp=Cidnb29nbGUubWFwcy5wbGFjZXMudjEuUGxhY2VzLlNlYXJjaFRleHQQAhgEIAA,OPERATIONAL,"general_contractor,point_of_interest,service,establishment",Gutter cleaning,Meridian
ChIJBbC912tMrlQRLNdYT-v1dsI,R&S Rain Gutters,"1907 N 21st St, Nampa, ID 83687, USA",(208) 941-1118,https://rsraingutters.com/,5,22,https://maps.google.com/?cid=14012657681607218988&g_mp=Cidnb29nbGUubWFwcy5wbGFjZXMudjEuUGxhY2VzLlNlYXJjaFRleHQQAhgEIAA,OPERATIONAL,"service,point_of_interest,establishment",Gutter installation,Meridian
ChIJE0uxOXJVrlQR6qKb6YG_N40,Ada County Drywall,"2611 N Wallingford Ave, Meridian, ID 83646, USA",(208) 782-7077,https://adacountydrywall.com/,5,8,https://maps.google.com/?cid=10175812447757902570&g_mp=Cidnb29nbGUubWFwcy5wbGFjZXMudjEuUGxhY2VzLlNlYXJjaFRleHQQAhgEIAA,OPERATIONAL,"general_contractor,point_of_interest,service,establishment",Drywall contractor,Meridian
ChIJKVgw-dxTrlQRrNf89qySN7s,"Summit Wall Systems, Inc.","272 SW 5th Ave, Meridian, ID 83642, USA",(208) 366-1660,http://www.summitwall.com/,5,16,https://maps.google.com/?cid=13490412480387405740&g_mp=Cidnb29nbGUubWFwcy5wbGFjZXMudjEuUGxhY2VzLlNlYXJjaFRleHQQAhgEIAA,OPERATIONAL,"general_contractor,point_of_interest,service,establishment",Drywall contractor,Meridian
ChIJ56NvNvdUrlQRzVj6KK5HfII,Tresidio Homes,"2973 N Eagle Rd Ste. 110, Meridian, ID 83646, USA",(208) 917-7500,http://www.tresidio.com/,4.9,484,https://maps.google.com/?cid=9402468935380129997&g_mp=Cidnb29nbGUubWFwcy5wbGFjZXMudjEuUGxhY2VzLlNlYXJjaFRleHQQAhgEIAA,OPERATIONAL,"general_contractor,point_of_interest,service,establishment",Drywall contractor,Meridian
ChIJC4o3TKBTrlQRellFcjihzLQ,Ron Pollard Drywall Inc.,"2307 N Kubik Pl, Meridian, ID 83642, USA",(208) 861-7953,,4.4,7,https://maps.google.com/?cid=13027965085883390330&g_mp=Cidnb29nbGUubWFwcy5wbGFjZXMudjEuUGxhY2VzLlNlYXJjaFRleHQQAhgEIAA,OPERATIONAL,"general_contractor,consultant,point_of_interest,service,establishment",Drywall contractor,Meridian
ChIJ2-fVN1NTrlQRJnzuUt_zmFU,RNF Construction LLC,"3313 W Cherry Ln Suite 214, Meridian, ID 83642, USA",(208) 906-5467,https://rnfconstructioninc.blogspot.com/,5,1,https://maps.google.com/?cid=6167947830178511910&g_mp=Cidnb29nbGUubWFwcy5wbGFjZXMudjEuUGxhY2VzLlNlYXJjaFRleHQQAhgEIAA,OPERATIONAL,"general_contractor,manufacturer,point_of_interest,service,establishment",Drywall contractor,Meridian
ChIJExRzp4hVrlQRCtpybBkOBNE,Rt Drywall Boise Idaho,"W Tahiti Ct, Boise, ID 83713, USA",(208) 948-3302,http://www.rtdrywall208.info/,5,1,https://maps.google.com/?cid=15061178556190218762&g_mp=Cidnb29nbGUubWFwcy5wbGFjZXMudjEuUGxhY2VzLlNlYXJjaFRleHQQAhgEIAA,OPERATIONAL,"general_contractor,point_of_interest,service,establishment",Drywall contractor,Meridian
ChIJ_ZsfwtxNrlQREJSqGifLVnM,Poly Seal LLC,"325 S Kings Rd, Nampa, ID 83687, USA",(208) 960-0034,https://poly-seal-id.com/,5,44,https://maps.google.com/?cid=8311053531170378768&g_mp=Cidnb29nbGUubWFwcy5wbGFjZXMudjEuUGxhY2VzLlNlYXJjaFRleHQQAhgEIAA,OPERATIONAL,"general_contractor,point_of_interest,service,establishment",Insulation contractor,Meridian
ChIJOe_a6LFTrlQRq6yfvK5sO6M,CBI LLC Insulation Contractor,"4490 W Franklin Rd #5487, Meridian, ID 83642, USA",(208) 888-5263,,5,1,https://maps.google.com/?cid=11762114349552872619&g_mp=Cidnb29nbGUubWFwcy5wbGFjZXMudjEuUGxhY2VzLlNlYXJjaFRleHQQAhgEIAA,OPERATIONAL,"general_contractor,point_of_interest,service,establishment",Insulation contractor,Meridian
ChIJZVY2TvdXrlQRq6KuylEhaVg,Black Snow Insulation,"6728 W Fairview Ave TRLR 4, Boise, ID 83704, USA",(208) 903-2424,https://blacksnowinsulation.com/,5,1,https://maps.google.com/?cid=6370659783068787371&g_mp=Cidnb29nbGUubWFwcy5wbGFjZXMudjEuUGxhY2VzLlNlYXJjaFRleHQQAhgEIAA,OPERATIONAL,"general_contractor,point_of_interest,service,establishment",Insulation contractor,Meridian
ChIJ-VSeQ0fsNGwRMB-ju2L6i9c,Treasure Valley Insulation,"1720 N Midland Blvd Suite 102, Nampa, ID 83651, USA",(208) 695-0671,http://treasurevalleyinsulation.com/,5,3,https://maps.google.com/?cid=15531783041879056176&g_mp=Cidnb29nbGUubWFwcy5wbGFjZXMudjEuUGxhY2VzLlNlYXJjaFRleHQQAhgEIAA,OPERATIONAL,"general_contractor,point_of_interest,service,establishment",Insulation contractor,Meridian
ChIJRZ4TLChVrlQRE-0xFmTg2_4,Rangel Siding Company LLC,"1020 N Parkdale Ave, Meridian, ID 83642, USA",(208) 602-4747,,5,6,https://maps.google.com/?cid=18364518626007051539&g_mp=Cidnb29nbGUubWFwcy5wbGFjZXMudjEuUGxhY2VzLlNlYXJjaFRleHQQAhgEIAA,OPERATIONAL,"point_of_interest,service,establishment",Siding contractor,Meridian
ChIJb_8hn8NTrlQRROQfnWcKkck,Western Siding and Windows,"850 W Franklin Rd, Meridian, ID 83642, USA",(208) 855-0100,https://westernsiding.com/?utm_source=cumulus&utm_medium=onlinepresence&utm_campaign=gbp,4.1,24,https://maps.google.com/?cid=14524401713380582468&g_mp=Cidnb29nbGUubWFwcy5wbGFjZXMudjEuUGxhY2VzLlNlYXJjaFRleHQQAhgEIAA,OPERATIONAL,"supplier,point_of_interest,service,establishment",Siding contractor,Meridian
ChIJsTrEXsxTrlQRqIGMoPdTt-k,"Three Brothers, LLC","2025 N Bingham Dr, Nampa, ID 83651, USA",(208) 917-1616,https://threebrothersllc.com/,4.7,610,https://maps.google.com/?cid=16841021654590849448&g_mp=Cidnb29nbGUubWFwcy5wbGFjZXMudjEuUGxhY2VzLlNlYXJjaFRleHQQAhgEIAA,OPERATIONAL,"roofing_contractor,home_goods_store,general_contractor,store,point_of_interest,service,establishment",Siding contractor,Meridian
ChIJNaHTCWfHYVMRagw9P2L5R9M,Perfect Siding,"409 Coeur D Alene Ave #9, Coeur d'Alene, ID 83814, USA",(208) 254-0009,https://www.perfectsiding.com/,5,58,https://maps.google.com/?cid=15224411265712327786&g_mp=Cidnb29nbGUubWFwcy5wbGFjZXMudjEuUGxhY2VzLlNlYXJjaFRleHQQAhgEIAA,OPERATIONAL,"point_of_interest,service,establishment",Siding contractor,Meridian
ChIJURTainOjr1QRS5rlY4tLQxY,Hardtop Siding,"6505 Reata Ln, Emmett, ID 83617, USA",(208) 318-4809,https://hardtoppro.com/,5,49,https://maps.google.com/?cid=1604208954322557515&g_mp=Cidnb29nbGUubWFwcy5wbGFjZXMudjEuUGxhY2VzLlNlYXJjaFRleHQQAhgEIAA,OPERATIONAL,"general_contractor,point_of_interest,service,establishment",Siding contractor,Meridian
ChIJ75v8rrkDPWMRI6aNKz068_E,Elevation Home Solutions,"100 S Adkins Way # 105, Meridian, ID 83642, USA",(208) 888-9955,https://elevationhomesusa.com/,5,14,https://maps.google.com/?cid=17434342616879441443&g_mp=Cidnb29nbGUubWFwcy5wbGFjZXMudjEuUGxhY2VzLlNlYXJjaFRleHQQAhgEIAA,OPERATIONAL,"roofing_contractor,home_goods_store,general_contractor,store,point_of_interest,service,establishment",Siding contractor,Meridian
ChIJIx7BZiZRrlQRgyyQnAVkX5M,730 South Exteriors and Roofing Boise,"5259 S Montague Wy, Meridian, ID 83642, USA",(208) 258-1350,https://730southexteriors.com/id/ada-county/?utm_source=google&utm_medium=organic&utm_campaign=gmb,5,18,https://maps.google.com/?cid=10619316421627227267&g_mp=Cidnb29nbGUubWFwcy5wbGFjZXMudjEuUGxhY2VzLlNlYXJjaFRleHQQAhgEIAA,OPERATIONAL,"roofing_contractor,point_of_interest,service,establishment",Siding contractor,Meridian
ChIJre1WVfFVrlQRCPXlsisrIfo,Maddyn Homes,"13863 W Meadowdale Dr, Boise, ID 83713, USA",(208) 996-3355,https://maddynhomes.com/,5,6,https://maps.google.com/?cid=18023734650398438664&g_mp=Cidnb29nbGUubWFwcy5wbGFjZXMudjEuUGxhY2VzLlNlYXJjaFRleHQQAhgEIAA,OPERATIONAL,"general_contractor,service,point_of_interest,establishment",Deck builder,Meridian
ChIJRUiiPdFVrlQRxRXWN5VGpXc,Southern Construction & Installation,"12162 Combes Park Dr, Boise, ID 83713, USA",(208) 841-8726,http://www.southernci.com/,4.9,10,https://maps.google.com/?cid=8621374668371531205&g_mp=Cidnb29nbGUubWFwcy5wbGFjZXMudjEuUGxhY2VzLlNlYXJjaFRleHQQAhgEIAA,OPERATIONAL,"general_contractor,service,point_of_interest,establishment",Deck builder,Meridian
ChIJBf2Bi_BTrlQR58IHfq7aGwU,PrecisionCraft Log & Timber Homes,"711 E Broadway Ave, Meridian, ID 83642, USA",(208) 887-1020,https://www.precisioncraft.com/,5,1,https://maps.google.com/?cid=368128237534429927&g_mp=Cidnb29nbGUubWFwcy5wbGFjZXMudjEuUGxhY2VzLlNlYXJjaFRleHQQAhgEIAA,OPERATIONAL,"general_contractor,service,point_of_interest,establishment",Deck builder,Meridian
ChIJRYjeBJ1WrlQRglmeAN2OyhU,"ShadeWorks, Inc.","12443 W Executive Dr, Boise, ID 83713, USA",(208) 995-2990,https://shadeworks.com/treasure-valley/,4.9,599,https://maps.google.com/?cid=1570224499941333378&g_mp=Cidnb29nbGUubWFwcy5wbGFjZXMudjEuUGxhY2VzLlNlYXJjaFRleHQQAhgEIAA,OPERATIONAL,"supplier,service,point_of_interest,establishment",Deck builder,Meridian
ChIJOXtNuP3tj4ARlAZPQb8bONU,Victoriano Inc.,"6112 W Aegean Dr, Meridian, ID 83646, USA",,https://victorianoconstruction.com/,5,12,https://maps.google.com/?cid=15364060637022848660&g_mp=Cidnb29nbGUubWFwcy5wbGFjZXMudjEuUGxhY2VzLlNlYXJjaFRleHQQAhgEIAA,OPERATIONAL,"general_contractor,manufacturer,home_goods_store,store,service,point_of_interest,establishment",Deck builder,Meridian
ChIJAYZVXGNTrlQRnMpvuNkVXvs,AMERICAN POOLS OF IDAHO,"327 S Riggs Spg Ave, Meridian, ID 83642, USA",(208) 899-9137,https://americanpoolsofidaho.com/,5,1,https://maps.google.com/?cid=18112938776177134236&g_mp=Cidnb29nbGUubWFwcy5wbGFjZXMudjEuUGxhY2VzLlNlYXJjaFRleHQQAhgEIAA,OPERATIONAL,"service,point_of_interest,establishment",Pool service,Meridian
ChIJVVUFrmmsr1QRvVe3eoJVLBo,Elite Pools of Idaho,"10992 W Box Canyon St, Star, ID 83669, USA",(208) 991-7910,https://elitepoolsofidaho.com/contact-us/,,0,https://maps.google.com/?cid=1885976362854340541&g_mp=Cidnb29nbGUubWFwcy5wbGFjZXMudjEuUGxhY2VzLlNlYXJjaFRleHQQAhgEIAA,OPERATIONAL,"general_contractor,service,point_of_interest,establishment",Pool service,Meridian
ChIJu85f6UNTrlQRdoHwL_TblB4,Four Seasons Spa & Pool,"3035 W McMillan Rd #106, Meridian, ID 83646, USA",(208) 887-8664,http://www.fourseasonsspaandpool.com/,4.4,60,https://maps.google.com/?cid=2203627959513809270&g_mp=Cidnb29nbGUubWFwcy5wbGFjZXMudjEuUGxhY2VzLlNlYXJjaFRleHQQAhgEIAA,OPERATIONAL,"store,general_contractor,service,point_of_interest,establishment",Pool service,Meridian
ChIJpRjrg2VUrlQREAoukfj4ArI,Mystic Pool & Spa,"1725 E Cougar Creek Dr, Meridian, ID 83646, USA",(208) 870-7014,http://mysticpoolandspa.com/,5,3,https://maps.google.com/?cid=12827088435175885328&g_mp=Cidnb29nbGUubWFwcy5wbGFjZXMudjEuUGxhY2VzLlNlYXJjaFRleHQQAhgEIAA,OPERATIONAL,"general_contractor,service,point_of_interest,establishment",Pool service,Meridian
ChIJpTxJqCRXrlQRHGtTdA4jxn4,BustNMoves Moving Company,"1047 S Wells St #102, Meridian, ID 83642, USA",(208) 904-0766,https://bustnmoves.com/movers/meridian-id/?utm_source=gmb&utm_medium=organic&utm_campaign=listing&utm_content=meridian,4.9,163,https://maps.google.com/?cid=9135027439155768092&g_mp=Cidnb29nbGUubWFwcy5wbGFjZXMudjEuUGxhY2VzLlNlYXJjaFRleHQQAhgEIAA,OPERATIONAL,"moving_company,shipping_service,storage,transportation_service,manufacturer,point_of_interest,service,store,establishment",Moving company,Meridian
ChIJn-Opw83NKmIRU2cZe2FU3AE,Electric Monkey Moving,"1388 W Elias Dr, Meridian, ID 83642, USA",(208) 803-9122,https://www.electricmonkeymoving.com/,4.8,173,https://maps.google.com/?cid=134074866568095571&g_mp=Cidnb29nbGUubWFwcy5wbGFjZXMudjEuUGxhY2VzLlNlYXJjaFRleHQQAhgEIAA,OPERATIONAL,"moving_company,transportation_service,point_of_interest,service,establishment",Moving company,Meridian
ChIJ_0TauQBVrlQRecBIJq5gS_w,Let's Get Moving Boise,"3597 E Monarch Sky Ln Suite 240, Meridian, ID 83646, USA",(208) 545-1012,https://letsgetmovingusa.com/locations/id/boise-movers/?utm_source=GBP&utm_medium=Organic,5,55,https://maps.google.com/?cid=18179730621894017145&g_mp=Cidnb29nbGUubWFwcy5wbGFjZXMudjEuUGxhY2VzLlNlYXJjaFRleHQQAhgEIAA,OPERATIONAL,"moving_company,transportation_service,point_of_interest,service,store,establishment",Moving company,Meridian
ChIJPcEJENxVrlQRAo5l-NtWuKQ,Vantage Moving Solutions,"3597 E Monarch Sky Ln Ste F-240, Meridian, ID 83646, USA",(208) 740-1291,https://www.vantagemoving.com/id/meridian-movers/?utm_source=google&utm_medium=organic&utm_campaign=MeridianGBP,4.9,63,https://maps.google.com/?cid=11869332320700173826&g_mp=Cidnb29nbGUubWFwcy5wbGFjZXMudjEuUGxhY2VzLlNlYXJjaFRleHQQAhgEIAA,OPERATIONAL,"moving_company,shipping_service,storage,transportation_service,point_of_interest,service,establishment",Moving company,Meridian
ChIJk5MKOh1TrlQRUlDEP_XuaPQ,Valley Custom Moving,"1524 11th Ave N, Nampa, ID 83687, USA",(208) 918-3899,https://valleycustommoving.com/,5,390,https://maps.google.com/?cid=17611589079936553042&g_mp=Cidnb29nbGUubWFwcy5wbGFjZXMudjEuUGxhY2VzLlNlYXJjaFRleHQQAhgEIAA,OPERATIONAL,"moving_company,transportation_service,point_of_interest,service,establishment",Moving company,Meridian
ChIJNTptPI1PVVMROLRDc_OE0rg,BustNMoves Moving Company,"3660 US-30, Pocatello, ID 83201, USA",(208) 904-9246,https://bustnmoves.com/movers/pocatello-id/?utm_source=gmb&utm_medium=organic&utm_campaign=listing&utm_content=pocatello,4.9,469,https://maps.google.com/?cid=13317853229233714232&g_mp=Cidnb29nbGUubWFwcy5wbGFjZXMudjEuUGxhY2VzLlNlYXJjaFRleHQQAhgEIAA,OPERATIONAL,"moving_company,shipping_service,storage,transportation_service,manufacturer,point_of_interest,service,store,establishment",Moving company,Meridian
ChIJUTrMnq9TrlQRvou-bWz3SFc,Boise Spa Movers LLC,"2418 S Ruby Rapids Pl, Meridian, ID 83642, USA",(208) 995-1228,https://boisespamovers.com/,5,638,https://maps.google.com/?cid=6289548924692630462&g_mp=Cidnb29nbGUubWFwcy5wbGFjZXMudjEuUGxhY2VzLlNlYXJjaFRleHQQAhgEIAA,OPERATIONAL,"transportation_service,point_of_interest,establishment",Moving company,Meridian
ChIJnwcKApxRrlQRfEtgkpDh8AE,Vantage Moving Solutions,"10673 W Lake Hazel Rd, Boise, ID 83709, USA",(208) 740-1291,https://www.vantagemoving.com/?utm_source=google&utm_medium=organic&utm_campaign=AdaCountyGBP,4.5,140,https://maps.google.com/?cid=139859599495809916&g_mp=Cidnb29nbGUubWFwcy5wbGFjZXMudjEuUGxhY2VzLlNlYXJjaFRleHQQAhgEIAA,OPERATIONAL,"moving_company,shipping_service,storage,transportation_service,point_of_interest,service,establishment",Moving company,Meridian
ChIJiReh_jdhlGoRIAkvZkm3GhI,Big Boy Movers,"524 S 9th Ave #101, Caldwell, ID 83605, USA",(208) 643-5817,https://www.thebigboymovers.com/locations/boise-area/,4.8,118,https://maps.google.com/?cid=1304556567952034080&g_mp=Cidnb29nbGUubWFwcy5wbGFjZXMudjEuUGxhY2VzLlNlYXJjaFRleHQQAhgEIAA,OPERATIONAL,"moving_company,transportation_service,point_of_interest,service,establishment",Moving company,Meridian
ChIJEUdzEgsRVVMRTd1T_C70vWU,BustNMoves Moving Company,"1050 Buckboard Trail #2, Blackfoot, ID 83221, USA",(208) 557-3328,http://www.bustnmoves.com/,5,11,https://maps.google.com/?cid=7331284251068063053&g_mp=Cidnb29nbGUubWFwcy5wbGFjZXMudjEuUGxhY2VzLlNlYXJjaFRleHQQAhgEIAA,OPERATIONAL,"moving_company,transportation_service,point_of_interest,service,establishment",Moving company,Meridian
ChIJLapwUnRNrlQR6u9xN51Q5ns,Dump Guys Junk Removal,"1224 1st St S Suite 102, Nampa, ID 83651, USA",(208) 427-3799,https://canyoncountyjunkremoval.com/,5,19,https://maps.google.com/?cid=8927911947478888426&g_mp=Cidnb29nbGUubWFwcy5wbGFjZXMudjEuUGxhY2VzLlNlYXJjaFRleHQQAhgEIAA,OPERATIONAL,"point_of_interest,service,establishment",Junk removal,Meridian
ChIJuQinBrlRrlQR910cAfRpJaM,"Pete's Dumpster Rental, LLC","Serving, Meridian, ID 83642, USA",(208) 412-0409,,4.9,40,https://maps.google.com/?cid=11755918899032120823&g_mp=Cidnb29nbGUubWFwcy5wbGFjZXMudjEuUGxhY2VzLlNlYXJjaFRleHQQAhgEIAA,OPERATIONAL,"point_of_interest,service,establishment",Junk removal,Meridian
ChIJQS4cid9VrlQRJsFrYOXi89o,A Clean Sweep of Treasure Valley,"4105 N Five Mile Rd, Boise, ID 83713, USA",(208) 420-6861,,5,1,https://maps.google.com/?cid=15777203394402042150&g_mp=Cidnb29nbGUubWFwcy5wbGFjZXMudjEuUGxhY2VzLlNlYXJjaFRleHQQAhgEIAA,OPERATIONAL,"point_of_interest,service,establishment",Chimney sweep,Meridian
ChIJExHROGxTrlQRqLOnq-4MOJk,Lucid Auto Glass,"3506 W Patel Ct, Meridian, ID 83646, USA",(208) 995-4914,https://www.lucidautoglass.net/,4.9,142,https://maps.google.com/?cid=11040588705720415144&g_mp=Cidnb29nbGUubWFwcy5wbGFjZXMudjEuUGxhY2VzLlNlYXJjaFRleHQQAhgEIAA,OPERATIONAL,"car_repair,service,point_of_interest,establishment",Glass repair,Meridian
ChIJ2SQ_-mFTrlQRJqzzW7RgXCA,Integrity Auto Glass,"1843 W Franklin Rd, Meridian, ID 83642, USA",(208) 859-2447,http://www.integrityautoglass.net/,4.9,89,https://maps.google.com/?cid=2331845034824150054&g_mp=Cidnb29nbGUubWFwcy5wbGFjZXMudjEuUGxhY2VzLlNlYXJjaFRleHQQAhgEIAA,OPERATIONAL,"car_repair,service,point_of_interest,establishment",Glass repair,Meridian
ChIJswGRR-9VrlQR7bGRn06nnmY,The Windshield Guy - Meridian Idaho,"1255 E Fairview Ave, Meridian, ID 83642, USA",(208) 344-5566,http://www.thewindshieldguy.com/,5,2,https://maps.google.com/?cid=7394531594315346413&g_mp=Cidnb29nbGUubWFwcy5wbGFjZXMudjEuUGxhY2VzLlNlYXJjaFRleHQQAhgEIAA,OPERATIONAL,"building_materials_store,car_repair,service,store,point_of_interest,establishment",Glass repair,Meridian
ChIJ12Z2qRHhqm8RMXvWOf00KxE,Shields Auto Glass,"3710 N Centrepoint Way, Meridian, ID 83646, USA",(208) 996-3386,https://shieldsautoglassllc.com/,4.9,40,https://maps.google.com/?cid=1237140784845060913&g_mp=Cidnb29nbGUubWFwcy5wbGFjZXMudjEuUGxhY2VzLlNlYXJjaFRleHQQAhgEIAA,OPERATIONAL,"car_repair,service,point_of_interest,establishment",Glass repair,Meridian
ChIJFWDSVYpVrlQRK_qqnqz1fs4,"Marco’s Auto Glass,llc","Mobile Service Only, Meridian, ID 83646, USA",(208) 571-3092,,4.9,99,https://maps.google.com/?cid=14879600340623882795&g_mp=Cidnb29nbGUubWFwcy5wbGFjZXMudjEuUGxhY2VzLlNlYXJjaFRleHQQAhgEIAA,OPERATIONAL,"car_repair,service,point_of_interest,establishment",Glass repair,Meridian
ChIJA9U10BxVrlQRtRPXUhKkEFc,Precision Auto Glass,"4394 N Heritage Wds Wy, Meridian, ID 83646, USA",(208) 991-2997,,4.8,22,https://maps.google.com/?cid=6273694679533294517&g_mp=Cidnb29nbGUubWFwcy5wbGFjZXMudjEuUGxhY2VzLlNlYXJjaFRleHQQAhgEIAA,OPERATIONAL,"car_repair,service,point_of_interest,establishment",Glass repair,Meridian
ChIJJYIWfPStr1QRA3oCvDPeuQQ,Rapid Rock Chip Repair,"1102 n, N Star Bright Ln, Star, ID 83669, USA",(208) 614-8078,http://www.rockchiprepairboise.com/,5,177,https://maps.google.com/?cid=340547560622160387&g_mp=Cidnb29nbGUubWFwcy5wbGFjZXMudjEuUGxhY2VzLlNlYXJjaFRleHQQAhgEIAA,OPERATIONAL,"car_repair,service,point_of_interest,establishment",Glass repair,Meridian
ChIJMTUDRMZPrlQR7lOxDyXQhm4,Wes's Glass,"4080 W Columbia Rd, Meridian, ID 83642, USA",(208) 888-2064,,3,2,https://maps.google.com/?cid=7964281848646947822&g_mp=Cidnb29nbGUubWFwcy5wbGFjZXMudjEuUGxhY2VzLlNlYXJjaFRleHQQAhgEIAA,OPERATIONAL,"car_repair,service,point_of_interest,establishment",Glass repair,Meridian
ChIJUeFFaBVTrlQRQh6Plrfu18g,VISIONGUARD AUTO GLASS & MOBILE CALIBRATION,"9169 W State St #302, Garden City, ID 83714, USA",(208) 834-8004,https://visionguard.com/boise?utm_source=GMB&utm_medium=social&utm_campaign=GMB,4.8,966,https://maps.google.com/?cid=14472298399850765890&g_mp=Cidnb29nbGUubWFwcy5wbGFjZXMudjEuUGxhY2VzLlNlYXJjaFRleHQQAhgEIAA,OPERATIONAL,"car_repair,service,point_of_interest,establishment",Glass repair,Meridian
ChIJq3oD1kb5rlQRWmooLfUM86A,Ben's Auto Glass,"1855 N Wildwood St, Boise, ID 83713, USA",(208) 867-1592,http://bensautoglassboise.com/,4.8,13,https://maps.google.com/?cid=11597627712573303386&g_mp=Cidnb29nbGUubWFwcy5wbGFjZXMudjEuUGxhY2VzLlNlYXJjaFRleHQQAhgEIAA,OPERATIONAL,"car_repair,service,point_of_interest,establishment",Glass repair,Meridian
ChIJ8dOAPtFTrlQRNVjErNPQrNQ,Screens Now!,"426 N Main St, Meridian, ID 83642, USA",(208) 780-3495,https://www.myglassnow.com/,4.5,11,https://maps.google.com/?cid=15324853239590180917&g_mp=Cidnb29nbGUubWFwcy5wbGFjZXMudjEuUGxhY2VzLlNlYXJjaFRleHQQAhgEIAA,OPERATIONAL,"building_materials_store,general_contractor,store,point_of_interest,service,establishment",Window repair,Meridian
ChIJGYP2w6tWrlQRUYVkTVXR7Dk,Upchurch Windows,"3019 E Autumn Way, Meridian, ID 83642, USA",(208) 794-3108,,5,10,https://maps.google.com/?cid=4173941118966465873&g_mp=Cidnb29nbGUubWFwcy5wbGFjZXMudjEuUGxhY2VzLlNlYXJjaFRleHQQAhgEIAA,OPERATIONAL,"general_contractor,point_of_interest,service,establishment",Window repair,Meridian
ChIJXQhprpnP8ykRCo10bBiq33o,Avision Windows and Doors,"1047 S Wells St Suite E, Meridian, ID 83642, USA",(208) 957-0395,https://avisionwindows.com/,5,111,https://maps.google.com/?cid=8853982414309199114&g_mp=Cidnb29nbGUubWFwcy5wbGFjZXMudjEuUGxhY2VzLlNlYXJjaFRleHQQAhgEIAA,OPERATIONAL,"general_contractor,store,point_of_interest,service,establishment",Window repair,Meridian
ChIJfTTExAQRxKERViOmjZ3VM7o,Hessco Window Installations,"116 Arabian Way, Nampa, ID 83687, USA",(208) 965-9783,http://www.hesscowindows.com/,5,51,https://maps.google.com/?cid=13417302587529896790&g_mp=Cidnb29nbGUubWFwcy5wbGFjZXMudjEuUGxhY2VzLlNlYXJjaFRleHQQAhgEIAA,OPERATIONAL,"general_contractor,point_of_interest,service,establishment",Window repair,Meridian
ChIJMQtlaff3rlQR_loWQTNyt20,Renewal by Andersen of Boise,"3531 E Overland Rd, Meridian, ID 83642, USA",(208) 639-9960,https://www.renewalbyandersen.com/locations/boise-id,4.9,1175,https://maps.google.com/?cid=7905913235333077758&g_mp=Cidnb29nbGUubWFwcy5wbGFjZXMudjEuUGxhY2VzLlNlYXJjaFRleHQQAhgEIAA,OPERATIONAL,"general_contractor,point_of_interest,service,establishment",Window repair,Meridian
ChIJM5uzpa1NrlQRxM3hjQMaErw,Erwin Custom Fabrication,"811 N Kings Rd, Nampa, ID 83687, USA",(208) 856-6487,https://erwinfab.com/?utm_source=gmb,5,142,https://maps.google.com/?cid=13551922831278853572&g_mp=Cidnb29nbGUubWFwcy5wbGFjZXMudjEuUGxhY2VzLlNlYXJjaFRleHQQAhgEIAA,OPERATIONAL,"manufacturer,general_contractor,service,point_of_interest,establishment",Welding service,Meridian
ChIJJYZi00FPrlQR0Dm3DYIpaqU,Neukom Welding and Metalworking LLC,"5874 W Lake Hazel Rd, Nampa, ID 83687, USA",(208) 972-4506,https://www.facebook.com/profile.php?id=100074110038050,5,3,https://maps.google.com/?cid=11919385002342037968&g_mp=Cidnb29nbGUubWFwcy5wbGFjZXMudjEuUGxhY2VzLlNlYXJjaFRleHQQAhgEIAA,OPERATIONAL,"manufacturer,service,point_of_interest,establishment",Welding service,Meridian
ChIJVzOvsjxNrlQRYoUAcANieo8,CW Welding&Repair,"420 7th St S, Nampa, ID 83651, USA",(208) 602-0797,,5,3,https://maps.google.com/?cid=10338683661485901154&g_mp=Cidnb29nbGUubWFwcy5wbGFjZXMudjEuUGxhY2VzLlNlYXJjaFRleHQQAhgEIAA,OPERATIONAL,"service,point_of_interest,establishment",Welding service,Meridian
ChIJz7ZHuu3Eu4YRhhHqcfFyScU,Crown Point Customs,"3330 Black Butte Ct, Nampa, ID 83687, USA",(208) 252-5569,http://crownpointcustoms.com/,5,13,https://maps.google.com/?cid=14216020080095531398&g_mp=Cidnb29nbGUubWFwcy5wbGFjZXMudjEuUGxhY2VzLlNlYXJjaFRleHQQAhgEIAA,OPERATIONAL,"manufacturer,general_contractor,service,point_of_interest,establishment",Welding service,Meridian
ChIJ44yFAO9MrlQR8Zj87MnW49s,Creek Machine & Welding,"2336 W Hemingway Blvd, Nampa, ID 83651, USA",(208) 899-2350,,4.3,6,https://maps.google.com/?cid=15844744076772284657&g_mp=Cidnb29nbGUubWFwcy5wbGFjZXMudjEuUGxhY2VzLlNlYXJjaFRleHQQAhgEIAA,OPERATIONAL,"supplier,manufacturer,service,point_of_interest,establishment",Welding service,Meridian
ChIJ6Ys82FRNrlQRji0Mdr1CgYU,Treasure Valley Welding,"8165 Waterfowl Ave, Nampa, ID 83687, USA",(208) 617-9134,http://treasurevalleywelding.com/,5,4,https://maps.google.com/?cid=9620043660536851854&g_mp=Cidnb29nbGUubWFwcy5wbGFjZXMudjEuUGxhY2VzLlNlYXJjaFRleHQQAhgEIAA,OPERATIONAL,"service,point_of_interest,establishment",Welding service,Meridian
ChIJpeHTye__rlQR9qgucQlIkRM,Welding Unlimited Crane Service,"9723 Utahna Rd, Boise, ID 83714, USA",(208) 859-3899,http://idahocrane.org/contact/,5,1,https://maps.google.com/?cid=1409987363734464758&g_mp=Cidnb29nbGUubWFwcy5wbGFjZXMudjEuUGxhY2VzLlNlYXJjaFRleHQQAhgEIAA,OPERATIONAL,"point_of_interest,establishment",Welding service,Meridian
ChIJP3HxwQNUrlQRsVXmnejjiZo,Woodland Manufacturing,"2835 E Lanark St STE 100, Meridian, ID 83642, USA",(208) 846-9030,https://www.woodlandmanufacturing.com/,4.8,71,https://maps.google.com/?cid=11135682141871297969&g_mp=Cidnb29nbGUubWFwcy5wbGFjZXMudjEuUGxhY2VzLlNlYXJjaFRleHQQAhgEIAA,OPERATIONAL,"manufacturer,general_contractor,service,store,point_of_interest,establishment",Welding service,Meridian
ChIJTfwiTERTrlQRI3m86LujmDU,Deep penetration welding,"220 N Black Cat Rd, Meridian, ID 83642, USA",(208) 880-1413,,,0,https://maps.google.com/?cid=3862016707929078051&g_mp=Cidnb29nbGUubWFwcy5wbGFjZXMudjEuUGxhY2VzLlNlYXJjaFRleHQQAhgEIAA,OPERATIONAL,"service,point_of_interest,establishment",Welding service,Meridian
ChIJ0eDCBl1TrlQRo2aEkHLLZRw,Superior Construction-Excvtng,"2350 W McMillan Rd, Meridian, ID 83646, USA",(208) 884-4011,,4.2,17,https://maps.google.com/?cid=2046265298621064867&g_mp=Cidnb29nbGUubWFwcy5wbGFjZXMudjEuUGxhY2VzLlNlYXJjaFRleHQQAhgEIAA,OPERATIONAL,"general_contractor,point_of_interest,service,establishment",Excavation contractor,Meridian
ChIJFbz9t_ZSrlQRVsPhLiXKI-o,Highmark Excavation LLC,"5730 W Cherry Ln, Meridian, ID 83642, USA",(208) 887-9687,,5,3,https://maps.google.com/?cid=16871550890109158230&g_mp=Cidnb29nbGUubWFwcy5wbGFjZXMudjEuUGxhY2VzLlNlYXJjaFRleHQQAhgEIAA,OPERATIONAL,"general_contractor,point_of_interest,service,establishment",Excavation contractor,Meridian
ChIJ-64B7vZRrlQRqcIIZis-Fbg,Mike Rice Excavation,"2751 S Nova Ln, Meridian, ID 83642, USA",(208) 888-9414,,5,1,https://maps.google.com/?cid=13264576633606029993&g_mp=Cidnb29nbGUubWFwcy5wbGFjZXMudjEuUGxhY2VzLlNlYXJjaFRleHQQAhgEIAA,OPERATIONAL,"general_contractor,point_of_interest,service,establishment",Excavation contractor,Meridian
ChIJK6C1nslSrlQRYJdgJ0ylvAg,Bob Love Excavation LLC,"4075 Star Rd, Meridian, ID 83646, USA",(208) 898-4761,,5,4,https://maps.google.com/?cid=629559794421765984&g_mp=Cidnb29nbGUubWFwcy5wbGFjZXMudjEuUGxhY2VzLlNlYXJjaFRleHQQAhgEIAA,OPERATIONAL,"general_contractor,point_of_interest,service,establishment",Excavation contractor,Meridian
ChIJGZ4Q4uvnpygRgYHRQNrIYbs,RipRock Hydro Excavation,"12891 Romiro Ave, Kuna, ID 83634, USA",(208) 803-1776,https://riprockhydro.com/,5,11,https://maps.google.com/?cid=13502293997549355393&g_mp=Cidnb29nbGUubWFwcy5wbGFjZXMudjEuUGxhY2VzLlNlYXJjaFRleHQQAhgEIAA,OPERATIONAL,"general_contractor,point_of_interest,service,establishment",Excavation contractor,Meridian
ChIJcW1x-Ah1YowRbxjdOk-_kpU,Nampa Excavation Services & Dirt Yard,"2672 2nd St S, Nampa, ID 83686, USA",(208) 210-8710,https://ndwpro.com/,5,9,https://maps.google.com/?cid=10777887205261908079&g_mp=Cidnb29nbGUubWFwcy5wbGFjZXMudjEuUGxhY2VzLlNlYXJjaFRleHQQAhgEIAA,OPERATIONAL,"general_contractor,point_of_interest,service,establishment",Excavation contractor,Meridian
ChIJp1HtbbJTrlQRx-lyG6pD9vs,Excel Excavation LLC,"1180 N Lightning Pl, Meridian, ID 83642, USA",(208) 888-4703,,3.1,7,https://maps.google.com/?cid=18155773345674750407&g_mp=Cidnb29nbGUubWFwcy5wbGFjZXMudjEuUGxhY2VzLlNlYXJjaFRleHQQAhgEIAA,OPERATIONAL,"general_contractor,point_of_interest,service,establishment",Excavation contractor,Meridian
ChIJz1LBW8dTrlQReNl454Kq0e0,Sawtooth Landworks LLC - Excavation,"5706 Airport Rd, Nampa, ID 83687, USA",(208) 713-8871,http://www.sawtoothlandworks.biz/,5,57,https://maps.google.com/?cid=17136665536327375224&g_mp=Cidnb29nbGUubWFwcy5wbGFjZXMudjEuUGxhY2VzLlNlYXJjaFRleHQQAhgEIAA,OPERATIONAL,"moving_company,general_contractor,shipping_service,transportation_service,supplier,point_of_interest,service,establishment",Excavation contractor,Meridian
ChIJvXXcxBlPrlQRFckZAw2bsj0,Mountain West Excavation LLC,"3782 E Amity Ave, Nampa, ID 83687, USA",(208) 506-2134,https://www.mountainwestex.com/,4.7,14,https://maps.google.com/?cid=4445786262357002517&g_mp=Cidnb29nbGUubWFwcy5wbGFjZXMudjEuUGxhY2VzLlNlYXJjaFRleHQQAhgEIAA,OPERATIONAL,"general_contractor,point_of_interest,service,establishment",Excavation contractor,Meridian
ChIJ83qZimVNrlQRokkbie816xo,Wood Brothers Trucking LLC DBA Wood Brothers Trucking & Construction,"915 E Karcher Rd, Nampa, ID 83687, USA",(208) 288-5733,http://woodbrotherstrucking.com/,4.5,15,https://maps.google.com/?cid=1939703367426853282&g_mp=Cidnb29nbGUubWFwcy5wbGFjZXMudjEuUGxhY2VzLlNlYXJjaFRleHQQAhgEIAA,OPERATIONAL,"general_contractor,point_of_interest,service,establishment",Excavation contractor,Meridian
ChIJtxXAW8tRrlQRVh7xV96v4G4,"Boswell Asphalt Paving Solutions,Inc.","1651 W Jarvis Ct, Meridian, ID 83642, USA",(208) 884-1050,http://boswellpaving.com/,3.4,39,https://maps.google.com/?cid=7989579108448280150&g_mp=Cidnb29nbGUubWFwcy5wbGFjZXMudjEuUGxhY2VzLlNlYXJjaFRleHQQAhgEIAA,OPERATIONAL,"general_contractor,service,point_of_interest,establishment",Paving contractor,Meridian
ChIJwYrihIRXrlQRPcNtbrPXREM,Pavement Specialties Of Idaho,"4850 Henry St, Boise, ID 83709, USA",(208) 322-7000,http://pavementspecialties.com/,4.3,48,https://maps.google.com/?cid=4847236264609301309&g_mp=Cidnb29nbGUubWFwcy5wbGFjZXMudjEuUGxhY2VzLlNlYXJjaFRleHQQAhgEIAA,OPERATIONAL,"general_contractor,service,point_of_interest,establishment",Paving contractor,Meridian
ChIJjaCxKixTrlQRgn_IAozNmT4,Atlas Asphalt,"6168 W View Point Dr, Meridian, ID 83642, USA",(208) 340-9090,http://atlasasphaltco.com/,5,6,https://maps.google.com/?cid=4510862503014072194&g_mp=Cidnb29nbGUubWFwcy5wbGFjZXMudjEuUGxhY2VzLlNlYXJjaFRleHQQAhgEIAA,OPERATIONAL,"general_contractor,service,point_of_interest,establishment",Paving contractor,Meridian
ChIJ61w0UU2g1KsRCC8inCDoj4s,BlakRoc Corp,"1317 E Commercial Dr STE 120, Meridian, ID 83642, USA",(208) 409-8007,https://blakrocusa.com/,4.4,14,https://maps.google.com/?cid=10056511719697690376&g_mp=Cidnb29nbGUubWFwcy5wbGFjZXMudjEuUGxhY2VzLlNlYXJjaFRleHQQAhgEIAA,OPERATIONAL,"parking_garage,parking_lot,parking,general_contractor,transportation_service,service,point_of_interest,establishment",Paving contractor,Meridian
ChIJa2Ef1L9MrlQRutcNdkS6k4U,Nampa Paving & Asphalt Co,"444 W Karcher Rd, Nampa, ID 83687, USA",(208) 466-4051,http://nampapaving.com/,3.5,42,https://maps.google.com/?cid=9625241631822043066&g_mp=Cidnb29nbGUubWFwcy5wbGFjZXMudjEuUGxhY2VzLlNlYXJjaFRleHQQAhgEIAA,OPERATIONAL,"general_contractor,service,point_of_interest,establishment",Paving contractor,Meridian
ChIJT-jxAr9TrlQRnckYwBSHuWk,Specialty Construction Supply,"348 Northwest 13th Place, Meridian, ID 83642, USA",(208) 322-6800,http://www.specialtysupply.com/,4.2,75,https://maps.google.com/?cid=7618268767865850269&g_mp=Cidnb29nbGUubWFwcy5wbGFjZXMudjEuUGxhY2VzLlNlYXJjaFRleHQQAhgEIAA,OPERATIONAL,"building_materials_store,general_contractor,supplier,service,store,point_of_interest,establishment",Paving contractor,Meridian
ChIJAQBQ-P5UrlQRV0qGQvBFsfo,208 ASPHALT,"13601 W McMillan Rd, Boise, ID 83713, USA",(208) 616-4141,,2.3,3,https://maps.google.com/?cid=18064296478570334807&g_mp=Cidnb29nbGUubWFwcy5wbGFjZXMudjEuUGxhY2VzLlNlYXJjaFRleHQQAhgEIAA,OPERATIONAL,"service,point_of_interest,establishment",Paving contractor,Meridian
ChIJ78_x8FdVrlQRxAQ12tm4SUM,"Idaho Materials & Construction, A CRH Company","2755 E State St, Eagle, ID 83616, USA",(208) 466-5001,https://stakerparson.com/companies/idaho-materials-construction/,4.1,54,https://maps.google.com/?cid=4848609719649371332&g_mp=Cidnb29nbGUubWFwcy5wbGFjZXMudjEuUGxhY2VzLlNlYXJjaFRleHQQAhgEIAA,OPERATIONAL,"general_contractor,supplier,manufacturer,service,point_of_interest,establishment",Paving contractor,Meridian
ChIJeZoLtPtTrlQR04aSsBm8KV0,Basalite Concrete Products,"1300 E Franklin Rd, Meridian, ID 83642, USA",(208) 888-4050,https://www.basalite.com/,4,50,https://maps.google.com/?cid=6713103538095032019&g_mp=Cidnb29nbGUubWFwcy5wbGFjZXMudjEuUGxhY2VzLlNlYXJjaFRleHQQAhgEIAA,OPERATIONAL,"building_materials_store,general_contractor,supplier,manufacturer,service,store,point_of_interest,establishment",Paving contractor,Meridian
ChIJM5kbjZ5XrlQRZVrxap3_vjw,"Suncore Construction and Materials, Inc.","4015 Banner St, Boise, ID 83709, USA",(208) 362-4244,https://suncore.build/,3.4,26,https://maps.google.com/?cid=4377216939419851365&g_mp=Cidnb29nbGUubWFwcy5wbGFjZXMudjEuUGxhY2VzLlNlYXJjaFRleHQQAhgEIAA,OPERATIONAL,"general_contractor,supplier,wholesaler,manufacturer,transportation_service,service,point_of_interest,establishment",Paving contractor,Meridian
ChIJpyllR2VNrlQREEeGN8H7aJM,Gem State Asphalt,"16719 N Idaho Center Blvd, Nampa, ID 83687, USA",(208) 740-8350,https://gem-stateasphalt.com/,4.4,7,https://maps.google.com/?cid=10622016528432121616&g_mp=Cidnb29nbGUubWFwcy5wbGFjZXMudjEuUGxhY2VzLlNlYXJjaFRleHQQAhgEIAA,OPERATIONAL,"general_contractor,service,point_of_interest,establishment",Paving contractor,Meridian
ChIJAz7ff7pNrlQRbNfaXDGt8MI,Express Plumbing Heating & Air,"3207 Garrity Blvd, Nampa, ID 83687, USA",(208) 398-0309,https://expressplumbingidaho.com/,4.9,2398,https://maps.google.com/?cid=14046917665291425644&g_mp=Cidnb29nbGUubWFwcy5wbGFjZXMudjEuUGxhY2VzLlNlYXJjaFRleHQQAhgEIAA,OPERATIONAL,"plumber,general_contractor,point_of_interest,service,establishment",Plumber,Nampa
ChIJK6QadDNJrlQRVw3HXiS1GV0,Cleanline Plumbing Solutions,"1225 Madison Ave, Nampa, ID 83687, USA",(208) 463-4863,http://www.cleanlineplumbing.com/,4.9,215,https://maps.google.com/?cid=6708592287758617943&g_mp=Cidnb29nbGUubWFwcy5wbGFjZXMudjEuUGxhY2VzLlNlYXJjaFRleHQQAhgEIAA,OPERATIONAL,"plumber,general_contractor,home_goods_store,store,point_of_interest,service,establishment",Plumber,Nampa
ChIJWZcEprFNrlQR-0sUjUX9g6g,Magic Plumbing - Best Plumber in Nampa,"250 4th St N, Nampa, ID 83687, USA",(208) 606-7339,http://mymagicplumbing.com/,4.7,217,https://maps.google.com/?cid=12142827495482477563&g_mp=Cidnb29nbGUubWFwcy5wbGFjZXMudjEuUGxhY2VzLlNlYXJjaFRleHQQAhgEIAA,OPERATIONAL,"plumber,general_contractor,point_of_interest,service,establishment",Plumber,Nampa
ChIJ3RhCA1nTLY4RyJEd2z0d_R0,Pristine Plumbing and Construction,"3615 E Newby St #101, Nampa, ID 83687, USA",(208) 870-0148,https://pristine-plumbing.com/?utm_source=google&utm_medium=organic&utm_campaign=SEO,4.9,393,https://maps.google.com/?cid=2160915547714064840&g_mp=Cidnb29nbGUubWFwcy5wbGFjZXMudjEuUGxhY2VzLlNlYXJjaFRleHQQAhgEIAA,OPERATIONAL,"plumber,general_contractor,home_goods_store,store,supplier,point_of_interest,service,establishment",Plumber,Nampa
ChIJURmWV9RLrlQR3J7Bio8CvR8,Nampa Precision Plumbers,"1121 12th Ave Rd, Nampa, ID 83686, USA",(208) 546-4561,https://nampaprecisionplumbers.com/,5,11,https://maps.google.com/?cid=2286987001305603804&g_mp=Cidnb29nbGUubWFwcy5wbGFjZXMudjEuUGxhY2VzLlNlYXJjaFRleHQQAhgEIAA,OPERATIONAL,"plumber,point_of_interest,service,establishment",Plumber,Nampa
ChIJXT5yuf9LrlQRFbqWdkPY2gQ,Dillon Plumbing,"605 E Hawaii Ave, Nampa, ID 83686, USA",(208) 466-3707,https://www.dillonplumbing.com/,4.9,595,https://maps.google.com/?cid=349829705338632725&g_mp=Cidnb29nbGUubWFwcy5wbGFjZXMudjEuUGxhY2VzLlNlYXJjaFRleHQQAhgEIAA,OPERATIONAL,"plumber,general_contractor,home_goods_store,store,supplier,point_of_interest,service,establishment",Plumber,Nampa
ChIJgc1tKZ5JrlQR3K2XUKJZiS4,MasterFlow Nampa Plumbing,"2420 ID-45, Nampa, ID 83686, USA",(208) 546-4154,https://masterflownampaplumbing.com/,5,25,https://maps.google.com/?cid=3353309951225736668&g_mp=Cidnb29nbGUubWFwcy5wbGFjZXMudjEuUGxhY2VzLlNlYXJjaFRleHQQAhgEIAA,OPERATIONAL,"plumber,point_of_interest,service,establishment",Plumber,Nampa
ChIJq0bWBCtNrlQR7kProh2h_b8,Z Plumberz of the Treasure Valley,"905 Caldwell Blvd, Nampa, ID 83651, USA",(208) 782-7466,https://www.zplumberz.com/treasure-valley/?utm_source=google&utm_medium=organic&utm_campaign=gbp,5,109,https://maps.google.com/?cid=13834390779011482606&g_mp=Cidnb29nbGUubWFwcy5wbGFjZXMudjEuUGxhY2VzLlNlYXJjaFRleHQQAhgEIAA,OPERATIONAL,"plumber,general_contractor,home_goods_store,store,supplier,point_of_interest,service,establishment",Plumber,Nampa
ChIJF3hUfWJNrlQRnQYCT6bhcTc,Precision Plumbers Nampa,"16724 Midland Blvd, Nampa, ID 83687, USA",(208) 318-5818,https://precisionplumbersnampa.com/,5,5,https://maps.google.com/?cid=3995222448860694173&g_mp=Cidnb29nbGUubWFwcy5wbGFjZXMudjEuUGxhY2VzLlNlYXJjaFRleHQQAhgEIAA,OPERATIONAL,"plumber,point_of_interest,service,establishment",Plumber,Nampa
ChIJfdS2jHZNrlQR4fuOg0AbIyU,Jetstream Plumbing Idaho,"1331 11th Ave N, Nampa, ID 83687, USA",(208) 400-3353,https://jetstreamplumbing.com/,4.9,582,https://maps.google.com/?cid=2676012567487249377&g_mp=Cidnb29nbGUubWFwcy5wbGFjZXMudjEuUGxhY2VzLlNlYXJjaFRleHQQAhgEIAA,OPERATIONAL,"plumber,point_of_interest,service,establishment",Plumber,Nampa
ChIJVb_PEZtMrlQRkJdVN0Aaegw,A+ Drain Cleaning & Plumbing,"11069 W Flamingo Ave, Nampa, ID 83651, USA",(208) 291-6787,https://draincleaningofid.com/,4.8,569,https://maps.google.com/?cid=899059938722420624&g_mp=Cidnb29nbGUubWFwcy5wbGFjZXMudjEuUGxhY2VzLlNlYXJjaFRleHQQAhgEIAA,OPERATIONAL,"plumber,point_of_interest,service,establishment",Plumber,Nampa
ChIJiT7fx11JrlQRlN--WL5zNks,Above and Beyond Plumbing LLC,"476 Morning Sun Dr, Nampa, ID 83686, USA",(208) 249-2682,,5,43,https://maps.google.com/?cid=5419646462956855188&g_mp=Cidnb29nbGUubWFwcy5wbGFjZXMudjEuUGxhY2VzLlNlYXJjaFRleHQQAhgEIAA,OPERATIONAL,"plumber,point_of_interest,service,establishment",Plumber,Nampa
ChIJ1c8e0EPXpIYRncnLckIJwwo,BP Plumbing LLC,"5723 E Amity Ave, Nampa, ID 83687, USA",(208) 861-5312,https://www.bpplumbingllc.com/,4.9,32,https://maps.google.com/?cid=775473741836306845&g_mp=Cidnb29nbGUubWFwcy5wbGFjZXMudjEuUGxhY2VzLlNlYXJjaFRleHQQAhgEIAA,OPERATIONAL,"plumber,point_of_interest,service,establishment",Plumber,Nampa
ChIJzaIiJktPrlQR24SNh0xJGOM,Unique Plumbing,"9202 Happy Vally Rd, Nampa, ID 83686, USA",(208) 409-9971,,4.6,19,https://maps.google.com/?cid=16363909839091238107&g_mp=Cidnb29nbGUubWFwcy5wbGFjZXMudjEuUGxhY2VzLlNlYXJjaFRleHQQAhgEIAA,OPERATIONAL,"plumber,service,point_of_interest,establishment",Plumbing contractor,Nampa
ChIJr8y2Iy1NrlQRD_cBAq1gbZo,Prime Plumbing,"1020 E Homedale Rd, Caldwell, ID 83607, USA",(208) 276-9079,https://www.primeplumbingidaho.com/,4.9,805,https://maps.google.com/?cid=11127656550481655567&g_mp=Cidnb29nbGUubWFwcy5wbGFjZXMudjEuUGxhY2VzLlNlYXJjaFRleHQQAhgEIAA,OPERATIONAL,"plumber,service,point_of_interest,establishment",Plumbing contractor,Nampa
ChIJGXnn2iNNrlQR0qn4XeFdmwM,Same Day Electric,"120 17th Ave N, Nampa, ID 83687, USA",(208) 278-2960,https://samedayelectric.net/?utm_source=google-gbp&utm_medium=organic&utm_campaign=*246*same-day-electric-nampa,4.8,232,https://maps.google.com/?cid=259904626029537746&g_mp=Cidnb29nbGUubWFwcy5wbGFjZXMudjEuUGxhY2VzLlNlYXJjaFRleHQQAhgEIAA,OPERATIONAL,"electrician,wholesaler,store,point_of_interest,service,establishment",Electrician,Nampa
ChIJp7nM31Wxr1QR4ioG3Jwxksc,Same Day Electric,"3413 Black Butte Ct, Nampa, ID 83651, USA",(208) 466-3278,https://samedayelectric.net/?utm_source=google-gbp&utm_medium=organic&utm_campaign=*245*same-day-electric-caldwell,4.9,117,https://maps.google.com/?cid=14380611109923465954&g_mp=Cidnb29nbGUubWFwcy5wbGFjZXMudjEuUGxhY2VzLlNlYXJjaFRleHQQAhgEIAA,OPERATIONAL,"electrician,wholesaler,store,point_of_interest,service,establishment",Electrician,Nampa
ChIJAQCkOzW1r1QRcwULjq73IGc,Amp Electric,"2328 W Hemingway Blvd, Nampa, ID 83651, USA",(208) 505-9814,https://amp240v.com/,4.9,83,https://maps.google.com/?cid=7431211714240775539&g_mp=Cidnb29nbGUubWFwcy5wbGFjZXMudjEuUGxhY2VzLlNlYXJjaFRleHQQAhgEIAA,OPERATIONAL,"electrician,point_of_interest,service,establishment",Electrician,Nampa
ChIJPZ1_Mw6eFGQRdG4Nqu6HO8w,Vasilk Electric | Electrician,"8129 E Colter Bay Dr, Nampa, ID 83687, USA",(208) 546-2200,http://vasilkelectric.com/,5,10,https://maps.google.com/?cid=14716505666488200820&g_mp=Cidnb29nbGUubWFwcy5wbGFjZXMudjEuUGxhY2VzLlNlYXJjaFRleHQQAhgEIAA,OPERATIONAL,"electrician,point_of_interest,service,establishment",Electrician,Nampa
ChIJu2ALsD5NrlQRrVS1UAmhNzE,Prime Electrical,"1219 Industrial Rd, Nampa, ID 83687, USA",(208) 565-8708,http://www.prime-electrical.co/,5,4,https://maps.google.com/?cid=3546480292958393517&g_mp=Cidnb29nbGUubWFwcy5wbGFjZXMudjEuUGxhY2VzLlNlYXJjaFRleHQQAhgEIAA,OPERATIONAL,"electrician,point_of_interest,service,establishment",Electrician,Nampa
ChIJH6ewQ1FMrlQRsvZ0RSUshW4,"Town & Country Electric, Inc.","1223 11th Ave N, Nampa, ID 83687, USA",(208) 467-2148,http://www.town-and-country-electric.com/,4.4,21,https://maps.google.com/?cid=7963820054665295538&g_mp=Cidnb29nbGUubWFwcy5wbGFjZXMudjEuUGxhY2VzLlNlYXJjaFRleHQQAhgEIAA,OPERATIONAL,"electrician,point_of_interest,service,establishment",Electrician,Nampa
ChIJOY0plkNLrlQRVvUaechAmCo,Value Electric,"11377 W Tiekel River St, Nampa, ID 83686, USA",(208) 615-2829,https://valueelectric208.com/,5,2,https://maps.google.com/?cid=3069274375822439766&g_mp=Cidnb29nbGUubWFwcy5wbGFjZXMudjEuUGxhY2VzLlNlYXJjaFRleHQQAhgEIAA,OPERATIONAL,"electrician,point_of_interest,service,establishment",Electrician,Nampa
ChIJE-Cad8JOrlQRI0-i0c-Cc-k,"All Idaho Solar and Electrical, L.L.C.","4433 E Switzer Way, Nampa, ID 83686, USA",(208) 284-4462,,5,2,https://maps.google.com/?cid=16821932862245850915&g_mp=Cidnb29nbGUubWFwcy5wbGFjZXMudjEuUGxhY2VzLlNlYXJjaFRleHQQAhgEIAA,OPERATIONAL,"electrician,point_of_interest,service,establishment",Electrician,Nampa
ChIJV9H9jBxMrlQR4KhnIrSFnfY,Blue Arc Electric,"812 S Florence St, Nampa, ID 83686, USA",(208) 407-2241,,4.9,14,https://maps.google.com/?cid=17770506713391671520&g_mp=Cidnb29nbGUubWFwcy5wbGFjZXMudjEuUGxhY2VzLlNlYXJjaFRleHQQAhgEIAA,OPERATIONAL,"electrician,point_of_interest,service,establishment",Electrician,Nampa
ChIJZ0IaB1dMrlQRtDyQasaTkE0,Priority Electric INC,"1640 E Plaza Loop, Nampa, ID 83687, USA",(208) 585-3477,http://priorityelectricid.com/,4.5,17,https://maps.google.com/?cid=5589129617967430836&g_mp=Cidnb29nbGUubWFwcy5wbGFjZXMudjEuUGxhY2VzLlNlYXJjaFRleHQQAhgEIAA,OPERATIONAL,"electrician,home_improvement_store,home_goods_store,store,point_of_interest,service,establishment",Electrician,Nampa
ChIJ6YxXa41NrlQR22TjZ79ewkE,Extreme Electric,"2815 E Badger Dr, Nampa, ID 83687, USA",(208) 463-4293,http://extremeelectric208.com/,4.7,19,https://maps.google.com/?cid=4738453934121903323&g_mp=Cidnb29nbGUubWFwcy5wbGFjZXMudjEuUGxhY2VzLlNlYXJjaFRleHQQAhgEIAA,OPERATIONAL,"electrician,general_contractor,point_of_interest,service,establishment",Electrician,Nampa
ChIJAY7B18hNrlQRImGc1oQtsjY,"Primary Electric, Inc.","324 2nd St S, Nampa, ID 83651, USA",(208) 343-0953,https://primaryinc.net/,4.3,6,https://maps.google.com/?cid=3941262672462111010&g_mp=Cidnb29nbGUubWFwcy5wbGFjZXMudjEuUGxhY2VzLlNlYXJjaFRleHQQAhgEIAA,OPERATIONAL,"electrician,point_of_interest,service,establishment",Electrician,Nampa
ChIJQZc4NW3bCaYR3nZPL7pi0MQ,RD Power Solutions Inc.,"1123 12th Ave Rd #350, Nampa, ID 83686, USA",(208) 501-3732,http://www.rdpowersolutions.com/,5,58,https://maps.google.com/?cid=14181943778386867934&g_mp=Cidnb29nbGUubWFwcy5wbGFjZXMudjEuUGxhY2VzLlNlYXJjaFRleHQQAhgEIAA,OPERATIONAL,"electrician,point_of_interest,service,establishment",Electrician,Nampa
ChIJxVo93q5NrlQRDsd35Lr4aLY,"Next Phase Electric, LLC","2122 Cortland Pl, Nampa, ID 83687, USA",(208) 936-9782,https://next-phase-electric.com/,5,15,https://maps.google.com/?cid=13144028994061453070&g_mp=Cidnb29nbGUubWFwcy5wbGFjZXMudjEuUGxhY2VzLlNlYXJjaFRleHQQAhgEIAA,OPERATIONAL,"electrician,point_of_interest,service,establishment",Electrician,Nampa
ChIJkRYK57JNrlQRqJQD1RT7Rmw,Powerhouse Electric,"1842 E Plaza Loop, Nampa, ID 83687, USA",(208) 631-1991,http://www.powerhelectricinc.com/,4.7,13,https://maps.google.com/?cid=7802199471357662376&g_mp=Cidnb29nbGUubWFwcy5wbGFjZXMudjEuUGxhY2VzLlNlYXJjaFRleHQQAhgEIAA,OPERATIONAL,"point_of_interest,service,establishment",Electrical contractor,Nampa
ChIJOwIitRxNrlQRYF7WoFfaE3Y,Tasker Electrical Construction,"16096 N 20th St, Nampa, ID 83687, USA",(360) 518-5699,http://www.taskerelectrical.com/contactus.html,5,3,https://maps.google.com/?cid=8508384190928412256&g_mp=Cidnb29nbGUubWFwcy5wbGFjZXMudjEuUGxhY2VzLlNlYXJjaFRleHQQAhgEIAA,OPERATIONAL,"point_of_interest,service,establishment",Electrical contractor,Nampa
ChIJdxB3A5lOrlQRnquLKr3kFSE,Mountain View Roofing,"3412 Wilson Ln, Nampa, ID 83686, USA",(208) 353-2952,https://mtviewroofing.com/,4.9,157,https://maps.google.com/?cid=2384063078876294046&g_mp=Cidnb29nbGUubWFwcy5wbGFjZXMudjEuUGxhY2VzLlNlYXJjaFRleHQQAhgEIAA,OPERATIONAL,"roofing_contractor,point_of_interest,service,establishment",Roofer,Nampa
ChIJAQDw0eNMrlQRSBHflUBnA8s,Western Roofing,"16170 N Elder St, Nampa, ID 83687, USA",(208) 466-8921,http://western-roofing.com/,4.8,96,https://maps.google.com/?cid=14628649541719494984&g_mp=Cidnb29nbGUubWFwcy5wbGFjZXMudjEuUGxhY2VzLlNlYXJjaFRleHQQAhgEIAA,OPERATIONAL,"roofing_contractor,point_of_interest,service,establishment",Roofer,Nampa
ChIJjy-N6WxRrlQRBwVVETaEZD0,E & H Roofing,"9530 S Powerline Rd, Nampa, ID 83686, USA",(208) 608-5569,http://www.ehroofing.com/,4.9,144,https://maps.google.com/?cid=4423806101738554631&g_mp=Cidnb29nbGUubWFwcy5wbGFjZXMudjEuUGxhY2VzLlNlYXJjaFRleHQQAhgEIAA,OPERATIONAL,"roofing_contractor,general_contractor,point_of_interest,service,establishment",Roofer,Nampa
ChIJKYEQfTpNrlQRu037dJZnJyU,M3 Roofing and Exteriors LLC,"18403 N Wild Goose Ave, Nampa, ID 83687, USA",(208) 724-0943,https://m3-roofing.com/,4.9,153,https://maps.google.com/?cid=2677222399400431035&g_mp=Cidnb29nbGUubWFwcy5wbGFjZXMudjEuUGxhY2VzLlNlYXJjaFRleHQQAhgEIAA,OPERATIONAL,"roofing_contractor,point_of_interest,service,establishment",Roofer,Nampa
ChIJkZljpaJNrlQR45Q5ZWwbcBQ,Knox Construction Inc,"2025 N Bingham Dr, Nampa, ID 83651, USA",(208) 400-3350,https://knoxrc.com/,4.9,52,https://maps.google.com/?cid=1472707230518842595&g_mp=Cidnb29nbGUubWFwcy5wbGFjZXMudjEuUGxhY2VzLlNlYXJjaFRleHQQAhgEIAA,OPERATIONAL,"roofing_contractor,painter,point_of_interest,service,establishment",Roofer,Nampa
ChIJtTyjuk1MrlQRJIeQ2ullWF4,Osmus Roofing,"Garrity Blvd, Nampa, ID 83687, USA",(208) 463-9433,http://www.osmusroofing.com/,4.6,27,https://maps.google.com/?cid=6798295692584453924&g_mp=Cidnb29nbGUubWFwcy5wbGFjZXMudjEuUGxhY2VzLlNlYXJjaFRleHQQAhgEIAA,OPERATIONAL,"roofing_contractor,point_of_interest,service,establishment",Roofer,Nampa
ChIJH0l2-hRNrlQR3L0Rf5GfL7U,Shorty's Roofing LLC,"611 3rd St S, Nampa, ID 83651, USA",(208) 546-4627,,5,1,https://maps.google.com/?cid=13055829292021300700&g_mp=Cidnb29nbGUubWFwcy5wbGFjZXMudjEuUGxhY2VzLlNlYXJjaFRleHQQAhgEIAA,OPERATIONAL,"roofing_contractor,general_contractor,point_of_interest,service,establishment",Roofer,Nampa
ChIJTSXKZU9JrlQRPQauJ-krntE,Excel Roofing,"10578 Tysen Springs St, Nampa, ID 83687, USA",(208) 284-5879,https://excelroofing.us/,5,9,https://maps.google.com/?cid=15104558480640312893&g_mp=Cidnb29nbGUubWFwcy5wbGFjZXMudjEuUGxhY2VzLlNlYXJjaFRleHQQAhgEIAA,OPERATIONAL,"roofing_contractor,point_of_interest,service,establishment",Roofer,Nampa
ChIJoQMrfY-zr1QRY7KGvhGvgkg,"Weathertight Roofing, Inc.","1429 Andy Ln, Caldwell, ID 83605, USA",(208) 455-7663,https://www.weathertightidaho.com/?utm_source=google&utm_medium=organic&utm_campaign=gbp&utm_term=Weathertight-Roofing-Inc&utm_content=website,4.8,89,https://maps.google.com/?cid=5224931008449000035&g_mp=Cidnb29nbGUubWFwcy5wbGFjZXMudjEuUGxhY2VzLlNlYXJjaFRleHQQAhgEIAA,OPERATIONAL,"roofing_contractor,point_of_interest,service,establishment",Roofer,Nampa
ChIJs8fa-zZNrlQRq8BCmnmf4o8,Elias Roofing Remodel & Repair LLC,"2816 Raccoon Ct, Nampa, ID 83687, USA",(208) 906-7693,http://www.eliasroofingllc.com/,4.2,15,https://maps.google.com/?cid=10368024636788228267&g_mp=Cidnb29nbGUubWFwcy5wbGFjZXMudjEuUGxhY2VzLlNlYXJjaFRleHQQAhgEIAA,OPERATIONAL,"roofing_contractor,point_of_interest,service,establishment",Roofer,Nampa
ChIJq7cwfuZLrlQRaF6uCpAT4vk,Wright Choice Roofing,"61 N Jefferson Pl, Nampa, ID 83651, USA",(208) 875-4892,http://namparoofingcontractor.com/,5,5,https://maps.google.com/?cid=18005975769556082280&g_mp=Cidnb29nbGUubWFwcy5wbGFjZXMudjEuUGxhY2VzLlNlYXJjaFRleHQQAhgEIAA,OPERATIONAL,"roofing_contractor,point_of_interest,service,establishment",Roofer,Nampa
ChIJd1qTig-1r1QRuZv7wnzOECs,Supreme Roofing LLC,"16423 Regence Way, Caldwell, ID 83607, USA",(208) 936-9416,,5,13,https://maps.google.com/?cid=3103207178500807609&g_mp=Cidnb29nbGUubWFwcy5wbGFjZXMudjEuUGxhY2VzLlNlYXJjaFRleHQQAhgEIAA,OPERATIONAL,"roofing_contractor,point_of_interest,service,establishment",Roofer,Nampa
ChIJWWOt9RK5r1QRlhrgALMwcAI,Valley Oak Roofing,"27202 Lon Davis Rd, Parma, ID 83660, USA",(208) 546-8911,https://valleyoakroofing.com/,5,117,https://maps.google.com/?cid=175693930839415446&g_mp=Cidnb29nbGUubWFwcy5wbGFjZXMudjEuUGxhY2VzLlNlYXJjaFRleHQQAhgEIAA,OPERATIONAL,"roofing_contractor,point_of_interest,service,establishment",Roofing contractor,Nampa
ChIJK_sMBaahs4oR4bKL2DAQJ-M,Bork Roofing,"1475 N Hornback Ave, Star, ID 83669, USA",(208) 869-6674,https://www.borkroofing.com/,5,272,https://maps.google.com/?cid=16368069172678865633&g_mp=Cidnb29nbGUubWFwcy5wbGFjZXMudjEuUGxhY2VzLlNlYXJjaFRleHQQAhgEIAA,OPERATIONAL,"roofing_contractor,point_of_interest,service,establishment",Roofing contractor,Nampa
ChIJDdcBCmlMrlQRFM-r4sKcSfo,Owyhee Heating and Air Conditioning,"1020 1st St S, Nampa, ID 83651, USA",(208) 466-8401,https://owyheeheating.com/?utm_source=google-gbp&utm_medium=organic&utm_campaign=*153*owyhee-heating-ac-nampa,4.8,995,https://maps.google.com/?cid=18035118543622360852&g_mp=Cidnb29nbGUubWFwcy5wbGFjZXMudjEuUGxhY2VzLlNlYXJjaFRleHQQAhgEIAA,OPERATIONAL,"general_contractor,service,point_of_interest,establishment",HVAC,Nampa
ChIJ-c4UX60hlAcRap9G6b06ryk,Peppy Heating and Cooling Nampa,"16096 N 20th St, Nampa, ID 83687, USA",(208) 586-3525,https://callpeppy.com/service-area/nampa/?utm_source=google&utm_medium=organic&utm_campaign=gbp+nampa,5,119,https://maps.google.com/?cid=3003684063816359786&g_mp=Cidnb29nbGUubWFwcy5wbGFjZXMudjEuUGxhY2VzLlNlYXJjaFRleHQQAhgEIAA,OPERATIONAL,"general_contractor,service,point_of_interest,establishment",HVAC,Nampa
ChIJLdmINFdMrlQR-r9caX9mW0M,Greens Heating & Air Conditioning,"4027 Summit Ln, Nampa, ID 83687, USA",(208) 465-0859,http://www.greensheating.com/?utm_source=organic&utm_medium=gbp,4.9,1222,https://maps.google.com/?cid=4853585720836407290&g_mp=Cidnb29nbGUubWFwcy5wbGFjZXMudjEuUGxhY2VzLlNlYXJjaFRleHQQAhgEIAA,OPERATIONAL,"general_contractor,supplier,service,store,point_of_interest,establishment",HVAC,Nampa
ChIJJRNRhldJrlQRyejfnQHGesM,Premier Heating & Air Conditioning Inc,"334 Palmer Dr, Nampa, ID 83686, USA",(208) 466-7050,http://www.premier-hvac.com/,4.9,212,https://maps.google.com/?cid=14085788494800611529&g_mp=Cidnb29nbGUubWFwcy5wbGFjZXMudjEuUGxhY2VzLlNlYXJjaFRleHQQAhgEIAA,OPERATIONAL,"general_contractor,supplier,manufacturer,service,store,point_of_interest,establishment",HVAC,Nampa
ChIJ3QyDRGy1r1QR7LiAMJfOjuI,"Right Now Heating, Air Conditioning & Plumbing","212 Evans St, Caldwell, ID 83605, USA",(208) 585-5868,https://rightnowheatcool.com/?utm_source=google-gbp&utm_medium=organic&utm_campaign=*174*right-now-heating-caldwell,4.8,7441,https://maps.google.com/?cid=16325212848013752556&g_mp=Cidnb29nbGUubWFwcy5wbGFjZXMudjEuUGxhY2VzLlNlYXJjaFRleHQQAhgEIAA,OPERATIONAL,"plumber,general_contractor,service,point_of_interest,establishment",HVAC,Nampa
ChIJ1WZSSYZWug8Rgs_JEFhTH4w,Fix It Frankie,"3803 E Newby St Suite 130, Nampa, ID 83687, USA",(208) 252-6651,https://www.fixitfrankie.com/locations/boise-id%20/?utm_source=google&utm_medium=gmb&utm_campaign=GMB%20Nampa,4.9,376,https://maps.google.com/?cid=10096880527291830146&g_mp=Cidnb29nbGUubWFwcy5wbGFjZXMudjEuUGxhY2VzLlNlYXJjaFRleHQQAhgEIAA,OPERATIONAL,"general_contractor,service,point_of_interest,establishment",HVAC,Nampa
ChIJCTmR7bpNrlQRCw2akVL5CkQ,Integrity Heating & Air LLC,"2800 E Railroad St, Nampa, ID 83686, USA",(208) 461-1562,http://www.hvacrepairidaho.com/,4.5,84,https://maps.google.com/?cid=4903005277371632907&g_mp=Cidnb29nbGUubWFwcy5wbGFjZXMudjEuUGxhY2VzLlNlYXJjaFRleHQQAhgEIAA,OPERATIONAL,"general_contractor,service,point_of_interest,establishment",HVAC,Nampa
ChIJba5OJilNrlQRdQFdp-HL20I,"Right Now Heating, Air Conditioning & Plumbing","3414 Black Butte Ct, Nampa, ID 83687, USA",(208) 207-5993,https://rightnowheatcool.com/service-area/nampa/?utm_source=google-gbp&utm_medium=organic&utm_campaign=*175*right-now-heating-nampa,5,1585,https://maps.google.com/?cid=4817668396438847861&g_mp=Cidnb29nbGUubWFwcy5wbGFjZXMudjEuUGxhY2VzLlNlYXJjaFRleHQQAhgEIAA,OPERATIONAL,"plumber,general_contractor,service,point_of_interest,establishment",HVAC,Nampa
ChIJT1jZGW1JrlQR17ZmfzFBs9U,D & A Heating And Cooling,"549 W Locust Ln, Nampa, ID 83686, USA",(208) 455-5158,http://www.dahvac.com/,4.9,119,https://maps.google.com/?cid=15398723231756498647&g_mp=Cidnb29nbGUubWFwcy5wbGFjZXMudjEuUGxhY2VzLlNlYXJjaFRleHQQAhgEIAA,OPERATIONAL,"general_contractor,supplier,service,point_of_interest,establishment",HVAC,Nampa
ChIJ0Xu1h1W1r1QRoCyLaNjjboI,"Owyhee Heating, Air Conditioning & Plumbing","200 Evans St, Caldwell, ID 83605, USA",(208) 398-4811,https://owyheeheating.com/,5,27,https://maps.google.com/?cid=9398699990975196320&g_mp=Cidnb29nbGUubWFwcy5wbGFjZXMudjEuUGxhY2VzLlNlYXJjaFRleHQQAhgEIAA,OPERATIONAL,"general_contractor,service,point_of_interest,establishment",HVAC,Nampa
ChIJ-5_YjFR9PC4RQgH3mxTl6ng,Izzy's Service LLC,"130 2nd Ave N, Nampa, ID 83687, USA",(208) 547-5708,https://www.izzysservice.com/,4.9,508,https://maps.google.com/?cid=8713028305780408642&g_mp=Cidnb29nbGUubWFwcy5wbGFjZXMudjEuUGxhY2VzLlNlYXJjaFRleHQQAhgEIAA,OPERATIONAL,"plumber,general_contractor,service,point_of_interest,establishment",HVAC,Nampa
ChIJJVEuGWOF6acRboSoB3iUo8c,ABC Mechanical Inc,"642 S Queens Dr, Nampa, ID 83687, USA",(208) 506-0389,http://www.abcmechanicalinc.com/,5,59,https://maps.google.com/?cid=14385504877996967022&g_mp=Cidnb29nbGUubWFwcy5wbGFjZXMudjEuUGxhY2VzLlNlYXJjaFRleHQQAhgEIAA,OPERATIONAL,"general_contractor,service,point_of_interest,establishment",HVAC,Nampa
ChIJVRVFh3ZNrlQRS0WKJhnFRf8,The Heating & Cooling Company,"912 12th Ave S, Nampa, ID 83651, USA",(208) 800-2201,https://www.heatcoolco.com/,5,2,https://maps.google.com/?cid=18394324964876109131&g_mp=Cidnb29nbGUubWFwcy5wbGFjZXMudjEuUGxhY2VzLlNlYXJjaFRleHQQAhgEIAA,OPERATIONAL,"general_contractor,service,point_of_interest,establishment",HVAC,Nampa
ChIJ-diPyYn4rlQRaUyP-CsxG90,Boise Valley Heating & Air,"1017 N 52nd St, Nampa, ID 83687, USA",(208) 330-2631,https://www.boisevalleyheatingandair.com/,4.9,117,https://maps.google.com/?cid=15932382171676757097&g_mp=Cidnb29nbGUubWFwcy5wbGFjZXMudjEuUGxhY2VzLlNlYXJjaFRleHQQAhgEIAA,OPERATIONAL,"general_contractor,supplier,manufacturer,service,point_of_interest,establishment",HVAC,Nampa
ChIJe_49sHi4VgIRiZqfpSyJtuA,MetalHead Mechanical,"613 Sunken Valley Dr, Nampa, ID 83687, USA",(986) 666-9009,,5,35,https://maps.google.com/?cid=16192280335107463817&g_mp=Cidnb29nbGUubWFwcy5wbGFjZXMudjEuUGxhY2VzLlNlYXJjaFRleHQQAhgEIAA,OPERATIONAL,"general_contractor,service,point_of_interest,establishment",HVAC,Nampa
ChIJAQAAAHBLrlQR3ijftKZTx2Y,Masters Heating & Cooling,"Nampa, ID 83651, USA",(208) 455-3229,http://www.mastersheating.com/,5,1,https://maps.google.com/?cid=7405980087698270430&g_mp=Cidnb29nbGUubWFwcy5wbGFjZXMudjEuUGxhY2VzLlNlYXJjaFRleHQQAhgEIAA,OPERATIONAL,"general_contractor,service,point_of_interest,establishment",Heating and cooling,Nampa
ChIJnXB3_t46UUMR4O-7mFGocz8,No Bogus Heating And Cooling,"1424 N Warm River Ave, Kuna, ID 83634, USA",(208) 274-0474,https://www.nobogusheatingandcooling.com/,5,95,https://maps.google.com/?cid=4572183115119456224&g_mp=Cidnb29nbGUubWFwcy5wbGFjZXMudjEuUGxhY2VzLlNlYXJjaFRleHQQAhgEIAA,OPERATIONAL,"general_contractor,service,point_of_interest,establishment",Heating and cooling,Nampa
ChIJDfIAqF9NrlQR0vxFYLFhihE,McFate's Heating & Cooling,"404 N Sugar St, Nampa, ID 83687, USA",(208) 375-2770,https://mcfatesheatingandcooling.com/,4.9,378,https://maps.google.com/?cid=1263930059883150546&g_mp=Cidnb29nbGUubWFwcy5wbGFjZXMudjEuUGxhY2VzLlNlYXJjaFRleHQQAhgEIAA,OPERATIONAL,"general_contractor,service,point_of_interest,establishment",Heating and cooling,Nampa
ChIJlxlmwulNrlQRgxyVrUS8PfQ,Dependable Nampa Pest Control,"2107 N Cassia St, Nampa, ID 83651, USA",(208) 565-2289,https://dependablenampapestcontrol.com/,5,45,https://maps.google.com/?cid=17599429921989794947&g_mp=Cidnb29nbGUubWFwcy5wbGFjZXMudjEuUGxhY2VzLlNlYXJjaFRleHQQAhgEIAA,OPERATIONAL,"service,point_of_interest,establishment",Pest control,Nampa
ChIJ5yR0JCRMrlQRylKO6EKgnoE,Barrier Pest Control,"224 12th Ave Rd, Nampa, ID 83686, USA",(208) 463-4533,https://barrierpestcontrol.com/nampapestcontrol/,4.9,1319,https://maps.google.com/?cid=9340078886442914506&g_mp=Cidnb29nbGUubWFwcy5wbGFjZXMudjEuUGxhY2VzLlNlYXJjaFRleHQQAhgEIAA,OPERATIONAL,"service,point_of_interest,establishment",Pest control,Nampa
ChIJqV88dvZTrlQRNDU8GsAs00Y,Wilkinson Pest Control,"720 16th Ave N, Nampa, ID 83687, USA",(208) 228-0711,http://www.wilkinsonpestcontrol.com/,5,159,https://maps.google.com/?cid=5103472006326400308&g_mp=Cidnb29nbGUubWFwcy5wbGFjZXMudjEuUGxhY2VzLlNlYXJjaFRleHQQAhgEIAA,OPERATIONAL,"service,point_of_interest,establishment",Pest control,Nampa
ChIJE8lLD5C1r1QRSpU7GzYry1Q,Caldwell Pest Control Pros,"3020 Cleveland Blvd, Caldwell, ID 83605, USA",(208) 453-7391,http://caldwellpestcontrolpros.site/,5,42,https://maps.google.com/?cid=6110024830843327818&g_mp=Cidnb29nbGUubWFwcy5wbGFjZXMudjEuUGxhY2VzLlNlYXJjaFRleHQQAhgEIAA,OPERATIONAL,"service,point_of_interest,establishment",Pest control,Nampa
ChIJiWcqqua1r1QRp0c7Fv4ZB2I,Superior Caldwell Pest Control,"915 E Chicago St, Caldwell, ID 83605, USA",(208) 453-7114,http://superiorcaldwellpestcontrol.com/,5,42,https://maps.google.com/?cid=7063643119639283623&g_mp=Cidnb29nbGUubWFwcy5wbGFjZXMudjEuUGxhY2VzLlNlYXJjaFRleHQQAhgEIAA,OPERATIONAL,"service,point_of_interest,establishment",Pest control,Nampa
ChIJr7gg9Nh4cAkRsW6K4JkXCGg,Habitat Pest & Lawn - Nampa,"11334 W Fitzwilliam Loop, Nampa, ID 83651, USA",(208) 715-5880,https://habitatid.com/,5,10,https://maps.google.com/?cid=7496267529422794417&g_mp=Cidnb29nbGUubWFwcy5wbGFjZXMudjEuUGxhY2VzLlNlYXJjaFRleHQQAhgEIAA,OPERATIONAL,"service,point_of_interest,establishment",Pest control,Nampa
ChIJX_o3wFO1r1QRRJmb20Rcnuo,Gravity Pest Control,"15311 Lavin St, Caldwell, ID 83607, USA",(208) 425-7211,https://gravitypestcontrol.com/?utm_source=google&utm_medium=organic&utm_campaign=gbp-caldwell-website-actions,5,55,https://maps.google.com/?cid=16906051502007359812&g_mp=Cidnb29nbGUubWFwcy5wbGFjZXMudjEuUGxhY2VzLlNlYXJjaFRleHQQAhgEIAA,OPERATIONAL,"service,point_of_interest,establishment",Pest control,Nampa
ChIJb5xqP3A9IkkRGzfjY2TB_Aw,Tinker Pest Control,"1123 12th Ave Rd #401, Nampa, ID 83686, USA",(208) 869-9349,http://tinkerpestcontrol.com/,5,70,https://maps.google.com/?cid=935835459502946075&g_mp=Cidnb29nbGUubWFwcy5wbGFjZXMudjEuUGxhY2VzLlNlYXJjaFRleHQQAhgEIAA,OPERATIONAL,"service,point_of_interest,establishment",Pest control,Nampa
ChIJsev44VFhCkARkkQZyK96lIo,Dan's Pest Control,"4009 E Hawk Rdg Dr, Nampa, ID 83686, USA",(208) 590-9773,http://www.danspestidaho.com/,5,8,https://maps.google.com/?cid=9985741169182196882&g_mp=Cidnb29nbGUubWFwcy5wbGFjZXMudjEuUGxhY2VzLlNlYXJjaFRleHQQAhgEIAA,OPERATIONAL,"service,point_of_interest,establishment",Pest control,Nampa
ChIJWdSwS0Zp1wER8aWAL1WYYpM,First Line Pest Defense,"8934 E Sego Lily Dr, Nampa, ID 83687, USA",(208) 841-4107,http://www.firstlinepest.com/,4.4,9,https://maps.google.com/?cid=10620218362929653233&g_mp=Cidnb29nbGUubWFwcy5wbGFjZXMudjEuUGxhY2VzLlNlYXJjaFRleHQQAhgEIAA,OPERATIONAL,"service,point_of_interest,establishment",Pest control,Nampa
ChIJq12Isr5LrlQRPtueWFKVbsw,Idaho Pest Solutions,"12885 Three Point St, Caldwell, ID 83607, USA",(208) 999-0687,https://idahopestsolutions.com/,5,25,https://maps.google.com/?cid=14730875612082133822&g_mp=Cidnb29nbGUubWFwcy5wbGFjZXMudjEuUGxhY2VzLlNlYXJjaFRleHQQAhgEIAA,OPERATIONAL,"service,point_of_interest,establishment",Pest control,Nampa
ChIJbY0AnTizr1QRb0dKS2aaeTA,TriGuard Pest Control,"11167 Tungsten St Suite 101, Caldwell, ID 83605, USA",(208) 999-5070,https://www.triguardpestcontrol.com/boise,4.7,2297,https://maps.google.com/?cid=3492992750143031151&g_mp=Cidnb29nbGUubWFwcy5wbGFjZXMudjEuUGxhY2VzLlNlYXJjaFRleHQQAhgEIAA,OPERATIONAL,"service,point_of_interest,establishment",Pest control,Nampa
ChIJBavNgNZKrlQRSsZSUA527Ts,"Country Boys Landscape, LLC","11460 Karcher Rd, Nampa, ID 83651, USA",(208) 573-9527,http://www.countryboyslandscape.com/,4.7,71,https://maps.google.com/?cid=4318237421567395402&g_mp=Cidnb29nbGUubWFwcy5wbGFjZXMudjEuUGxhY2VzLlNlYXJjaFRleHQQAhgEIAA,OPERATIONAL,"swimming_pool,general_contractor,manufacturer,sports_activity_location,service,point_of_interest,establishment",Landscaping,Nampa
ChIJu-M7BPJPrlQR04Js6ocX2gg,Unlimited Creation Landscape,"3635 S High Springs St, Nampa, ID 83686, USA",(208) 250-2003,https://www.uclandscape.com/,5,25,https://maps.google.com/?cid=637848169747350227&g_mp=Cidnb29nbGUubWFwcy5wbGFjZXMudjEuUGxhY2VzLlNlYXJjaFRleHQQAhgEIAA,OPERATIONAL,"general_contractor,service,point_of_interest,establishment",Landscaping,Nampa
ChIJ716pF5FPrlQRr7j6P0mUvDA,Platinum Lawn & Landscape LLC,"4812 E Greenhurst Rd, Nampa, ID 83686, USA",(208) 985-8399,https://www.platinumlandl.com/,5,55,https://maps.google.com/?cid=3511844851769063599&g_mp=Cidnb29nbGUubWFwcy5wbGFjZXMudjEuUGxhY2VzLlNlYXJjaFRleHQQAhgEIAA,OPERATIONAL,"general_contractor,service,point_of_interest,establishment",Landscaping,Nampa
ChIJe1acwpZNrlQRxtt11xwrtYc,New Life Landscape LLC,"246 N Robinson Blvd, Nampa, ID 83687, USA",(208) 919-2751,http://www.newlifelandscape.org/,4.8,70,https://maps.google.com/?cid=9778769568778804166&g_mp=Cidnb29nbGUubWFwcy5wbGFjZXMudjEuUGxhY2VzLlNlYXJjaFRleHQQAhgEIAA,OPERATIONAL,"general_contractor,service,point_of_interest,establishment",Landscaping,Nampa
ChIJe3mtTi5NrlQRH6i4X3CVsW0,Lawn Ninja Landscape and Lawncare LLC,"Victory &, S Meridian Rd, Nampa, ID 83687, USA",(208) 550-9790,https://www.lawnninja208.com/,4.5,77,https://maps.google.com/?cid=7904263130886744095&g_mp=Cidnb29nbGUubWFwcy5wbGFjZXMudjEuUGxhY2VzLlNlYXJjaFRleHQQAhgEIAA,OPERATIONAL,"general_contractor,service,point_of_interest,establishment",Landscaping,Nampa
ChIJiSJb4rlLrlQRotn3x6YLrbk,EZ Landscaping LLC,"3614 Wilson Ln, Nampa, ID 83686, USA",(208) 284-2154,,4.9,12,https://maps.google.com/?cid=13379362878934997410&g_mp=Cidnb29nbGUubWFwcy5wbGFjZXMudjEuUGxhY2VzLlNlYXJjaFRleHQQAhgEIAA,OPERATIONAL,"general_contractor,service,point_of_interest,establishment",Landscaping,Nampa
ChIJAyoWyc5hN4MRUNRW9abEAf4,Unlimited Solutions Landscaping LLC,"227 Mountain View Dr, Nampa, ID 83686, USA",(208) 250-6919,,4.1,13,https://maps.google.com/?cid=18303126581970130000&g_mp=Cidnb29nbGUubWFwcy5wbGFjZXMudjEuUGxhY2VzLlNlYXJjaFRleHQQAhgEIAA,OPERATIONAL,"general_contractor,service,point_of_interest,establishment",Landscaping,Nampa
ChIJj5QYP3eI0w4RZ8_o7h94KXY,Tree City Landscaping,"59 S Lollipop Dr, Nampa, ID 83687, USA",(208) 600-3362,https://aitech.website/tree-city-lawn-llc/,3.7,27,https://maps.google.com/?cid=8514468649068187495&g_mp=Cidnb29nbGUubWFwcy5wbGFjZXMudjEuUGxhY2VzLlNlYXJjaFRleHQQAhgEIAA,OPERATIONAL,"general_contractor,service,point_of_interest,establishment",Landscaping,Nampa
ChIJR5JYbq5LrlQRlPC93WApfSE,Augusta Lawn Care Services of Nampa,"2461 W Herron Rdg Ct, Nampa, ID 83686, USA",(208) 900-6399,https://www.augustalawncareservices.com/nampa,4.8,80,https://maps.google.com/?cid=2413130471354265748&g_mp=Cidnb29nbGUubWFwcy5wbGFjZXMudjEuUGxhY2VzLlNlYXJjaFRleHQQAhgEIAA,OPERATIONAL,"service,point_of_interest,establishment",Landscaping,Nampa
ChIJxZanCLXedCcRXpZIARX8ENA,Idaho Custom Landscapes,"16924 N Lowerfield Loop, Nampa, ID 83687, USA",(208) 996-6667,http://www.redpinehelps.com/,5,43,https://maps.google.com/?cid=14992760326662428254&g_mp=Cidnb29nbGUubWFwcy5wbGFjZXMudjEuUGxhY2VzLlNlYXJjaFRleHQQAhgEIAA,OPERATIONAL,"general_contractor,service,point_of_interest,establishment",Landscaping,Nampa
ChIJ_Ybt4rtSrlQRtxAb7Y4ezVg,Treasure Valley Landscape,"5061 W Ustick Rd, Nampa, ID 83687, USA",(208) 466-0690,https://treasurevalleylandscape.com/,4.8,44,https://maps.google.com/?cid=6398804244775506103&g_mp=Cidnb29nbGUubWFwcy5wbGFjZXMudjEuUGxhY2VzLlNlYXJjaFRleHQQAhgEIAA,OPERATIONAL,"general_contractor,service,point_of_interest,establishment",Landscaping,Nampa
ChIJc-hF-VJJrlQR02e58s2ukps,Alluring Lawn Service,"2221 Lambert Dr, Nampa, ID 83686, USA",(208) 724-1417,http://www.alluringlawns.com/,4.7,62,https://maps.google.com/?cid=11210214622042351571&g_mp=Cidnb29nbGUubWFwcy5wbGFjZXMudjEuUGxhY2VzLlNlYXJjaFRleHQQAhgEIAA,OPERATIONAL,"general_contractor,service,point_of_interest,establishment",Landscaping,Nampa
ChIJsQxA5e9JrlQRdxtJIzPfvw4,Hidden Creek Landscaping,"11336 Emerald Rd, Nampa, ID 83686, USA",(208) 606-8674,https://hiddencreeklandscape.com/,5,11,https://maps.google.com/?cid=1062813447811046263&g_mp=Cidnb29nbGUubWFwcy5wbGFjZXMudjEuUGxhY2VzLlNlYXJjaFRleHQQAhgEIAA,OPERATIONAL,"general_contractor,service,point_of_interest,establishment",Landscaping,Nampa
ChIJ3QD6NaxMrlQRXmFaZ7dig8A,Hoffmans Landscaping Inc,"3412 N Middleton Rd, Nampa, ID 83651, USA",(208) 466-1560,http://hoffmanslandscape.com/,4.3,7,https://maps.google.com/?cid=13872039817083773278&g_mp=Cidnb29nbGUubWFwcy5wbGFjZXMudjEuUGxhY2VzLlNlYXJjaFRleHQQAhgEIAA,OPERATIONAL,"general_contractor,service,point_of_interest,establishment",Landscaping,Nampa
ChIJT-xP6CBLrlQRyVrkHzv-27s,AB Masonry & Landscape,"270 N Summerwind Dr, Nampa, ID 83651, USA",(208) 761-3994,https://www.abmason.com/,5,131,https://maps.google.com/?cid=13536692634883742409&g_mp=Cidnb29nbGUubWFwcy5wbGFjZXMudjEuUGxhY2VzLlNlYXJjaFRleHQQAhgEIAA,OPERATIONAL,"general_contractor,service,point_of_interest,establishment",Landscaping,Nampa
ChIJaYZLq8NLrlQREIo2TFPzgJk,Blade Brigade Lawn Care LLC,"2218 Jodi Ave, Nampa, ID 83651, USA",(208) 606-9552,https://bladebrigadelawncare.com/,5,3,https://maps.google.com/?cid=11061108223908416016&g_mp=Cidnb29nbGUubWFwcy5wbGFjZXMudjEuUGxhY2VzLlNlYXJjaFRleHQQAhgEIAA,OPERATIONAL,"service,point_of_interest,establishment",Lawn care,Nampa
ChIJ1e6fNQ1JrlQRaoZG9SkAUc0,Signature Lawns,"8019 Upland Dr, Nampa, ID 83686, USA",(208) 989-5454,http://signaturelawnsnampa.com/,4.9,97,https://maps.google.com/?cid=14794606431097489002&g_mp=Cidnb29nbGUubWFwcy5wbGFjZXMudjEuUGxhY2VzLlNlYXJjaFRleHQQAhgEIAA,OPERATIONAL,"service,point_of_interest,establishment",Lawn care,Nampa
ChIJt1m3JaxMrlQRCGCThxVMVzQ,Brett's Lawn Care,"2440 W Hemingway Blvd, Nampa, ID 83651, USA",(208) 463-0271,http://www.brettslawncareinc.com/,5,4,https://maps.google.com/?cid=3771566868298686472&g_mp=Cidnb29nbGUubWFwcy5wbGFjZXMudjEuUGxhY2VzLlNlYXJjaFRleHQQAhgEIAA,OPERATIONAL,"service,point_of_interest,establishment",Lawn care,Nampa
ChIJi543hTE2rlQRPdpaJ1Xms3M,Ruffing Lawn Care,"8734 Deer Sky Ranch Trail, Nampa, ID 83686, USA",(208) 467-4237,,5,7,https://maps.google.com/?cid=8337260588599794237&g_mp=Cidnb29nbGUubWFwcy5wbGFjZXMudjEuUGxhY2VzLlNlYXJjaFRleHQQAhgEIAA,OPERATIONAL,"general_contractor,service,point_of_interest,establishment",Lawn care,Nampa
ChIJPzmVfWxNrlQRCZFGptKJer0,All Pro Lawn Care (ship),"16940 N Idaho Center Blvd, Nampa, ID 83687, USA",,,4.3,6,https://maps.google.com/?cid=13653376758152859913&g_mp=Cidnb29nbGUubWFwcy5wbGFjZXMudjEuUGxhY2VzLlNlYXJjaFRleHQQAhgEIAA,OPERATIONAL,"service,point_of_interest,establishment",Lawn care,Nampa
ChIJyyNkSL5OrlQR5cW3JQQJ2nE,Neighborhoods Best Lawns,"3524 E Rose Green Ave, Nampa, ID 83686, USA",(208) 505-8851,,5,2,https://maps.google.com/?cid=8203879584626099685&g_mp=Cidnb29nbGUubWFwcy5wbGFjZXMudjEuUGxhY2VzLlNlYXJjaFRleHQQAhgEIAA,OPERATIONAL,"general_contractor,service,point_of_interest,establishment",Lawn care,Nampa
ChIJnWKCMOxJrlQRSPD3uKXLeTA,Brother Bear Lawn Care,"3809 Whistler Ln, Nampa, ID 83687, USA",(208) 576-8904,http://brotherbearlawn.com/,4.7,24,https://maps.google.com/?cid=3493046898635829320&g_mp=Cidnb29nbGUubWFwcy5wbGFjZXMudjEuUGxhY2VzLlNlYXJjaFRleHQQAhgEIAA,OPERATIONAL,"general_contractor,service,point_of_interest,establishment",Lawn care,Nampa
ChIJzb-cEYdLrlQR9-bXZz9foHA,Nicholas Lawn Care Inc,"826 Meadowview Dr, Nampa, ID 83651, USA",(208) 466-8260,,5,2,https://maps.google.com/?cid=8115591254451414775&g_mp=Cidnb29nbGUubWFwcy5wbGFjZXMudjEuUGxhY2VzLlNlYXJjaFRleHQQAhgEIAA,OPERATIONAL,"general_contractor,service,point_of_interest,establishment",Lawn care,Nampa
ChIJsU-cKG9MrlQR0uFPR-s9yhU,"Whit's Auto Repair, Inc.","807 3rd St S, Nampa, ID 83651, USA",(208) 759-5345,https://www.whitsautorepairnampa.com/,4.8,589,https://maps.google.com/?cid=1570135500815065554&g_mp=Cidnb29nbGUubWFwcy5wbGFjZXMudjEuUGxhY2VzLlNlYXJjaFRleHQQAhgEIAA,OPERATIONAL,"car_repair,service,point_of_interest,establishment",Auto repair,Nampa
ChIJB14r0O9LrlQRYMYcKzWycfE,All Tech Auto Repair,"916 Arrowhead St, Nampa, ID 83686, USA",(208) 461-7506,https://alltechautorepair.net/,4.8,650,https://maps.google.com/?cid=17397882776935253600&g_mp=Cidnb29nbGUubWFwcy5wbGFjZXMudjEuUGxhY2VzLlNlYXJjaFRleHQQAhgEIAA,OPERATIONAL,"car_repair,service,point_of_interest,establishment",Auto repair,Nampa
ChIJxQS6csCyr1QRuOuYojrYbe0,All Auto Repair Nampa,"617 North Barger St, Nampa, ID 83687, USA",(208) 989-7871,http://www.all-autorepair.com/,4.3,113,https://maps.google.com/?cid=17108568305798015928&g_mp=Cidnb29nbGUubWFwcy5wbGFjZXMudjEuUGxhY2VzLlNlYXJjaFRleHQQAhgEIAA,OPERATIONAL,"car_repair,medical_clinic,service,health,point_of_interest,establishment",Auto repair,Nampa
ChIJtVXrLv9NrlQRbw9HyhhiIIE,Nampa Total Car Care,"1111 12th Ave S, Nampa, ID 83651, USA",(208) 466-9754,http://nampatotalcarcare.com/,4.8,129,https://maps.google.com/?cid=9304544688759836527&g_mp=Cidnb29nbGUubWFwcy5wbGFjZXMudjEuUGxhY2VzLlNlYXJjaFRleHQQAhgEIAA,OPERATIONAL,"car_repair,service,point_of_interest,establishment",Auto repair,Nampa
ChIJnRFM-1pMrlQReFMBIe-8ozY,Tim's Auto Repair Nampa,"408 N Franklin Blvd, Nampa, ID 83687, USA",(208) 465-5300,http://www.timsautorepairandservicenampa.com/,4.4,100,https://maps.google.com/?cid=3937198234488886136&g_mp=Cidnb29nbGUubWFwcy5wbGFjZXMudjEuUGxhY2VzLlNlYXJjaFRleHQQAhgEIAA,OPERATIONAL,"car_repair,service,point_of_interest,establishment",Auto repair,Nampa
ChIJbQ0UuxVMrlQRsu_r5Lu1u6A,Mike's Auto Clinic,"611 3rd St S, Nampa, ID 83651, USA",(208) 466-7402,https://macnampa.com/,4.4,832,https://maps.google.com/?cid=11582050685317541810&g_mp=Cidnb29nbGUubWFwcy5wbGFjZXMudjEuUGxhY2VzLlNlYXJjaFRleHQQAhgEIAA,OPERATIONAL,"tire_shop,auto_parts_store,car_repair,medical_clinic,store,service,health,point_of_interest,establishment",Auto repair,Nampa
ChIJhx8tRYVLrlQRPerafYHIUUg,Treasure Valley Mobile Auto Repair LLC,"1901 Caldwell Blvd #1076, Nampa, ID 83651, USA",(208) 740-2174,http://www.treasurevalleymobileautorepair.net/,5,17,https://maps.google.com/?cid=5211166702332209725&g_mp=Cidnb29nbGUubWFwcy5wbGFjZXMudjEuUGxhY2VzLlNlYXJjaFRleHQQAhgEIAA,OPERATIONAL,"car_repair,service,point_of_interest,establishment",Auto repair,Nampa
ChIJG7tMDXtNrlQRY1Yo48EF5Fg,Archers Auto Repair,"412 Caldwell Blvd, Nampa, ID 83651, USA",(208) 505-5877,https://www.archersautorepair.com/,5,72,https://maps.google.com/?cid=6405250900325586531&g_mp=Cidnb29nbGUubWFwcy5wbGFjZXMudjEuUGxhY2VzLlNlYXJjaFRleHQQAhgEIAA,OPERATIONAL,"car_repair,service,point_of_interest,establishment",Auto repair,Nampa
ChIJYeCAalSzr1QRVhnbwntG18c,Little Man Auto Care,"3311 Hoffman Ln, Nampa, ID 83651, USA",(208) 461-5680,http://www.littlemanautocare.com/,4.8,366,https://maps.google.com/?cid=14400055830904510806&g_mp=Cidnb29nbGUubWFwcy5wbGFjZXMudjEuUGxhY2VzLlNlYXJjaFRleHQQAhgEIAA,OPERATIONAL,"car_repair,service,point_of_interest,establishment",Auto repair,Nampa
ChIJyYY4LvXQPqARblb1otQ7lGo,"Luxe Auto, European Auto Service, Luxe Cars","323 S Kings Rd, Nampa, ID 83687, USA",(208) 606-0905,,5,66,https://maps.google.com/?cid=7679829049026631278&g_mp=Cidnb29nbGUubWFwcy5wbGFjZXMudjEuUGxhY2VzLlNlYXJjaFRleHQQAhgEIAA,OPERATIONAL,"locksmith,car_repair,service,point_of_interest,establishment",Auto repair,Nampa
ChIJO9sDpq9NrlQRva3fBDEblUs,Blue Skies Automotive,"420 N Kings Rd #106, Nampa, ID 83687, USA",(208) 794-9195,https://blueskies-automotive.com/,5,52,https://maps.google.com/?cid=5446289221723598269&g_mp=Cidnb29nbGUubWFwcy5wbGFjZXMudjEuUGxhY2VzLlNlYXJjaFRleHQQAhgEIAA,OPERATIONAL,"car_repair,service,point_of_interest,establishment",Auto repair,Nampa
ChIJeWPEswxMrlQRjA9ueiufL50,Nampa Auto & Diesel,"300 1st Ave N, Nampa, ID 83687, USA",(208) 467-5300,http://www.nampaautorepair.com/,4,105,https://maps.google.com/?cid=11326446596946530188&g_mp=Cidnb29nbGUubWFwcy5wbGFjZXMudjEuUGxhY2VzLlNlYXJjaFRleHQQAhgEIAA,OPERATIONAL,"car_repair,service,point_of_interest,establishment",Auto repair,Nampa
ChIJAz7ff7pNrlQRf6TLxXTAXuo,Encore Auto Repair & Sales,"4007 Summit Ln, Nampa, ID 83687, USA",(208) 461-0107,http://www.encoreautorepairandsales.com/,4.9,160,https://maps.google.com/?cid=16888147260453135487&g_mp=Cidnb29nbGUubWFwcy5wbGFjZXMudjEuUGxhY2VzLlNlYXJjaFRleHQQAhgEIAA,OPERATIONAL,"car_repair,service,point_of_interest,establishment",Auto repair,Nampa
ChIJk05IcbBNrlQRpTQrIHgudeQ,Automotive Repair Specialist,"3906 Summit Ln, Nampa, ID 83687, USA",(208) 461-1330,http://automotiverepairspecialistnampa.com/,4.1,40,https://maps.google.com/?cid=16462115106393371813&g_mp=Cidnb29nbGUubWFwcy5wbGFjZXMudjEuUGxhY2VzLlNlYXJjaFRleHQQAhgEIAA,OPERATIONAL,"car_repair,service,point_of_interest,establishment",Auto repair,Nampa
ChIJP_w3Vv5IrlQRumrKvJw7LF0,Tech Hedz Automotive Repair,"9107 Lake Shore Dr, Nampa, ID 83686, USA",(208) 922-6702,https://www.techhedzauto.com/,4.7,180,https://maps.google.com/?cid=6713806688870886074&g_mp=Cidnb29nbGUubWFwcy5wbGFjZXMudjEuUGxhY2VzLlNlYXJjaFRleHQQAhgEIAA,OPERATIONAL,"car_repair,service,point_of_interest,establishment",Auto repair,Nampa
ChIJ5RaXrIlMrlQR-5pkZ4mIYJ4,Wayne's Automotive,"114 Pfe Dr, Nampa, ID 83651, USA",(208) 466-1357,,4.6,75,https://maps.google.com/?cid=11412271579483380475&g_mp=Cidnb29nbGUubWFwcy5wbGFjZXMudjEuUGxhY2VzLlNlYXJjaFRleHQQAhgEIAA,OPERATIONAL,"car_repair,service,point_of_interest,establishment",Auto repair,Nampa
ChIJLdF3ChZNrlQRRZiICUJAW6Q,Andy's Mobile Auto Repair,"nampa idaho, Nampa, ID 83651, USA",(208) 954-2993,,4.4,68,https://maps.google.com/?cid=11843130297472817221&g_mp=Cidnb29nbGUubWFwcy5wbGFjZXMudjEuUGxhY2VzLlNlYXJjaFRleHQQAhgEIAA,OPERATIONAL,"car_repair,service,point_of_interest,establishment",Auto repair,Nampa
ChIJd1ASqGW0r1QRXsq5GvU64Uo,Morales Auto Repair,"1821 N Bingham Dr, Nampa, ID 83651, USA",(208) 779-7042,https://www.moralesautorepairllc.com/,4.8,112,https://maps.google.com/?cid=5395658652956346974&g_mp=Cidnb29nbGUubWFwcy5wbGFjZXMudjEuUGxhY2VzLlNlYXJjaFRleHQQAhgEIAA,OPERATIONAL,"car_repair,service,point_of_interest,establishment",Auto repair,Nampa
ChIJ8fL1u1pMrlQRvQAqu9dw8Cs,Ernie's Automotive LLC,"1116 Garrity Blvd, Nampa, ID 83687, USA",(208) 466-3277,,4.9,67,https://maps.google.com/?cid=3166154609901830333&g_mp=Cidnb29nbGUubWFwcy5wbGFjZXMudjEuUGxhY2VzLlNlYXJjaFRleHQQAhgEIAA,OPERATIONAL,"car_repair,service,point_of_interest,establishment",Auto repair,Nampa
ChIJR2CKQUNMrlQRZbSRSWrAVC4,Trufix Auto Repair,"412 11th Ave N, Nampa, ID 83687, USA",(208) 466-1832,http://trufixnampa.com/,4.7,126,https://maps.google.com/?cid=3338504786521732197&g_mp=Cidnb29nbGUubWFwcy5wbGFjZXMudjEuUGxhY2VzLlNlYXJjaFRleHQQAhgEIAA,OPERATIONAL,"car_repair,service,point_of_interest,establishment",Auto repair,Nampa
ChIJ92caFClNrlQRjQP_quHnwaw,The Nampa Mobile Mechanic,"1200 2nd St S, Nampa, ID 83651, USA",(208) 751-8983,,5,2,https://maps.google.com/?cid=12448485801451258765&g_mp=Cidnb29nbGUubWFwcy5wbGFjZXMudjEuUGxhY2VzLlNlYXJjaFRleHQQAhgEIAA,OPERATIONAL,"car_repair,service,point_of_interest,establishment",Mechanic,Nampa
ChIJd6aURDxNrlQRbefbl2qIErw,Duran Truck and Auto,"1924 2nd St S, Nampa, ID 83651, USA",(208) 466-8923,,4.8,75,https://maps.google.com/?cid=13552044220106925933&g_mp=Cidnb29nbGUubWFwcy5wbGFjZXMudjEuUGxhY2VzLlNlYXJjaFRleHQQAhgEIAA,OPERATIONAL,"car_repair,service,point_of_interest,establishment",Mechanic,Nampa
ChIJl22lnQpNrlQRHGqHWkyG6Kc,Dream Clean Maid Services - Nampa,"1123 12th Ave Rd, Nampa, ID 83686, USA",(208) 580-4020,https://dreamcleanidaho.com/nampa,5,2,https://maps.google.com/?cid=12099068061425297948&g_mp=Cidnb29nbGUubWFwcy5wbGFjZXMudjEuUGxhY2VzLlNlYXJjaFRleHQQAhgEIAA,OPERATIONAL,"point_of_interest,service,establishment",Cleaning service,Nampa
ChIJu7NSMKhJrlQRX843few39K8,"Scrub 'N Bubbles Cleaning, LLC","7504 Lake Hazel Rd, Nampa, ID 83687, USA",(208) 899-8584,https://scrubnbubbles.com/,4.8,37,https://maps.google.com/?cid=12678820339807407711&g_mp=Cidnb29nbGUubWFwcy5wbGFjZXMudjEuUGxhY2VzLlNlYXJjaFRleHQQAhgEIAA,OPERATIONAL,"point_of_interest,service,establishment",Cleaning service,Nampa
ChIJj58x64pMrlQRFmscpPpx0ds,"Meticulous Man Services, LLC","2522 E Maryland Ave, Nampa, ID 83686, USA",(208) 615-4781,https://meticulousmanservices.com/,4.8,75,https://maps.google.com/?cid=15839566685747833622&g_mp=Cidnb29nbGUubWFwcy5wbGFjZXMudjEuUGxhY2VzLlNlYXJjaFRleHQQAhgEIAA,OPERATIONAL,"point_of_interest,service,establishment",Cleaning service,Nampa
ChIJb645-9xNrlQR7S3fLJKOJy8,Contents Cleaning Company,"321 S Kings Rd, Nampa, ID 83687, USA",(208) 615-5555,http://www.contentscleaningco.com/,5,6,https://maps.google.com/?cid=3397841202343521773&g_mp=Cidnb29nbGUubWFwcy5wbGFjZXMudjEuUGxhY2VzLlNlYXJjaFRleHQQAhgEIAA,OPERATIONAL,"point_of_interest,service,establishment",Cleaning service,Nampa
ChIJWzd9R5VNrlQRP-zr6uOrgl8,Trina's Cleaning Services,"912 12th Ave S, Nampa, ID 83651, USA",(208) 861-8823,http://www.cleaningservicenampa.com/,4.3,70,https://maps.google.com/?cid=6882252175962795071&g_mp=Cidnb29nbGUubWFwcy5wbGFjZXMudjEuUGxhY2VzLlNlYXJjaFRleHQQAhgEIAA,OPERATIONAL,"point_of_interest,service,establishment",Cleaning service,Nampa
ChIJRcdegM1b6asRYQRLAgeMwcI,PeakClean - Idaho Cleaning Pros,"3571 S Avondale Ave, Nampa, ID 83686, USA",(208) 871-5458,http://www.peakcleanidaho.com/,5,17,https://maps.google.com/?cid=14033651875594306657&g_mp=Cidnb29nbGUubWFwcy5wbGFjZXMudjEuUGxhY2VzLlNlYXJjaFRleHQQAhgEIAA,OPERATIONAL,"general_contractor,point_of_interest,service,establishment",Cleaning service,Nampa
ChIJG9mna1VNrlQRxxv6tLdubX0,High Standards Cleaning LLC,"13206 S Pine River Way, Nampa, ID 83686, USA",(253) 221-9714,http://www.hscidaho.com/,5,1,https://maps.google.com/?cid=9038001762496814023&g_mp=Cidnb29nbGUubWFwcy5wbGFjZXMudjEuUGxhY2VzLlNlYXJjaFRleHQQAhgEIAA,OPERATIONAL,"point_of_interest,service,establishment",Cleaning service,Nampa
ChIJy1XH1OeFr1QRBeMLNlpCptE,Triple Clean,"5466 E Terra Linda Way SUITE #155A, Nampa, ID 83687, USA",(208) 401-8748,https://tripleclean.net/,5,10,https://maps.google.com/?cid=15106834955282146053&g_mp=Cidnb29nbGUubWFwcy5wbGFjZXMudjEuUGxhY2VzLlNlYXJjaFRleHQQAhgEIAA,OPERATIONAL,"point_of_interest,service,establishment",Cleaning service,Nampa
ChIJozebWowhKUsRsDyp5o27tYI,At Your Service Housekeeping Co,"13986 S Piano Ave, Nampa, ID 83651, USA",(208) 721-2068,,5,4,https://maps.google.com/?cid=9418640413849894064&g_mp=Cidnb29nbGUubWFwcy5wbGFjZXMudjEuUGxhY2VzLlNlYXJjaFRleHQQAhgEIAA,OPERATIONAL,"point_of_interest,service,establishment",Cleaning service,Nampa
ChIJhZ6c0yBJrlQRpk-GSqPGClo,Resto Clean,"327 S Kings Rd, Nampa, ID 83687, USA",(208) 899-4442,https://www.restocleanpro.com/,5,742,https://maps.google.com/?cid=6488216617812905894&g_mp=Cidnb29nbGUubWFwcy5wbGFjZXMudjEuUGxhY2VzLlNlYXJjaFRleHQQAhgEIAA,OPERATIONAL,"laundry,general_contractor,point_of_interest,service,establishment",Cleaning service,Nampa
ChIJAalPl8FNrlQRucSQGZHX440,Altius Office Cleaning and Janitorial - Nampa,"112 9th Ave S Suite B6, Nampa, ID 83651, USA",(208) 917-8080,https://altiusclean.com/office-cleaning-janitorial-services-nampa-id/,5,1,https://maps.google.com/?cid=10224252597260305593&g_mp=Cidnb29nbGUubWFwcy5wbGFjZXMudjEuUGxhY2VzLlNlYXJjaFRleHQQAhgEIAA,OPERATIONAL,"laundry,point_of_interest,service,establishment",Janitorial service,Nampa
ChIJKe_eaIBLrlQRXack7Gr2HYg,Revolutionary Cleaning Solutions,"104 Midland Blvd, Nampa, ID 83651, USA",(208) 392-7241,,5,1,https://maps.google.com/?cid=9808266502571599709&g_mp=Cidnb29nbGUubWFwcy5wbGFjZXMudjEuUGxhY2VzLlNlYXJjaFRleHQQAhgEIAA,OPERATIONAL,"point_of_interest,service,establishment",Janitorial service,Nampa
ChIJhz9kk89NrlQRI_WOKZ7OI3s,City Wide Facility Solutions - Idaho,"1206 N Galleria Dr, Nampa, ID 83687, USA",(208) 546-0982,https://gocitywide.com/idaho,5,7,https://maps.google.com/?cid=8873162869547398435&g_mp=Cidnb29nbGUubWFwcy5wbGFjZXMudjEuUGxhY2VzLlNlYXJjaFRleHQQAhgEIAA,OPERATIONAL,"point_of_interest,service,establishment",Janitorial service,Nampa
ChIJhXaSVv9MrlQRlnCHj70waw4,"MicroClean, Inc.","1720 Industrial Rd, Nampa, ID 83687, USA",(208) 466-0441,http://www.microcleaninc.com/,4.9,13,https://maps.google.com/?cid=1038977729754001558&g_mp=Cidnb29nbGUubWFwcy5wbGFjZXMudjEuUGxhY2VzLlNlYXJjaFRleHQQAhgEIAA,OPERATIONAL,"laundry,point_of_interest,service,establishment",Janitorial service,Nampa
ChIJPXc84a-0r1QRTGNlsgOlEQA,Quality Cleaning Company Idaho,"4419 E Homedale Rd, Caldwell, ID 83607, USA",(208) 890-7445,https://commercialcleaningidaho.com/,5,5,https://maps.google.com/?cid=4966509900555084&g_mp=Cidnb29nbGUubWFwcy5wbGFjZXMudjEuUGxhY2VzLlNlYXJjaFRleHQQAhgEIAA,OPERATIONAL,"point_of_interest,service,establishment",Janitorial service,Nampa
ChIJu69GMF5JrlQRET6x3cbySxw,B N Clean,"2403 S Wildrye Way, Nampa, ID 83686, USA",(208) 794-4658,,5,1,https://maps.google.com/?cid=2038990192252108305&g_mp=Cidnb29nbGUubWFwcy5wbGFjZXMudjEuUGxhY2VzLlNlYXJjaFRleHQQAhgEIAA,OPERATIONAL,"point_of_interest,service,establishment",Janitorial service,Nampa
ChIJsbtjlJlMrlQRKiuxLD-9l-A,"Happy Housekeepers Nampa, Idaho","1116 Caldwell Blvd, Nampa, ID 83651, USA",(208) 466-6800,https://happyhousekeepers.com/,1,1,https://maps.google.com/?cid=16183611865009564458&g_mp=Cidnb29nbGUubWFwcy5wbGFjZXMudjEuUGxhY2VzLlNlYXJjaFRleHQQAhgEIAA,OPERATIONAL,"employment_agency,government_office,point_of_interest,service,establishment",Janitorial service,Nampa
ChIJR8P2RVmzr1QRyuTokG04eN4,"Busy B's Handyman Solutions, LLC","18423 Avalon Pl, Nampa, ID 83687, USA",(208) 207-7716,http://www.myidahohandyman.com/,5,17,https://maps.google.com/?cid=16030624916859053258&g_mp=Cidnb29nbGUubWFwcy5wbGFjZXMudjEuUGxhY2VzLlNlYXJjaFRleHQQAhgEIAA,OPERATIONAL,"general_contractor,service,point_of_interest,establishment",Handyman,Nampa
ChIJ9VLpnQafHW4RHvj6Gfp5IrU,Hippies & Cowboys Handyman LLC,"3720 E Green Meadows Pl, Nampa, ID 83687, USA",(931) 286-5736,https://www.facebook.com/profile.php?id=61567380637301,5,1,https://maps.google.com/?cid=13052128785157781534&g_mp=Cidnb29nbGUubWFwcy5wbGFjZXMudjEuUGxhY2VzLlNlYXJjaFRleHQQAhgEIAA,OPERATIONAL,"general_contractor,service,point_of_interest,establishment",Handyman,Nampa
ChIJF0_IzMVOrlQRfVg2-tEd4ZQ,Dabeers Handyman Solutions,"2504 Pebble Way, Nampa, ID 83686, USA",(208) 805-9475,,4.4,21,https://maps.google.com/?cid=10727888575056468093&g_mp=Cidnb29nbGUubWFwcy5wbGFjZXMudjEuUGxhY2VzLlNlYXJjaFRleHQQAhgEIAA,OPERATIONAL,"general_contractor,service,point_of_interest,establishment",Handyman,Nampa
ChIJfyKGMCjb2oAR1DwZ47PHk90,Landers Home Services,"1519 W Florida Ave, Nampa, ID 83686, USA",(208) 250-0058,https://landershomeservices.com/,4.8,29,https://maps.google.com/?cid=15966324679381695700&g_mp=Cidnb29nbGUubWFwcy5wbGFjZXMudjEuUGxhY2VzLlNlYXJjaFRleHQQAhgEIAA,OPERATIONAL,"electrician,plumber,home_goods_store,manufacturer,general_contractor,service,store,point_of_interest,establishment",Handyman,Nampa
ChIJV0gxcsJNrlQRHaFLzB_R7T4,YJ Handymand and Cleaning LLC,"831 Chicago St, Nampa, ID 83686, USA",(208) 477-9042,,5,1,https://maps.google.com/?cid=4534510334333657373&g_mp=Cidnb29nbGUubWFwcy5wbGFjZXMudjEuUGxhY2VzLlNlYXJjaFRleHQQAhgEIAA,OPERATIONAL,"general_contractor,service,point_of_interest,establishment",Handyman,Nampa
ChIJb6T5Nn1AtKQR7GFxQ-cpZnU,Jose elite handyman service,"1630 12th Ave Rd, Nampa, ID 83686, USA",(208) 346-3941,,5,16,https://maps.google.com/?cid=8459495023307743724&g_mp=Cidnb29nbGUubWFwcy5wbGFjZXMudjEuUGxhY2VzLlNlYXJjaFRleHQQAhgEIAA,OPERATIONAL,"furniture_store,home_improvement_store,home_goods_store,general_contractor,service,store,point_of_interest,establishment",Handyman,Nampa
ChIJL2mEbVVNrlQRLxxNgrPjK4c,Sage Fork Handyman,"4206 E Lanager Ct, Nampa, ID 83687, USA",(208) 249-8279,http://sageforkhandyman.com/,5,3,https://maps.google.com/?cid=9740128979243572271&g_mp=Cidnb29nbGUubWFwcy5wbGFjZXMudjEuUGxhY2VzLlNlYXJjaFRleHQQAhgEIAA,OPERATIONAL,"general_contractor,service,point_of_interest,establishment",Handyman,Nampa
ChIJa5FV9m-gPkQRvDrm1fKcQ70,R.D. Handyman & Remodel,"111 20th Ave S, Nampa, ID 83651, USA",(208) 315-0807,,5,1,https://maps.google.com/?cid=13637916663392647868&g_mp=Cidnb29nbGUubWFwcy5wbGFjZXMudjEuUGxhY2VzLlNlYXJjaFRleHQQAhgEIAA,OPERATIONAL,"general_contractor,service,point_of_interest,establishment",Handyman,Nampa
ChIJHyXVL3FNrlQRd1Bncp2uiu0,Sanchez Painting L.L.C,"1900 W Deep Creek Ct, Nampa, ID 83686, USA",(208) 606-9567,https://sanchezpaint.com/,5,18,https://maps.google.com/?cid=17116685325027463287&g_mp=Cidnb29nbGUubWFwcy5wbGFjZXMudjEuUGxhY2VzLlNlYXJjaFRleHQQAhgEIAA,OPERATIONAL,"painter,general_contractor,point_of_interest,service,establishment",Painter,Nampa
ChIJ94Mo5UhMrlQR0O8UPMYE1LM,Rocky Mountain Painting Contractors,"77 N 25th St, Nampa, ID 83687, USA",(208) 703-1832,https://www.rockymountainpaintingcontractors.com/,4.5,27,https://maps.google.com/?cid=12957987277309800400&g_mp=Cidnb29nbGUubWFwcy5wbGFjZXMudjEuUGxhY2VzLlNlYXJjaFRleHQQAhgEIAA,OPERATIONAL,"painter,point_of_interest,service,establishment",Painter,Nampa
ChIJazf2eCBPrlQRHhcFZ0gq6to,Luxe Painting & Coatings,"1923 E Massachusetts Ave, Nampa, ID 83686, USA",(208) 918-6033,https://luxepaintingcoatings.com/,5,42,https://maps.google.com/?cid=15774467135272982302&g_mp=Cidnb29nbGUubWFwcy5wbGFjZXMudjEuUGxhY2VzLlNlYXJjaFRleHQQAhgEIAA,OPERATIONAL,"point_of_interest,establishment",Painter,Nampa
ChIJa-QCFxy0sYoRJBQYHiZCPP8,Splash Art Painting,"315 Nectarine St, Nampa, ID 83686, USA",(208) 696-8465,http://splashartpainting.com/,5,15,https://maps.google.com/?cid=18391647709755348004&g_mp=Cidnb29nbGUubWFwcy5wbGFjZXMudjEuUGxhY2VzLlNlYXJjaFRleHQQAhgEIAA,OPERATIONAL,"point_of_interest,establishment",Painter,Nampa
ChIJ4w5qHWpLrlQRRZAQFtYQO0E,Latino Quality Painting LLC,"11427 W Cumberland River Dr, Nampa, ID 83686, USA",(208) 350-3974,http://www.latinoquality-paintingllc.com/,5,12,https://maps.google.com/?cid=4700369147770474565&g_mp=Cidnb29nbGUubWFwcy5wbGFjZXMudjEuUGxhY2VzLlNlYXJjaFRleHQQAhgEIAA,OPERATIONAL,"painter,point_of_interest,service,establishment",Painter,Nampa
ChIJYQ5Nfxpw9ycR2zKQEcnkm5c,Valley Custom Painting,"1524 11th Ave N, Nampa, ID 83687, USA",(208) 918-3852,https://valleycustompainting.com/,5,16,https://maps.google.com/?cid=10924576873351492315&g_mp=Cidnb29nbGUubWFwcy5wbGFjZXMudjEuUGxhY2VzLlNlYXJjaFRleHQQAhgEIAA,OPERATIONAL,"painter,point_of_interest,service,establishment",Painter,Nampa
ChIJgZ9PvHz_rlQRMsy_u--q4yQ,Color Craft Painting & Wallcovering Inc,"3581 E Comstock Ave, Nampa, ID 83687, USA",(208) 378-1750,http://colorcraftpaint.com/,5,68,https://maps.google.com/?cid=2658156151702539314&g_mp=Cidnb29nbGUubWFwcy5wbGFjZXMudjEuUGxhY2VzLlNlYXJjaFRleHQQAhgEIAA,OPERATIONAL,"painter,point_of_interest,service,establishment",Painter,Nampa
ChIJHao3Gh9NrlQRaP-zkOxFQuE,ALLIANCE PAINTING PROFESSIONALS LLC,"3320 Airport Rd Trlr 26, Nampa, ID 83687, USA",(208) 392-0985,https://alliancepaintingpros.com/,5,4,https://maps.google.com/?cid=16231612889339002728&g_mp=Cidnb29nbGUubWFwcy5wbGFjZXMudjEuUGxhY2VzLlNlYXJjaFRleHQQAhgEIAA,OPERATIONAL,"painter,point_of_interest,service,establishment",Painter,Nampa
ChIJhd1wJy5LrlQR_yzSUzUcKMI,Triminio's Painting LLC,"914 W Florida Ave, Nampa, ID 83686, USA",(208) 800-4605,,5,6,https://maps.google.com/?cid=13990463257791573247&g_mp=Cidnb29nbGUubWFwcy5wbGFjZXMudjEuUGxhY2VzLlNlYXJjaFRleHQQAhgEIAA,OPERATIONAL,"general_contractor,point_of_interest,service,establishment",Painter,Nampa
ChIJAx154P5JrlQR2ixUNhdx8dU,R&T Construction LLC- Exterior Painting- Interior Painting- Siding Experts- General Construction,"2411 E Pennsylvania Ave, Nampa, ID 83686, USA",(208) 606-9360,,5,1,https://maps.google.com/?cid=15416227343975591130&g_mp=Cidnb29nbGUubWFwcy5wbGFjZXMudjEuUGxhY2VzLlNlYXJjaFRleHQQAhgEIAA,OPERATIONAL,"point_of_interest,service,establishment",Painter,Nampa
ChIJJVtSM99NrlQR-kxeH9897wY,Treasure Valley PaintPros LLC,"424 9th Ave N, Nampa, ID 83687, USA",(208) 296-3321,http://treasurevalleypaints.com/,4.7,15,https://maps.google.com/?cid=499686112174689530&g_mp=Cidnb29nbGUubWFwcy5wbGFjZXMudjEuUGxhY2VzLlNlYXJjaFRleHQQAhgEIAA,OPERATIONAL,"painter,point_of_interest,service,establishment",Painter,Nampa
ChIJDXe1sddLrlQRnfUR5pJTdaQ,Don Hisel Painting,"1907 W Flamingo Ave UNIT 170, Nampa, ID 83651, USA",(208) 631-9366,,5,2,https://maps.google.com/?cid=11850469884885595549&g_mp=Cidnb29nbGUubWFwcy5wbGFjZXMudjEuUGxhY2VzLlNlYXJjaFRleHQQAhgEIAA,OPERATIONAL,"painter,point_of_interest,service,establishment",Painter,Nampa
ChIJyzbAXGGxr1QRsBp3YKK_xOY,Painters Plus,"16891 N Darmady Loop, Nampa, ID 83687, USA",(208) 408-1100,https://www.paintersplusllcid.com/,4.3,17,https://maps.google.com/?cid=16628626428282739376&g_mp=Cidnb29nbGUubWFwcy5wbGFjZXMudjEuUGxhY2VzLlNlYXJjaFRleHQQAhgEIAA,OPERATIONAL,"painter,point_of_interest,service,establishment",Painter,Nampa
ChIJ___7__ZslFQRKuQZJbUCcnA,All Northwest Painting,"13413 S Stockbridge Way, Nampa, ID 83686, USA",(425) 949-2836,https://www.allnorthwestpainting.com/,4.1,9,https://maps.google.com/?cid=8102541656627733546&g_mp=Cidnb29nbGUubWFwcy5wbGFjZXMudjEuUGxhY2VzLlNlYXJjaFRleHQQAhgEIAA,OPERATIONAL,"painter,general_contractor,point_of_interest,service,establishment",Painter,Nampa
ChIJt6x7z2XA7koRwRegcE1TXBE,We'll-B-Painting,"11851 Hensen Dr, Nampa, ID 83651, USA",(208) 703-3967,https://www.wellbpainting.com/,5,10,https://maps.google.com/?cid=1250966388569282497&g_mp=Cidnb29nbGUubWFwcy5wbGFjZXMudjEuUGxhY2VzLlNlYXJjaFRleHQQAhgEIAA,OPERATIONAL,"painter,point_of_interest,service,establishment",Painting contractor,Nampa
ChIJGyVrVzFWtCMR0N71eneaerY,Monarch Painting,"4112 Pintail Ln, Nampa, ID 83686, USA",(208) 488-0890,https://www.facebook.com/monarchpainting208/,5,9,https://maps.google.com/?cid=13148991900016303824&g_mp=Cidnb29nbGUubWFwcy5wbGFjZXMudjEuUGxhY2VzLlNlYXJjaFRleHQQAhgEIAA,OPERATIONAL,"painter,point_of_interest,service,establishment",Painting contractor,Nampa
ChIJAQA8hWdNrlQR_HkCQB_KXg8,Flatstone Concrete LLC,"6327 E Lemhi Ct, Nampa, ID 83687, USA",(208) 254-2202,https://flatstoneconcretellc.com/,4.7,65,https://maps.google.com/?cid=1107544793946421756&g_mp=Cidnb29nbGUubWFwcy5wbGFjZXMudjEuUGxhY2VzLlNlYXJjaFRleHQQAhgEIAA,OPERATIONAL,"general_contractor,service,point_of_interest,establishment",Concrete contractor,Nampa
ChIJ5yxZSjn5TYYRICSdWXTgois,All Star Concrete,"1308 W Hawk Pl, Nampa, ID 83651, USA",(208) 779-0654,http://www.allstarconcreteidaho.com/,5,29,https://maps.google.com/?cid=3144322280182326304&g_mp=Cidnb29nbGUubWFwcy5wbGFjZXMudjEuUGxhY2VzLlNlYXJjaFRleHQQAhgEIAA,OPERATIONAL,"general_contractor,service,point_of_interest,establishment",Concrete contractor,Nampa
ChIJK7f0S8qzr1QRVMTrODW03oI,ALL AMERICAN CONCRETE CUTTING LLC,"18174 Madison Rd, Nampa, ID 83687, USA",(208) 559-7006,,5,1,https://maps.google.com/?cid=9430172810441638996&g_mp=Cidnb29nbGUubWFwcy5wbGFjZXMudjEuUGxhY2VzLlNlYXJjaFRleHQQAhgEIAA,OPERATIONAL,"general_contractor,service,point_of_interest,establishment",Concrete contractor,Nampa
ChIJqV_anl5LrlQRYQqmm5QW8NI,Hess Concrete LLC,"12353 Orchard Ave, Nampa, ID 83651, USA",(208) 477-9492,,5,27,https://maps.google.com/?cid=15199673569897744993&g_mp=Cidnb29nbGUubWFwcy5wbGFjZXMudjEuUGxhY2VzLlNlYXJjaFRleHQQAhgEIAA,OPERATIONAL,"general_contractor,service,point_of_interest,establishment",Concrete contractor,Nampa
ChIJGa8lthFJrlQR97Z4s6Ykqog,Solid Concrete and Gravel,"1924 Fern St, Nampa, ID 83686, USA",(208) 250-8097,https://nampaconcrete.work/,5,21,https://maps.google.com/?cid=9847723833593214711&g_mp=Cidnb29nbGUubWFwcy5wbGFjZXMudjEuUGxhY2VzLlNlYXJjaFRleHQQAhgEIAA,OPERATIONAL,"general_contractor,service,point_of_interest,establishment",Concrete contractor,Nampa
ChIJ77lOa4hJrlQRrOGY5VgPKSg,Universal Concrete,"4008 Jessie Ln, Nampa, ID 83686, USA",(208) 608-6916,,5,5,https://maps.google.com/?cid=2893861110045794732&g_mp=Cidnb29nbGUubWFwcy5wbGFjZXMudjEuUGxhY2VzLlNlYXJjaFRleHQQAhgEIAA,OPERATIONAL,"general_contractor,service,point_of_interest,establishment",Concrete contractor,Nampa
ChIJDTIxbSRNrlQRE-klo9B8_dI,Luna Concrete,"8169 E Brandts Creek Way, Nampa, ID 83687, USA",(208) 573-7247,http://corveraconcretecom.lovable.app/,5,15,https://maps.google.com/?cid=15203445152604875027&g_mp=Cidnb29nbGUubWFwcy5wbGFjZXMudjEuUGxhY2VzLlNlYXJjaFRleHQQAhgEIAA,OPERATIONAL,"manufacturer,general_contractor,service,point_of_interest,establishment",Concrete contractor,Nampa
ChIJl8GyzGUU6W4RpNsTsIAaer8,5 Star Concrete Construction LLC,"1012 N Pit Ln, Nampa, ID 83687, USA",(208) 800-2505,https://5starconcretefoundation.com/,5,6,https://maps.google.com/?cid=13797369548415163300&g_mp=Cidnb29nbGUubWFwcy5wbGFjZXMudjEuUGxhY2VzLlNlYXJjaFRleHQQAhgEIAA,OPERATIONAL,"general_contractor,service,point_of_interest,establishment",Concrete contractor,Nampa
ChIJGUhD_4FNrlQRYD9JZHcJxIw,Concrete & More,"1106 S Sharons Ct, Nampa, ID 83686, USA",(208) 695-6703,https://www.homeadvisor.com/myhomeadvisor/myprojects/151673246/profile/91076899/,5,3,https://maps.google.com/?cid=10143242669133479776&g_mp=Cidnb29nbGUubWFwcy5wbGFjZXMudjEuUGxhY2VzLlNlYXJjaFRleHQQAhgEIAA,OPERATIONAL,"general_contractor,service,point_of_interest,establishment",Concrete contractor,Nampa
ChIJMcPB9CtNrlQRerzCd3_dfqE,Classic Ready-Mix,"1904 E Sherman Ave, Nampa, ID 83686, USA",(208) 841-7033,https://www.classicreadymix.com/,4.6,14,https://maps.google.com/?cid=11636982026711776378&g_mp=Cidnb29nbGUubWFwcy5wbGFjZXMudjEuUGxhY2VzLlNlYXJjaFRleHQQAhgEIAA,OPERATIONAL,"manufacturer,general_contractor,service,point_of_interest,establishment",Concrete contractor,Nampa
ChIJzZ4oLRizr1QR6Fy_5SUrDjg,Idaho Fence Contractor,"18284 N Wild Goose Ave, Nampa, ID 83687, USA",(208) 204-3022,https://idahofencecontractor.com/,5,53,https://maps.google.com/?cid=4039213357566221544&g_mp=Cidnb29nbGUubWFwcy5wbGFjZXMudjEuUGxhY2VzLlNlYXJjaFRleHQQAhgEIAA,OPERATIONAL,"general_contractor,service,point_of_interest,establishment",Fencing contractor,Nampa
ChIJo6_moZxLrlQRJHzEYdfjLhI,Owyhee Fence Co. LLC,"11078 Smith Ave, Nampa, ID 83651, USA",(208) 646-4475,https://owyheefencecompany.com/,5,28,https://maps.google.com/?cid=1310235055809133604&g_mp=Cidnb29nbGUubWFwcy5wbGFjZXMudjEuUGxhY2VzLlNlYXJjaFRleHQQAhgEIAA,OPERATIONAL,"general_contractor,service,point_of_interest,establishment",Fencing contractor,Nampa
ChIJz9t1lIoUg2kRMLafBPIGuMY,Need Fencing Installed,"18284 N Wild Goose Ave, Nampa, ID 83687, USA",(208) 204-3022,http://idahofencecontractor.com/,5,8,https://maps.google.com/?cid=14319202651753920048&g_mp=Cidnb29nbGUubWFwcy5wbGFjZXMudjEuUGxhY2VzLlNlYXJjaFRleHQQAhgEIAA,OPERATIONAL,"general_contractor,manufacturer,service,point_of_interest,establishment",Fencing contractor,Nampa
ChIJ3SrPtdtNrlQRg5clqvNPfkE,Western Fence & Landscape Supply,"11220 Bass Ln, Caldwell, ID 83605, USA",(208) 995-6468,http://www.westernfencelandscape.com/,4.8,58,https://maps.google.com/?cid=4719297367481096067&g_mp=Cidnb29nbGUubWFwcy5wbGFjZXMudjEuUGxhY2VzLlNlYXJjaFRleHQQAhgEIAA,OPERATIONAL,"building_materials_store,general_contractor,service,store,point_of_interest,establishment",Fencing contractor,Nampa
ChIJCV96TlNLrlQR6W9jnvRH0CM,Nampa Tree Experts,"1720 Midland Blvd, Nampa, ID 83686, USA",(208) 856-6608,https://www.nampatreeservices.com/,5,1,https://maps.google.com/?cid=2580641702438203369&g_mp=Cidnb29nbGUubWFwcy5wbGFjZXMudjEuUGxhY2VzLlNlYXJjaFRleHQQAhgEIAA,OPERATIONAL,"service,point_of_interest,establishment",Tree service,Nampa
ChIJl7w-C_5HrlQRoGhEL-WnyYE,HUNTER TREE SERVICES,"8457 Rim Rd, Nampa, ID 83686, USA",(208) 509-9512,https://huntertreeservices.net/,4.9,83,https://maps.google.com/?cid=9352190703993907360&g_mp=Cidnb29nbGUubWFwcy5wbGFjZXMudjEuUGxhY2VzLlNlYXJjaFRleHQQAhgEIAA,OPERATIONAL,"general_contractor,supplier,service,point_of_interest,establishment",Tree service,Nampa
ChIJdxn37YBMrlQRmgRCUc7QAq0,Integrity Tree Service LLC,"715 Forsythia Dr, Nampa, ID 83651, USA",(208) 319-4666,http://integrity-tree-service.com/,5,13,https://maps.google.com/?cid=12466756303060075674&g_mp=Cidnb29nbGUubWFwcy5wbGFjZXMudjEuUGxhY2VzLlNlYXJjaFRleHQQAhgEIAA,OPERATIONAL,"general_contractor,service,point_of_interest,establishment",Tree service,Nampa
ChIJ2aWm3NDLr1QRKapP0pMs3y8,"Parker Tree Service, Inc.","3214 E Homedale Rd, Caldwell, ID 83607, USA",(208) 461-8733,https://parkertreeservice.com/,4.8,372,https://maps.google.com/?cid=3449524852989340201&g_mp=Cidnb29nbGUubWFwcy5wbGFjZXMudjEuUGxhY2VzLlNlYXJjaFRleHQQAhgEIAA,OPERATIONAL,"general_contractor,supplier,service,point_of_interest,establishment",Tree service,Nampa
ChIJ_0dsKLxNrlQRaEF4eCt4I_E,Pieks Tree Service,"1311 E Dewey Ave, Nampa, ID 83686, USA",(208) 989-8187,http://boisetreetrimming.com/,5,52,https://maps.google.com/?cid=17375863915425579368&g_mp=Cidnb29nbGUubWFwcy5wbGFjZXMudjEuUGxhY2VzLlNlYXJjaFRleHQQAhgEIAA,OPERATIONAL,"service,point_of_interest,establishment",Tree service,Nampa
ChIJ58JX6pnTP2cRS27fJHol9F4,Timber Tree and Stump Removal,"8300 US-20 #26, Nampa, ID 83687, USA",(208) 724-9793,http://www.timbertreeidaho.com/,5,1,https://maps.google.com/?cid=6842134940417486411&g_mp=Cidnb29nbGUubWFwcy5wbGFjZXMudjEuUGxhY2VzLlNlYXJjaFRleHQQAhgEIAA,OPERATIONAL,"service,point_of_interest,establishment",Tree service,Nampa
ChIJadeiu-1XrlQRV7sKCBwyFoA,"Heads Up Tree Service, LLC","3758 E Amity Ave, Nampa, ID 83687, USA",(208) 870-9893,,4.8,23,https://maps.google.com/?cid=9229619582317804375&g_mp=Cidnb29nbGUubWFwcy5wbGFjZXMudjEuUGxhY2VzLlNlYXJjaFRleHQQAhgEIAA,OPERATIONAL,"service,point_of_interest,establishment",Tree service,Nampa
ChIJgwb0_QshAIgRLoNJDG59uA8,Treasure Tree and Landscape Care,"Office:, 6212 Birch Ln #301, Nampa, ID 83687, USA",(208) 800-4114,,5,13,https://maps.google.com/?cid=1132793217889698606&g_mp=Cidnb29nbGUubWFwcy5wbGFjZXMudjEuUGxhY2VzLlNlYXJjaFRleHQQAhgEIAA,OPERATIONAL,"service,point_of_interest,establishment",Tree service,Nampa
ChIJ5UR7gM9LrlQRp_K51XcnRkw,Stump Masters,"12751 Orchard Ave, Nampa, ID 83651, USA",(208) 800-1781,https://stumpmasters.net/,5,5,https://maps.google.com/?cid=5496123790892593831&g_mp=Cidnb29nbGUubWFwcy5wbGFjZXMudjEuUGxhY2VzLlNlYXJjaFRleHQQAhgEIAA,OPERATIONAL,"service,point_of_interest,establishment",Tree service,Nampa
ChIJa039fvpNrlQR5XrZugliRVc,Qualitree Inc,"3514 Garrity Blvd, Nampa, ID 83687, USA",(208) 467-6175,https://qualitreeid.com/,3.8,10,https://maps.google.com/?cid=6288540248621808357&g_mp=Cidnb29nbGUubWFwcy5wbGFjZXMudjEuUGxhY2VzLlNlYXJjaFRleHQQAhgEIAA,OPERATIONAL,"general_contractor,service,point_of_interest,establishment",Tree service,Nampa
ChIJDWu95jI5kEER_0cPw5EbKFQ,All About Trees Z n C 's,"2724 E Iowa Ave, Nampa, ID 83686, USA",,,4.1,13,https://maps.google.com/?cid=6064127211111139327&g_mp=Cidnb29nbGUubWFwcy5wbGFjZXMudjEuUGxhY2VzLlNlYXJjaFRleHQQAhgEIAA,OPERATIONAL,"general_contractor,supplier,point_of_interest,service,establishment",Tree removal,Nampa
ChIJo2VImKlNrlQR4rFt09e5s28,A1 Garage Door Service,"1014 W Finch Dr, Nampa, ID 83651, USA",(206) 567-7639,https://a1garage.com/locations/idaho/nampa/garage-door-repair-and-installation-boi-83651-s.html?utm_source=google&utm_medium=organic&utm_campaign=gbpwebsite[nampa],4.8,276,https://maps.google.com/?cid=8048981295657497058&g_mp=Cidnb29nbGUubWFwcy5wbGFjZXMudjEuUGxhY2VzLlNlYXJjaFRleHQQAhgEIAA,OPERATIONAL,"general_contractor,supplier,point_of_interest,service,establishment",Garage door repair,Nampa
ChIJGZuajHxMrlQRz_CzJTI7qys,Nampa Garage Door Co,"132 N Gem St, Nampa, ID 83651, USA",(208) 546-9464,http://nampagaragedoorco.com/,5,44,https://maps.google.com/?cid=3146673851215376591&g_mp=Cidnb29nbGUubWFwcy5wbGFjZXMudjEuUGxhY2VzLlNlYXJjaFRleHQQAhgEIAA,OPERATIONAL,"supplier,point_of_interest,service,establishment",Garage door repair,Nampa
ChIJhTo8Uu1OrlQRbRuo7yTYbeo,Garage Door 911,"4904 E Greenhurst Rd, Nampa, ID 83686, USA",(208) 468-9110,http://www.garagedoor911idaho.com/,4.9,128,https://maps.google.com/?cid=16892395430487792493&g_mp=Cidnb29nbGUubWFwcy5wbGFjZXMudjEuUGxhY2VzLlNlYXJjaFRleHQQAhgEIAA,OPERATIONAL,"supplier,point_of_interest,service,establishment",Garage door repair,Nampa
ChIJ1esQl9cd24gRzRopeS43Bok,Overhead Door Company of Nampa,"161 Caldwell Blvd, Nampa, ID 83651, USA",(208) 467-2300,https://overheaddoorinc.com/overhead-door-company-of-nampa/?utm_source=google&utm_medium=local&utm_campaign=gmb_listing,4.8,72,https://maps.google.com/?cid=9873639905797151437&g_mp=Cidnb29nbGUubWFwcy5wbGFjZXMudjEuUGxhY2VzLlNlYXJjaFRleHQQAhgEIAA,OPERATIONAL,"general_contractor,supplier,point_of_interest,service,establishment",Garage door repair,Nampa
ChIJOYS1xUkb2kERx72llgfJvAE,208 Quality Garage Door LLC,"3405 SunnyRidge Rd, Nampa, ID 83686, USA",(208) 371-7303,https://www.208qualitygarage.com/,4.8,17,https://maps.google.com/?cid=125195924088929735&g_mp=Cidnb29nbGUubWFwcy5wbGFjZXMudjEuUGxhY2VzLlNlYXJjaFRleHQQAhgEIAA,OPERATIONAL,"supplier,point_of_interest,service,establishment",Garage door repair,Nampa
ChIJyxwQfbazr1QR9gsEVNGKsIE,Action Garage Door of Caldwell,"4308 Capital St, Caldwell, ID 83605, USA",(208) 315-6025,https://actiongaragedoor.net/,5,16,https://maps.google.com/?cid=9345121858456128502&g_mp=Cidnb29nbGUubWFwcy5wbGFjZXMudjEuUGxhY2VzLlNlYXJjaFRleHQQAhgEIAA,OPERATIONAL,"supplier,point_of_interest,service,establishment",Garage door repair,Nampa
ChIJxwtXQXtNrlQR75XrtTTn3-s,Garage Door Repair The Home Service,"2100 N Cassia St, Nampa, ID 83651, USA",(888) 446-5630,https://garagedoorrepair-the-home.com/,,0,https://maps.google.com/?cid=16996557732295972335&g_mp=Cidnb29nbGUubWFwcy5wbGFjZXMudjEuUGxhY2VzLlNlYXJjaFRleHQQAhgEIAA,OPERATIONAL,"point_of_interest,service,establishment",Garage door repair,Nampa
ChIJEVOX0g1MrlQR372zDjEEZbQ,Mr. Appliance of Southwest Idaho,"1106 W Finch Dr, Nampa, ID 83651, USA",(208) 260-5075,https://www.mrappliance.com/meridian/?cid=LSTL_MRA-US000194&utm_source=gmb&utm_campaign=local&utm_medium=organic,4.9,1122,https://maps.google.com/?cid=12998800508221373919&g_mp=Cidnb29nbGUubWFwcy5wbGFjZXMudjEuUGxhY2VzLlNlYXJjaFRleHQQAhgEIAA,OPERATIONAL,"service,point_of_interest,establishment",Appliance repair,Nampa
ChIJVVVVVZWzr1QRRj6kiGaUnlU,Rich's Appliance Repair,"601 W Elm St, Caldwell, ID 83605, USA",(208) 459-9267,,5,42,https://maps.google.com/?cid=6169531707644198470&g_mp=Cidnb29nbGUubWFwcy5wbGFjZXMudjEuUGxhY2VzLlNlYXJjaFRleHQQAhgEIAA,OPERATIONAL,"service,point_of_interest,establishment",Appliance repair,Nampa
ChIJuy9o9IFLrlQR5ke4HsaBTTA,Appliance King,"1400 W Hudson Ave, Nampa, ID 83651, USA",(208) 697-6133,https://www.appliancekingidaho.com/,4.2,73,https://maps.google.com/?cid=3480580774946162662&g_mp=Cidnb29nbGUubWFwcy5wbGFjZXMudjEuUGxhY2VzLlNlYXJjaFRleHQQAhgEIAA,OPERATIONAL,"service,point_of_interest,establishment",Appliance repair,Nampa
ChIJSTk7zmhMrlQRctoGODOFOUA,Appliance Recyclers of Idaho,"1637 Garrity Blvd, Nampa, ID 83651, USA",(208) 461-2002,,4.6,109,https://maps.google.com/?cid=4627876547129694834&g_mp=Cidnb29nbGUubWFwcy5wbGFjZXMudjEuUGxhY2VzLlNlYXJjaFRleHQQAhgEIAA,OPERATIONAL,"home_goods_store,service,store,point_of_interest,establishment",Appliance repair,Nampa
ChIJxeSei2tMrlQRnr45_qngM0Q,Garrity Appliance,"1207 3rd St S, Nampa, ID 83651, USA",(208) 442-0896,,4.5,215,https://maps.google.com/?cid=4914518639110635166&g_mp=Cidnb29nbGUubWFwcy5wbGFjZXMudjEuUGxhY2VzLlNlYXJjaFRleHQQAhgEIAA,OPERATIONAL,"home_goods_store,store,point_of_interest,establishment",Appliance repair,Nampa
ChIJg1fcfR1NrlQR1B4PtNKtWcI,A-1 Quality Appliance,"3610 E Newby St, Nampa, ID 83687, USA",(208) 345-6800,https://www.qualityapplianceserviceandrepair.com/,3.8,121,https://maps.google.com/?cid=14004415636760895188&g_mp=Cidnb29nbGUubWFwcy5wbGFjZXMudjEuUGxhY2VzLlNlYXJjaFRleHQQAhgEIAA,OPERATIONAL,"supplier,home_goods_store,manufacturer,service,store,point_of_interest,establishment",Appliance repair,Nampa
ChIJuyA0wWVMrlQRDtOgJu72a2A,Express Appliance and Mattress Outlet,"419 Caldwell Blvd, Nampa, ID 83651, USA",(208) 465-1801,https://www.expressapplianceid.com/,4.9,295,https://maps.google.com/?cid=6947918352859845390&g_mp=Cidnb29nbGUubWFwcy5wbGFjZXMudjEuUGxhY2VzLlNlYXJjaFRleHQQAhgEIAA,OPERATIONAL,"discount_store,supplier,furniture_store,home_improvement_store,home_goods_store,manufacturer,store,point_of_interest,establishment",Appliance repair,Nampa
ChIJ1R8FCQyzr1QRh-wv45iH-FA,Sears Appliance Repair,"3309 Caldwell Blvd, Nampa, ID 83651, USA",(208) 505-0446,https://www.searshomeservices.com/locations/id/nampa/sears-appliance-repair/3309-caldwell-blvd?utm_source=GMBlisting&utm_medium=organic&utm_campaign=GMBinhomerepair&SID=1034232&phone=2085050446,4.8,82,https://maps.google.com/?cid=5834562407974825095&g_mp=Cidnb29nbGUubWFwcy5wbGFjZXMudjEuUGxhY2VzLlNlYXJjaFRleHQQAhgEIAA,OPERATIONAL,"service,point_of_interest,establishment",Appliance repair,Nampa
ChIJLbAg-tMEVVMRy33OgjUDMDg,Tocheri Appliance Service,"13373 Cedar Park Dr, Caldwell, ID 83607, USA",(208) 869-2992,http://tocheriapplianceservice.com/,4.1,37,https://maps.google.com/?cid=4048739593368796619&g_mp=Cidnb29nbGUubWFwcy5wbGFjZXMudjEuUGxhY2VzLlNlYXJjaFRleHQQAhgEIAA,OPERATIONAL,"supplier,manufacturer,service,store,point_of_interest,establishment",Appliance repair,Nampa
ChIJyeJYD-tNrlQRO5nsNQcKb48,Sams appliance & parts LLC,"126 S Holly St, Nampa, ID 83686, USA",(208) 250-8291,,2.6,25,https://maps.google.com/?cid=10335490695924324667&g_mp=Cidnb29nbGUubWFwcy5wbGFjZXMudjEuUGxhY2VzLlNlYXJjaFRleHQQAhgEIAA,OPERATIONAL,"home_goods_store,store,point_of_interest,establishment",Appliance repair,Nampa
ChIJlYlISYhMrlQRW2pRS5ED2YM,Nampa Appliance TV & Mattress,"278 Caldwell Blvd, Nampa, ID 83651, USA",(208) 465-0551,http://www.nampabrandsource.com/,4.7,148,https://maps.google.com/?cid=9500628811483540059&g_mp=Cidnb29nbGUubWFwcy5wbGFjZXMudjEuUGxhY2VzLlNlYXJjaFRleHQQAhgEIAA,OPERATIONAL,"home_goods_store,store,point_of_interest,establishment",Appliance repair,Nampa
ChIJRZU2Qf1NrlQR5XI0Qr53eb0,Sears Appliance Repair,"1813 Caldwell Blvd, Nampa, ID 83651, USA",(208) 505-0439,https://www.searshomeservices.com/locations/id/nampa/sears-appliance-repair/1813-caldwell-blvd?utm_source=GMBlisting&utm_medium=organic&utm_campaign=GMBinhomerepair&SID=1034059&phone=2085050439,4.6,24,https://maps.google.com/?cid=13653075404388594405&g_mp=Cidnb29nbGUubWFwcy5wbGFjZXMudjEuUGxhY2VzLlNlYXJjaFRleHQQAhgEIAA,OPERATIONAL,"service,point_of_interest,establishment",Appliance repair,Nampa
ChIJi0Z2uiby0YARC7EVNAz4I0A,Ringo Carpet Cleaning,"1336 S Edgewater Cir #102, Nampa, ID 83686, USA",(928) 486-6833,http://ringocarpetcleaning.com/,5,165,https://maps.google.com/?cid=4621810373909393675&g_mp=Cidnb29nbGUubWFwcy5wbGFjZXMudjEuUGxhY2VzLlNlYXJjaFRleHQQAhgEIAA,OPERATIONAL,"laundry,service,point_of_interest,establishment",Carpet cleaning,Nampa
ChIJB9eqzm5MrlQRu5Nm3v1sW34,A-1 Chemdry Carpet and Upholstery Cleaning,"909 3rd St S, Nampa, ID 83651, USA",(208) 606-3271,http://www.healthycleancarpet.com/?utm_campaign=gbp,4.9,499,https://maps.google.com/?cid=9104990909273379771&g_mp=Cidnb29nbGUubWFwcy5wbGFjZXMudjEuUGxhY2VzLlNlYXJjaFRleHQQAhgEIAA,OPERATIONAL,"laundry,service,point_of_interest,establishment",Carpet cleaning,Nampa
ChIJaXtPZvFLrlQRSjr3xQqvb1k,Alert Carpet Cleaning And Services LLC,"611 S State St, Nampa, ID 83686, USA",(208) 853-1171,http://www.alertcarpetcleaning.net/,4.6,81,https://maps.google.com/?cid=6444562052596316746&g_mp=Cidnb29nbGUubWFwcy5wbGFjZXMudjEuUGxhY2VzLlNlYXJjaFRleHQQAhgEIAA,OPERATIONAL,"laundry,service,point_of_interest,establishment",Carpet cleaning,Nampa
ChIJbx635RtDXawRh_9wcLKEGXg,Fresh start carpet cleaning llc,"8056 E Mckenzre St, Nampa, ID 83687, USA",(208) 880-5409,http://www.freshstartcarpetcleaningllc.com/,5,26,https://maps.google.com/?cid=8654094060894617479&g_mp=Cidnb29nbGUubWFwcy5wbGFjZXMudjEuUGxhY2VzLlNlYXJjaFRleHQQAhgEIAA,OPERATIONAL,"laundry,service,point_of_interest,establishment",Carpet cleaning,Nampa
ChIJW1hDZBG3r1QRTH2RksIE0mI,116 Extreme Clean,"7758 Ustick Rd, Nampa, ID 83687, USA",(208) 407-1649,https://www.116extremeclean.com/,5,338,https://maps.google.com/?cid=7120759194555350348&g_mp=Cidnb29nbGUubWFwcy5wbGFjZXMudjEuUGxhY2VzLlNlYXJjaFRleHQQAhgEIAA,OPERATIONAL,"laundry,general_contractor,service,point_of_interest,establishment",Carpet cleaning,Nampa
ChIJkc64qqJNrlQRi1PfVg2qC2I,1st and Goal Carpet Cleaning,"Cedar Park Pl, Nampa, ID 83686, USA",(208) 989-5191,https://www.1standgoalcc.com/,4.9,57,https://maps.google.com/?cid=7064927414729528203&g_mp=Cidnb29nbGUubWFwcy5wbGFjZXMudjEuUGxhY2VzLlNlYXJjaFRleHQQAhgEIAA,OPERATIONAL,"laundry,service,point_of_interest,establishment",Carpet cleaning,Nampa
ChIJxclC-4-Dx2kRrakQIXQPslw,Window Wise,"715 Maple St, Nampa, ID 83686, USA",(208) 617-9439,http://window-wise-llc.com/,5,23,https://maps.google.com/?cid=6679418188789229997&g_mp=Cidnb29nbGUubWFwcy5wbGFjZXMudjEuUGxhY2VzLlNlYXJjaFRleHQQAhgEIAA,OPERATIONAL,"service,point_of_interest,establishment",Window cleaning,Nampa
ChIJ-9uwdy4KxqwRRV8XFoTzRb8,Quick Clean Windows LLC,"11545 W Syringa Ct Ste 200, Star, ID 83669, USA",(208) 495-5711,https://www.quickcleanwindows.com/,5,17,https://maps.google.com/?cid=13782689983269134149&g_mp=Cidnb29nbGUubWFwcy5wbGFjZXMudjEuUGxhY2VzLlNlYXJjaFRleHQQAhgEIAA,OPERATIONAL,"service,point_of_interest,establishment",Window cleaning,Nampa
ChIJiQCxVY5NrlQRSwRHWdhz0EQ,Speedy Windows,"1411 Robinson Blvd, Nampa, ID 83687, USA",(208) 284-6048,https://speedywindows.net/,5,14,https://maps.google.com/?cid=4958590562782872651&g_mp=Cidnb29nbGUubWFwcy5wbGFjZXMudjEuUGxhY2VzLlNlYXJjaFRleHQQAhgEIAA,OPERATIONAL,"service,point_of_interest,establishment",Window cleaning,Nampa
ChIJhRnXGrmqr1QRzWiivcsJYsY,Fish Window Cleaning,"404 E Pine Ave, Meridian, ID 83642, USA",(208) 314-0601,https://www.fishwindowcleaning.com/Boise-ID-3216/,4.5,38,https://maps.google.com/?cid=14294998937891924173&g_mp=Cidnb29nbGUubWFwcy5wbGFjZXMudjEuUGxhY2VzLlNlYXJjaFRleHQQAhgEIAA,OPERATIONAL,"service,point_of_interest,establishment",Window cleaning,Nampa
ChIJ9UmItnop30sRGXybrVJlBfM,Pro Services,"11573 N 20th Pl, Boise, ID 83714, USA",(208) 450-9009,http://proservicesidaho.com/,5,133,https://maps.google.com/?cid=17511514131874413593&g_mp=Cidnb29nbGUubWFwcy5wbGFjZXMudjEuUGxhY2VzLlNlYXJjaFRleHQQAhgEIAA,OPERATIONAL,"service,point_of_interest,establishment",Window cleaning,Nampa
ChIJq-TVdhZNrlQRTYRGBoZlDfg,Express Pressure Wash Inc,"208 Barbara St, Nampa, ID 83687, USA",(208) 573-0242,https://www.manta.com/c/mtcfq0y/express-pressure-wash-inc,4.5,168,https://maps.google.com/?cid=17874054122408674381&g_mp=Cidnb29nbGUubWFwcy5wbGFjZXMudjEuUGxhY2VzLlNlYXJjaFRleHQQAhgEIAA,OPERATIONAL,"service,point_of_interest,establishment",Pressure washing,Nampa
ChIJAQCQsW9NrlQRK1xNXi8_N9w,Evolution Pressure Washing,"16674 N Profit Cir, Nampa, ID 83687, USA",(208) 353-4879,https://www.evolutionpwid.com/contact,5,1,https://maps.google.com/?cid=15868221284741372971&g_mp=Cidnb29nbGUubWFwcy5wbGFjZXMudjEuUGxhY2VzLlNlYXJjaFRleHQQAhgEIAA,OPERATIONAL,"service,point_of_interest,establishment",Pressure washing,Nampa
ChIJpeoPG-B9sUcRYbTELYAtOP4,Idaho Pressure Details,"3819 E Clear Springs Dr., Nampa, ID 83686, USA",(208) 805-9542,http://idahopressuredetails.com/,,0,https://maps.google.com/?cid=18318441512876422241&g_mp=Cidnb29nbGUubWFwcy5wbGFjZXMudjEuUGxhY2VzLlNlYXJjaFRleHQQAhgEIAA,OPERATIONAL,"service,point_of_interest,establishment",Pressure washing,Nampa
ChIJKc2yespNrlQR42rGYDDk8Hg,MR. Pressure Wash,"2837 Cougar Ave, Nampa, ID 83687, USA",(208) 570-3451,,,0,https://maps.google.com/?cid=8714716175395089123&g_mp=Cidnb29nbGUubWFwcy5wbGFjZXMudjEuUGxhY2VzLlNlYXJjaFRleHQQAhgEIAA,OPERATIONAL,"service,point_of_interest,establishment",Pressure washing,Nampa
ChIJ4awRuZxi9yoRXiwI9erpye0,"Fleet to Farm Pressure Washing, LLC","109 Sunnyside Dr, Caldwell, ID 83605, USA",(208) 697-9898,http://www.fleettofarmpressurewashing.com/,5,2,https://maps.google.com/?cid=17134483452650335326&g_mp=Cidnb29nbGUubWFwcy5wbGFjZXMudjEuUGxhY2VzLlNlYXJjaFRleHQQAhgEIAA,OPERATIONAL,"service,point_of_interest,establishment",Power washing,Nampa
ChIJnceIe2RMrlQRbqtrx-mLkMs,Dave's Lock Shop,"111 3rd St S, Nampa, ID 83651, USA",(208) 466-4222,http://daves-lock-shop-inc.multiscreensite.com/,4.8,202,https://maps.google.com/?cid=14668377822535068526&g_mp=Cidnb29nbGUubWFwcy5wbGFjZXMudjEuUGxhY2VzLlNlYXJjaFRleHQQAhgEIAA,OPERATIONAL,"locksmith,service,point_of_interest,establishment",Locksmith,Nampa
ChIJt4lvYBxdoQkRkdBn8BatTrk,The Key Guys LLC,"11400 Iowa Ave, Nampa, ID 83686, USA",(208) 856-0030,https://www.208keyguys.com/,5,168,https://maps.google.com/?cid=13352800259234320529&g_mp=Cidnb29nbGUubWFwcy5wbGFjZXMudjEuUGxhY2VzLlNlYXJjaFRleHQQAhgEIAA,OPERATIONAL,"locksmith,service,point_of_interest,establishment",Locksmith,Nampa
ChIJQXqLkgpNrlQRJR5brzC4gjk,Locksmith Near Me of Idaho,"1217 3rd St S Suite 107, Nampa, ID 83651, USA",(208) 218-8181,https://locksmith-near-me-idaho.com/,4.8,86,https://maps.google.com/?cid=4144077126374202917&g_mp=Cidnb29nbGUubWFwcy5wbGFjZXMudjEuUGxhY2VzLlNlYXJjaFRleHQQAhgEIAA,OPERATIONAL,"locksmith,service,point_of_interest,establishment",Locksmith,Nampa
ChIJi9I8RNxNrlQRfb5sBHdMVAc,KeyMe Locksmiths,"1175 N Happy Valley Rd, Nampa, ID 83687, USA",(208) 842-3409,https://key.me/kiosks/idaho/nampa/nampa/locksmith-copy-keys-nampa-winco-83687-idaho,3.8,4,https://maps.google.com/?cid=528131130368245373&g_mp=Cidnb29nbGUubWFwcy5wbGFjZXMudjEuUGxhY2VzLlNlYXJjaFRleHQQAhgEIAA,OPERATIONAL,"locksmith,service,point_of_interest,establishment",Locksmith,Nampa
ChIJOXcN9MBNrlQR7xlWKoHqsiY,KeyMe Locksmiths,"2020 Caldwell Blvd, Nampa, ID 83651, USA",(208) 858-6219,https://key.me/kiosks/idaho/nampa/nampa/locksmith-key-copy-nampa-winco-83651-idaho,,0,https://maps.google.com/?cid=2788548959777724911&g_mp=Cidnb29nbGUubWFwcy5wbGFjZXMudjEuUGxhY2VzLlNlYXJjaFRleHQQAhgEIAA,OPERATIONAL,"locksmith,service,point_of_interest,establishment",Locksmith,Nampa
ChIJL-YqLLROrlQRlxxb2wmH9Gw,Elite Key Solutions,"2406 Cleveland Blvd, Caldwell, ID 83605, USA",(208) 440-2277,https://www.elitekeysolutions.com/,4.6,134,https://maps.google.com/?cid=7851048526818253975&g_mp=Cidnb29nbGUubWFwcy5wbGFjZXMudjEuUGxhY2VzLlNlYXJjaFRleHQQAhgEIAA,OPERATIONAL,"locksmith,service,point_of_interest,establishment",Locksmith,Nampa
ChIJY7_uxCxJrlQRGHBjA4B-nPE,Minute Key,"2100 12th Ave Rd, Nampa, ID 83686, USA",(805) 472-6062,https://www.minutekey.com/key-services/idaho/nampa/locksmith-key-copy-duplication-2100-12th-ave-rd/28811/,3,6,https://maps.google.com/?cid=17409929347785256984&g_mp=Cidnb29nbGUubWFwcy5wbGFjZXMudjEuUGxhY2VzLlNlYXJjaFRleHQQAhgEIAA,OPERATIONAL,"locksmith,service,point_of_interest,establishment",Locksmith,Nampa
ChIJSy_IUgS1r1QRinaQwESm6qg,Discount Locksmith of Idaho,"1002 Blaine St #204, Caldwell, ID 83605, USA",(208) 504-1606,https://discount-locksmith-caldwell-id.com/,4.8,204,https://maps.google.com/?cid=12171723757140866698&g_mp=Cidnb29nbGUubWFwcy5wbGFjZXMudjEuUGxhY2VzLlNlYXJjaFRleHQQAhgEIAA,OPERATIONAL,"locksmith,service,point_of_interest,establishment",Locksmith,Nampa
ChIJC2F2oxdNrlQRzHEOb0xllVo,KeyMe Locksmiths,"50 2nd St S, Nampa, ID 83651, USA",(208) 547-5379,https://key.me/kiosks/idaho/nampa/nampa/locksmith-key-copy-nampa-fred-meyer-83651-idaho,4.1,27,https://maps.google.com/?cid=6527234613898539468&g_mp=Cidnb29nbGUubWFwcy5wbGFjZXMudjEuUGxhY2VzLlNlYXJjaFRleHQQAhgEIAA,OPERATIONAL,"locksmith,service,point_of_interest,establishment",Locksmith,Nampa
ChIJnR16MeFgw4ARekXkt3u880U,Minute Key,"5875 E Franklin Rd, Nampa, ID 83687, USA",(805) 472-6062,https://www.minutekey.com/key-services/idaho/nampa/locksmith-key-copy-duplication-5875-east-franklin-road/30970/,2.8,4,https://maps.google.com/?cid=5040579647509906810&g_mp=Cidnb29nbGUubWFwcy5wbGFjZXMudjEuUGxhY2VzLlNlYXJjaFRleHQQAhgEIAA,OPERATIONAL,"locksmith,service,point_of_interest,establishment",Locksmith,Nampa
ChIJxUhKPJ-0r1QRR1cPCNhP7VQ,Minute Key,"5108 Cleveland Blvd, Caldwell, ID 83607, USA",(805) 472-6062,https://www.minutekey.com/key-services/idaho/caldwell/locksmith-key-copy-duplication-5108-cleveland-blvd-/14895/,4.3,9,https://maps.google.com/?cid=6119635257933125447&g_mp=Cidnb29nbGUubWFwcy5wbGFjZXMudjEuUGxhY2VzLlNlYXJjaFRleHQQAhgEIAA,OPERATIONAL,"locksmith,service,point_of_interest,establishment",Locksmith,Nampa
ChIJN3ysbDxNrlQRZNpgeIwbLeU,Diamond S Towing & Recovery,"1404 1st St N, Nampa, ID 83651, USA",(208) 850-8697,https://dstidaho.com/,4.4,35,https://maps.google.com/?cid=16513885698766461540&g_mp=Cidnb29nbGUubWFwcy5wbGFjZXMudjEuUGxhY2VzLlNlYXJjaFRleHQQAhgEIAA,OPERATIONAL,"locksmith,service,point_of_interest,establishment",Locksmith,Nampa
ChIJgeuf4kNNrlQRnAIauMP6mA0,Minute Key,"1400 Nampa-Caldwell Blvd, Nampa, ID 83651, USA",(805) 472-6062,https://www.minutekey.com/key-services/idaho/nampa/locksmith-key-copy-duplication-1400-nampa-caldwell-blvd/32732/,5,3,https://maps.google.com/?cid=979808637467361948&g_mp=Cidnb29nbGUubWFwcy5wbGFjZXMudjEuUGxhY2VzLlNlYXJjaFRleHQQAhgEIAA,OPERATIONAL,"locksmith,service,point_of_interest,establishment",Locksmith,Nampa
ChIJg4LPMQm1r1QRoB2vfMbXieQ,Canyon Septic Services LLC,"16152 Lonkey Ln, Caldwell, ID 83607, USA",(208) 454-2692,http://canyonsepticidaho.com/,5,83,https://maps.google.com/?cid=16467930759952276896&g_mp=Cidnb29nbGUubWFwcy5wbGFjZXMudjEuUGxhY2VzLlNlYXJjaFRleHQQAhgEIAA,OPERATIONAL,"service,point_of_interest,establishment",Septic service,Nampa
ChIJR2gAchOzr1QRclcnN6xAngs,Basalt Blackwater,"704 Albany St, Caldwell, ID 83605, USA",(208) 453-8900,http://basalt208.com/,5,24,https://maps.google.com/?cid=837177689141368690&g_mp=Cidnb29nbGUubWFwcy5wbGFjZXMudjEuUGxhY2VzLlNlYXJjaFRleHQQAhgEIAA,OPERATIONAL,"service,point_of_interest,establishment",Septic service,Nampa
ChIJHcdkrGn_rlQRIgkDCDEWxsg,CXT LB Foster Precast,"6701 E Flamingo Ave Bldg 300, Nampa, ID 83687, USA",(208) 800-6200,https://lbfoster.com/infrastructure/precast-concrete-products/idaho,4.7,21,https://maps.google.com/?cid=14467275252817922338&g_mp=Cidnb29nbGUubWFwcy5wbGFjZXMudjEuUGxhY2VzLlNlYXJjaFRleHQQAhgEIAA,OPERATIONAL,"point_of_interest,establishment",Septic service,Nampa
ChIJIVsYFrlNrlQR9BOmCGX-Hj8,"Alternative Wastewater Systems, LLC","420 N Happy Valley Rd, Nampa, ID 83687, USA",(208) 453-9230,,1.5,4,https://maps.google.com/?cid=4548352383581033460&g_mp=Cidnb29nbGUubWFwcy5wbGFjZXMudjEuUGxhY2VzLlNlYXJjaFRleHQQAhgEIAA,OPERATIONAL,"service,point_of_interest,establishment",Septic service,Nampa
ChIJswYL6CpSE6gRWHAwf8RFjmA,Everything Irrigation Holding Inc,"Nampa, ID 83651, USA",(208) 559-6974,https://www.208everythingirrigation.com/,5,41,https://maps.google.com/?cid=6957575184583782488&g_mp=Cidnb29nbGUubWFwcy5wbGFjZXMudjEuUGxhY2VzLlNlYXJjaFRleHQQAhgEIAA,OPERATIONAL,"general_contractor,service,point_of_interest,establishment",Irrigation repair,Nampa
ChIJE7hI_SdJrlQRNSf6QwgeUhY,Backflow and Sprinkler Service Pro LLC,"1001 Sage Creek Rd, Nampa, ID 83686, USA",(208) 971-8059,https://www.backflowandsprinklerservicepro.com/,5,206,https://maps.google.com/?cid=1608381037773727541&g_mp=Cidnb29nbGUubWFwcy5wbGFjZXMudjEuUGxhY2VzLlNlYXJjaFRleHQQAhgEIAA,OPERATIONAL,"general_contractor,service,point_of_interest,establishment",Irrigation repair,Nampa
ChIJyZhGGb4hA0MRN3H0iweUFA0,Focal Point Smart Irrigation,"1123 12th Ave Rd #158, Nampa, ID 83686, USA",(208) 701-2023,http://focalpointsmartirrigation.com/,5,27,https://maps.google.com/?cid=942540982161010999&g_mp=Cidnb29nbGUubWFwcy5wbGFjZXMudjEuUGxhY2VzLlNlYXJjaFRleHQQAhgEIAA,OPERATIONAL,"general_contractor,service,point_of_interest,establishment",Irrigation repair,Nampa
ChIJFZIOGrdNrlQRwu8kZ7V5w9s,Claiborne Sprinkling,"4000 Airport Rd, Nampa, ID 83687, USA",(208) 999-6693,,4.1,23,https://maps.google.com/?cid=15835634534791311298&g_mp=Cidnb29nbGUubWFwcy5wbGFjZXMudjEuUGxhY2VzLlNlYXJjaFRleHQQAhgEIAA,OPERATIONAL,"general_contractor,service,point_of_interest,establishment",Irrigation repair,Nampa
ChIJvytn7j5JrlQRvWHFaeCg8Ds,Kaufman Landscape and design,"4112 SunnyRidge Rd, Nampa, ID 83686, USA",(208) 272-1737,,,0,https://maps.google.com/?cid=4319128928355967421&g_mp=Cidnb29nbGUubWFwcy5wbGFjZXMudjEuUGxhY2VzLlNlYXJjaFRleHQQAhgEIAA,OPERATIONAL,"general_contractor,service,point_of_interest,establishment",Irrigation repair,Nampa
ChIJ9xeKofFOrlQRrHbi0WSO9OU,Nampa & Meridian Irrigation District,"5525 E Greenhurst Rd, Nampa, ID 83686, USA",(208) 466-0663,http://www.nmid.org/,4.3,6,https://maps.google.com/?cid=16570025492672050860&g_mp=Cidnb29nbGUubWFwcy5wbGFjZXMudjEuUGxhY2VzLlNlYXJjaFRleHQQAhgEIAA,OPERATIONAL,"supplier,food,point_of_interest,establishment",Irrigation repair,Nampa
ChIJFxgXHlBMrlQR1BmUsLBZJRo,Pipeco Irrigation Supply Nampa,"1504 Garrity Blvd, Nampa, ID 83687, USA",(208) 466-8916,http://www.pipecoidaho.com/,4.5,96,https://maps.google.com/?cid=1884010634536032724&g_mp=Cidnb29nbGUubWFwcy5wbGFjZXMudjEuUGxhY2VzLlNlYXJjaFRleHQQAhgEIAA,OPERATIONAL,"building_materials_store,supplier,general_contractor,home_improvement_store,home_goods_store,food,service,store,point_of_interest,establishment",Irrigation repair,Nampa
ChIJNf2B4GNMrlQRMf5JHWLN0uI,Nampa Irrigation Maintenance,"24 1st St S, Nampa, ID 83651, USA",(208) 468-5860,,,0,https://maps.google.com/?cid=16344351818962828849&g_mp=Cidnb29nbGUubWFwcy5wbGFjZXMudjEuUGxhY2VzLlNlYXJjaFRleHQQAhgEIAA,OPERATIONAL,"general_contractor,local_government_office,government_office,service,point_of_interest,establishment",Irrigation repair,Nampa
ChIJ35mwoYZLrlQREBXdhQIWI8M,Sprinkler Pipe Repair Services,"36 N Pleasants Dr, Nampa, ID 83651, USA",(208) 465-7758,,5,1,https://maps.google.com/?cid=14061106661672424720&g_mp=Cidnb29nbGUubWFwcy5wbGFjZXMudjEuUGxhY2VzLlNlYXJjaFRleHQQAhgEIAA,OPERATIONAL,"general_contractor,point_of_interest,service,establishment",Sprinkler repair,Nampa
ChIJfRmmYJdOrlQRnfd3_MiXW0g,Thueson Landscape & Sprinkler,"3719 E Man O War Dr, Nampa, ID 83686, USA",(208) 465-7221,,5,1,https://maps.google.com/?cid=5213927883096455069&g_mp=Cidnb29nbGUubWFwcy5wbGFjZXMudjEuUGxhY2VzLlNlYXJjaFRleHQQAhgEIAA,OPERATIONAL,"general_contractor,point_of_interest,service,establishment",Sprinkler repair,Nampa
ChIJTSXKZU9JrlQRHBnG0qgQquU,Green Cut Sprinklers & Landscp,"Nampa, ID 83687, USA",(208) 442-1778,https://www.greencutsprinklers.com/,5,2,https://maps.google.com/?cid=16549058098003056924&g_mp=Cidnb29nbGUubWFwcy5wbGFjZXMudjEuUGxhY2VzLlNlYXJjaFRleHQQAhgEIAA,OPERATIONAL,"general_contractor,point_of_interest,service,establishment",Sprinkler repair,Nampa
ChIJ5ePKFGGXpooRR02W-FfGpyI,EB Flooring LLC,"1720 N Midland Blvd, Nampa, ID 83651, USA",(208) 249-0370,https://www.ebflooring.com/,5,3,https://maps.google.com/?cid=2497182599535283527&g_mp=Cidnb29nbGUubWFwcy5wbGFjZXMudjEuUGxhY2VzLlNlYXJjaFRleHQQAhgEIAA,OPERATIONAL,"general_contractor,service,point_of_interest,establishment",Flooring contractor,Nampa
ChIJU0-6dlhWrlQRy7wGx0ysSzY,Nampa Floors & Interiors,"1276 S Maple Grove Rd, Boise, ID 83709, USA",(208) 376-6363,http://www.nampafloors.com/,4.9,331,https://maps.google.com/?cid=3912410147058007243&g_mp=Cidnb29nbGUubWFwcy5wbGFjZXMudjEuUGxhY2VzLlNlYXJjaFRleHQQAhgEIAA,OPERATIONAL,"furniture_store,home_improvement_store,home_goods_store,building_materials_store,general_contractor,store,service,point_of_interest,establishment",Flooring contractor,Nampa
ChIJLdmINFdMrlQRmlHWW6D3f54,Nampa Floors & Interiors,"2121 E Plaza Loop, Nampa, ID 83687, USA",(208) 466-8461,https://www.nampafloors.com/,4.7,557,https://maps.google.com/?cid=11421119448142467482&g_mp=Cidnb29nbGUubWFwcy5wbGFjZXMudjEuUGxhY2VzLlNlYXJjaFRleHQQAhgEIAA,OPERATIONAL,"home_goods_store,building_materials_store,general_contractor,supplier,store,service,point_of_interest,establishment",Flooring contractor,Nampa
ChIJ71n1505PrlQRMvruw_wcZgE,Pioneer Construction Specialists,"1809 E Iowa Ave, Nampa, ID 83686, USA",(208) 739-3555,,5,3,https://maps.google.com/?cid=100799913606969906&g_mp=Cidnb29nbGUubWFwcy5wbGFjZXMudjEuUGxhY2VzLlNlYXJjaFRleHQQAhgEIAA,OPERATIONAL,"general_contractor,service,point_of_interest,establishment",Flooring contractor,Nampa
ChIJvRGqpWNNrlQRn9SVrzxtoPs,Allay Flooring Company,"8890 Grizzly Lane, Nampa, ID 83686, USA",(208) 475-4247,http://allayflooring.com/,5,3,https://maps.google.com/?cid=18131612207204914335&g_mp=Cidnb29nbGUubWFwcy5wbGFjZXMudjEuUGxhY2VzLlNlYXJjaFRleHQQAhgEIAA,OPERATIONAL,"furniture_store,home_improvement_store,home_goods_store,building_materials_store,general_contractor,supplier,store,service,point_of_interest,establishment",Flooring contractor,Nampa
ChIJbSXXbWxMrlQROpbThNgnNH0,Dillabaugh's Carpet One Floor & Home,"323 12th Ave S, Nampa, ID 83651, USA",(208) 475-3228,http://dillabaughscarpetone.com/,4.9,241,https://maps.google.com/?cid=9021879764424824378&g_mp=Cidnb29nbGUubWFwcy5wbGFjZXMudjEuUGxhY2VzLlNlYXJjaFRleHQQAhgEIAA,OPERATIONAL,"furniture_store,home_improvement_store,home_goods_store,building_materials_store,general_contractor,supplier,store,service,point_of_interest,establishment",Flooring contractor,Nampa
ChIJ6W9ItbYwJQgRShXAarq5aJk,Precision Tiling and Epoxy LLC,"1328 S Edgewater Cir, Nampa, ID 83686, USA",(320) 493-1597,https://www.facebook.com/precisiontme,5,10,https://maps.google.com/?cid=11054289495686911306&g_mp=Cidnb29nbGUubWFwcy5wbGFjZXMudjEuUGxhY2VzLlNlYXJjaFRleHQQAhgEIAA,OPERATIONAL,"general_contractor,service,point_of_interest,establishment",Flooring contractor,Nampa
ChIJ-3XXLbR1zWERrESMClF-v70,"Topline Contractors, LLC","907 W Odessa Loop, Nampa, ID 83686, USA",(503) 888-8432,https://toplinecontractorsllc.com/,5,6,https://maps.google.com/?cid=13672785880254530732&g_mp=Cidnb29nbGUubWFwcy5wbGFjZXMudjEuUGxhY2VzLlNlYXJjaFRleHQQAhgEIAA,OPERATIONAL,"general_contractor,furniture_store,home_improvement_store,home_goods_store,store,service,point_of_interest,establishment",Flooring contractor,Nampa
ChIJ__-rjHdLrlQR7nebcMs6HTQ,MPS Flooring,"2100 W Willow Pointe Ave, Nampa, ID 83651, USA",(208) 631-9048,,5,4,https://maps.google.com/?cid=3755222309738870766&g_mp=Cidnb29nbGUubWFwcy5wbGFjZXMudjEuUGxhY2VzLlNlYXJjaFRleHQQAhgEIAA,OPERATIONAL,"general_contractor,service,point_of_interest,establishment",Flooring contractor,Nampa
ChIJ58S2T9RNrlQRSuWlf-VvQ70,Nampa Hardwood Floor Refinishing,"510 N Clarence Ln, Nampa, ID 83687, USA",(208) 644-8599,,5,1,https://maps.google.com/?cid=13637867128087766346&g_mp=Cidnb29nbGUubWFwcy5wbGFjZXMudjEuUGxhY2VzLlNlYXJjaFRleHQQAhgEIAA,OPERATIONAL,"general_contractor,service,point_of_interest,establishment",Flooring contractor,Nampa
ChIJX3j_SttOrlQRvA3dUWmod3s,Master Flooring Hardwood,"3550 S Magnolia Ave, Nampa, ID 83686, USA",(208) 936-0106,https://masterflooringhardwood.com/contact,5,1,https://maps.google.com/?cid=8896764759192178108&g_mp=Cidnb29nbGUubWFwcy5wbGFjZXMudjEuUGxhY2VzLlNlYXJjaFRleHQQAhgEIAA,OPERATIONAL,"point_of_interest,establishment",Flooring contractor,Nampa
ChIJga7ME6cBeaERwY_Zw7yj6uo,HSB Tile LLC,"1809 S Suncroft Ave, Nampa, ID 83686, USA",(208) 800-2641,https://hsbtile.com/,4.8,23,https://maps.google.com/?cid=16927522180560424897&g_mp=Cidnb29nbGUubWFwcy5wbGFjZXMudjEuUGxhY2VzLlNlYXJjaFRleHQQAhgEIAA,OPERATIONAL,"home_goods_store,general_contractor,store,service,point_of_interest,establishment",Flooring contractor,Nampa
ChIJfSSRI0unr1QRPFI9nyFWMoc,Colpron Custom Floors LLC,"522 Tyler Rd, Emmett, ID 83617, USA",(208) 685-9167,https://colproncustomfloors.com/,4.8,66,https://maps.google.com/?cid=9741943646361309756&g_mp=Cidnb29nbGUubWFwcy5wbGFjZXMudjEuUGxhY2VzLlNlYXJjaFRleHQQAhgEIAA,OPERATIONAL,"home_goods_store,building_materials_store,general_contractor,store,service,point_of_interest,establishment",Flooring contractor,Nampa
ChIJW_qe9ZFTrlQRiuryBgTrsKE,Fashion Floors & Interiors Inc.,"1218 3rd St S, Nampa, ID 83651, USA",(208) 467-3771,https://fashionfloorsidaho.com/,4.5,23,https://maps.google.com/?cid=11651070638536452746&g_mp=Cidnb29nbGUubWFwcy5wbGFjZXMudjEuUGxhY2VzLlNlYXJjaFRleHQQAhgEIAA,OPERATIONAL,"furniture_store,home_improvement_store,home_goods_store,building_materials_store,general_contractor,supplier,store,service,point_of_interest,establishment",Flooring contractor,Nampa
ChIJpVfQU5ZNrlQRb97bH6sc7gc,This Guy Tile and Stone,"Nampa, ID 83651, USA",(208) 803-8222,,5,1,https://maps.google.com/?cid=571425724022120047&g_mp=Cidnb29nbGUubWFwcy5wbGFjZXMudjEuUGxhY2VzLlNlYXJjaFRleHQQAhgEIAA,OPERATIONAL,"general_contractor,service,point_of_interest,establishment",Tile contractor,Nampa
ChIJsUCjGU5LrlQRFi_OIQUdO50,Magic Tile LLC,"16223 N Diamond Peak Dr, Nampa, ID 83651, USA",(208) 546-2592,,3.7,3,https://maps.google.com/?cid=11329681195459817238&g_mp=Cidnb29nbGUubWFwcy5wbGFjZXMudjEuUGxhY2VzLlNlYXJjaFRleHQQAhgEIAA,OPERATIONAL,"general_contractor,service,point_of_interest,establishment",Tile contractor,Nampa
ChIJmw0MfnlMrlQRlfHxc7YpJyU,Galaviz Custom Tile,"PO Box 129, Nampa, ID 83651, USA",(208) 353-2159,,4.8,5,https://maps.google.com/?cid=2677154367101071765&g_mp=Cidnb29nbGUubWFwcy5wbGFjZXMudjEuUGxhY2VzLlNlYXJjaFRleHQQAhgEIAA,OPERATIONAL,"general_contractor,service,point_of_interest,establishment",Tile contractor,Nampa
ChIJC7IphslLrlQRm-bMc4pkHsk,Square One Tile,"2211 S Tucson Ave, Nampa, ID 83686, USA",(208) 800-2133,,4,2,https://maps.google.com/?cid=14492131196735907483&g_mp=Cidnb29nbGUubWFwcy5wbGFjZXMudjEuUGxhY2VzLlNlYXJjaFRleHQQAhgEIAA,OPERATIONAL,"general_contractor,service,point_of_interest,establishment",Tile contractor,Nampa
ChIJzc-LKWlMrlQRnAsvQYOnW3Q,Forest Creek Cabinetry,"211 9th Ave S, Nampa, ID 83651, USA",(208) 391-3682,http://www.forestcreekcabinetry.com/,4.7,29,https://maps.google.com/?cid=8384479313456466844&g_mp=Cidnb29nbGUubWFwcy5wbGFjZXMudjEuUGxhY2VzLlNlYXJjaFRleHQQAhgEIAA,OPERATIONAL,"home_goods_store,manufacturer,general_contractor,service,store,point_of_interest,establishment",Cabinet maker,Nampa
ChIJifAOkLpNrlQRndYMoioFoZE,Chapel Hill,"4016 Summit Ln, Nampa, ID 83687, USA",(208) 442-8044,http://www.chapelhillcabinetry.com/,4.6,7,https://maps.google.com/?cid=10493674287415482013&g_mp=Cidnb29nbGUubWFwcy5wbGFjZXMudjEuUGxhY2VzLlNlYXJjaFRleHQQAhgEIAA,OPERATIONAL,"manufacturer,service,point_of_interest,establishment",Cabinet maker,Nampa
ChIJ3S7ZMktNrlQRFBTyWvCgZZI,Pacific West Cabinetry,"3618 E Newby St, Nampa, ID 83687, USA",(208) 849-3612,https://pwcquality.com/,,0,https://maps.google.com/?cid=10549014656363664404&g_mp=Cidnb29nbGUubWFwcy5wbGFjZXMudjEuUGxhY2VzLlNlYXJjaFRleHQQAhgEIAA,OPERATIONAL,"manufacturer,service,point_of_interest,establishment",Cabinet maker,Nampa
ChIJq6quJI9MrlQR0AEc-uWV1Po,Legacy Craft,"414 Caldwell Blvd, Nampa, ID 83651, USA",(208) 223-3863,http://www.legacycraft.co/,5,1,https://maps.google.com/?cid=18074236019520831952&g_mp=Cidnb29nbGUubWFwcy5wbGFjZXMudjEuUGxhY2VzLlNlYXJjaFRleHQQAhgEIAA,OPERATIONAL,"manufacturer,service,point_of_interest,establishment",Cabinet maker,Nampa
ChIJZ6rO1bJNrlQRDzurKAZ61yE,Porter's Custom Cabinets,"405 N Kings Rd, Nampa, ID 83687, USA",(208) 466-3877,http://www.porterscustomcabinets.com/,4.2,5,https://maps.google.com/?cid=2438551890115115791&g_mp=Cidnb29nbGUubWFwcy5wbGFjZXMudjEuUGxhY2VzLlNlYXJjaFRleHQQAhgEIAA,OPERATIONAL,"manufacturer,service,point_of_interest,establishment",Cabinet maker,Nampa
ChIJT27z3rJNrlQR7B9SmkOSnLM,Hidden River Cabinetry,"424 N Kings Rd, Nampa, ID 83687, USA",(208) 370-8680,,5,4,https://maps.google.com/?cid=12942380248205500396&g_mp=Cidnb29nbGUubWFwcy5wbGFjZXMudjEuUGxhY2VzLlNlYXJjaFRleHQQAhgEIAA,OPERATIONAL,"manufacturer,service,point_of_interest,establishment",Cabinet maker,Nampa
ChIJf-ljFxtNrlQR68yk8izWjoU,River City Cabinetry,"2603 Sundance Rd # 100, Nampa, ID 83651, USA",(208) 559-5302,https://www.rivercitycabinetsidaho.com/,4.9,27,https://maps.google.com/?cid=9623864942275120363&g_mp=Cidnb29nbGUubWFwcy5wbGFjZXMudjEuUGxhY2VzLlNlYXJjaFRleHQQAhgEIAA,OPERATIONAL,"furniture_store,home_improvement_store,building_materials_store,home_goods_store,store,point_of_interest,establishment",Cabinet maker,Nampa
ChIJpYD59f5IrlQR1RDFxk4Qa8c,Kinsmen Custom Cabinetry Inc,"9065 Lake Shore Dr, Nampa, ID 83686, USA",(208) 250-7746,,4.5,8,https://maps.google.com/?cid=14369596966583996629&g_mp=Cidnb29nbGUubWFwcy5wbGFjZXMudjEuUGxhY2VzLlNlYXJjaFRleHQQAhgEIAA,OPERATIONAL,"manufacturer,service,point_of_interest,establishment",Cabinet maker,Nampa
ChIJ0T4vkpZIrlQRoOy5N4QR9aw,L J Cabinetry,"8502 Track Rd, Nampa, ID 83686, USA",(208) 880-7559,https://ljcabinetry.com/,5,10,https://maps.google.com/?cid=12462886803386002592&g_mp=Cidnb29nbGUubWFwcy5wbGFjZXMudjEuUGxhY2VzLlNlYXJjaFRleHQQAhgEIAA,OPERATIONAL,"home_goods_store,manufacturer,general_contractor,service,store,point_of_interest,establishment",Cabinet maker,Nampa
ChIJa7kcgx5PrlQRjQaSpoORV-0,Mathews cabinet installation,"4000 E Winterberry Dr, Nampa, ID 83687, USA",,https://mathewscabinets.com/,5,3,https://maps.google.com/?cid=17102298104584078989&g_mp=Cidnb29nbGUubWFwcy5wbGFjZXMudjEuUGxhY2VzLlNlYXJjaFRleHQQAhgEIAA,OPERATIONAL,"manufacturer,service,point_of_interest,establishment",Cabinet maker,Nampa
ChIJSS0X3apNrlQRdjKJRSbhyT8,Cornerstone Custom Cabinets,"2334 W Hemingway Blvd, Nampa, ID 83651, USA",(208) 871-6048,https://cornerstonecustomcabinets.com/,,0,https://maps.google.com/?cid=4596452449199927926&g_mp=Cidnb29nbGUubWFwcy5wbGFjZXMudjEuUGxhY2VzLlNlYXJjaFRleHQQAhgEIAA,OPERATIONAL,"manufacturer,service,point_of_interest,establishment",Cabinet maker,Nampa
ChIJX8tBHEtMrlQRfKuL2akixBk,J. Alexander Fine Woodworking,"3122 Port St, Nampa, ID 83687, USA",(208) 447-7081,http://www.jawoodworking.com/,4.3,6,https://maps.google.com/?cid=1856647059278113660&g_mp=Cidnb29nbGUubWFwcy5wbGFjZXMudjEuUGxhY2VzLlNlYXJjaFRleHQQAhgEIAA,OPERATIONAL,"manufacturer,service,point_of_interest,establishment",Cabinet maker,Nampa
ChIJ8akRMphNrlQRKGoDZqyvvUA,Raffinata Home,"7482 Alpine Dr #2, Nampa, ID 83687, USA",(208) 562-9979,http://www.raffinata.net/,4.9,11,https://maps.google.com/?cid=4665077944006437416&g_mp=Cidnb29nbGUubWFwcy5wbGFjZXMudjEuUGxhY2VzLlNlYXJjaFRleHQQAhgEIAA,OPERATIONAL,"manufacturer,service,point_of_interest,establishment",Cabinet maker,Nampa
ChIJESkfq4lMrlQR2nIVkfSgTm4,Custom Cabinets of Idaho llc,"310 Caldwell Blvd, Nampa, ID 83651, USA",(208) 800-0454,,2.6,16,https://maps.google.com/?cid=7948467364622070490&g_mp=Cidnb29nbGUubWFwcy5wbGFjZXMudjEuUGxhY2VzLlNlYXJjaFRleHQQAhgEIAA,OPERATIONAL,"furniture_store,home_improvement_store,home_goods_store,store,point_of_interest,establishment",Cabinet maker,Nampa
ChIJDW8Bi0CD8SsRQq8rQ2BNBwQ,Seare Woodworking LLC,"19708 Cumberland Way, Caldwell, ID 83605, USA",(208) 918-7172,http://searewoodworkingllc.com/,5,14,https://maps.google.com/?cid=290285776827821890&g_mp=Cidnb29nbGUubWFwcy5wbGFjZXMudjEuUGxhY2VzLlNlYXJjaFRleHQQAhgEIAA,OPERATIONAL,"manufacturer,service,point_of_interest,establishment",Cabinet maker,Nampa
ChIJL35SlfhNrlQRJG_HGkoc_bc,Treasure Valley Custom Cabinets,"2603 Sundance Rd Suite 117, Nampa, ID 83651, USA",(208) 409-3926,http://tvccabinets.com/,3,6,https://maps.google.com/?cid=13257783982651043620&g_mp=Cidnb29nbGUubWFwcy5wbGFjZXMudjEuUGxhY2VzLlNlYXJjaFRleHQQAhgEIAA,OPERATIONAL,"manufacturer,service,point_of_interest,establishment",Cabinet maker,Nampa
ChIJlVdSErJNrlQRBvftJ81D16Q,California Closets - Nampa,"3701 E Comstock Ave, Nampa, ID 83687, USA",(986) 999-4200,https://www.locations.californiaclosets.com/california-closets-nampa-936a43eeee99,4.9,47,https://maps.google.com/?cid=11878037090630235910&g_mp=Cidnb29nbGUubWFwcy5wbGFjZXMudjEuUGxhY2VzLlNlYXJjaFRleHQQAhgEIAA,OPERATIONAL,"furniture_store,home_improvement_store,home_goods_store,manufacturer,general_contractor,service,store,point_of_interest,establishment",Cabinet maker,Nampa
ChIJ0SDiUZpLrlQRw43fDIcloWc,Space Envy LLC,"22 S Newberry Way, Nampa, ID 83651, USA",(208) 812-5154,http://www.spaceenvy.net/?utm_source=GMBListing&utm_medium=organic,4.8,17,https://maps.google.com/?cid=7467290919123783107&g_mp=Cidnb29nbGUubWFwcy5wbGFjZXMudjEuUGxhY2VzLlNlYXJjaFRleHQQAhgEIAA,OPERATIONAL,"furniture_store,home_improvement_store,home_goods_store,manufacturer,general_contractor,service,store,point_of_interest,establishment",Cabinet maker,Nampa
ChIJo7uO2GdNrlQRJrTlEmsFj9I,CAID Company LLC,"803 S Powerline Rd, Nampa, ID 83686, USA",,http://www.caidcompany.com/,4.8,78,https://maps.google.com/?cid=15172351627071173670&g_mp=Cidnb29nbGUubWFwcy5wbGFjZXMudjEuUGxhY2VzLlNlYXJjaFRleHQQAhgEIAA,OPERATIONAL,"general_contractor,point_of_interest,service,establishment",Kitchen remodel,Nampa
ChIJU3HuMQ_Lr1QRrfc7Ki5hW5c,Parry Construction,"14594 Perfection Ln, Caldwell, ID 83607, USA",(208) 284-3836,https://parryconstruction.com/nampa-caldwell/,5,75,https://maps.google.com/?cid=10906417773512751021&g_mp=Cidnb29nbGUubWFwcy5wbGFjZXMudjEuUGxhY2VzLlNlYXJjaFRleHQQAhgEIAA,OPERATIONAL,"home_goods_store,general_contractor,store,point_of_interest,service,establishment",Kitchen remodel,Nampa
ChIJ-cuu9jJJrlQRGJlepWS8qAk,Good Works R&C,"435 W Wycliff Dr, Nampa, ID 83686, USA",(208) 912-8444,https://goodworksrnc.com/,5,10,https://maps.google.com/?cid=696013282885933336&g_mp=Cidnb29nbGUubWFwcy5wbGFjZXMudjEuUGxhY2VzLlNlYXJjaFRleHQQAhgEIAA,OPERATIONAL,"point_of_interest,service,establishment",Kitchen remodel,Nampa
ChIJvcc1VTBNrlQRGjYdBfx7PNQ,Max Fix Renovation LLC Construction and Remodeling services.,"16928 N Kettering Ct, Nampa, ID 83687, USA",(208) 505-7212,http://maxfixpro.com/,5,2,https://maps.google.com/?cid=15293234756991137306&g_mp=Cidnb29nbGUubWFwcy5wbGFjZXMudjEuUGxhY2VzLlNlYXJjaFRleHQQAhgEIAA,OPERATIONAL,"general_contractor,painter,home_goods_store,store,point_of_interest,service,establishment",Kitchen remodel,Nampa
ChIJZWkspoFMrlQRHtYar8NwGB4,RHINO RESTORATION & REMODELING,"412 Midland Blvd, Nampa, ID 83651, USA",(208) 703-0743,http://rhinorestorationremodeling.com/,5,9,https://maps.google.com/?cid=2168607206337599006&g_mp=Cidnb29nbGUubWFwcy5wbGFjZXMudjEuUGxhY2VzLlNlYXJjaFRleHQQAhgEIAA,OPERATIONAL,"home_goods_store,general_contractor,store,point_of_interest,service,establishment",Kitchen remodel,Nampa
ChIJQU9wu99NrlQRjqZ_1ev8cKA,Refinish First in Nampa,"104 9th Ave S #B5, Nampa, ID 83651, USA",(208) 505-6635,https://refinishfirst.net/?utm_source=gbp&utm_medium=nampa,4.7,82,https://maps.google.com/?cid=11561018333289490062&g_mp=Cidnb29nbGUubWFwcy5wbGFjZXMudjEuUGxhY2VzLlNlYXJjaFRleHQQAhgEIAA,OPERATIONAL,"home_goods_store,general_contractor,store,point_of_interest,service,establishment",Kitchen remodel,Nampa
ChIJbbZkLVV5kIoRUPtJJTd3HiA,Retro,"3624 E Newby St STE 107, Nampa, ID 83687, USA",(208) 423-3603,https://retrorestoreidaho.com/,4.9,69,https://maps.google.com/?cid=2314418337247525712&g_mp=Cidnb29nbGUubWFwcy5wbGFjZXMudjEuUGxhY2VzLlNlYXJjaFRleHQQAhgEIAA,OPERATIONAL,"general_contractor,point_of_interest,service,establishment",Kitchen remodel,Nampa
ChIJ5ZXWZFp0V6URjldvtDa1ZEk,Mallard Custom Construction llc,"11224 W Hunt Ave, Nampa, ID 83651, USA",(208) 249-4402,http://mallardcustom.com/,5,6,https://maps.google.com/?cid=5288551108999862158&g_mp=Cidnb29nbGUubWFwcy5wbGFjZXMudjEuUGxhY2VzLlNlYXJjaFRleHQQAhgEIAA,OPERATIONAL,"general_contractor,manufacturer,home_goods_store,service,store,point_of_interest,establishment",Bathroom remodel,Nampa
ChIJb3X2UTchro4Ry0TnrAOoWvg,Evolution Drywall and Remodeling LLC,"331 W Washington Ave, Nampa, ID 83686, USA",(661) 510-9752,https://evolutiondrywallandremodeling.com/,5,10,https://maps.google.com/?cid=17895800803049293003&g_mp=Cidnb29nbGUubWFwcy5wbGFjZXMudjEuUGxhY2VzLlNlYXJjaFRleHQQAhgEIAA,OPERATIONAL,"general_contractor,service,point_of_interest,establishment",Bathroom remodel,Nampa
ChIJAQw_16r6-6oRDxUjoM0Alak,Remarkable Remodel,"2142 W Rosten Ave, Nampa, ID 83686, USA",(208) 917-3494,https://www.instagram.com/remarkableremodelidaho/,5,1,https://maps.google.com/?cid=12219674047094658319&g_mp=Cidnb29nbGUubWFwcy5wbGFjZXMudjEuUGxhY2VzLlNlYXJjaFRleHQQAhgEIAA,OPERATIONAL,"service,point_of_interest,establishment",Bathroom remodel,Nampa
ChIJrZF1u2hNrlQRUeFcPjTspJ8,Bubbly Nampa Bath Remodel,"16913 N Chelford Loop, Nampa, ID 83687, USA",(208) 369-9887,http://nampabathroomremodel.com/,,0,https://maps.google.com/?cid=11503579057339818321&g_mp=Cidnb29nbGUubWFwcy5wbGFjZXMudjEuUGxhY2VzLlNlYXJjaFRleHQQAhgEIAA,OPERATIONAL,"general_contractor,home_goods_store,service,store,point_of_interest,establishment",Bathroom remodel,Nampa
ChIJLV9x2v5NrlQRy4alG6QFNZI,Home Solutions & Construction,"935 W S Diamond St, Nampa, ID 83686, USA",(208) 671-6185,,4.6,36,https://maps.google.com/?cid=10535333105699751627&g_mp=Cidnb29nbGUubWFwcy5wbGFjZXMudjEuUGxhY2VzLlNlYXJjaFRleHQQAhgEIAA,OPERATIONAL,"general_contractor,service,point_of_interest,establishment",Bathroom remodel,Nampa
ChIJCYmGNkNMrlQRYli6fuyLmuE,"HCD, Inc.","1012 4th St N, Nampa, ID 83687, USA",(208) 442-9900,http://www.hcdconstruction.com/,5,7,https://maps.google.com/?cid=16256459652801910882&g_mp=Cidnb29nbGUubWFwcy5wbGFjZXMudjEuUGxhY2VzLlNlYXJjaFRleHQQAhgEIAA,OPERATIONAL,"general_contractor,service,point_of_interest,establishment",General contractor,Nampa
ChIJXT12pGJMrlQRKrWpv49-mgc,Mussell Construction,"315 11th Ave S Suite 140, Nampa, ID 83651, USA",(208) 466-3331,http://mussellconstruction.com/,4.2,16,https://maps.google.com/?cid=547889460539929898&g_mp=Cidnb29nbGUubWFwcy5wbGFjZXMudjEuUGxhY2VzLlNlYXJjaFRleHQQAhgEIAA,OPERATIONAL,"general_contractor,service,point_of_interest,establishment",General contractor,Nampa
ChIJKXXRixlNrlQRKOdXyCWXTJs,Bully Line Construction LLC,"719 18th Ave N, Nampa, ID 83687, USA",(208) 461-2933,https://bullylineconstruction.com/,5,1,https://maps.google.com/?cid=11190485362639628072&g_mp=Cidnb29nbGUubWFwcy5wbGFjZXMudjEuUGxhY2VzLlNlYXJjaFRleHQQAhgEIAA,OPERATIONAL,"general_contractor,roofing_contractor,home_goods_store,store,service,point_of_interest,establishment",General contractor,Nampa
ChIJAQBQ7jNKrlQRLlTd8IOzO2I,General Contractors,"11757 W Buteo Dr, Nampa, ID 83686, USA",(800) 998-4697,https://performancepublishing.net/contact/,,0,https://maps.google.com/?cid=7078448618605990958&g_mp=Cidnb29nbGUubWFwcy5wbGFjZXMudjEuUGxhY2VzLlNlYXJjaFRleHQQAhgEIAA,OPERATIONAL,"service,point_of_interest,establishment",General contractor,Nampa
ChIJ1bZZGadNrlQR-pk4bEyzGtQ,RRC Contractors Inc.,"1315 1st St S Suite 101, Nampa, ID 83651, USA",(208) 465-8887,http://www.rrccontractors.com/,3.7,3,https://maps.google.com/?cid=15283725426249734650&g_mp=Cidnb29nbGUubWFwcy5wbGFjZXMudjEuUGxhY2VzLlNlYXJjaFRleHQQAhgEIAA,OPERATIONAL,"general_contractor,service,point_of_interest,establishment",General contractor,Nampa
ChIJ9eZdUVpMrlQR1ZsL4LlpqnU,RBC,"415 N Franklin Blvd, Nampa, ID 83687, USA",(208) 514-8720,https://rbcidaho.com/,4.8,25,https://maps.google.com/?cid=8478705495527103445&g_mp=Cidnb29nbGUubWFwcy5wbGFjZXMudjEuUGxhY2VzLlNlYXJjaFRleHQQAhgEIAA,OPERATIONAL,"general_contractor,service,point_of_interest,establishment",General contractor,Nampa
ChIJO-x01iBMrlQRr6ERSxWzxhw,Thueson Construction Inc,"455 S Kings Rd, Nampa, ID 83687, USA",(208) 466-2503,,2.8,25,https://maps.google.com/?cid=2073541582485823919&g_mp=Cidnb29nbGUubWFwcy5wbGFjZXMudjEuUGxhY2VzLlNlYXJjaFRleHQQAhgEIAA,OPERATIONAL,"general_contractor,service,point_of_interest,establishment",General contractor,Nampa
ChIJOdwlK7izr1QRcN2yvpZ2yn0,North West Contracting Services,"3116 Garrity Blvd suite 121, Nampa, ID 83687, USA",(208) 696-8394,https://idahocontractingpros.com/home--north-west-contracting-services,4.3,11,https://maps.google.com/?cid=9064187589853109616&g_mp=Cidnb29nbGUubWFwcy5wbGFjZXMudjEuUGxhY2VzLlNlYXJjaFRleHQQAhgEIAA,OPERATIONAL,"roofing_contractor,home_goods_store,general_contractor,store,service,point_of_interest,establishment",General contractor,Nampa
ChIJyw8EW29LrlQRW3mtXaSObjM,Canfield Water Damage Restoration Nampa ID,"34 S Tamarack Way, Nampa, ID 83651, USA",(208) 208-3082,,5,40,https://maps.google.com/?cid=3706056379969927515&g_mp=Cidnb29nbGUubWFwcy5wbGFjZXMudjEuUGxhY2VzLlNlYXJjaFRleHQQAhgEIAA,OPERATIONAL,"general_contractor,service,point_of_interest,establishment",General contractor,Nampa
ChIJ1xeQs4okrKwRQ7TMtm6CBQ8,D&R Drainage Systems,"1907 N 21st St, Nampa, ID 83687, USA",(208) 713-7555,https://drdrainagesystems.com/,5,237,https://maps.google.com/?cid=1082414697477354563&g_mp=Cidnb29nbGUubWFwcy5wbGFjZXMudjEuUGxhY2VzLlNlYXJjaFRleHQQAhgEIAA,OPERATIONAL,"general_contractor,service,point_of_interest,establishment",General contractor,Nampa
ChIJOVe99NZNrlQRDC38nApQvHI,Orozco Drywall LLC,"234 Smith Ave, Nampa, ID 83651, USA",(208) 906-7317,http://orozcodrywallllc.com/,4.9,74,https://maps.google.com/?cid=8267571022459055372&g_mp=Cidnb29nbGUubWFwcy5wbGFjZXMudjEuUGxhY2VzLlNlYXJjaFRleHQQAhgEIAA,OPERATIONAL,"general_contractor,service,point_of_interest,establishment",General contractor,Nampa
ChIJWSIF9SlLrlQRwP2OZPCVjNk,Black & Grey Construction LLC,"15675 Sequoia Grove Way, Caldwell, ID 83607, USA",(208) 971-0976,,5,17,https://maps.google.com/?cid=15676069262681636288&g_mp=Cidnb29nbGUubWFwcy5wbGFjZXMudjEuUGxhY2VzLlNlYXJjaFRleHQQAhgEIAA,OPERATIONAL,"general_contractor,home_goods_store,manufacturer,store,point_of_interest,service,establishment",Foundation repair,Nampa
ChIJoUIbVRezr1QRs4xlNu9Q3Fs,Redco Concrete Solutions Inc,"8300 US-20 #26, Nampa, ID 83687, USA",(208) 984-9063,https://www.redcoexcavationdemolition.com/,4.8,19,https://maps.google.com/?cid=6619254540667817139&g_mp=Cidnb29nbGUubWFwcy5wbGFjZXMudjEuUGxhY2VzLlNlYXJjaFRleHQQAhgEIAA,OPERATIONAL,"general_contractor,point_of_interest,service,establishment",Foundation repair,Nampa
ChIJG2GjOLtZUEERVuDAINUo_L0,Hg concrete llc,"2203 Stewart Ave, Nampa, ID 83686, USA",(208) 515-8881,,4.5,2,https://maps.google.com/?cid=13689861863142121558&g_mp=Cidnb29nbGUubWFwcy5wbGFjZXMudjEuUGxhY2VzLlNlYXJjaFRleHQQAhgEIAA,OPERATIONAL,"general_contractor,point_of_interest,service,establishment",Foundation repair,Nampa
ChIJcUkmq9rWA2cRzBh2plcORpY,Buk Restoration,"4019 Summit Ln, Nampa, ID 83687, USA",(208) 615-2287,https://www.bukrestoration.com/,5,211,https://maps.google.com/?cid=10828358123676637388&g_mp=Cidnb29nbGUubWFwcy5wbGFjZXMudjEuUGxhY2VzLlNlYXJjaFRleHQQAhgEIAA,OPERATIONAL,"roofing_contractor,general_contractor,point_of_interest,service,establishment",Foundation repair,Nampa
ChIJo53PbN9PrlQRa9O5oNwY7Zs,Polyflow Geotechnical & Concrete Lifting,"1567 E Kentucky Ave, Nampa, ID 83686, USA",(208) 780-9292,https://polyflowlifting.com/,5,75,https://maps.google.com/?cid=11235663981227660139&g_mp=Cidnb29nbGUubWFwcy5wbGFjZXMudjEuUGxhY2VzLlNlYXJjaFRleHQQAhgEIAA,OPERATIONAL,"general_contractor,point_of_interest,service,establishment",Foundation repair,Nampa
ChIJ__8To79OrlQRn_H-AfiLGFo,AAA Professional Rain Gutters,"2995 E Onyx Ct, Nampa, ID 83686, USA",(208) 866-7318,http://aaa-raingutters.com/contact/,4.5,8,https://maps.google.com/?cid=6492092760156205471&g_mp=Cidnb29nbGUubWFwcy5wbGFjZXMudjEuUGxhY2VzLlNlYXJjaFRleHQQAhgEIAA,OPERATIONAL,"point_of_interest,service,establishment",Gutter cleaning,Nampa
ChIJh843VZmzr1QRpTv2P4NewYc,Fort Comfort Gutters - Boise,"18272 Hush Crk Wy, Nampa, ID 83687, USA",(208) 572-7129,https://www.fortcomfortgutters.com/locations/boise-id,5,22,https://maps.google.com/?cid=9782203783432256421&g_mp=Cidnb29nbGUubWFwcy5wbGFjZXMudjEuUGxhY2VzLlNlYXJjaFRleHQQAhgEIAA,OPERATIONAL,"point_of_interest,service,establishment",Gutter cleaning,Nampa
ChIJwctzhYESnSUR5KBF8WWvi6o,Spring Rain Gutters,"W Sales Yard Rd, Emmett, ID 83617, USA",(208) 370-8058,http://springraingutters.com/,4.9,58,https://maps.google.com/?cid=12289108860584960228&g_mp=Cidnb29nbGUubWFwcy5wbGFjZXMudjEuUGxhY2VzLlNlYXJjaFRleHQQAhgEIAA,OPERATIONAL,"point_of_interest,service,establishment",Gutter cleaning,Nampa
ChIJh4Asljw2RC8RoOOI-AUCqUw,Lifetime Gutter Guards LLC,"200 N Highbrook Wy, Star, ID 83669, USA",(208) 600-2033,https://lifetimegutterguards.net/,5,5,https://maps.google.com/?cid=5523948642614436768&g_mp=Cidnb29nbGUubWFwcy5wbGFjZXMudjEuUGxhY2VzLlNlYXJjaFRleHQQAhgEIAA,OPERATIONAL,"roofing_contractor,service,point_of_interest,establishment",Gutter installation,Nampa
ChIJJ5_NIqtNrlQR6dEtWLaYOwc,Taylor Drywall Inc,"1532 11th Ave N, Nampa, ID 83687, USA",(208) 318-1100,https://www.taylordrywall.com/,4.8,23,https://maps.google.com/?cid=521178090822291945&g_mp=Cidnb29nbGUubWFwcy5wbGFjZXMudjEuUGxhY2VzLlNlYXJjaFRleHQQAhgEIAA,OPERATIONAL,"general_contractor,point_of_interest,service,establishment",Drywall contractor,Nampa
ChIJRZaHEWSzr1QRfvlcEACC3xI,Performance Drywall Inc,"16160 N Elder St, Nampa, ID 83687, USA",(208) 468-9603,http://www.performance-drywallinc.com/,3,23,https://maps.google.com/?cid=1359948549275318654&g_mp=Cidnb29nbGUubWFwcy5wbGFjZXMudjEuUGxhY2VzLlNlYXJjaFRleHQQAhgEIAA,OPERATIONAL,"general_contractor,building_materials_store,home_goods_store,store,point_of_interest,service,establishment",Drywall contractor,Nampa
ChIJkYq3ZEdNrlQRmRyaUvCrEQE,Muñoz Drywall Llc.,"4403 High Valley Ave, Nampa, ID 83687, USA",(208) 570-1975,,5,5,https://maps.google.com/?cid=77031717308341401&g_mp=Cidnb29nbGUubWFwcy5wbGFjZXMudjEuUGxhY2VzLlNlYXJjaFRleHQQAhgEIAA,OPERATIONAL,"point_of_interest,service,establishment",Drywall contractor,Nampa
ChIJxcMqiQdOrlQR-hEVhLyztxE,De Boer Drywall & Acoustical,"6603 E Victory Rd, Nampa, ID 83687, USA",(208) 468-0088,,2,2,https://maps.google.com/?cid=1276686641634021882&g_mp=Cidnb29nbGUubWFwcy5wbGFjZXMudjEuUGxhY2VzLlNlYXJjaFRleHQQAhgEIAA,OPERATIONAL,"general_contractor,point_of_interest,service,establishment",Drywall contractor,Nampa
ChIJC_NRR5dSrlQRpE7wQR8p1gc,Pro Wall Drywall & Insulation,"4979 Golden Spur Dr, Nampa, ID 83687, USA",(208) 467-4525,,4.4,7,https://maps.google.com/?cid=564684017508568740&g_mp=Cidnb29nbGUubWFwcy5wbGFjZXMudjEuUGxhY2VzLlNlYXJjaFRleHQQAhgEIAA,OPERATIONAL,"general_contractor,point_of_interest,service,establishment",Drywall contractor,Nampa
ChIJHcdzvdlJ_ioRxnOb98PJKjs,Home Specialties,"3104 E Park Ridge Dr, Nampa, ID 83687, USA",(208) 914-5759,http://www.homespecialtiesllc.com/,4.2,21,https://maps.google.com/?cid=4263441840769561542&g_mp=Cidnb29nbGUubWFwcy5wbGFjZXMudjEuUGxhY2VzLlNlYXJjaFRleHQQAhgEIAA,OPERATIONAL,"painter,roofing_contractor,general_contractor,point_of_interest,service,establishment",Drywall contractor,Nampa
ChIJxx3xAK1NrlQRZw5tViIpsoM,Gale Insulation,"2908 Brandt Ave, Nampa, ID 83687, USA",(208) 465-5201,https://www.truteam.com/branches/id/boise/9/,3.7,21,https://maps.google.com/?cid=9489692592278670951&g_mp=Cidnb29nbGUubWFwcy5wbGFjZXMudjEuUGxhY2VzLlNlYXJjaFRleHQQAhgEIAA,OPERATIONAL,"general_contractor,service,point_of_interest,establishment",Insulation contractor,Nampa
ChIJ8cUP4apNrlQRt9wUfLshie0,NC Siding,"1018 W Finch Dr, Nampa, ID 83651, USA",(208) 504-8137,https://www.ncsiding.net/,3,2,https://maps.google.com/?cid=17116248947922623671&g_mp=Cidnb29nbGUubWFwcy5wbGFjZXMudjEuUGxhY2VzLlNlYXJjaFRleHQQAhgEIAA,OPERATIONAL,"general_contractor,point_of_interest,service,establishment",Siding contractor,Nampa
ChIJVQ9lKCe1r1QRdjOFU0svMOI,One time siding llc,"1605 S Kimball Ave, Caldwell, ID 83605, USA",(208) 409-0259,,5,2,https://maps.google.com/?cid=16298579052024116086&g_mp=Cidnb29nbGUubWFwcy5wbGFjZXMudjEuUGxhY2VzLlNlYXJjaFRleHQQAhgEIAA,OPERATIONAL,"general_contractor,point_of_interest,service,establishment",Siding contractor,Nampa
ChIJ09I4U_oJqWgRnyA17ROZlBY,A&A Siding LLC,"24 N Fairview St, Nampa, ID 83651, USA",(208) 369-3896,,,0,https://maps.google.com/?cid=1627093676250701983&g_mp=Cidnb29nbGUubWFwcy5wbGFjZXMudjEuUGxhY2VzLlNlYXJjaFRleHQQAhgEIAA,OPERATIONAL,"point_of_interest,service,establishment",Siding contractor,Nampa
ChIJ09j4gBa1r1QRXER2Oi2eF1Q,Align Construction,"14072 Pearl Pointe Dr, Caldwell, ID 83607, USA",(208) 392-3855,https://www.alignconst.com/,4.3,11,https://maps.google.com/?cid=6059485740741837916&g_mp=Cidnb29nbGUubWFwcy5wbGFjZXMudjEuUGxhY2VzLlNlYXJjaFRleHQQAhgEIAA,OPERATIONAL,"general_contractor,point_of_interest,service,establishment",Siding contractor,Nampa
ChIJR4sPP3u1r1QRJbThjnVNzYE,Benny Sanchez Siding LLC,"13638 Pompano Dr, Caldwell, ID 83607, USA",(208) 941-6421,,3,2,https://maps.google.com/?cid=9353217168422056997&g_mp=Cidnb29nbGUubWFwcy5wbGFjZXMudjEuUGxhY2VzLlNlYXJjaFRleHQQAhgEIAA,OPERATIONAL,"roofing_contractor,general_contractor,point_of_interest,service,establishment",Siding contractor,Nampa
ChIJE_fB5Lezr1QR4Pd7ByecWOY,Dawson Construction Services LLC,"20593 Wyeth Ave #8118, Caldwell, ID 83605, USA",(208) 869-6984,,5,14,https://maps.google.com/?cid=16598188118117185504&g_mp=Cidnb29nbGUubWFwcy5wbGFjZXMudjEuUGxhY2VzLlNlYXJjaFRleHQQAhgEIAA,OPERATIONAL,"roofing_contractor,manufacturer,general_contractor,service,point_of_interest,establishment",Deck builder,Nampa
ChIJ9QKj3_pTrlQRw8nx4tBO8Wc,Patio Covers Unlimited of Idaho,"2020 N Elder St, Nampa, ID 83687, USA",(208) 872-1100,https://patiocoversunlimited.com/,4.5,169,https://maps.google.com/?cid=7489854314361506243&g_mp=Cidnb29nbGUubWFwcy5wbGFjZXMudjEuUGxhY2VzLlNlYXJjaFRleHQQAhgEIAA,OPERATIONAL,"general_contractor,service,point_of_interest,establishment",Deck builder,Nampa
ChIJy7kLAiRNrlQRO0j70ovJDxs,Taylormade Construction LLC,"102 N Canyon St, Nampa, ID 83651, USA",(567) 623-3587,,2.3,3,https://maps.google.com/?cid=1949998766052034619&g_mp=Cidnb29nbGUubWFwcy5wbGFjZXMudjEuUGxhY2VzLlNlYXJjaFRleHQQAhgEIAA,OPERATIONAL,"general_contractor,service,point_of_interest,establishment",Deck builder,Nampa
ChIJdSGpU_jTQgsRa5OxCM5W5JM,"ShadeWorks, Inc.","1415 N Midland Blvd, Nampa, ID 83651, USA",(208) 995-2990,https://shadeworks.com/treasure-valley/,4.9,66,https://maps.google.com/?cid=10656738061174543211&g_mp=Cidnb29nbGUubWFwcy5wbGFjZXMudjEuUGxhY2VzLlNlYXJjaFRleHQQAhgEIAA,OPERATIONAL,"manufacturer,supplier,service,point_of_interest,establishment",Deck builder,Nampa
ChIJO5uXQ29MrlQR4ounkiOXQTU,Canyon Pools & Spas,"623 3rd St S, Nampa, ID 83651, USA",(208) 467-5151,http://www.canyonpoolsandspa.com/,4.1,91,https://maps.google.com/?cid=3837514536536476642&g_mp=Cidnb29nbGUubWFwcy5wbGFjZXMudjEuUGxhY2VzLlNlYXJjaFRleHQQAhgEIAA,OPERATIONAL,"sporting_goods_store,store,point_of_interest,service,establishment",Pool service,Nampa
ChIJMzBe86VNrlQRK8y0RWNTrTY,"Cover Care, LLC","1604 E Fargo Ave, Nampa, ID 83687, USA",(855) 454-0868,https://covercare.com/,4.7,48,https://maps.google.com/?cid=3939896934855396395&g_mp=Cidnb29nbGUubWFwcy5wbGFjZXMudjEuUGxhY2VzLlNlYXJjaFRleHQQAhgEIAA,OPERATIONAL,"general_contractor,point_of_interest,service,establishment",Pool service,Nampa
ChIJI15lwO1TrlQR9x9dCin4VRs,"Pools West, Inc.","2519 S Chicago St, Nampa, ID 83686, USA",(208) 870-3331,https://poolswestinc.com/,4.3,17,https://maps.google.com/?cid=1969753267195682807&g_mp=Cidnb29nbGUubWFwcy5wbGFjZXMudjEuUGxhY2VzLlNlYXJjaFRleHQQAhgEIAA,OPERATIONAL,"general_contractor,point_of_interest,service,establishment",Pool service,Nampa
ChIJwYlogyRLrlQRIpJGCTRpS9M,Endless Summer Pool and Spa,"1431 W Roberts Pl, Nampa, ID 83651, USA",(208) 936-5080,,4.4,7,https://maps.google.com/?cid=15225378637470929442&g_mp=Cidnb29nbGUubWFwcy5wbGFjZXMudjEuUGxhY2VzLlNlYXJjaFRleHQQAhgEIAA,OPERATIONAL,"point_of_interest,service,establishment",Pool service,Nampa
ChIJOX5XroQAG6oR_GOY_sZiusM,RetroWave Pool & Spa,"1204 7th St N, Nampa, ID 83687, USA",(208) 296-6930,https://www.retrowavepools.com/,5,19,https://maps.google.com/?cid=14103693789878576124&g_mp=Cidnb29nbGUubWFwcy5wbGFjZXMudjEuUGxhY2VzLlNlYXJjaFRleHQQAhgEIAA,OPERATIONAL,"point_of_interest,service,establishment",Pool service,Nampa
ChIJ8dVWHupLrlQRxKJIF-nQDck,B's care service,"16067 N Franklin Blvd, Nampa, ID 83687, USA",(208) 999-6387,,4.6,19,https://maps.google.com/?cid=14487465275857347268&g_mp=Cidnb29nbGUubWFwcy5wbGFjZXMudjEuUGxhY2VzLlNlYXJjaFRleHQQAhgEIAA,OPERATIONAL,"moving_company,shipping_service,storage,transportation_service,point_of_interest,service,establishment",Moving company,Nampa
ChIJU7BTMR9XrlQR0wmgCSm0zH0,Superman Moving & Storage Express,"530 Murray St, Nampa, ID 83686, USA",(208) 908-6766,https://northwestmover.com/#quote,4.7,39,https://maps.google.com/?cid=9064818238338107859&g_mp=Cidnb29nbGUubWFwcy5wbGFjZXMudjEuUGxhY2VzLlNlYXJjaFRleHQQAhgEIAA,OPERATIONAL,"moving_company,shipping_service,storage,transportation_service,point_of_interest,service,establishment",Moving company,Nampa
ChIJB6AI3KZMrlQRAQQlP3l8vp4,Karcher Moving & Storage,"2400 Sundance Rd, Nampa, ID 83651, USA",(208) 467-2302,http://www.karcherstorage.com/,4.9,71,https://maps.google.com/?cid=11438716963759916033&g_mp=Cidnb29nbGUubWFwcy5wbGFjZXMudjEuUGxhY2VzLlNlYXJjaFRleHQQAhgEIAA,OPERATIONAL,"moving_company,shipping_service,real_estate_agency,consultant,storage,transportation_service,store,point_of_interest,service,establishment",Moving company,Nampa
ChIJ37F5jjlNrlQRVGA3dAAtM8k,1st Choice Moving & Home Repair L.L.C.,"120 Hudson Ave #1, Nampa, ID 83651, USA",(208) 546-2082,,5,5,https://maps.google.com/?cid=14497981105408794708&g_mp=Cidnb29nbGUubWFwcy5wbGFjZXMudjEuUGxhY2VzLlNlYXJjaFRleHQQAhgEIAA,OPERATIONAL,"moving_company,transportation_service,point_of_interest,service,establishment",Moving company,Nampa
ChIJcxyrKPtMrlQRx8NBl0Syd-g,Eagle Transfer Co,"2619 Sundance Rd, Nampa, ID 83687, USA",(208) 461-8668,https://www.eagletrinaco.com/,3.1,24,https://maps.google.com/?cid=16751053346693039047&g_mp=Cidnb29nbGUubWFwcy5wbGFjZXMudjEuUGxhY2VzLlNlYXJjaFRleHQQAhgEIAA,OPERATIONAL,"moving_company,transportation_service,point_of_interest,service,establishment",Moving company,Nampa
ChIJZ9re1mlMrlQRsFazJ6BtABw,Transystems LLC,"16066 Ten Ln, Nampa, ID 83687, USA",(208) 442-4390,https://www.driveteamgreen.com/,3.9,32,https://maps.google.com/?cid=2017733167690241712&g_mp=Cidnb29nbGUubWFwcy5wbGFjZXMudjEuUGxhY2VzLlNlYXJjaFRleHQQAhgEIAA,OPERATIONAL,"moving_company,shipping_service,transportation_service,point_of_interest,service,establishment",Moving company,Nampa
ChIJm2jbw_xMrlQRFN09_eAzT6M,Idaho Specialized Transportation,"2108 N Devlin Way, Nampa, ID 83687, USA",(208) 468-2424,,4,25,https://maps.google.com/?cid=11767681392756776212&g_mp=Cidnb29nbGUubWFwcy5wbGFjZXMudjEuUGxhY2VzLlNlYXJjaFRleHQQAhgEIAA,OPERATIONAL,"moving_company,shipping_service,transportation_service,point_of_interest,service,establishment",Moving company,Nampa
ChIJiQMVdGlJrlQRoS2Bgq3l6dQ,3 K Transport LLC,"429 W Palmer Dr, Nampa, ID 83686, USA",(208) 365-8388,,3.7,3,https://maps.google.com/?cid=15342046138995912097&g_mp=Cidnb29nbGUubWFwcy5wbGFjZXMudjEuUGxhY2VzLlNlYXJjaFRleHQQAhgEIAA,OPERATIONAL,"moving_company,shipping_service,transportation_service,point_of_interest,service,establishment",Moving company,Nampa
ChIJAWMXcJz_rlQRbkA0qxjCGCY,Omega Morgan-Boise,"2116 Northland Dr, Nampa, ID 83687, USA",(208) 487-5741,https://www.omegamorgan.com/contact-us/boise/?utm_source=google&utm_medium=organic&utm_campaign=gmb,5,10,https://maps.google.com/?cid=2745157384089649262&g_mp=Cidnb29nbGUubWFwcy5wbGFjZXMudjEuUGxhY2VzLlNlYXJjaFRleHQQAhgEIAA,OPERATIONAL,"moving_company,shipping_service,storage,transportation_service,point_of_interest,service,establishment",Moving company,Nampa
ChIJPS-qvfNsBAsR-5tXDqZQSAw,Affordable Junk Removal Idaho,"17999 Lonkey Ln, Caldwell, ID 83607, USA",(208) 615-5330,https://www.affordablejunkremovalid.com/,4.8,23,https://maps.google.com/?cid=885046000913718267&g_mp=Cidnb29nbGUubWFwcy5wbGFjZXMudjEuUGxhY2VzLlNlYXJjaFRleHQQAhgEIAA,OPERATIONAL,"service,point_of_interest,establishment",Junk removal,Nampa
ChIJ7XCnMVJNrlQRyNO6akDeZiA,Dump It Junk Removal | Garbage Services,"1224 1st St S suite 1b, Nampa, ID 83651, USA",(208) 900-4640,https://junkgarbageremovalusa.com/dump-it-junk-removal-garbage-services-nampa-location/,5,8,https://maps.google.com/?cid=2334797825088082888&g_mp=Cidnb29nbGUubWFwcy5wbGFjZXMudjEuUGxhY2VzLlNlYXJjaFRleHQQAhgEIAA,OPERATIONAL,"service,point_of_interest,establishment",Junk removal,Nampa
ChIJVZQ0hPGnMiURQqQw4U_DgZw,Blackburn hauling services llc,"2002 Willow St, Caldwell, ID 83605, USA",(208) 504-7900,http://blackburnhaulingjr.com/,5,5,https://maps.google.com/?cid=11277509689760326722&g_mp=Cidnb29nbGUubWFwcy5wbGFjZXMudjEuUGxhY2VzLlNlYXJjaFRleHQQAhgEIAA,OPERATIONAL,"service,point_of_interest,establishment",Junk removal,Nampa
ChIJx20w9ZS1r1QR-4uOyFhswcs,Junk Holler,"2922 Cleveland Blvd, Caldwell, ID 83605, USA",(208) 899-4000,https://junkholler.com/caldwell-id-junk-removal/?utm_source=gbp&utm_campaign=main,5,5,https://maps.google.com/?cid=14682135388782234619&g_mp=Cidnb29nbGUubWFwcy5wbGFjZXMudjEuUGxhY2VzLlNlYXJjaFRleHQQAhgEIAA,OPERATIONAL,"service,point_of_interest,establishment",Junk removal,Nampa
ChIJv60CHea1r1QR6Q1dLLeLUxU,Dump Guys Junk Removal,"418 S 9th Ave Suite F, Caldwell, ID 83605, USA",(208) 314-6644,https://canyoncountyjunkremoval.com/junk-removal-caldwell/,5,21,https://maps.google.com/?cid=1536725516703043049&g_mp=Cidnb29nbGUubWFwcy5wbGFjZXMudjEuUGxhY2VzLlNlYXJjaFRleHQQAhgEIAA,OPERATIONAL,"service,point_of_interest,establishment",Junk removal,Nampa
ChIJUe9A-3n-_UcR4vydtSS0zUc,Boise Metro Junk Removal,"3719 E Sutton Ave, Nampa, ID 83686, USA",(208) 298-6295,https://boisemetrojunkremoval.com/,5,1,https://maps.google.com/?cid=5173989616677420258&g_mp=Cidnb29nbGUubWFwcy5wbGFjZXMudjEuUGxhY2VzLlNlYXJjaFRleHQQAhgEIAA,OPERATIONAL,"service,point_of_interest,establishment",Junk removal,Nampa
ChIJty0RplQ08QERvmOjqqxrhmQ,Bronco Haulers,"4457 E Franklin Rd, Nampa, ID 83687, USA",(208) 960-8025,https://www.broncohaulers.com/,5,19,https://maps.google.com/?cid=7243595440013403070&g_mp=Cidnb29nbGUubWFwcy5wbGFjZXMudjEuUGxhY2VzLlNlYXJjaFRleHQQAhgEIAA,OPERATIONAL,"point_of_interest,service,establishment",Junk removal,Nampa
ChIJV5VRAkRLrlQRD13I7qi-Qt8,J&vjunkremovalllc,"1104 Nectarine St, Nampa, ID 83686, USA",(208) 971-3744,http://junkremoval-id.com/,,0,https://maps.google.com/?cid=16087630451690724623&g_mp=Cidnb29nbGUubWFwcy5wbGFjZXMudjEuUGxhY2VzLlNlYXJjaFRleHQQAhgEIAA,OPERATIONAL,"service,point_of_interest,establishment",Junk removal,Nampa
ChIJ8V0hYBCzr1QRMnFLBYZjpKI,Local Pros Junk Removal Boise,"821 N La Cresta Ave, Caldwell, ID 83605, USA",(208) 910-9266,https://localprosjunkremoval.com/,5,6,https://maps.google.com/?cid=11719601557590470962&g_mp=Cidnb29nbGUubWFwcy5wbGFjZXMudjEuUGxhY2VzLlNlYXJjaFRleHQQAhgEIAA,OPERATIONAL,"service,point_of_interest,establishment",Junk removal,Nampa
ChIJAQCQ-5dXrlQRnHf4QmC_8JY,Safer Chimney LLC,"7425 Falazon Ct, Nampa, ID 83686, USA",(208) 695-7542,https://www.saferchimney.com/,4.4,161,https://maps.google.com/?cid=10876403520261093276&g_mp=Cidnb29nbGUubWFwcy5wbGFjZXMudjEuUGxhY2VzLlNlYXJjaFRleHQQAhgEIAA,OPERATIONAL,"general_contractor,home_improvement_store,home_goods_store,service,store,point_of_interest,establishment",Chimney sweep,Nampa
ChIJkzncrWNMrlQRiklOZVuaJWM,Fast Glass Inc.,"156 Caldwell Blvd, Nampa, ID 83651, USA",(208) 442-1336,http://fastglassinc.com/locations/nampa/,4.7,527,https://maps.google.com/?cid=7144286101225490826&g_mp=Cidnb29nbGUubWFwcy5wbGFjZXMudjEuUGxhY2VzLlNlYXJjaFRleHQQAhgEIAA,OPERATIONAL,"general_contractor,car_repair,building_materials_store,store,service,point_of_interest,establishment",Glass repair,Nampa
ChIJKV4EBGtMrlQRAdAZKY8P7pQ,Asqueta Glass,"1408 2nd St S, Nampa, ID 83651, USA",(208) 466-2476,http://asquetaglass.com/,3.9,51,https://maps.google.com/?cid=10731532069614768129&g_mp=Cidnb29nbGUubWFwcy5wbGFjZXMudjEuUGxhY2VzLlNlYXJjaFRleHQQAhgEIAA,OPERATIONAL,"general_contractor,building_materials_store,store,service,point_of_interest,establishment",Glass repair,Nampa
ChIJxXIEUb9NrlQRDxWc7yHLeZA,Cascade Auto Glass,"3402 Black Butte Ct Suite A, Nampa, ID 83687, USA",(208) 608-5811,https://cascadeautoglass.com/locations/?utm_source=google_business&utm_medium=organic&utm_campaign=nam,5,16,https://maps.google.com/?cid=10410575360257955087&g_mp=Cidnb29nbGUubWFwcy5wbGFjZXMudjEuUGxhY2VzLlNlYXJjaFRleHQQAhgEIAA,OPERATIONAL,"car_repair,service,point_of_interest,establishment",Glass repair,Nampa
ChIJwYc5uk1MrlQRHZAFa_1N2yQ,Anything Glass Inc,"510 3rd St S, Nampa, ID 83651, USA",(208) 442-4406,http://www.anythingglassinc.com/,4.6,45,https://maps.google.com/?cid=2655802156082630685&g_mp=Cidnb29nbGUubWFwcy5wbGFjZXMudjEuUGxhY2VzLlNlYXJjaFRleHQQAhgEIAA,OPERATIONAL,"general_contractor,building_materials_store,store,service,point_of_interest,establishment",Glass repair,Nampa
ChIJSVfyAS1NrlQRajNSvdAxwTI,Rock Chip Hero,"1813 Caldwell Blvd, Nampa, ID 83651, USA",(208) 982-2802,http://rockchiphero.com/,4.9,147,https://maps.google.com/?cid=3657259145000792938&g_mp=Cidnb29nbGUubWFwcy5wbGFjZXMudjEuUGxhY2VzLlNlYXJjaFRleHQQAhgEIAA,OPERATIONAL,"car_repair,building_materials_store,store,service,point_of_interest,establishment",Glass repair,Nampa
ChIJS1GOI-VXrlQRRr5Gb2-kVyI,Sweet Window & Glass,"74 N Pit Ln, Nampa, ID 83687, USA",(208) 353-5641,http://sweetwindows.com/,5,26,https://maps.google.com/?cid=2474627318778609222&g_mp=Cidnb29nbGUubWFwcy5wbGFjZXMudjEuUGxhY2VzLlNlYXJjaFRleHQQAhgEIAA,OPERATIONAL,"general_contractor,building_materials_store,home_goods_store,store,service,point_of_interest,establishment",Glass repair,Nampa
ChIJUzax_DFMrlQRbMJwCZj8ViU,Windshield Doctor,"3521 E Kings Gate Dr, Nampa, ID 83687, USA",(208) 899-9357,,3.7,10,https://maps.google.com/?cid=2690615557324063340&g_mp=Cidnb29nbGUubWFwcy5wbGFjZXMudjEuUGxhY2VzLlNlYXJjaFRleHQQAhgEIAA,OPERATIONAL,"car_repair,service,point_of_interest,establishment",Glass repair,Nampa
ChIJJRN6_ZlJrlQRW8tIaifCtBM,Benson’s Mobile Glass & Tint,"4207 Chicago St, Nampa, ID 83686, USA",(208) 468-1010,,3.8,13,https://maps.google.com/?cid=1419973257071217499&g_mp=Cidnb29nbGUubWFwcy5wbGFjZXMudjEuUGxhY2VzLlNlYXJjaFRleHQQAhgEIAA,OPERATIONAL,"car_repair,service,point_of_interest,establishment",Glass repair,Nampa
ChIJFQuJkS9JrlQR3n2jT2Nyigs,A-1 Quality Glass Co,"4428 Sahara Dr, Nampa, ID 83686, USA",(208) 466-5134,,4,3,https://maps.google.com/?cid=831602852066721246&g_mp=Cidnb29nbGUubWFwcy5wbGFjZXMudjEuUGxhY2VzLlNlYXJjaFRleHQQAhgEIAA,OPERATIONAL,"point_of_interest,establishment",Glass repair,Nampa
ChIJGd62caC0r1QR-yRp0htUb6g,Windshield Doctor,"209 N Phoenix Ln ste 106, Caldwell, ID 83607, USA",(208) 459-7757,http://www.thewindshielddoctor.net/,4.8,152,https://maps.google.com/?cid=12137011999257732347&g_mp=Cidnb29nbGUubWFwcy5wbGFjZXMudjEuUGxhY2VzLlNlYXJjaFRleHQQAhgEIAA,OPERATIONAL,"car_repair,service,point_of_interest,establishment",Glass repair,Nampa
ChIJLR5OcppMrlQRJFoa18Njp6Q,Safelite AutoGlass,"4522 Cleveland Blvd, Caldwell, ID 83605, USA",(208) 965-8961,https://www.safelite.com/stores/Nampa?utm_source=yext&utm_medium=list&utm_campaign=local&y_source=1_MTc4NzEwMC03MTUtbG9jYXRpb24ud2Vic2l0ZQ%3D%3D,4.4,564,https://maps.google.com/?cid=11864561436109462052&g_mp=Cidnb29nbGUubWFwcy5wbGFjZXMudjEuUGxhY2VzLlNlYXJjaFRleHQQAhgEIAA,OPERATIONAL,"point_of_interest,establishment",Glass repair,Nampa
ChIJU-hQ-7NNrlQR9od0YYANVtk,Rainbow Glass Works,"3524 Airport Rd, Nampa, ID 83687, USA",(208) 467-5767,https://rainbowglassnampa.com/,4.9,30,https://maps.google.com/?cid=15660719599269480438&g_mp=Cidnb29nbGUubWFwcy5wbGFjZXMudjEuUGxhY2VzLlNlYXJjaFRleHQQAhgEIAA,OPERATIONAL,"store,point_of_interest,establishment",Glass repair,Nampa
ChIJWWZoz4FNrlQR_YEMX3XyMKs,Agc Glass,"5098 Treasure Valley Way, Nampa, ID 83687, USA",(208) 389-1080,,,0,https://maps.google.com/?cid=12335625965287539197&g_mp=Cidnb29nbGUubWFwcy5wbGFjZXMudjEuUGxhY2VzLlNlYXJjaFRleHQQAhgEIAA,OPERATIONAL,"car_repair,service,point_of_interest,establishment",Glass repair,Nampa
ChIJq6r2_7dOrlQRET7tumHs3OE,TLC Glass Design,"2920 Bannock Ave, Nampa, ID 83686, USA",(208) 405-1045,https://tlcglass.com/contact.html,,0,https://maps.google.com/?cid=16275143057902222865&g_mp=Cidnb29nbGUubWFwcy5wbGFjZXMudjEuUGxhY2VzLlNlYXJjaFRleHQQAhgEIAA,OPERATIONAL,"point_of_interest,establishment",Glass repair,Nampa
ChIJV88b55S0r1QRj1PbEHdBBcQ,Rewind Auto Glass,"11901 W McCoughlin Ct, Nampa, ID 83651, USA",(208) 350-1850,,1,1,https://maps.google.com/?cid=14124767785957151631&g_mp=Cidnb29nbGUubWFwcy5wbGFjZXMudjEuUGxhY2VzLlNlYXJjaFRleHQQAhgEIAA,OPERATIONAL,"car_repair,service,point_of_interest,establishment",Glass repair,Nampa
ChIJ3S07RZFNrlQR0LgJTf6ttAk,Rainbow Restoration of Nampa,"1720 N Midland Blvd Ste 104, Nampa, ID 83651, USA",(208) 538-3738,https://rainbowrestores.com/nampa?cid=LSTL_RBW000202&utm_source=gmb&utm_campaign=local&utm_medium=organic,4.8,32,https://maps.google.com/?cid=699375149875050704&g_mp=Cidnb29nbGUubWFwcy5wbGFjZXMudjEuUGxhY2VzLlNlYXJjaFRleHQQAhgEIAA,OPERATIONAL,"general_contractor,service,point_of_interest,establishment",Window repair,Nampa
ChIJay2bbz2zr1QRJnc01tQV4rQ,Quality Welding & Fabrication LLC,"3006 Syringa Ln, Caldwell, ID 83605, USA",(208) 602-3369,,5,58,https://maps.google.com/?cid=13034004275434649382&g_mp=Cidnb29nbGUubWFwcy5wbGFjZXMudjEuUGxhY2VzLlNlYXJjaFRleHQQAhgEIAA,OPERATIONAL,"point_of_interest,service,establishment",Welding service,Nampa
ChIJh-RtPL6zr1QRbDbnF4v59tg,Aztec Welding Services LLC,"3902 Muller Dr ste 101, Caldwell, ID 83605, USA",(208) 219-1273,http://aztecwelding.com/,5,1,https://maps.google.com/?cid=15633957532260054636&g_mp=Cidnb29nbGUubWFwcy5wbGFjZXMudjEuUGxhY2VzLlNlYXJjaFRleHQQAhgEIAA,OPERATIONAL,"point_of_interest,service,establishment",Welding service,Nampa
ChIJ3Ut0cE6ekowRmz-NDWQkE2o,Ogden Ironworks LLC,"16571 Chino Ave, Caldwell, ID 83607, USA",(208) 649-7744,,5,6,https://maps.google.com/?cid=7643493004720553883&g_mp=Cidnb29nbGUubWFwcy5wbGFjZXMudjEuUGxhY2VzLlNlYXJjaFRleHQQAhgEIAA,OPERATIONAL,"car_repair,general_contractor,point_of_interest,service,manufacturer,establishment",Welding service,Nampa
ChIJWVE1Me9MrlQRWGHAHWoYxzg,Sawtooth Welding,"435 E Karcher Rd, Nampa, ID 83687, USA",(208) 467-1473,http://sawtoothwelding.com/,3.8,11,https://maps.google.com/?cid=4091265630534132056&g_mp=Cidnb29nbGUubWFwcy5wbGFjZXMudjEuUGxhY2VzLlNlYXJjaFRleHQQAhgEIAA,OPERATIONAL,"point_of_interest,service,establishment",Welding service,Nampa
ChIJXdL7Qmazr1QRHwRon0Eb82Q,Dezert Steel Welding & Fabrication LLC,"11744 W Huckleberry Dr, Nampa, ID 83651, USA",(760) 744-3321,http://dezertsteelwelding.com/,5,2,https://maps.google.com/?cid=7274187791794701343&g_mp=Cidnb29nbGUubWFwcy5wbGFjZXMudjEuUGxhY2VzLlNlYXJjaFRleHQQAhgEIAA,OPERATIONAL,"point_of_interest,service,establishment",Welding service,Nampa
ChIJGSYh8uOnkYAREKKTb5zaYV8,"Steel Works Welding Assembly, Inc.","12040 Alamo Ln, Nampa, ID 83686, USA",(208) 249-9111,http://www.steelworksweldingidaho.com/,5,9,https://maps.google.com/?cid=6873014871765787152&g_mp=Cidnb29nbGUubWFwcy5wbGFjZXMudjEuUGxhY2VzLlNlYXJjaFRleHQQAhgEIAA,OPERATIONAL,"general_contractor,point_of_interest,service,manufacturer,establishment",Welding service,Nampa
ChIJIYnI9AZTrlQRL1070SonvTg,KJ Fabrication,"5604 S Indiana Ave, Caldwell, ID 83607, USA",(208) 398-0890,http://www.kjfabrication.com/,5,27,https://maps.google.com/?cid=4088467101574716719&g_mp=Cidnb29nbGUubWFwcy5wbGFjZXMudjEuUGxhY2VzLlNlYXJjaFRleHQQAhgEIAA,OPERATIONAL,"point_of_interest,service,manufacturer,establishment",Welding service,Nampa
ChIJta04snhNrlQRl3DAmbpq2Ew,Snake River Fabrication,"2530 E Comstock Ave, Nampa, ID 83687, USA",(208) 546-0843,https://www.snakerfab.com/,5,9,https://maps.google.com/?cid=5537293091528011927&g_mp=Cidnb29nbGUubWFwcy5wbGFjZXMudjEuUGxhY2VzLlNlYXJjaFRleHQQAhgEIAA,OPERATIONAL,"point_of_interest,manufacturer,establishment",Welding service,Nampa
ChIJdSnX4l-zr1QRkjglQgRXrM0,Ironsidemetalworks,"5001 E Ustick Rd Trlr 1, Caldwell, ID 83605, USA",(208) 901-1168,,5,5,https://maps.google.com/?cid=14820316149570680978&g_mp=Cidnb29nbGUubWFwcy5wbGFjZXMudjEuUGxhY2VzLlNlYXJjaFRleHQQAhgEIAA,OPERATIONAL,"point_of_interest,service,establishment",Welding service,Nampa
ChIJnQ-wYlhMrlQR7mkXrOLwiPU,J V Howard Welding Works,"820 3rd Ave N, Nampa, ID 83687, USA",(208) 467-5341,,1,1,https://maps.google.com/?cid=17692655992465484270&g_mp=Cidnb29nbGUubWFwcy5wbGFjZXMudjEuUGxhY2VzLlNlYXJjaFRleHQQAhgEIAA,OPERATIONAL,"point_of_interest,service,establishment",Welding service,Nampa
ChIJycrTMPyzr1QRwMnLaMY3H1o,Extreme Welding LLC,"904 N Illinois Ave, Caldwell, ID 83605, USA",(208) 466-4702,http://extremeweldingllc.com/,5,3,https://maps.google.com/?cid=6493970512992782784&g_mp=Cidnb29nbGUubWFwcy5wbGFjZXMudjEuUGxhY2VzLlNlYXJjaFRleHQQAhgEIAA,OPERATIONAL,"point_of_interest,service,establishment",Welding service,Nampa
ChIJlwR9fBhLrlQRNPtkciXuTSs,G & S Excavation LLC,"13937 Indiana Ave, Nampa, ID 83651, USA",(208) 467-5330,https://www.gands-excavation.com/,3.9,7,https://maps.google.com/?cid=3120411961438042932&g_mp=Cidnb29nbGUubWFwcy5wbGFjZXMudjEuUGxhY2VzLlNlYXJjaFRleHQQAhgEIAA,OPERATIONAL,"general_contractor,point_of_interest,service,establishment",Excavation contractor,Nampa
ChIJyzm8yoVNrlQRb9p35T9jIsA,DIRTPRO LLC,"2817 Brandt Ave #2, Nampa, ID 83653, USA",(208) 573-7306,https://www.dirtproexcavation.com/,5,1,https://maps.google.com/?cid=13844737330574252655&g_mp=Cidnb29nbGUubWFwcy5wbGFjZXMudjEuUGxhY2VzLlNlYXJjaFRleHQQAhgEIAA,OPERATIONAL,"general_contractor,point_of_interest,service,establishment",Excavation contractor,Nampa
ChIJ__9bhDtJrlQRViXC0YJELec,Daystar Excavation Inc.,"2800 E Badger Dr, Nampa, ID 83687, USA",(208) 919-3687,https://daystarexcavation.us/,4.3,6,https://maps.google.com/?cid=16658045925368931670&g_mp=Cidnb29nbGUubWFwcy5wbGFjZXMudjEuUGxhY2VzLlNlYXJjaFRleHQQAhgEIAA,OPERATIONAL,"general_contractor,point_of_interest,service,establishment",Excavation contractor,Nampa
ChIJVVUlur5LrlQROekVA35yPyk,Pearman Contracting,"2409 W Sheridan Ave, Nampa, ID 83686, USA",(208) 921-3809,https://www.pearmancontracting.com/,5,1,https://maps.google.com/?cid=2972220164631030073&g_mp=Cidnb29nbGUubWFwcy5wbGFjZXMudjEuUGxhY2VzLlNlYXJjaFRleHQQAhgEIAA,OPERATIONAL,"general_contractor,point_of_interest,service,establishment",Excavation contractor,Nampa
ChIJmcpAS3JLrlQR36IPnU22suM,Legacy Dirt Works,"11363 Moss Ln, Nampa, ID 83651, USA",(208) 941-7949,http://legacydirtworks.com/,5,1,https://maps.google.com/?cid=16407376836927922911&g_mp=Cidnb29nbGUubWFwcy5wbGFjZXMudjEuUGxhY2VzLlNlYXJjaFRleHQQAhgEIAA,OPERATIONAL,"general_contractor,point_of_interest,service,establishment",Excavation contractor,Nampa
ChIJeVICaw1NrlQR_EvsbfG8Zv0,Alpha Grade Earthworks,"2601 E Amity Ave, Nampa, ID 83686, USA",(208) 789-7931,http://alphagradeearthworks.com/,5,3,https://maps.google.com/?cid=18259489484337597436&g_mp=Cidnb29nbGUubWFwcy5wbGFjZXMudjEuUGxhY2VzLlNlYXJjaFRleHQQAhgEIAA,OPERATIONAL,"general_contractor,point_of_interest,service,establishment",Excavation contractor,Nampa
ChIJb4jytg4CJA0RSRtDSbvkW6U,Radar underground,"5291 E Sublette St, Nampa, ID 83687, USA",(208) 615-0789,,5,2,https://maps.google.com/?cid=11915368732177931081&g_mp=Cidnb29nbGUubWFwcy5wbGFjZXMudjEuUGxhY2VzLlNlYXJjaFRleHQQAhgEIAA,OPERATIONAL,"general_contractor,point_of_interest,service,establishment",Excavation contractor,Nampa
ChIJH7SSy8FNrlQRCuk8Ge9j0hE,Hager Construction Group LLC,"16623 N Clover Valley Wy, Nampa, ID 83687, USA",(208) 606-8233,,5,8,https://maps.google.com/?cid=1284198722325768458&g_mp=Cidnb29nbGUubWFwcy5wbGFjZXMudjEuUGxhY2VzLlNlYXJjaFRleHQQAhgEIAA,OPERATIONAL,"general_contractor,point_of_interest,service,establishment",Excavation contractor,Nampa
ChIJxQ310WNSrlQRF5fBIgIv47k,Paul Construction,"16429 McDermott Rd, Nampa, ID 83687, USA",(208) 466-2953,,5,5,https://maps.google.com/?cid=13394601402949539607&g_mp=Cidnb29nbGUubWFwcy5wbGFjZXMudjEuUGxhY2VzLlNlYXJjaFRleHQQAhgEIAA,OPERATIONAL,"general_contractor,point_of_interest,service,establishment",Excavation contractor,Nampa
ChIJzxRIhBmxr1QREPNljVwfVFE,Cougar Excavation LLC,"7396 Ustick Rd, Nampa, ID 83687, USA",(208) 860-4578,http://cougarexcavation.com/,3.5,8,https://maps.google.com/?cid=5860343497485579024&g_mp=Cidnb29nbGUubWFwcy5wbGFjZXMudjEuUGxhY2VzLlNlYXJjaFRleHQQAhgEIAA,OPERATIONAL,"general_contractor,point_of_interest,service,establishment",Excavation contractor,Nampa
ChIJhRA3r9BPrlQRBI_TFZa5VCw,Landmark Construction LLC,"455 S Kings Rd, Nampa, ID 83687, USA",(208) 941-1260,https://landmarkconstruction-idaho.com/,5,8,https://maps.google.com/?cid=3194382089974943492&g_mp=Cidnb29nbGUubWFwcy5wbGFjZXMudjEuUGxhY2VzLlNlYXJjaFRleHQQAhgEIAA,OPERATIONAL,"general_contractor,point_of_interest,service,establishment",Excavation contractor,Nampa
ChIJ-7bhf-e1r1QRlyNVOjxfeUY,"Valley Compact Demolition Excavation, LLC","804 W Ash St, Caldwell, ID 83605, USA",(208) 275-9616,http://www.valleycompact.com/,5,4,https://maps.google.com/?cid=5078194767118279575&g_mp=Cidnb29nbGUubWFwcy5wbGFjZXMudjEuUGxhY2VzLlNlYXJjaFRleHQQAhgEIAA,OPERATIONAL,"moving_company,shipping_service,transportation_service,general_contractor,point_of_interest,service,establishment",Excavation contractor,Nampa
ChIJZQc0DBixr1QRfJeKp3vjSm4,Prime Construction & Asphalt Sealcoating,"920 Laurel St, Caldwell, ID 83605, USA",(208) 649-4338,http://www.primeconstructionidaho.com/,4,23,https://maps.google.com/?cid=7947414612680021884&g_mp=Cidnb29nbGUubWFwcy5wbGFjZXMudjEuUGxhY2VzLlNlYXJjaFRleHQQAhgEIAA,OPERATIONAL,"general_contractor,service,point_of_interest,establishment",Paving contractor,Nampa
ChIJJcCySYtMrlQRV0faduz0Rck,"Idaho Materials & Construction, A CRH Company","16265 Ten Ln, Nampa, ID 83687, USA",(208) 466-5001,https://stakerparson.com/companies/idaho-materials-construction/,3.9,18,https://maps.google.com/?cid=14503267471460026199&g_mp=Cidnb29nbGUubWFwcy5wbGFjZXMudjEuUGxhY2VzLlNlYXJjaFRleHQQAhgEIAA,OPERATIONAL,"general_contractor,manufacturer,supplier,service,point_of_interest,establishment",Paving contractor,Nampa
ChIJHT5xdJJHrlQR_jRVjTHkezw,"Hazel Asphalt, LLC","2423 Silgan Way, Nampa, ID 83687, USA",(208) 467-7789,http://www.hazelasphalt.com/,3.5,13,https://maps.google.com/?cid=4358327965886788862&g_mp=Cidnb29nbGUubWFwcy5wbGFjZXMudjEuUGxhY2VzLlNlYXJjaFRleHQQAhgEIAA,OPERATIONAL,"service,point_of_interest,establishment",Paving contractor,Nampa
ChIJfb8jTipNrlQRED1_U60WGl0,"Idaho Materials & Construction, A CRH Company","924 N Sugar St, Nampa, ID 83687, USA",(208) 466-5001,https://stakerparson.com/companies/idaho-materials-construction/,3.4,15,https://maps.google.com/?cid=6708699528607776016&g_mp=Cidnb29nbGUubWFwcy5wbGFjZXMudjEuUGxhY2VzLlNlYXJjaFRleHQQAhgEIAA,OPERATIONAL,"general_contractor,manufacturer,supplier,service,point_of_interest,establishment",Paving contractor,Nampa
ChIJPfiGclNMrlQR_sxokgFHvk8,Idaho Asphalt Supply Inc,"800 N Sugar St, Nampa, ID 83687, USA",(208) 466-9541,https://idahoasphalt.com/,1,1,https://maps.google.com/?cid=5746108246648212734&g_mp=Cidnb29nbGUubWFwcy5wbGFjZXMudjEuUGxhY2VzLlNlYXJjaFRleHQQAhgEIAA,OPERATIONAL,"general_contractor,service,point_of_interest,establishment",Paving contractor,Nampa
ChIJi5oc8HdNrlQRjrsiOOis5Oo,Showcase Construction & Landscape Inc.,"123 11th Ave S #3477, Nampa, ID 83653, USA",(208) 871-1565,http://www.showcasecl.com/,5,23,https://maps.google.com/?cid=16925843412939357070&g_mp=Cidnb29nbGUubWFwcy5wbGFjZXMudjEuUGxhY2VzLlNlYXJjaFRleHQQAhgEIAA,OPERATIONAL,"general_contractor,service,point_of_interest,establishment",Paving contractor,Nampa
ChIJld5I-BS1r1QRCNclhdbBrHc,"Beacon Plumbing, Heating, Air-Conditioning, and Electrical, Inc","5312 Cleveland Blvd, Caldwell, ID 83607, USA",(208) 741-6439,https://www.beaconplumbing.com/caldwell-plumbing,5,321,https://maps.google.com/?cid=8623480513608668936&g_mp=Cidnb29nbGUubWFwcy5wbGFjZXMudjEuUGxhY2VzLlNlYXJjaFRleHQQAhgEIAA,OPERATIONAL,"plumber,electrician,general_contractor,building_materials_store,store,point_of_interest,service,establishment",Plumber,Caldwell
ChIJ48IHvKu1r1QROGkp2watOvk,Ace Caldwell Emergency Plumber,"518 Shaver Ave, Caldwell, ID 83605, USA",(208) 247-0293,https://acecaldwellemergencyplumber.com/,5,11,https://maps.google.com/?cid=17958856709051607352&g_mp=Cidnb29nbGUubWFwcy5wbGFjZXMudjEuUGxhY2VzLlNlYXJjaFRleHQQAhgEIAA,OPERATIONAL,"plumber,point_of_interest,service,establishment",Plumber,Caldwell
ChIJv0h_nNnk2KIRMzoughHwKdU,RSM Plumbing LLC,"2604 S Kimball Ave, Caldwell, ID 83605, USA",(208) 941-0456,https://rsmplumbingidaho.com/,5,87,https://maps.google.com/?cid=15360071962112965171&g_mp=Cidnb29nbGUubWFwcy5wbGFjZXMudjEuUGxhY2VzLlNlYXJjaFRleHQQAhgEIAA,OPERATIONAL,"plumber,point_of_interest,service,establishment",Plumber,Caldwell
ChIJC2DaI6q3r1QR3ZRGMH7S2Uk,Quality Caldwell Emergency Plumber,"19560 Lower Pleasant Ridge Rd, Caldwell, ID 83607, USA",(208) 453-7026,https://qualitycaldwellemergencyplumber.com/,5,9,https://maps.google.com/?cid=5321515874132595933&g_mp=Cidnb29nbGUubWFwcy5wbGFjZXMudjEuUGxhY2VzLlNlYXJjaFRleHQQAhgEIAA,OPERATIONAL,"plumber,point_of_interest,service,establishment",Plumber,Caldwell
ChIJb4EZD77GUEgRDUYgzeT6Dp8,Pure Plumbing Idaho,"16790 Loggia Ave, Caldwell, ID 83607, USA",(208) 965-6983,,5,17,https://maps.google.com/?cid=11461373962305422861&g_mp=Cidnb29nbGUubWFwcy5wbGFjZXMudjEuUGxhY2VzLlNlYXJjaFRleHQQAhgEIAA,OPERATIONAL,"plumber,point_of_interest,service,establishment",Plumber,Caldwell
ChIJt3N3X2i1r1QRnpQmxQ-zHKk,Right Now Plumbing,"311 Evans St, Caldwell, ID 83605, USA",(208) 278-2992,https://rightnowheatcool.com/?utm_source=google-gbp&utm_medium=organic&utm_campaign=*147*right-now-plumbing-caldwell,4.9,463,https://maps.google.com/?cid=12185811572071240862&g_mp=Cidnb29nbGUubWFwcy5wbGFjZXMudjEuUGxhY2VzLlNlYXJjaFRleHQQAhgEIAA,OPERATIONAL,"plumber,store,point_of_interest,service,establishment",Plumber,Caldwell
ChIJZa8rMz60r1QR0ww-ZNH2dOY,C R Higer Plumbing Inc,"1312 Paynter Ave, Caldwell, ID 83605, USA",(208) 459-8231,,4.3,55,https://maps.google.com/?cid=16606169105212247251&g_mp=Cidnb29nbGUubWFwcy5wbGFjZXMudjEuUGxhY2VzLlNlYXJjaFRleHQQAhgEIAA,OPERATIONAL,"plumber,point_of_interest,service,establishment",Plumber,Caldwell
ChIJuWtC6eexr1QRXFyZuOj12uY,Rapid Middleton Emergency Plumber,"305 Cornell St, Middleton, ID 83644, USA",(208) 453-7025,https://rapidmiddletonemergencyplumber.com/,5,12,https://maps.google.com/?cid=16634878553524624476&g_mp=Cidnb29nbGUubWFwcy5wbGFjZXMudjEuUGxhY2VzLlNlYXJjaFRleHQQAhgEIAA,OPERATIONAL,"plumber,point_of_interest,service,establishment",Plumber,Caldwell
ChIJNY1-PrBNrlQRCua5fEBS50g,American Rooter & Drain,"1005 Commercial Way, Caldwell, ID 83605, USA",(208) 402-8033,https://www.idahosplumber.com/?utm_source=google&utm_medium=organic&utm_campaign=gbp-listing&utm_term=website,4.8,1593,https://maps.google.com/?cid=5253257927274915338&g_mp=Cidnb29nbGUubWFwcy5wbGFjZXMudjEuUGxhY2VzLlNlYXJjaFRleHQQAhgEIAA,OPERATIONAL,"plumber,general_contractor,point_of_interest,service,establishment",Plumber,Caldwell
ChIJrxkHh6K0r1QRgJN3BV_s2Gg,"Safeguard Plumbing- Caldwell, Meridian, Boise","120 W Linden St, Caldwell, ID 83605, USA",(208) 697-2874,http://www.safeguardplumbingcompany.com/,4.5,17,https://maps.google.com/?cid=7555048267771777920&g_mp=Cidnb29nbGUubWFwcy5wbGFjZXMudjEuUGxhY2VzLlNlYXJjaFRleHQQAhgEIAA,OPERATIONAL,"plumber,point_of_interest,service,establishment",Plumber,Caldwell
ChIJP4P-AsG3r1QRo37GA5E5ERI,Village Plumbing,"3908 Bennington St, Caldwell, ID 83607, USA",(208) 494-9762,https://villageplumbers.net/location/finding-a-reliable-plumber-in-caldwell,5,3,https://maps.google.com/?cid=1301885062283165347&g_mp=Cidnb29nbGUubWFwcy5wbGFjZXMudjEuUGxhY2VzLlNlYXJjaFRleHQQAhgEIAA,OPERATIONAL,"plumber,point_of_interest,service,establishment",Plumber,Caldwell
ChIJoWYby9Gzr1QRaUylLIGJo_U,Roadrunner Plumbing Service LLC,"11423 Willamette Way, Caldwell, ID 83605, USA",(208) 353-0426,http://plumbingroadrunner.com/,5,15,https://maps.google.com/?cid=17700142148388998249&g_mp=Cidnb29nbGUubWFwcy5wbGFjZXMudjEuUGxhY2VzLlNlYXJjaFRleHQQAhgEIAA,OPERATIONAL,"plumber,service,point_of_interest,establishment",Plumbing contractor,Caldwell
ChIJXWT6gwGzr1QRIfPCii3S8DM,Spartan Electric LLC,"1011 Teton Ave, Caldwell, ID 83605, USA",(208) 999-5200,http://spartanelectricllc.com/,5,11,https://maps.google.com/?cid=3742722383388275489&g_mp=Cidnb29nbGUubWFwcy5wbGFjZXMudjEuUGxhY2VzLlNlYXJjaFRleHQQAhgEIAA,OPERATIONAL,"electrician,general_contractor,point_of_interest,service,establishment",Electrician,Caldwell
ChIJH_qycZ6zr1QRpjaMKW6Oh08,Steelhead Electric LLC,"1310 N La Cresta Ave, Caldwell, ID 83605, USA",(208) 789-8844,https://steelheadelectricid.com/,5,29,https://maps.google.com/?cid=5730705654646847142&g_mp=Cidnb29nbGUubWFwcy5wbGFjZXMudjEuUGxhY2VzLlNlYXJjaFRleHQQAhgEIAA,OPERATIONAL,"electrician,point_of_interest,service,establishment",Electrician,Caldwell
ChIJPXvrRYC0r1QR1IFhcHabxeM,"AME Electric, Inc.","3621 Arthur St, Caldwell, ID 83605, USA",(208) 459-8959,http://www.ameelectric.com/,4.6,42,https://maps.google.com/?cid=16412695350015525332&g_mp=Cidnb29nbGUubWFwcy5wbGFjZXMudjEuUGxhY2VzLlNlYXJjaFRleHQQAhgEIAA,OPERATIONAL,"electrician,point_of_interest,service,establishment",Electrician,Caldwell
ChIJnRGPvnS0r1QR9jxfdJU3n9U,Lynn Proctor Electrical Contractor,"302 Badiola St, Caldwell, ID 83605, USA",(208) 459-2122,https://www.lynnproctorelectrical.com/,5,3,https://maps.google.com/?cid=15393083166417698038&g_mp=Cidnb29nbGUubWFwcy5wbGFjZXMudjEuUGxhY2VzLlNlYXJjaFRleHQQAhgEIAA,OPERATIONAL,"electrician,point_of_interest,service,establishment",Electrician,Caldwell
ChIJN7HbUxmxr1QRtv46KSs8HXo,Electric Experts,"23553 Freezeout Rd, Caldwell, ID 83607, USA",(208) 454-0304,http://www.electricexpertsinc.com/,4.8,24,https://maps.google.com/?cid=8799255403024809654&g_mp=Cidnb29nbGUubWFwcy5wbGFjZXMudjEuUGxhY2VzLlNlYXJjaFRleHQQAhgEIAA,OPERATIONAL,"electrician,general_contractor,point_of_interest,service,establishment",Electrician,Caldwell
ChIJ60LSImimsgURgQIBb5LVR4U,West Mountain Electric,"E 4 Ln, Donnelly, ID 83615, USA",(208) 899-0073,https://wmelectric.us/,5,2,https://maps.google.com/?cid=9603879555295150721&g_mp=Cidnb29nbGUubWFwcy5wbGFjZXMudjEuUGxhY2VzLlNlYXJjaFRleHQQAhgEIAA,OPERATIONAL,"electrician,point_of_interest,service,establishment",Electrician,Caldwell
ChIJW6hXKMqxr1QR6qHVLnZhTjQ,Porter Electric LLC,"1162 Valley Ct, Middleton, ID 83644, USA",(208) 204-7558,https://porterelectricllc.com/,5,16,https://maps.google.com/?cid=3769057098375471594&g_mp=Cidnb29nbGUubWFwcy5wbGFjZXMudjEuUGxhY2VzLlNlYXJjaFRleHQQAhgEIAA,OPERATIONAL,"electrician,consultant,point_of_interest,service,establishment",Electrician,Caldwell
ChIJGyMVraWzr1QRhvhnJz9sDDE,GW Electric,"4420 Capital St, Caldwell, ID 83605, USA",(208) 965-7422,https://gweusa.com/,5,7,https://maps.google.com/?cid=3534318826078861446&g_mp=Cidnb29nbGUubWFwcy5wbGFjZXMudjEuUGxhY2VzLlNlYXJjaFRleHQQAhgEIAA,OPERATIONAL,"electrician,point_of_interest,service,establishment",Electrician,Caldwell
ChIJBzy-8n60r1QRIvzEuZhDO0c,Twin Cities Electric Inc,"2918 E Linden St, Caldwell, ID 83605, USA",(208) 455-5051,,4.4,18,https://maps.google.com/?cid=5132770523549596706&g_mp=Cidnb29nbGUubWFwcy5wbGFjZXMudjEuUGxhY2VzLlNlYXJjaFRleHQQAhgEIAA,OPERATIONAL,"electrician,point_of_interest,service,establishment",Electrician,Caldwell
ChIJxankI5W0r1QRvP9F1K5yEos,Dixie River Electric,"521 N 10th Avenue #46, Caldwell, ID 83607, USA",(208) 921-6664,,5,3,https://maps.google.com/?cid=10021198216064008124&g_mp=Cidnb29nbGUubWFwcy5wbGFjZXMudjEuUGxhY2VzLlNlYXJjaFRleHQQAhgEIAA,OPERATIONAL,"electrician,point_of_interest,service,establishment",Electrician,Caldwell
ChIJ8Yt74w6xr1QRZjPpTV1aHgY,Asap Electric,"23190 Canyon Ln, Caldwell, ID 83607, USA",(208) 455-8318,,5,4,https://maps.google.com/?cid=440889170314474342&g_mp=Cidnb29nbGUubWFwcy5wbGFjZXMudjEuUGxhY2VzLlNlYXJjaFRleHQQAhgEIAA,OPERATIONAL,"electrician,point_of_interest,service,establishment",Electrician,Caldwell
ChIJzXsVpMm1r1QRL64eCQdq16k,Apex Electric,"19149 Birchwood Dr, Caldwell, ID 83607, USA",(208) 453-1220,,4.7,3,https://maps.google.com/?cid=12238367090852933167&g_mp=Cidnb29nbGUubWFwcy5wbGFjZXMudjEuUGxhY2VzLlNlYXJjaFRleHQQAhgEIAA,OPERATIONAL,"electrician,point_of_interest,service,establishment",Electrician,Caldwell
ChIJ7xoXzDOzr1QR_3FI2qQEubU,Advanced Electrical Technologies,"720 S Kit Ave, Caldwell, ID 83605, USA",(208) 910-2448,https://www.aet-pneco.com/,5,1,https://maps.google.com/?cid=13094502497639756287&g_mp=Cidnb29nbGUubWFwcy5wbGFjZXMudjEuUGxhY2VzLlNlYXJjaFRleHQQAhgEIAA,OPERATIONAL,"electrician,point_of_interest,service,establishment",Electrician,Caldwell
ChIJL394YPCxr1QREAGUaehbNRk,Joe Maldonado Electrical Contractor,"2006 Santa Clara Dr, Caldwell, ID 83605, USA",(562) 452-0833,,5,4,https://maps.google.com/?cid=1816459078475710736&g_mp=Cidnb29nbGUubWFwcy5wbGFjZXMudjEuUGxhY2VzLlNlYXJjaFRleHQQAhgEIAA,OPERATIONAL,"electrician,point_of_interest,service,establishment",Electrician,Caldwell
ChIJb7PMOqxXEgIRknc0hO_PcGk,Ben's Electric,"15620 Chaparral Ave, Caldwell, ID 83607, USA",(208) 989-4300,,4.6,9,https://maps.google.com/?cid=7597801198996191122&g_mp=Cidnb29nbGUubWFwcy5wbGFjZXMudjEuUGxhY2VzLlNlYXJjaFRleHQQAhgEIAA,OPERATIONAL,"electrician,point_of_interest,service,establishment",Electrician,Caldwell
ChIJTe4w6gG0r1QR7UH4FxuzdzM,BICANDÍ ELECTRIC,"212 W Elgin St, Caldwell, ID 83605, USA",,,5,1,https://maps.google.com/?cid=3708629747110527469&g_mp=Cidnb29nbGUubWFwcy5wbGFjZXMudjEuUGxhY2VzLlNlYXJjaFRleHQQAhgEIAA,OPERATIONAL,"service,point_of_interest,establishment",Electrical contractor,Caldwell
ChIJeyoBzx-1r1QR5LYWjLVLwBE,"JB's Roofing, Inc.","510 Laurel St, Caldwell, ID 83605, USA",(208) 454-9162,https://jbsroof.com/,4.5,49,https://maps.google.com/?cid=1279105537284683492&g_mp=Cidnb29nbGUubWFwcy5wbGFjZXMudjEuUGxhY2VzLlNlYXJjaFRleHQQAhgEIAA,OPERATIONAL,"roofing_contractor,point_of_interest,service,establishment",Roofer,Caldwell
ChIJS2_qyq290SER4wiqIsvSa-o,Mike's Roofing and Repairs LLC,"513 Huckleberry St, Middleton, ID 83644, USA",(208) 631-0806,https://www.mikesroofingandrepairs.com/home,5,42,https://maps.google.com/?cid=16891826597284940003&g_mp=Cidnb29nbGUubWFwcy5wbGFjZXMudjEuUGxhY2VzLlNlYXJjaFRleHQQAhgEIAA,OPERATIONAL,"roofing_contractor,point_of_interest,service,establishment",Roofer,Caldwell
ChIJ4fveqXR3nG4R8c_lMzsWuWI,Flash Rite Roofing,"1608 Missoula Way, Caldwell, ID 83605, USA",(208) 869-7797,http://www.flashriteroof.com/,4.9,27,https://maps.google.com/?cid=7113741529937989617&g_mp=Cidnb29nbGUubWFwcy5wbGFjZXMudjEuUGxhY2VzLlNlYXJjaFRleHQQAhgEIAA,OPERATIONAL,"roofing_contractor,point_of_interest,service,establishment",Roofer,Caldwell
ChIJMUMei6Ozr1QR6SWxKoMZ2Sk,Roy's Roofing LLC,"11829 Shelburne St, Caldwell, ID 83605, USA",,,4.6,14,https://maps.google.com/?cid=3015469476648920553&g_mp=Cidnb29nbGUubWFwcy5wbGFjZXMudjEuUGxhY2VzLlNlYXJjaFRleHQQAhgEIAA,OPERATIONAL,"roofing_contractor,point_of_interest,service,establishment",Roofer,Caldwell
ChIJ49QufDi0r1QRBE1faacdicg,Dreamroofs,"204 Main St, Caldwell, ID 83605, USA",(208) 454-0323,http://dreamroofsidaho.com/,4.5,46,https://maps.google.com/?cid=14450113484259544324&g_mp=Cidnb29nbGUubWFwcy5wbGFjZXMudjEuUGxhY2VzLlNlYXJjaFRleHQQAhgEIAA,OPERATIONAL,"roofing_contractor,point_of_interest,service,establishment",Roofer,Caldwell
ChIJh8ce1WGzr1QRiomoKX_gXNY,Upson Company,"4512 E Ustick Rd, Caldwell, ID 83605, USA",(208) 459-6978,https://www.upsoncompany.com/,4.5,27,https://maps.google.com/?cid=15446467658738338186&g_mp=Cidnb29nbGUubWFwcy5wbGFjZXMudjEuUGxhY2VzLlNlYXJjaFRleHQQAhgEIAA,OPERATIONAL,"roofing_contractor,point_of_interest,service,establishment",Roofer,Caldwell
ChIJVx-ARNi0r1QR-gs09UhStN8,Next Gen Roofing Specialists,"16609 Frisco Ave, Caldwell, ID 83607, USA",(208) 590-8403,,5,1,https://maps.google.com/?cid=16119599439570799610&g_mp=Cidnb29nbGUubWFwcy5wbGFjZXMudjEuUGxhY2VzLlNlYXJjaFRleHQQAhgEIAA,OPERATIONAL,"roofing_contractor,point_of_interest,service,establishment",Roofer,Caldwell
ChIJ8xYw45W1r1QRVQBxxFGkWFw,Astle Brothers Roofing,"17417 Boehner Rd, Caldwell, ID 83607, USA",(208) 459-1139,,5,2,https://maps.google.com/?cid=6654249120534954069&g_mp=Cidnb29nbGUubWFwcy5wbGFjZXMudjEuUGxhY2VzLlNlYXJjaFRleHQQAhgEIAA,OPERATIONAL,"roofing_contractor,point_of_interest,service,establishment",Roofer,Caldwell
ChIJ79Ky8Ya1r1QREvjVXVi7wuc,Davis Roofing,"1401 Rattle Snake Ct, Caldwell, ID 83605, USA",(208) 899-3902,,5,1,https://maps.google.com/?cid=16700116356449040402&g_mp=Cidnb29nbGUubWFwcy5wbGFjZXMudjEuUGxhY2VzLlNlYXJjaFRleHQQAhgEIAA,OPERATIONAL,"roofing_contractor,point_of_interest,service,establishment",Roofer,Caldwell
ChIJQfFHn7yzr1QRB9D7sQcIqNM,Arctic Air Inc.,"11124 Bass Ln, Caldwell, ID 83605, USA",(208) 453-9272,https://www.arcticairidaho.com/,5,604,https://maps.google.com/?cid=15251448967234048007&g_mp=Cidnb29nbGUubWFwcy5wbGFjZXMudjEuUGxhY2VzLlNlYXJjaFRleHQQAhgEIAA,OPERATIONAL,"general_contractor,service,point_of_interest,establishment",HVAC,Caldwell
ChIJN_ClNhq0r1QR4KB3_3q7yPc,Heating Equipment Company,"123 Everett St, Caldwell, ID 83605, USA",(208) 459-2212,http://www.heatingequipmentcompany.com/,4.6,30,https://maps.google.com/?cid=17854726859656765664&g_mp=Cidnb29nbGUubWFwcy5wbGFjZXMudjEuUGxhY2VzLlNlYXJjaFRleHQQAhgEIAA,OPERATIONAL,"general_contractor,service,point_of_interest,establishment",HVAC,Caldwell
ChIJMRwcjIizr1QRWjL6vGvBNQY,Air Now Heating & Cooling LLC,"1305 N 5th Ave, Caldwell, ID 83605, USA",(208) 901-9433,,5,4,https://maps.google.com/?cid=447476406469407322&g_mp=Cidnb29nbGUubWFwcy5wbGFjZXMudjEuUGxhY2VzLlNlYXJjaFRleHQQAhgEIAA,OPERATIONAL,"general_contractor,point_of_interest,service,establishment",Heating and cooling,Caldwell
ChIJA2s9NzKzr1QRHoyS-BEvFpQ,Comet Energy Heating and Air LLC,"10162 Lilac Pl, Middleton, ID 83644, USA",(208) 284-1688,,5,4,https://maps.google.com/?cid=10670768121332272158&g_mp=Cidnb29nbGUubWFwcy5wbGFjZXMudjEuUGxhY2VzLlNlYXJjaFRleHQQAhgEIAA,OPERATIONAL,"general_contractor,point_of_interest,service,establishment",Heating and cooling,Caldwell
ChIJPTzCh5hPrlQRIu-s6WI3kME,Add comfort heating and air LLC,"2914 Shamrock Ave, Nampa, ID 83686, USA",(208) 919-4272,http://www.addcomfortheatingandairllc.com/,5,3,https://maps.google.com/?cid=13947708943933173538&g_mp=Cidnb29nbGUubWFwcy5wbGFjZXMudjEuUGxhY2VzLlNlYXJjaFRleHQQAhgEIAA,OPERATIONAL,"general_contractor,point_of_interest,service,establishment",Heating and cooling,Caldwell
ChIJ20m8g_err1QRSD2tW22SMO4,ProGuard Pest Control,"5341 W Piaffe St, Eagle, ID 83616, USA",(208) 352-2062,https://proguardpest.com/contact-us/,5,262,https://maps.google.com/?cid=17163379178296130888&g_mp=Cidnb29nbGUubWFwcy5wbGFjZXMudjEuUGxhY2VzLlNlYXJjaFRleHQQAhgEIAA,OPERATIONAL,"service,point_of_interest,establishment",Pest control,Caldwell
ChIJnyTk7GdPrlQRbvNrk_jBmJY,Quality Greens,"16695 Marshall Ave, Caldwell, ID 83607, USA",(208) 867-5802,https://www.qualitygreenslandscaping.com/,4.9,98,https://maps.google.com/?cid=10851636575518585710&g_mp=Cidnb29nbGUubWFwcy5wbGFjZXMudjEuUGxhY2VzLlNlYXJjaFRleHQQAhgEIAA,OPERATIONAL,"general_contractor,point_of_interest,service,establishment",Landscaping,Caldwell
ChIJT6EuQb305gIR1_MYkdbxp-c,Paz Landscape & Lawn Care LLC,"2506 Meadow Ave, Caldwell, ID 83605, USA",(208) 329-2004,https://pazlandscapeandlawncarellc.pro/,5,17,https://maps.google.com/?cid=16692576447731659735&g_mp=Cidnb29nbGUubWFwcy5wbGFjZXMudjEuUGxhY2VzLlNlYXJjaFRleHQQAhgEIAA,OPERATIONAL,"general_contractor,point_of_interest,service,establishment",Landscaping,Caldwell
ChIJLXIShcu2r1QRJR6cvC69akI,Blue Ribbon Landscape & Maintenance Inc.,"10497 US-20, Caldwell, ID 83605, USA",(208) 466-5656,https://www.blueribbonlandscapes.com/,4.2,59,https://maps.google.com/?cid=4785845562465066533&g_mp=Cidnb29nbGUubWFwcy5wbGFjZXMudjEuUGxhY2VzLlNlYXJjaFRleHQQAhgEIAA,OPERATIONAL,"general_contractor,point_of_interest,service,establishment",Landscaping,Caldwell
ChIJ9Uoeoxexr1QRglXHynjNgQA,Rainy Day Irrigation & Landscaping,"14452 ID-44, Caldwell, ID 83607, USA",(208) 407-5123,http://www.landscaperboise.com/,4.3,72,https://maps.google.com/?cid=36536190677505410&g_mp=Cidnb29nbGUubWFwcy5wbGFjZXMudjEuUGxhY2VzLlNlYXJjaFRleHQQAhgEIAA,OPERATIONAL,"general_contractor,point_of_interest,service,establishment",Landscaping,Caldwell
ChIJGfZu5Yqzr1QRXoCemKGZag0,Canyon Hardscape Supply,"519 N 21st Ave, Caldwell, ID 83605, USA",(208) 614-9447,https://www.canyonhardscape.com/,4.7,99,https://maps.google.com/?cid=966753989353701470&g_mp=Cidnb29nbGUubWFwcy5wbGFjZXMudjEuUGxhY2VzLlNlYXJjaFRleHQQAhgEIAA,OPERATIONAL,"general_contractor,building_materials_store,point_of_interest,service,store,establishment",Landscaping,Caldwell
ChIJDYcMUgC1r1QRLL9IKB-VIf4,Wild Land Irrigation,"518 Dearborn St, Caldwell, ID 83605, USA",,https://wildlandirrigation.com/,5,7,https://maps.google.com/?cid=18312081520917528364&g_mp=Cidnb29nbGUubWFwcy5wbGFjZXMudjEuUGxhY2VzLlNlYXJjaFRleHQQAhgEIAA,OPERATIONAL,"general_contractor,point_of_interest,service,establishment",Landscaping,Caldwell
ChIJ0R7MfZN0fGYRGkxNbcvX-Eo,Fantasy Scapes,"2404 Cleveland Blvd Ate A, Caldwell, ID 83605, USA",(208) 912-5012,https://www.fantasyscapesllc.com/,4.9,18,https://maps.google.com/?cid=5402305021743025178&g_mp=Cidnb29nbGUubWFwcy5wbGFjZXMudjEuUGxhY2VzLlNlYXJjaFRleHQQAhgEIAA,OPERATIONAL,"general_contractor,point_of_interest,service,establishment",Landscaping,Caldwell
ChIJX6MKxQK1r1QRQXoPvx0UjzE,DMC Landscaping LLC,"2417 S Ohio Ave, Caldwell, ID 83605, USA",(208) 918-9386,,5,3,https://maps.google.com/?cid=3571095147520162369&g_mp=Cidnb29nbGUubWFwcy5wbGFjZXMudjEuUGxhY2VzLlNlYXJjaFRleHQQAhgEIAA,OPERATIONAL,"general_contractor,point_of_interest,service,establishment",Landscaping,Caldwell
ChIJs66b5Hm1r1QRJOj02DTlw9M,"Easy To Grow, LLC","4204 S Montana Ave, Caldwell, ID 83607, USA",(208) 800-3626,https://www.facebook.com/pages/category/Concrete-Contractor/Easy-To-Grow-LLC-469945873751837/,4.7,23,https://maps.google.com/?cid=15259291977602361380&g_mp=Cidnb29nbGUubWFwcy5wbGFjZXMudjEuUGxhY2VzLlNlYXJjaFRleHQQAhgEIAA,OPERATIONAL,"general_contractor,point_of_interest,service,establishment",Landscaping,Caldwell
ChIJsXByz-Cxr1QRdiPp3xU-GKA,Idaho Landscaping and Lawn Care,"Farmway Rd, Caldwell, ID 83607, USA",(208) 860-0979,http://www.idaholandscapingandlawncare.com/,4.4,7,https://maps.google.com/?cid=11536038709181358966&g_mp=Cidnb29nbGUubWFwcy5wbGFjZXMudjEuUGxhY2VzLlNlYXJjaFRleHQQAhgEIAA,OPERATIONAL,"point_of_interest,service,establishment",Landscaping,Caldwell
ChIJca7hRr-1r1QRrVl_M8tNjyQ,Green Valley Landscaping CR LLC,"3015 Jefferson Pkwy, Caldwell, ID 83605, USA",(208) 504-8776,https://www.greenvalleylandscapingcr.com/,5,1,https://maps.google.com/?cid=2634409842172713389&g_mp=Cidnb29nbGUubWFwcy5wbGFjZXMudjEuUGxhY2VzLlNlYXJjaFRleHQQAhgEIAA,OPERATIONAL,"general_contractor,point_of_interest,service,establishment",Landscaping,Caldwell
ChIJeS_ay_ytr1QRhATRhRZmNVg,Roots Rock & Bark,"22712 Lansing Ln, Middleton, ID 83644, USA",(208) 585-9123,http://www.rootsidaho.com/,4.8,125,https://maps.google.com/?cid=6356098696023704708&g_mp=Cidnb29nbGUubWFwcy5wbGFjZXMudjEuUGxhY2VzLlNlYXJjaFRleHQQAhgEIAA,OPERATIONAL,"general_contractor,building_materials_store,point_of_interest,service,store,establishment",Landscaping,Caldwell
ChIJbVJuuZSxr1QRN4qWlIsGVz8,Invicta Lawn Care LLC,"705 W Concord St, Middleton, ID 83644, USA",(208) 812-1177,http://www.invictalawncare.com/,4.9,12,https://maps.google.com/?cid=4564123943926401591&g_mp=Cidnb29nbGUubWFwcy5wbGFjZXMudjEuUGxhY2VzLlNlYXJjaFRleHQQAhgEIAA,OPERATIONAL,"point_of_interest,service,establishment",Lawn care,Caldwell
ChIJzyAgPQC0r1QRUX_rSdb7Ruc,Caldwell Automotive,"50 E Frontage Rd, Caldwell, ID 83605, USA",(208) 454-8300,http://caldwellautorepair.com/,4.9,280,https://maps.google.com/?cid=16665284368912842577&g_mp=Cidnb29nbGUubWFwcy5wbGFjZXMudjEuUGxhY2VzLlNlYXJjaFRleHQQAhgEIAA,OPERATIONAL,"tire_shop,auto_parts_store,car_repair,store,point_of_interest,service,establishment",Auto repair,Caldwell
ChIJt8mcavK1r1QRGYkjRuiC5c4,Blue Skies Automotive,"2825 Orion St, Caldwell, ID 83605, USA",(208) 794-9195,http://www.blueskies-automotive.com/,5,113,https://maps.google.com/?cid=14908466075600652569&g_mp=Cidnb29nbGUubWFwcy5wbGFjZXMudjEuUGxhY2VzLlNlYXJjaFRleHQQAhgEIAA,OPERATIONAL,"car_repair,point_of_interest,service,establishment",Auto repair,Caldwell
ChIJhTd2fmW1r1QRcfELsRxlZZc,Archers Auto Repair,"5300 Cleveland Blvd, Caldwell, ID 83607, USA",(208) 402-1021,https://archersautorepair.com/,4.8,324,https://maps.google.com/?cid=10909236846278734193&g_mp=Cidnb29nbGUubWFwcy5wbGFjZXMudjEuUGxhY2VzLlNlYXJjaFRleHQQAhgEIAA,OPERATIONAL,"car_repair,point_of_interest,service,establishment",Auto repair,Caldwell
ChIJzWElmPizr1QROXvD9OboYLI,DeMark Auto Services,"603 Hannibal St, Caldwell, ID 83605, USA",(208) 459-3468,https://demarkauto.com/,4.7,218,https://maps.google.com/?cid=12853529415161969465&g_mp=Cidnb29nbGUubWFwcy5wbGFjZXMudjEuUGxhY2VzLlNlYXJjaFRleHQQAhgEIAA,OPERATIONAL,"car_dealer,car_repair,store,point_of_interest,service,establishment",Auto repair,Caldwell
ChIJ7x8B9qZMrlQR-yv9Gdz3v5c,4 Motion Automotive LLC,"521 S 41st Ave Suite A, Caldwell, ID 83605, USA",(208) 442-1939,http://vwaudirepaircaldwell.com/,4.9,117,https://maps.google.com/?cid=10934730944979741691&g_mp=Cidnb29nbGUubWFwcy5wbGFjZXMudjEuUGxhY2VzLlNlYXJjaFRleHQQAhgEIAA,OPERATIONAL,"car_repair,point_of_interest,service,establishment",Auto repair,Caldwell
ChIJdQoC5v61r1QRmTVk9Jn1VX4,American Muffler & Auto Repair,"3510 Lake Ave, Caldwell, ID 83605, USA",(208) 402-4817,https://www.americanmuffler208.com/,4.8,241,https://maps.google.com/?cid=9103452263378335129&g_mp=Cidnb29nbGUubWFwcy5wbGFjZXMudjEuUGxhY2VzLlNlYXJjaFRleHQQAhgEIAA,OPERATIONAL,"car_repair,point_of_interest,service,establishment",Auto repair,Caldwell
ChIJb7mQAaa1r1QRkdzwE7Soqjc,Heritage Auto Repair,"5018 Midway Rd, Caldwell, ID 83607, USA",(208) 459-9798,https://heritageautorepair.com/the-best-car-mechanic-in-caldwell-idaho/,4.7,111,https://maps.google.com/?cid=4011203909508979857&g_mp=Cidnb29nbGUubWFwcy5wbGFjZXMudjEuUGxhY2VzLlNlYXJjaFRleHQQAhgEIAA,OPERATIONAL,"tire_shop,auto_parts_store,car_repair,store,point_of_interest,service,establishment",Auto repair,Caldwell
ChIJk22rvVizr1QRjFH-KWXqWNQ,Andy's Transmissions & Auto,"321 Happy Day Blvd, Caldwell, ID 83607, USA",(208) 453-1968,https://andystransmission.com/,4.9,116,https://maps.google.com/?cid=15301237454208389516&g_mp=Cidnb29nbGUubWFwcy5wbGFjZXMudjEuUGxhY2VzLlNlYXJjaFRleHQQAhgEIAA,OPERATIONAL,"car_repair,point_of_interest,service,establishment",Auto repair,Caldwell
ChIJV3ZDloO0r1QRpw0wiT28dTk,Roger’s Tire Pros & Auto Care,"4024 Cleveland Blvd, Caldwell, ID 83605, USA",(208) 314-3077,https://rogerstire.com/caldwell/,4.7,1249,https://maps.google.com/?cid=4140422404917693863&g_mp=Cidnb29nbGUubWFwcy5wbGFjZXMudjEuUGxhY2VzLlNlYXJjaFRleHQQAhgEIAA,OPERATIONAL,"tire_shop,auto_parts_store,car_repair,store,point_of_interest,service,establishment",Auto repair,Caldwell
ChIJWXlKACG0r1QRu4gZIscV_xE,4x4 Shop Inc.,"1210 Holman Ct, Caldwell, ID 83605, USA",(208) 459-8469,http://www.4x4shopidaho.com/,4.3,182,https://maps.google.com/?cid=1296779162720766139&g_mp=Cidnb29nbGUubWFwcy5wbGFjZXMudjEuUGxhY2VzLlNlYXJjaFRleHQQAhgEIAA,OPERATIONAL,"car_repair,point_of_interest,service,establishment",Auto repair,Caldwell
ChIJ8_DBJHy0r1QRpHaZIvbOp-s,United Muffler & Brake,"3015 Cleveland Blvd, Caldwell, ID 83605, USA",(208) 795-3232,https://www.unitedmufflerandbrake.us/,4.4,358,https://maps.google.com/?cid=16980768476561503908&g_mp=Cidnb29nbGUubWFwcy5wbGFjZXMudjEuUGxhY2VzLlNlYXJjaFRleHQQAhgEIAA,OPERATIONAL,"car_repair,point_of_interest,service,establishment",Auto repair,Caldwell
ChIJwepgxwS0r1QRtpsnNcqLFu0,Gallegos Auto Repair & Towing,"5617 Cleveland Blvd, Caldwell, ID 83607, USA",(208) 459-3339,,3.9,95,https://maps.google.com/?cid=17083995937067998134&g_mp=Cidnb29nbGUubWFwcy5wbGFjZXMudjEuUGxhY2VzLlNlYXJjaFRleHQQAhgEIAA,OPERATIONAL,"car_repair,point_of_interest,service,establishment",Auto repair,Caldwell
ChIJCynBFd2xr1QRgJsBTiTlNr8,Hopkins Performance Auto,"15963 Richway Dr, Caldwell, ID 83607, USA",(208) 989-8971,https://www.hopkinsperformance.org/?utm_source=onlinepresence&utm_campaign=gbp&utm_id=cumulus,4.7,15,https://maps.google.com/?cid=13778452054076922752&g_mp=Cidnb29nbGUubWFwcy5wbGFjZXMudjEuUGxhY2VzLlNlYXJjaFRleHQQAhgEIAA,OPERATIONAL,"tire_shop,auto_parts_store,car_repair,store,point_of_interest,service,establishment",Auto repair,Caldwell
ChIJV7I_paO1r1QR7RKOF3zNWXU,Crash Champions Collision Repair Caldwell,"3821 Cleveland Blvd, Caldwell, ID 83605, USA",(208) 459-4451,https://crashchampions.com/locations/crash-champions-caldwell,4.6,347,https://maps.google.com/?cid=8456015708219642605&g_mp=Cidnb29nbGUubWFwcy5wbGFjZXMudjEuUGxhY2VzLlNlYXJjaFRleHQQAhgEIAA,OPERATIONAL,"car_repair,point_of_interest,service,establishment",Auto repair,Caldwell
ChIJs4DFA7u1r1QRtJwTl7VbiO8,Wicked Wrench,"310 Badiola St, Caldwell, ID 83605, USA",(208) 459-6871,,4.9,12,https://maps.google.com/?cid=17260146407379279028&g_mp=Cidnb29nbGUubWFwcy5wbGFjZXMudjEuUGxhY2VzLlNlYXJjaFRleHQQAhgEIAA,OPERATIONAL,"point_of_interest,establishment",Auto repair,Caldwell
ChIJLaql2Ef_rlQROjxsFNlzZBA,Perfection Drivetrain & Auto Repair,"19096 Pleasant Ave, Caldwell, ID 83607, USA",(208) 921-0909,,4.9,28,https://maps.google.com/?cid=1181196378465647674&g_mp=Cidnb29nbGUubWFwcy5wbGFjZXMudjEuUGxhY2VzLlNlYXJjaFRleHQQAhgEIAA,OPERATIONAL,"car_repair,point_of_interest,service,establishment",Auto repair,Caldwell
ChIJuTtd1dC5r1QREqhW65PsJ68,Jerry's Repair Service,"24949 Conway Rd, Caldwell, ID 83607, USA",(208) 454-3392,,4.8,66,https://maps.google.com/?cid=12621316600781776914&g_mp=Cidnb29nbGUubWFwcy5wbGFjZXMudjEuUGxhY2VzLlNlYXJjaFRleHQQAhgEIAA,OPERATIONAL,"car_repair,point_of_interest,service,establishment",Auto repair,Caldwell
ChIJJev6e4G0r1QRcu8pD7AHSs0,Caliber Collision,"3907 Cleveland Blvd, Caldwell, ID 83605, USA",(208) 459-3600,https://www.caliber.com/find-a-location/caldwell?utm_source=google&utm_medium=gbp-profile&utm_campaign=webform-GBPwebsite&utm_content=&utm_term=&utm_id=0966,4.6,718,https://maps.google.com/?cid=14792644378801860466&g_mp=Cidnb29nbGUubWFwcy5wbGFjZXMudjEuUGxhY2VzLlNlYXJjaFRleHQQAhgEIAA,OPERATIONAL,"car_repair,point_of_interest,service,establishment",Auto repair,Caldwell
ChIJy0k2EYG0r1QRTUU2gwPErTE,General Automatic Transmission,"230 Loop St, Caldwell, ID 83605, USA",(208) 453-1200,https://www.generalautomatictransmissionidaho.com/,4.9,95,https://maps.google.com/?cid=3579732798194730317&g_mp=Cidnb29nbGUubWFwcy5wbGFjZXMudjEuUGxhY2VzLlNlYXJjaFRleHQQAhgEIAA,OPERATIONAL,"car_repair,point_of_interest,service,establishment",Auto repair,Caldwell
ChIJrz_n6G9XrlQRgzz0NW_WK58,ELITE MOBILE AUTO REPAIR,"931 West Greenhurst Road, Nampa, ID 83686, USA",(208) 202-9912,,3.4,43,https://maps.google.com/?cid=11469496649164012675&g_mp=Cidnb29nbGUubWFwcy5wbGFjZXMudjEuUGxhY2VzLlNlYXJjaFRleHQQAhgEIAA,OPERATIONAL,"car_repair,point_of_interest,service,establishment",Auto repair,Caldwell
ChIJscbrww-zr1QRW7j_t0TQVEU,A & A Tires 24 Hr Mobile Roadside Services Truck Tire Repair,"3909 Bobwhite St, Caldwell, ID 83605, USA",(208) 936-5840,https://aatiresidaho.com/,4.9,93,https://maps.google.com/?cid=4995846880224065627&g_mp=Cidnb29nbGUubWFwcy5wbGFjZXMudjEuUGxhY2VzLlNlYXJjaFRleHQQAhgEIAA,OPERATIONAL,"car_repair,service,point_of_interest,establishment",Mechanic,Caldwell
ChIJyY5JBaC1r1QRmTXBH0Fd3nM,Heavy Metal Truck & Equipment Repair,"123 Main St #1, Caldwell, ID 83605, USA",(208) 550-4256,,4.7,23,https://maps.google.com/?cid=8349213293478491545&g_mp=Cidnb29nbGUubWFwcy5wbGFjZXMudjEuUGxhY2VzLlNlYXJjaFRleHQQAhgEIAA,OPERATIONAL,"tire_shop,auto_parts_store,car_repair,service,store,point_of_interest,establishment",Mechanic,Caldwell
ChIJX1CNyLu0r1QRCVNErXjoc9U,JBJ Diesel Repair,"5325 S Lk Ave, Caldwell, ID 83607, USA",(208) 954-1199,https://jbjdiesel.com/,4.9,221,https://maps.google.com/?cid=15380892757401031433&g_mp=Cidnb29nbGUubWFwcy5wbGFjZXMudjEuUGxhY2VzLlNlYXJjaFRleHQQAhgEIAA,OPERATIONAL,"car_repair,service,point_of_interest,establishment",Mechanic,Caldwell
ChIJWyqxgvO1r1QR5azHd18RPVo,J's Mobile Truck & Trailer Repair,"5401 Lake Ave, Caldwell, ID 83607, USA",(208) 870-7932,,4.5,20,https://maps.google.com/?cid=6502372538722004197&g_mp=Cidnb29nbGUubWFwcy5wbGFjZXMudjEuUGxhY2VzLlNlYXJjaFRleHQQAhgEIAA,OPERATIONAL,"car_repair,service,point_of_interest,establishment",Mechanic,Caldwell
ChIJ3yevGpWzr1QRodZTnDCmVxM,Idaho Cleaning Services,"120 W Kearney St, Caldwell, ID 83605, USA",(208) 515-3101,https://idahocleaningservices.com/,4.9,148,https://maps.google.com/?cid=1393765337405839009&g_mp=Cidnb29nbGUubWFwcy5wbGFjZXMudjEuUGxhY2VzLlNlYXJjaFRleHQQAhgEIAA,OPERATIONAL,"laundry,point_of_interest,service,establishment",Cleaning service,Caldwell
ChIJQfkU2wVZnkIRe_vZD706hkE,Shiniest Clean LLC,"11860 Webster St, Caldwell, ID 83605, USA",(208) 447-6955,https://shinecleanidaho.com/,5,11,https://maps.google.com/?cid=4721525843033717627&g_mp=Cidnb29nbGUubWFwcy5wbGFjZXMudjEuUGxhY2VzLlNlYXJjaFRleHQQAhgEIAA,OPERATIONAL,"point_of_interest,service,establishment",Cleaning service,Caldwell
ChIJgd_pn4S1r1QRvrwqnaYstOM,Lauri’s House Cleaning Services LLC,"2317 Locust St apt 203, Caldwell, ID 83605, USA",(208) 590-0835,https://lauriscleaningservices.com/,5,8,https://maps.google.com/?cid=16407788436530576574&g_mp=Cidnb29nbGUubWFwcy5wbGFjZXMudjEuUGxhY2VzLlNlYXJjaFRleHQQAhgEIAA,OPERATIONAL,"point_of_interest,service,establishment",Cleaning service,Caldwell
ChIJVVUoNgC0r1QRLYU-go0MTOo,Paula's Full Cleaning Service,"102 Galveston St, Caldwell, ID 83605, USA",(208) 318-3910,,5,1,https://maps.google.com/?cid=16882882905020204333&g_mp=Cidnb29nbGUubWFwcy5wbGFjZXMudjEuUGxhY2VzLlNlYXJjaFRleHQQAhgEIAA,OPERATIONAL,"point_of_interest,service,establishment",Cleaning service,Caldwell
ChIJs8zkgfuzr1QRqpEon3Yr1RM,Howard Building Maintenance,"120 W Kearney St, Caldwell, ID 83605, USA",(208) 999-3392,https://howardbuildingmaintenance.com/,4.9,103,https://maps.google.com/?cid=1429096245236371882&g_mp=Cidnb29nbGUubWFwcy5wbGFjZXMudjEuUGxhY2VzLlNlYXJjaFRleHQQAhgEIAA,OPERATIONAL,"laundry,point_of_interest,service,establishment",Cleaning service,Caldwell
ChIJ-y95qceur1QRlmEtNjoDTWI,"Clear Choice Window Cleaning, Inc","22975 Crystal View Ln, Caldwell, ID 83607, USA",(208) 891-9464,https://windowcleaningboiseid.com/,5,503,https://maps.google.com/?cid=7083321337475588502&g_mp=Cidnb29nbGUubWFwcy5wbGFjZXMudjEuUGxhY2VzLlNlYXJjaFRleHQQAhgEIAA,OPERATIONAL,"point_of_interest,service,establishment",Cleaning service,Caldwell
ChIJo1Bnevuzr1QRVI1F-q17qzk,Gorilla Clean Services,"11344 Tamsworth Dr, Caldwell, ID 83605, USA",(208) 965-1157,,,0,https://maps.google.com/?cid=4155551068337835348&g_mp=Cidnb29nbGUubWFwcy5wbGFjZXMudjEuUGxhY2VzLlNlYXJjaFRleHQQAhgEIAA,OPERATIONAL,"point_of_interest,service,establishment",Janitorial service,Caldwell
ChIJ2_BR21i1r1QRpTplRUpb_to,Janitors For Hire,"2412 E Chicago St PMB 133, Caldwell, ID 83605, USA",(208) 695-8561,,,0,https://maps.google.com/?cid=15780150518902766245&g_mp=Cidnb29nbGUubWFwcy5wbGFjZXMudjEuUGxhY2VzLlNlYXJjaFRleHQQAhgEIAA,OPERATIONAL,"point_of_interest,service,establishment",Janitorial service,Caldwell
ChIJwYf7Dku1r1QRdDIaHInB9AM,Stewart Painting and Handyman Services LLC.,"1402 S Kimball Ave, Caldwell, ID 83605, USA",(208) 515-0466,http://stewartpaintingandhandyman.com/,4.9,17,https://maps.google.com/?cid=285065471057343092&g_mp=Cidnb29nbGUubWFwcy5wbGFjZXMudjEuUGxhY2VzLlNlYXJjaFRleHQQAhgEIAA,OPERATIONAL,"painter,service,point_of_interest,establishment",Handyman,Caldwell
ChIJi4lzDLLeRQkR67OBAxSlMBc,"Hammer & Hinge Construction, LLC","13765 Bouchaine St, Caldwell, ID 83607, USA",(208) 649-8669,https://hammerandhingehandyman.com/,5,9,https://maps.google.com/?cid=1671016967131214827&g_mp=Cidnb29nbGUubWFwcy5wbGFjZXMudjEuUGxhY2VzLlNlYXJjaFRleHQQAhgEIAA,OPERATIONAL,"general_contractor,service,point_of_interest,establishment",Handyman,Caldwell
ChIJ64Gn16izr1QRDE31HLWERH0,Jose Handyman,"19813 Wilderness Dr, Caldwell, ID 83605, USA",(208) 283-8080,,5,3,https://maps.google.com/?cid=9026485466567101708&g_mp=Cidnb29nbGUubWFwcy5wbGFjZXMudjEuUGxhY2VzLlNlYXJjaFRleHQQAhgEIAA,OPERATIONAL,"service,point_of_interest,establishment",Handyman,Caldwell
ChIJVzcqHXKxr1QR0j4ia3E9MTU,Save the Day Handyman,"2401 Terrace Dr, Caldwell, ID 83605, USA",(334) 850-3450,,5,1,https://maps.google.com/?cid=3832912315207007954&g_mp=Cidnb29nbGUubWFwcy5wbGFjZXMudjEuUGxhY2VzLlNlYXJjaFRleHQQAhgEIAA,OPERATIONAL,"general_contractor,service,point_of_interest,establishment",Handyman,Caldwell
ChIJoUOqYTG1r1QREK4mJtixjqQ,Jay's Painting LLC,"11774 Penobscot St, Caldwell, ID 83605, USA",(208) 598-7439,http://www.painting208.com/,4.8,94,https://maps.google.com/?cid=11857610410824216080&g_mp=Cidnb29nbGUubWFwcy5wbGFjZXMudjEuUGxhY2VzLlNlYXJjaFRleHQQAhgEIAA,OPERATIONAL,"painter,point_of_interest,service,establishment",Painter,Caldwell
ChIJFTQZxjWxr1QRPag3PFYGlag,Lagunas Painting,"320 W Homedale Rd, Caldwell, ID 83605, USA",(208) 943-2595,https://www.lagunaspaintingidaho.com/,4.9,197,https://maps.google.com/?cid=12147622537349015613&g_mp=Cidnb29nbGUubWFwcy5wbGFjZXMudjEuUGxhY2VzLlNlYXJjaFRleHQQAhgEIAA,OPERATIONAL,"painter,point_of_interest,service,establishment",Painter,Caldwell
ChIJb5g5vta1r1QRp6zwKR0uh6E,New Again Painting of Caldwell,"707 E Denver St, Caldwell, ID 83605, USA",(208) 614-8181,http://newagainpaint.com/,5,17,https://maps.google.com/?cid=11639322464754904231&g_mp=Cidnb29nbGUubWFwcy5wbGFjZXMudjEuUGxhY2VzLlNlYXJjaFRleHQQAhgEIAA,OPERATIONAL,"manufacturer,general_contractor,point_of_interest,service,establishment",Painter,Caldwell
ChIJSVgmpfK1r1QRscV3gUrRw9w,Busy Bee Painting,"1608 Missoula Way, Caldwell, ID 83605, USA",(208) 459-0998,http://www.busybee-painting.com/,4.6,19,https://maps.google.com/?cid=15907788426732619185&g_mp=Cidnb29nbGUubWFwcy5wbGFjZXMudjEuUGxhY2VzLlNlYXJjaFRleHQQAhgEIAA,OPERATIONAL,"painter,point_of_interest,service,establishment",Painter,Caldwell
ChIJ3-bd7Di0r1QRTPUfwT_BSS8,McKinney and Sons Painting,"605 W Logan St, Caldwell, ID 83605, USA",(208) 707-1619,http://mckandsonspainting.com/,5,2,https://maps.google.com/?cid=3407467072649688396&g_mp=Cidnb29nbGUubWFwcy5wbGFjZXMudjEuUGxhY2VzLlNlYXJjaFRleHQQAhgEIAA,OPERATIONAL,"painter,point_of_interest,service,establishment",Painter,Caldwell
ChIJwfNghx61r1QR8x_yvYL2mbE,First Class Painting LLC,"16947 Long Mdw Dr, Caldwell, ID 83607, USA",(208) 794-3407,http://firstclass-paintingllc.com/,5,4,https://maps.google.com/?cid=12797530857542918131&g_mp=Cidnb29nbGUubWFwcy5wbGFjZXMudjEuUGxhY2VzLlNlYXJjaFRleHQQAhgEIAA,OPERATIONAL,"painter,point_of_interest,service,establishment",Painter,Caldwell
ChIJ9zc_27mxr1QRAf3ejzlu-eM,Walker Cabinet Refinishing & Painting,"20249 Dixie River Rd, Caldwell, ID 83607, USA",(208) 353-9962,https://walkercabinetrefinishing.com/?utm_source=GMB&utm_medium=organic&utm_campaign=Caldwell,4.9,52,https://maps.google.com/?cid=16427282309316541697&g_mp=Cidnb29nbGUubWFwcy5wbGFjZXMudjEuUGxhY2VzLlNlYXJjaFRleHQQAhgEIAA,OPERATIONAL,"painter,home_goods_store,general_contractor,store,point_of_interest,service,establishment",Painter,Caldwell
ChIJ5TP_JBW3r1QRSHCmVT1zD4s,S&H PAINTING LLC,"22730 Farmway Rd, Caldwell, ID 83607, USA",,,5,4,https://maps.google.com/?cid=10020354403189813320&g_mp=Cidnb29nbGUubWFwcy5wbGFjZXMudjEuUGxhY2VzLlNlYXJjaFRleHQQAhgEIAA,OPERATIONAL,"painter,point_of_interest,service,establishment",Painter,Caldwell
ChIJr7x8zzxWrlQR-dWyNZ-cTb0,Case Quality Painting LLC,"1222 N Plateau Ave, Caldwell, ID 83605, USA",(208) 739-7482,https://www.facebook.com/casequalitypaintingLLC/,5,3,https://maps.google.com/?cid=13640731053989746169&g_mp=Cidnb29nbGUubWFwcy5wbGFjZXMudjEuUGxhY2VzLlNlYXJjaFRleHQQAhgEIAA,OPERATIONAL,"painter,point_of_interest,service,establishment",Painter,Caldwell
ChIJAf_z5BSD9yERh5ECZqzLKg4,GM Concrete And Excavation,"5617 Crimson Ave, Caldwell, ID 83607, USA",(208) 809-9523,https://www.gmconcreteandexcavation.com/,4.9,86,https://maps.google.com/?cid=1020852206859096455&g_mp=Cidnb29nbGUubWFwcy5wbGFjZXMudjEuUGxhY2VzLlNlYXJjaFRleHQQAhgEIAA,OPERATIONAL,"general_contractor,point_of_interest,service,establishment",Concrete contractor,Caldwell
ChIJRX6RTZu1r1QRwB4bQe09XYY,Zamora Concrete,"1201 E Elgin St, Caldwell, ID 83605, USA",(208) 258-5309,https://wordpress-1501953-6211699.cloudwaysapps.com/,4.9,62,https://maps.google.com/?cid=9681962863125274304&g_mp=Cidnb29nbGUubWFwcy5wbGFjZXMudjEuUGxhY2VzLlNlYXJjaFRleHQQAhgEIAA,OPERATIONAL,"general_contractor,manufacturer,point_of_interest,service,establishment",Concrete contractor,Caldwell
ChIJKS2wlT21r1QRb-40DWqVHRo,H & S Company LLC,"2511 Airport Ave, Caldwell, ID 83605, USA",(986) 229-7373,http://www.hscompanyllc.com/,5,17,https://maps.google.com/?cid=1881824502031380079&g_mp=Cidnb29nbGUubWFwcy5wbGFjZXMudjEuUGxhY2VzLlNlYXJjaFRleHQQAhgEIAA,OPERATIONAL,"general_contractor,point_of_interest,service,establishment",Concrete contractor,Caldwell
ChIJ23gtRISzr1QRfsAyIcX2Aco,Ponce Concrete Llc,"5016 E Ustick Rd #22, Caldwell, ID 83605, USA",(208) 318-8365,http://ponceconcretellc.us/,5,3,https://maps.google.com/?cid=14556186797164118142&g_mp=Cidnb29nbGUubWFwcy5wbGFjZXMudjEuUGxhY2VzLlNlYXJjaFRleHQQAhgEIAA,OPERATIONAL,"general_contractor,point_of_interest,service,establishment",Concrete contractor,Caldwell
ChIJSTYsWKm2r1QR9SPkAsU6wic,Waltman Concrete,"21453 Chicago St, Caldwell, ID 83607, USA",(208) 455-7913,,5,1,https://maps.google.com/?cid=2864916930792530933&g_mp=Cidnb29nbGUubWFwcy5wbGFjZXMudjEuUGxhY2VzLlNlYXJjaFRleHQQAhgEIAA,OPERATIONAL,"general_contractor,point_of_interest,service,establishment",Concrete contractor,Caldwell
ChIJmdiEUWCzr1QRXerGAFHtOAs,Prolink Supply - Idaho,"1412 Freedom Ave, Caldwell, ID 83605, USA",(208) 776-5465,http://us.prolinksupply.com/contact-us,4.4,15,https://maps.google.com/?cid=808657065274174045&g_mp=Cidnb29nbGUubWFwcy5wbGFjZXMudjEuUGxhY2VzLlNlYXJjaFRleHQQAhgEIAA,OPERATIONAL,"building_materials_store,store,point_of_interest,establishment",Fencing contractor,Caldwell
ChIJGdyOZC-1r1QR9NR9p-BaxpA,Total Tree Care LLC,"Caldwell, ID 83605, USA",(208) 269-0424,https://www.totaltreecarellc.com/,5,58,https://maps.google.com/?cid=10432125507779548404&g_mp=Cidnb29nbGUubWFwcy5wbGFjZXMudjEuUGxhY2VzLlNlYXJjaFRleHQQAhgEIAA,OPERATIONAL,"service,point_of_interest,establishment",Tree service,Caldwell
ChIJC00-xIjG7IYRHeDUa7PXM7M,Angry Beaver Tree Service LLC.,"Cleveland Blvd, Caldwell, ID 83605, USA",(208) 614-7465,https://angrybeavertreeservicellc.jobbersites.com/,5,14,https://maps.google.com/?cid=12912901722209574941&g_mp=Cidnb29nbGUubWFwcy5wbGFjZXMudjEuUGxhY2VzLlNlYXJjaFRleHQQAhgEIAA,OPERATIONAL,"service,point_of_interest,establishment",Tree service,Caldwell
ChIJkdoDIrS1r1QRFMYWq6naFAk,Velasquez Tree Service LLC,"23325 Boise River Rd, Caldwell, ID 83607, USA",(208) 941-8049,,5,44,https://maps.google.com/?cid=654388268130289172&g_mp=Cidnb29nbGUubWFwcy5wbGFjZXMudjEuUGxhY2VzLlNlYXJjaFRleHQQAhgEIAA,OPERATIONAL,"service,point_of_interest,establishment",Tree service,Caldwell
ChIJKwu3viOxr1QRQTEPK3M0g_g,Treasure Valley Tree Company,"13981 Sand Hollow Rd, Caldwell, ID 83607, USA",(208) 861-6254,https://treasurevalleytreecompany.com/,5,58,https://maps.google.com/?cid=17907214212603523393&g_mp=Cidnb29nbGUubWFwcy5wbGFjZXMudjEuUGxhY2VzLlNlYXJjaFRleHQQAhgEIAA,OPERATIONAL,"service,point_of_interest,establishment",Tree service,Caldwell
ChIJVwgDmBu1r1QRPUHxzhaDi80,Heartwood Tree Care LLC,"16905 Crystal Ln, Wilder, ID 83676, USA",(208) 459-0595,https://heartwoodtreepros.com/,5,24,https://maps.google.com/?cid=14811075933522444605&g_mp=Cidnb29nbGUubWFwcy5wbGFjZXMudjEuUGxhY2VzLlNlYXJjaFRleHQQAhgEIAA,OPERATIONAL,"service,point_of_interest,establishment",Tree service,Caldwell
ChIJFT5oXvKzr1QRe5gtEoNUHPs,Impressive Trimming & Firewood LLC,"305 S Florida Ave, Caldwell, ID 83605, USA",(208) 761-8067,,4.5,8,https://maps.google.com/?cid=18094430324790237307&g_mp=Cidnb29nbGUubWFwcy5wbGFjZXMudjEuUGxhY2VzLlNlYXJjaFRleHQQAhgEIAA,OPERATIONAL,"service,point_of_interest,establishment",Tree service,Caldwell
ChIJNQNrOJ-xr1QR1My0aeYSiXA,Sager Professional Tree Management,"1103 W Main St, Middleton, ID 83644, USA",(208) 606-5872,https://www.sagertree.com/,5,1,https://maps.google.com/?cid=8109033384882523348&g_mp=Cidnb29nbGUubWFwcy5wbGFjZXMudjEuUGxhY2VzLlNlYXJjaFRleHQQAhgEIAA,OPERATIONAL,"general_contractor,supplier,service,point_of_interest,establishment",Tree service,Caldwell
ChIJbefgm-61r1QRUZR2eJtZty4,Beyond Garage Door Repair,"903 I-84BL, Caldwell, ID 83605, USA",(208) 453-7022,,,0,https://maps.google.com/?cid=3366257770758575185&g_mp=Cidnb29nbGUubWFwcy5wbGFjZXMudjEuUGxhY2VzLlNlYXJjaFRleHQQAhgEIAA,OPERATIONAL,"supplier,service,point_of_interest,establishment",Garage door repair,Caldwell
ChIJ00ei4c1nplQR-EsQx-anRCw,Action Garage Door of McCall,"1211 Elo Rd, McCall, ID 83638, USA",(208) 829-2247,https://actiongaragedoor.net/service-area/mccall-id/?utm_source=google&utm_medium=gmb&utm_campaign=gbp%20mccall,5,18,https://maps.google.com/?cid=3189859045709204472&g_mp=Cidnb29nbGUubWFwcy5wbGFjZXMudjEuUGxhY2VzLlNlYXJjaFRleHQQAhgEIAA,OPERATIONAL,"supplier,service,point_of_interest,establishment",Garage door repair,Caldwell
ChIJY0q1D1q0r1QR6BBYfzfMjtw,All Aces Appliance Repair,"216 E Beech St, Caldwell, ID 83605, USA",(208) 995-6480,,4.8,33,https://maps.google.com/?cid=15892864673768804584&g_mp=Cidnb29nbGUubWFwcy5wbGFjZXMudjEuUGxhY2VzLlNlYXJjaFRleHQQAhgEIAA,OPERATIONAL,"service,point_of_interest,establishment",Appliance repair,Caldwell
ChIJQ7tC4uyxr1QRPLgE8wVFk_A,Basin Appliance Repair,"713 Castle Rock Ave, Middleton, ID 83644, USA",(208) 936-0665,http://www.basinappliancerepair.com/,3,24,https://maps.google.com/?cid=17335275282533496892&g_mp=Cidnb29nbGUubWFwcy5wbGFjZXMudjEuUGxhY2VzLlNlYXJjaFRleHQQAhgEIAA,OPERATIONAL,"supplier,home_improvement_store,home_goods_store,manufacturer,service,store,point_of_interest,establishment",Appliance repair,Caldwell
ChIJrUOgENCxr1QR87OyR1Dzdnw,Performance Carpet Care,"1417 N La Cresta Ave, Caldwell, ID 83605, USA",(208) 949-4394,https://www.performancecarpetcareid.com/,4.9,509,https://maps.google.com/?cid=8968623234080748531&g_mp=Cidnb29nbGUubWFwcy5wbGFjZXMudjEuUGxhY2VzLlNlYXJjaFRleHQQAhgEIAA,OPERATIONAL,"service,point_of_interest,establishment",Carpet cleaning,Caldwell
ChIJSWD7TEq1r1QRoxx6JjBN4fI,Clearwater Carpet Cleaning & Tile Cleaning,"15792 Cupid Dr, Caldwell, ID 83607, USA",(208) 318-3028,https://www.getclearwaterrclean.com/,5,18,https://maps.google.com/?cid=17501354496137764003&g_mp=Cidnb29nbGUubWFwcy5wbGFjZXMudjEuUGxhY2VzLlNlYXJjaFRleHQQAhgEIAA,OPERATIONAL,"laundry,service,point_of_interest,establishment",Carpet cleaning,Caldwell
ChIJ7aB9fkuzr1QRrep28EJCIPo,The Rug Cleaning Shop,"208 Phoenix ln #104, Caldwell, ID 83605, USA",(208) 793-6051,https://www.therugcleaningshop.com/,4.3,15,https://maps.google.com/?cid=18023478564006324909&g_mp=Cidnb29nbGUubWFwcy5wbGFjZXMudjEuUGxhY2VzLlNlYXJjaFRleHQQAhgEIAA,OPERATIONAL,"laundry,service,point_of_interest,establishment",Carpet cleaning,Caldwell
ChIJ-3xilg61r1QRhEY_t_0WOGk,Horizon,"3712 Arthur St, Caldwell, ID 83605, USA",(208) 674-3478,http://horizonrestorationservices.com/,5,10,https://maps.google.com/?cid=7581835251635144324&g_mp=Cidnb29nbGUubWFwcy5wbGFjZXMudjEuUGxhY2VzLlNlYXJjaFRleHQQAhgEIAA,OPERATIONAL,"laundry,general_contractor,service,point_of_interest,establishment",Carpet cleaning,Caldwell
ChIJ01BYxMOzr1QRxZuTmP7YL6E,A Clean Streak,"4207 Marble Front Rd, Caldwell, ID 83605, USA",(208) 412-5185,,5,5,https://maps.google.com/?cid=11614740552004901829&g_mp=Cidnb29nbGUubWFwcy5wbGFjZXMudjEuUGxhY2VzLlNlYXJjaFRleHQQAhgEIAA,OPERATIONAL,"service,point_of_interest,establishment",Window cleaning,Caldwell
ChIJXa0q1iXJr1QRkszfnGRECGI,Lone Cypress Window & House Wash,"235 Mitchell Dr, Wilder, ID 83676, USA",(208) 546-2764,https://www.instagram.com/lone_cypress_window_cleaning/,4.7,27,https://maps.google.com/?cid=7063971214449953938&g_mp=Cidnb29nbGUubWFwcy5wbGFjZXMudjEuUGxhY2VzLlNlYXJjaFRleHQQAhgEIAA,OPERATIONAL,"service,point_of_interest,establishment",Window cleaning,Caldwell
ChIJb10KQWtLrlQRJjVYRaveJIo,Brighterside Cleaning,"15378 Flora Springs Way, Caldwell, ID 83607, USA",(208) 989-2820,https://brighterside.biz/,,0,https://maps.google.com/?cid=9954325903579821350&g_mp=Cidnb29nbGUubWFwcy5wbGFjZXMudjEuUGxhY2VzLlNlYXJjaFRleHQQAhgEIAA,OPERATIONAL,"service,point_of_interest,establishment",Window cleaning,Caldwell
ChIJo6PYRgyrr1QR0zPgwopwlkY,Epic Exterior Services,"372 S Eagle Rd #201, Eagle, ID 83616, USA",(208) 990-5137,https://epicexteriorservices.com/,4.9,179,https://maps.google.com/?cid=5086376570438824915&g_mp=Cidnb29nbGUubWFwcy5wbGFjZXMudjEuUGxhY2VzLlNlYXJjaFRleHQQAhgEIAA,OPERATIONAL,"service,point_of_interest,establishment",Window cleaning,Caldwell
ChIJASY8RO63r1QR7oI2aHIKk_k,C1 pressure washing llc,"23095 Centerpoint Rd, Caldwell, ID 83607, USA",(775) 304-8558,,5,12,https://maps.google.com/?cid=17983729223511474926&g_mp=Cidnb29nbGUubWFwcy5wbGFjZXMudjEuUGxhY2VzLlNlYXJjaFRleHQQAhgEIAA,OPERATIONAL,"service,point_of_interest,establishment",Pressure washing,Caldwell
ChIJeVEnZ0e1r1QRHU80JvktRxU,Allisaw Paint & Power Washing,"2015 Cleveland Blvd, Caldwell, ID 83605, USA",(208) 741-8584,,5,4,https://maps.google.com/?cid=1533244746254012189&g_mp=Cidnb29nbGUubWFwcy5wbGFjZXMudjEuUGxhY2VzLlNlYXJjaFRleHQQAhgEIAA,OPERATIONAL,"point_of_interest,establishment",Pressure washing,Caldwell
ChIJS3N19Re0r1QR-YUV4lXlPvA,All American Power Wash,"323 La Fond St, Caldwell, ID 83605, USA",(208) 455-3262,,4.6,67,https://maps.google.com/?cid=17311526174686807545&g_mp=Cidnb29nbGUubWFwcy5wbGFjZXMudjEuUGxhY2VzLlNlYXJjaFRleHQQAhgEIAA,OPERATIONAL,"car_wash,service,point_of_interest,establishment",Power washing,Caldwell
ChIJAQB06sC0r1QRQXZ8xRh1UkQ,Gem State Wash Pros,"5319 Wallace Way, Caldwell, ID 83607, USA",(208) 250-8006,,4.7,3,https://maps.google.com/?cid=4923126091922306625&g_mp=Cidnb29nbGUubWFwcy5wbGFjZXMudjEuUGxhY2VzLlNlYXJjaFRleHQQAhgEIAA,OPERATIONAL,"car_wash,service,point_of_interest,establishment",Power washing,Caldwell
ChIJd7bePHyzr1QRd3UvOPdfbAw,Minute Key,"4106 Hwy 20/26, Caldwell, ID 83605, USA",(805) 472-6062,,,0,https://maps.google.com/?cid=895195941344081271&g_mp=Cidnb29nbGUubWFwcy5wbGFjZXMudjEuUGxhY2VzLlNlYXJjaFRleHQQAhgEIAA,OPERATIONAL,"locksmith,service,point_of_interest,establishment",Locksmith,Caldwell
ChIJE0rZf7pNrlQROWy68X1PgS4,Express Septic & Drain Cleaning,"24902 Vavold Way, Caldwell, ID 83607, USA",(208) 254-1217,https://septicsystempumping.com/,4.9,603,https://maps.google.com/?cid=3351047000085392441&g_mp=Cidnb29nbGUubWFwcy5wbGFjZXMudjEuUGxhY2VzLlNlYXJjaFRleHQQAhgEIAA,OPERATIONAL,"point_of_interest,service,establishment",Septic service,Caldwell
ChIJI57Rqzy1r1QRrolQrp_Gxxw,Walker's Sprinklers,"2819 S Georgia Ave, Caldwell, ID 83605, USA",(208) 585-7291,,4.5,6,https://maps.google.com/?cid=2073844542554016174&g_mp=Cidnb29nbGUubWFwcy5wbGFjZXMudjEuUGxhY2VzLlNlYXJjaFRleHQQAhgEIAA,OPERATIONAL,"general_contractor,service,point_of_interest,establishment",Irrigation repair,Caldwell
ChIJuVjanam0r1QRZxbQngwsh5Q,Pipe Dreams Landscape,"5403 E Homedale Rd, Caldwell, ID 83607, USA",(208) 454-1515,,5,1,https://maps.google.com/?cid=10702571472184940135&g_mp=Cidnb29nbGUubWFwcy5wbGFjZXMudjEuUGxhY2VzLlNlYXJjaFRleHQQAhgEIAA,OPERATIONAL,"general_contractor,service,point_of_interest,establishment",Irrigation repair,Caldwell
ChIJVVUJFMy1r1QRJ8RUvA1SYxA,Ace Pump Repair,"102 Calloway Ave, Caldwell, ID 83607, USA",(208) 412-6316,,5,16,https://maps.google.com/?cid=1180877746248926247&g_mp=Cidnb29nbGUubWFwcy5wbGFjZXMudjEuUGxhY2VzLlNlYXJjaFRleHQQAhgEIAA,OPERATIONAL,"service,point_of_interest,establishment",Irrigation repair,Caldwell
ChIJ6R3GSQu0r1QR3q43DKpNWps,Caldwell,"1616 E Chicago St, Caldwell, ID 83605, USA",(208) 454-3477,,4.5,10,https://maps.google.com/?cid=11194345216527544030&g_mp=Cidnb29nbGUubWFwcy5wbGFjZXMudjEuUGxhY2VzLlNlYXJjaFRleHQQAhgEIAA,OPERATIONAL,"general_contractor,service,point_of_interest,establishment",Irrigation repair,Caldwell
ChIJreZeHlhFBUYRRJnKW6WLJzo,Mighty Mower Lawn And Sprinkler,"1158 New York St, Middleton, ID 83644, USA",(208) 616-2384,http://mightymowerlawnandsprinkler.netlify.app/,5,3,https://maps.google.com/?cid=4190471520617404740&g_mp=Cidnb29nbGUubWFwcy5wbGFjZXMudjEuUGxhY2VzLlNlYXJjaFRleHQQAhgEIAA,OPERATIONAL,"general_contractor,service,point_of_interest,establishment",Irrigation repair,Caldwell
ChIJBRCpy7K1r1QRlGZ5KBerLH0,Sprinkler World,"3807 Cleveland Blvd, Caldwell, ID 83605, USA",(208) 402-5011,https://www.standardplumbing.com/locations/CH,4.2,6,https://maps.google.com/?cid=9019772269667903124&g_mp=Cidnb29nbGUubWFwcy5wbGFjZXMudjEuUGxhY2VzLlNlYXJjaFRleHQQAhgEIAA,OPERATIONAL,"building_materials_store,supplier,food,general_contractor,service,store,point_of_interest,establishment",Irrigation repair,Caldwell
ChIJXQZKGk21r1QR-lAPpbDRapU,JJ's Floor Covering LLC,"3406 E Homedale Rd, Caldwell, ID 83607, USA",(208) 602-1987,,4.4,7,https://maps.google.com/?cid=10766648415796285690&g_mp=Cidnb29nbGUubWFwcy5wbGFjZXMudjEuUGxhY2VzLlNlYXJjaFRleHQQAhgEIAA,OPERATIONAL,"general_contractor,service,point_of_interest,establishment",Flooring contractor,Caldwell
ChIJv-r7uzuzr1QRRKgXJaz_KNE,Balta Pro,"19285 Red Eagle Wy, Caldwell, ID 83605, USA",(971) 373-2999,,5,10,https://maps.google.com/?cid=15071577267817130052&g_mp=Cidnb29nbGUubWFwcy5wbGFjZXMudjEuUGxhY2VzLlNlYXJjaFRleHQQAhgEIAA,OPERATIONAL,"home_goods_store,general_contractor,store,service,point_of_interest,establishment",Flooring contractor,Caldwell
ChIJkZUUha61r1QR6Eo0L3bRLbs,Selkow's Flooring LLC,"2900 Cleveland Blvd Suite 106, Caldwell, ID 83605, USA",(208) 718-8292,https://www.facebook.com/profile.php?id=61583183034399,,0,https://maps.google.com/?cid=13487666764572805864&g_mp=Cidnb29nbGUubWFwcy5wbGFjZXMudjEuUGxhY2VzLlNlYXJjaFRleHQQAhgEIAA,OPERATIONAL,"general_contractor,service,point_of_interest,establishment",Flooring contractor,Caldwell
ChIJvxpo9mnu-SURtVCXwxhznaY,208 Epoxy LLC,"1604 Parker Ave, Caldwell, ID 83605, USA",(208) 272-1755,,5,3,https://maps.google.com/?cid=12005878731837493429&g_mp=Cidnb29nbGUubWFwcy5wbGFjZXMudjEuUGxhY2VzLlNlYXJjaFRleHQQAhgEIAA,OPERATIONAL,"general_contractor,service,point_of_interest,establishment",Flooring contractor,Caldwell
ChIJK9oRQACzr1QRk7sgTOuI2bE,Family Man Finishes LLC,"1321 N 5th Ave, Caldwell, ID 83605, USA",(208) 595-1330,https://www.familymanfinishes.com/,5,1,https://maps.google.com/?cid=12815424758835362707&g_mp=Cidnb29nbGUubWFwcy5wbGFjZXMudjEuUGxhY2VzLlNlYXJjaFRleHQQAhgEIAA,OPERATIONAL,"storage,home_goods_store,building_materials_store,store,point_of_interest,establishment",Flooring contractor,Caldwell
ChIJp1UVtte0r1QR0Col5wTx5ts,J and J Family Flooring LLC.,"14240 Pearl Pointe Dr, Caldwell, ID 83607, USA",,,4,2,https://maps.google.com/?cid=15845617342309804752&g_mp=Cidnb29nbGUubWFwcy5wbGFjZXMudjEuUGxhY2VzLlNlYXJjaFRleHQQAhgEIAA,OPERATIONAL,"general_contractor,service,point_of_interest,establishment",Flooring contractor,Caldwell
ChIJSYaPheqzr1QRU_cQjR2SVhQ,Z Tile and Flooring,"204 Happy Day Blvd suite 102, Caldwell, ID 83607, USA",(208) 869-5768,https://theztile.com/,4.7,13,https://maps.google.com/?cid=1465519384374081363&g_mp=Cidnb29nbGUubWFwcy5wbGFjZXMudjEuUGxhY2VzLlNlYXJjaFRleHQQAhgEIAA,OPERATIONAL,"home_goods_store,building_materials_store,general_contractor,store,service,point_of_interest,establishment",Flooring contractor,Caldwell
ChIJHZIdaaC0r1QRswiHPRkwO2A,Bronco Carpet & Flooring,"208 Phoenix Ln # 110, Caldwell, ID 83607, USA",(208) 454-0661,https://broncofloors.com/,4,26,https://maps.google.com/?cid=6934188936231585971&g_mp=Cidnb29nbGUubWFwcy5wbGFjZXMudjEuUGxhY2VzLlNlYXJjaFRleHQQAhgEIAA,OPERATIONAL,"home_goods_store,building_materials_store,store,point_of_interest,establishment",Flooring contractor,Caldwell
ChIJZe-bZ1_YAmcRgp_uUsh6LYM,Idahome Artisans Construction,"5109 Bluestem Way, Caldwell, ID 83607, USA",(208) 600-9193,https://www.idahomeartisans.com/,5,3,https://maps.google.com/?cid=9452346193723957122&g_mp=Cidnb29nbGUubWFwcy5wbGFjZXMudjEuUGxhY2VzLlNlYXJjaFRleHQQAhgEIAA,OPERATIONAL,"general_contractor,manufacturer,service,point_of_interest,establishment",Flooring contractor,Caldwell
ChIJwUEMnq5MrlQRtsVzH4aOaok,DFG Floors and Granite of Nampa and Caldwell,"2436 W Hemingway Blvd, Nampa, ID 83651, USA",(208) 461-9759,,4.1,24,https://maps.google.com/?cid=9901883437431899574&g_mp=Cidnb29nbGUubWFwcy5wbGFjZXMudjEuUGxhY2VzLlNlYXJjaFRleHQQAhgEIAA,OPERATIONAL,"general_contractor,service,point_of_interest,establishment",Flooring contractor,Caldwell
ChIJo0kvwwJUrlQR1KYkdgUmf5g,Tile Outlet,"3805 Cleveland Blvd, Caldwell, ID 83605, USA",(208) 453-8453,http://www.idahotileoutlet.com/,4.6,19,https://maps.google.com/?cid=10988543420706105044&g_mp=Cidnb29nbGUubWFwcy5wbGFjZXMudjEuUGxhY2VzLlNlYXJjaFRleHQQAhgEIAA,OPERATIONAL,"building_materials_store,home_goods_store,store,point_of_interest,establishment",Tile contractor,Caldwell
ChIJY3nbVB-2r1QRdUWQviGJdu8,"Valley Finish, Inc.","20061 Monte Wy, Caldwell, ID 83607, USA",(208) 565-0373,https://www.valleyfinish.com/,4.7,19,https://maps.google.com/?cid=17255129800340686197&g_mp=Cidnb29nbGUubWFwcy5wbGFjZXMudjEuUGxhY2VzLlNlYXJjaFRleHQQAhgEIAA,OPERATIONAL,"manufacturer,general_contractor,service,point_of_interest,establishment",Cabinet maker,Caldwell
ChIJ74Uv87qzr1QRlPUrsR3JE7s,Windale Woodworking,"4018 E Linden St STE 102, Caldwell, ID 83605, USA",(208) 936-9262,https://www.facebook.com/profile.php?id=100063291695177,,0,https://maps.google.com/?cid=13480339239013709204&g_mp=Cidnb29nbGUubWFwcy5wbGFjZXMudjEuUGxhY2VzLlNlYXJjaFRleHQQAhgEIAA,OPERATIONAL,"manufacturer,service,point_of_interest,establishment",Cabinet maker,Caldwell
ChIJ3yoHT7azr1QRHyfmXJZUKzg,Vault Furniture,"4205 Challenger Way, Caldwell, ID 83605, USA",(866) 828-5888,http://www.vaultfurniture.com/,5,24,https://maps.google.com/?cid=4047421694902937375&g_mp=Cidnb29nbGUubWFwcy5wbGFjZXMudjEuUGxhY2VzLlNlYXJjaFRleHQQAhgEIAA,OPERATIONAL,"manufacturer,service,point_of_interest,establishment",Cabinet maker,Caldwell
ChIJV-4U61FSrlQRsbjV04kgHik,Upscale Kitchen Refinishing,"22020 Rio Vista Dr, Caldwell, ID 83607, USA",(208) 559-2952,https://upscalekitchenrefinishing.com/,5,4,https://maps.google.com/?cid=2962841381192972465&g_mp=Cidnb29nbGUubWFwcy5wbGFjZXMudjEuUGxhY2VzLlNlYXJjaFRleHQQAhgEIAA,OPERATIONAL,"home_goods_store,manufacturer,store,general_contractor,service,point_of_interest,establishment",Cabinet maker,Caldwell
ChIJ86QzMm2rr1QRcc4r0RZHmcc,Appleton Renovations,"12077 W Pinewood River Ln, Star, ID 83669, USA",(208) 996-6764,http://www.appletonrenovations.com/,4.9,78,https://maps.google.com/?cid=14382605048308551281&g_mp=Cidnb29nbGUubWFwcy5wbGFjZXMudjEuUGxhY2VzLlNlYXJjaFRleHQQAhgEIAA,OPERATIONAL,"manufacturer,service,point_of_interest,establishment",Cabinet maker,Caldwell
ChIJaSukLxqxr1QRAJmv9d_lpEM,Powder Coated Cabinets,"115 E Plymouth St, Caldwell, ID 83605, USA",(208) 779-4560,http://powdercoatedcabinets.com/,5,12,https://maps.google.com/?cid=4874273446784112896&g_mp=Cidnb29nbGUubWFwcy5wbGFjZXMudjEuUGxhY2VzLlNlYXJjaFRleHQQAhgEIAA,OPERATIONAL,"manufacturer,point_of_interest,establishment",Cabinet maker,Caldwell
ChIJC9UmJwCzr1QRC9prxi1wYHc,Treasure Valley Finish,"5018 Clearfield St, Caldwell, ID 83605, USA",(208) 614-9338,,5,14,https://maps.google.com/?cid=8601998630182443531&g_mp=Cidnb29nbGUubWFwcy5wbGFjZXMudjEuUGxhY2VzLlNlYXJjaFRleHQQAhgEIAA,OPERATIONAL,"manufacturer,service,point_of_interest,establishment",Cabinet maker,Caldwell
ChIJ0ZbRR0tNrlQRDibl3HUDWsI,Treasure Valley Redesign & Remodel,"3425 E Chicago St, Caldwell, ID 83605, USA",(208) 318-5588,https://www.tvremodel.com/,4.4,14,https://maps.google.com/?cid=14004509796014040590&g_mp=Cidnb29nbGUubWFwcy5wbGFjZXMudjEuUGxhY2VzLlNlYXJjaFRleHQQAhgEIAA,OPERATIONAL,"point_of_interest,service,establishment",Kitchen remodel,Caldwell
ChIJX_6xh96xr1QRox8868MVjn8,208 Marble & Granite LLC,"115 E Plymouth St Suite 105, Caldwell, ID 83605, USA",(208) 250-7226,http://facebook.com/208marbleandgranite,5,12,https://maps.google.com/?cid=9191307820719153059&g_mp=Cidnb29nbGUubWFwcy5wbGFjZXMudjEuUGxhY2VzLlNlYXJjaFRleHQQAhgEIAA,OPERATIONAL,"home_goods_store,general_contractor,store,point_of_interest,service,establishment",Kitchen remodel,Caldwell
ChIJK_ZxOo-zr1QRJhLcuSDFj7k,Custom Marble & Solid Surfaces,"1405 Industrial Way, Caldwell, ID 83605, USA",(208) 454-8702,https://www.custommarblellc.com/,4.9,55,https://maps.google.com/?cid=13371122563034124838&g_mp=Cidnb29nbGUubWFwcy5wbGFjZXMudjEuUGxhY2VzLlNlYXJjaFRleHQQAhgEIAA,OPERATIONAL,"manufacturer,home_goods_store,general_contractor,store,point_of_interest,service,establishment",Kitchen remodel,Caldwell
ChIJ4bIfWCNn6CURXzcMas49TtY,HandiWorx Construction,"1811 Shepard St, Caldwell, ID 83605, USA",(208) 204-1240,,5,4,https://maps.google.com/?cid=15442348129051752287&g_mp=Cidnb29nbGUubWFwcy5wbGFjZXMudjEuUGxhY2VzLlNlYXJjaFRleHQQAhgEIAA,OPERATIONAL,"general_contractor,point_of_interest,service,establishment",Kitchen remodel,Caldwell
ChIJR3AlW01pBIQRcfySz_4KBUU,B&T Construction and Remodels,"11938 Sandpiper Ct, Caldwell, ID 83605, USA",(208) 936-9364,https://btconstructionremodels.com/,5,3,https://maps.google.com/?cid=4973393453021068401&g_mp=Cidnb29nbGUubWFwcy5wbGFjZXMudjEuUGxhY2VzLlNlYXJjaFRleHQQAhgEIAA,OPERATIONAL,"general_contractor,point_of_interest,service,establishment",Kitchen remodel,Caldwell
ChIJZ4-UpC-7r1QRaIpsZNTqPM0,Nickell Home Improvement,"26892 Wagner Rd, Caldwell, ID 83607, USA",(208) 860-5858,http://nickellhome.com/,5,6,https://maps.google.com/?cid=14788953474316667496&g_mp=Cidnb29nbGUubWFwcy5wbGFjZXMudjEuUGxhY2VzLlNlYXJjaFRleHQQAhgEIAA,OPERATIONAL,"general_contractor,point_of_interest,service,establishment",Kitchen remodel,Caldwell
ChIJn_ilSRmtr1QRMm9x4Nh7E2k,Phoenix Remodeling LLC,"8569 Silverwood Wy, Middleton, ID 83644, USA",(208) 800-9426,http://www.phoenixremodelingllc.net/,4.9,11,https://maps.google.com/?cid=7571531569948618546&g_mp=Cidnb29nbGUubWFwcy5wbGFjZXMudjEuUGxhY2VzLlNlYXJjaFRleHQQAhgEIAA,OPERATIONAL,"service,point_of_interest,establishment",Bathroom remodel,Caldwell
ChIJeVOK116zr1QR97J0eXnoa7k,Just Once Construction And Remodeling LLC,"3502 Parktrail Ct, Caldwell, ID 83605, USA",(208) 697-8412,,4.4,7,https://maps.google.com/?cid=13361028327951086327&g_mp=Cidnb29nbGUubWFwcy5wbGFjZXMudjEuUGxhY2VzLlNlYXJjaFRleHQQAhgEIAA,OPERATIONAL,"service,point_of_interest,establishment",Bathroom remodel,Caldwell
ChIJpS34aOC1r1QRcD0DQzI-vxc,Victory Construction,"2308 Wyoming Ave, Caldwell, ID 83605, USA",(208) 989-3482,https://victoryconstructll.wixsite.com/victoryconstructio-2,5,23,https://maps.google.com/?cid=1711154769017650544&g_mp=Cidnb29nbGUubWFwcy5wbGFjZXMudjEuUGxhY2VzLlNlYXJjaFRleHQQAhgEIAA,OPERATIONAL,"general_contractor,point_of_interest,service,establishment",General contractor,Caldwell
ChIJU9fINgtNrlQRQdg9exb0xRo,Pacific North Contractors,"901 Dearborn St, Caldwell, ID 83605, USA",(208) 960-5066,http://pnccontractors.com/,5,5,https://maps.google.com/?cid=1929216392792234049&g_mp=Cidnb29nbGUubWFwcy5wbGFjZXMudjEuUGxhY2VzLlNlYXJjaFRleHQQAhgEIAA,OPERATIONAL,"general_contractor,point_of_interest,service,establishment",General contractor,Caldwell
ChIJ8cPdYAK0r1QRhkAJUruVhyk,ASC General Contractor,"416 W Belmont A, Caldwell, ID 83605, USA",(208) 459-7115,,4,3,https://maps.google.com/?cid=2992525109178744966&g_mp=Cidnb29nbGUubWFwcy5wbGFjZXMudjEuUGxhY2VzLlNlYXJjaFRleHQQAhgEIAA,OPERATIONAL,"general_contractor,point_of_interest,service,establishment",General contractor,Caldwell
ChIJb44oo7C1r1QRBR9-ghxjKFc,Randall Construction & Design LLC,"POB 671, 823 Arthur St, Caldwell, ID 83606, USA",(208) 989-8256,,,0,https://maps.google.com/?cid=6280378654467694341&g_mp=Cidnb29nbGUubWFwcy5wbGFjZXMudjEuUGxhY2VzLlNlYXJjaFRleHQQAhgEIAA,OPERATIONAL,"general_contractor,point_of_interest,service,establishment",General contractor,Caldwell
ChIJ82_dyRG0r1QRdTsYCDt1OMc,Hibbard Construction Inc,"716 Cleveland Blvd, Caldwell, ID 83605, USA",(208) 459-7048,http://www.hibbardconstruction.com/,4.7,13,https://maps.google.com/?cid=14355352708642782069&g_mp=Cidnb29nbGUubWFwcy5wbGFjZXMudjEuUGxhY2VzLlNlYXJjaFRleHQQAhgEIAA,OPERATIONAL,"general_contractor,point_of_interest,service,establishment",General contractor,Caldwell
ChIJm28k8o-zr1QR_8AWNgTLdD0,"Golden Valley Construction, Inc.","216 Blaine St, Caldwell, ID 83605, USA",(208) 203-3573,https://goldenvalleyidaho.com/,5,5,https://maps.google.com/?cid=4428387552559808767&g_mp=Cidnb29nbGUubWFwcy5wbGFjZXMudjEuUGxhY2VzLlNlYXJjaFRleHQQAhgEIAA,OPERATIONAL,"general_contractor,point_of_interest,service,establishment",General contractor,Caldwell
ChIJt34uNQ60r1QRxsbSlU6ahGU,Industrial Builders Inc,"1711 Slipstream Way, Caldwell, ID 83605, USA",(208) 795-5670,http://www.ib-usa.com/,5,2,https://maps.google.com/?cid=7315141357068273350&g_mp=Cidnb29nbGUubWFwcy5wbGFjZXMudjEuUGxhY2VzLlNlYXJjaFRleHQQAhgEIAA,OPERATIONAL,"general_contractor,point_of_interest,service,establishment",General contractor,Caldwell
ChIJBcDjqIe1r1QRF30ouNzowbg,Cannon Farmhouse,"Caldwell, ID 83607, USA",(208) 866-0094,http://www.cannonfarmhouse.com/,5,20,https://maps.google.com/?cid=13313178008164007191&g_mp=Cidnb29nbGUubWFwcy5wbGFjZXMudjEuUGxhY2VzLlNlYXJjaFRleHQQAhgEIAA,OPERATIONAL,"general_contractor,point_of_interest,service,establishment",General contractor,Caldwell
ChIJVYNrEn-zr1QRc1eTBY8eUvw,Ramsey Construction LLC,"823 Specht Ave Suite #5, Caldwell, ID 83605, USA",(208) 585-3071,https://ramseyconst.com/,5,2,https://maps.google.com/?cid=18181628245270812531&g_mp=Cidnb29nbGUubWFwcy5wbGFjZXMudjEuUGxhY2VzLlNlYXJjaFRleHQQAhgEIAA,OPERATIONAL,"general_contractor,point_of_interest,service,establishment",General contractor,Caldwell
ChIJL21nAi-wr1QR2G4FplE3xVc,"Grizzly Mountain Construction, LLC","602 Dishman Pl, Caldwell, ID 83605, USA",(208) 505-8287,,5,2,https://maps.google.com/?cid=6324522075528982232&g_mp=Cidnb29nbGUubWFwcy5wbGFjZXMudjEuUGxhY2VzLlNlYXJjaFRleHQQAhgEIAA,OPERATIONAL,"point_of_interest,service,establishment",General contractor,Caldwell
ChIJjaiNFdC1r1QRzi3r7azlaHc,GTO Construction,"2017 E Beech St, Caldwell, ID 83605, USA",(208) 999-6029,,5,4,https://maps.google.com/?cid=8604379618980081102&g_mp=Cidnb29nbGUubWFwcy5wbGFjZXMudjEuUGxhY2VzLlNlYXJjaFRleHQQAhgEIAA,OPERATIONAL,"general_contractor,point_of_interest,service,establishment",General contractor,Caldwell
ChIJRy1aVDO1r1QR5aWAUkfgJJ0,Avedon Water Damage Restoration Caldwell ID,"4922 Cleveland Blvd, Caldwell, ID 83605, USA",(208) 273-7287,,5,31,https://maps.google.com/?cid=11323421960047732197&g_mp=Cidnb29nbGUubWFwcy5wbGFjZXMudjEuUGxhY2VzLlNlYXJjaFRleHQQAhgEIAA,OPERATIONAL,"general_contractor,point_of_interest,service,establishment",General contractor,Caldwell
ChIJ__-zkW20r1QRw7gJJwLS5v0,Colliers home renovations,"1701 Everett St #2, Caldwell, ID 83605, USA",(208) 936-1532,,5,2,https://maps.google.com/?cid=18295541442925934787&g_mp=Cidnb29nbGUubWFwcy5wbGFjZXMudjEuUGxhY2VzLlNlYXJjaFRleHQQAhgEIAA,OPERATIONAL,"plumber,general_contractor,point_of_interest,service,establishment",General contractor,Caldwell
ChIJkW4MzFq1r1QRdYLWWt_jTdw,Nicks Construction LLC,"16169 Karcher Rd, Caldwell, ID 83607, USA",(208) 614-1187,,5,3,https://maps.google.com/?cid=15874594809992086133&g_mp=Cidnb29nbGUubWFwcy5wbGFjZXMudjEuUGxhY2VzLlNlYXJjaFRleHQQAhgEIAA,OPERATIONAL,"general_contractor,point_of_interest,service,establishment",Foundation repair,Caldwell
ChIJcwePRPm1r1QR58la96c7538,"Desert Mountain Construction & Transport, LLC","3902 Winston St, Caldwell, ID 83607, USA",(208) 949-5980,,4.4,7,https://maps.google.com/?cid=9216400755032508903&g_mp=Cidnb29nbGUubWFwcy5wbGFjZXMudjEuUGxhY2VzLlNlYXJjaFRleHQQAhgEIAA,OPERATIONAL,"general_contractor,point_of_interest,service,establishment",Foundation repair,Caldwell
ChIJVVUpS9a0r1QRTKrHaBX2jUY,RED BEARD DRYWALL,"16395 Kingsley Way, Caldwell, ID 83607, USA",(208) 219-6896,https://redbearddrywall.com/contact-us,5,10,https://maps.google.com/?cid=5083990126183819852&g_mp=Cidnb29nbGUubWFwcy5wbGFjZXMudjEuUGxhY2VzLlNlYXJjaFRleHQQAhgEIAA,OPERATIONAL,"point_of_interest,service,establishment",Drywall contractor,Caldwell
ChIJhaXdDEq1r1QRRYk65MdY8aI,A & E Drywall LLC,"1716 Blaine St Apt 1, Caldwell, ID 83605, USA",(208) 800-4669,,5,3,https://maps.google.com/?cid=11741263319082371397&g_mp=Cidnb29nbGUubWFwcy5wbGFjZXMudjEuUGxhY2VzLlNlYXJjaFRleHQQAhgEIAA,OPERATIONAL,"general_contractor,point_of_interest,service,establishment",Drywall contractor,Caldwell
ChIJJWn5IzCxr1QR4ChskzSRm4Q,Infinity Drywall LLC,"222 Boise St, Middleton, ID 83644, USA",(208) 608-9714,,2.6,5,https://maps.google.com/?cid=9555390689394305248&g_mp=Cidnb29nbGUubWFwcy5wbGFjZXMudjEuUGxhY2VzLlNlYXJjaFRleHQQAhgEIAA,OPERATIONAL,"general_contractor,point_of_interest,service,establishment",Drywall contractor,Caldwell
ChIJwUVtBpxfVFMR_gpNXIiSVgc,Unlimited Drywall,"5185 Beach Dr, Ammon, ID 83401, USA",(986) 208-7277,https://unlimiteddrywallsystems.com/,5,19,https://maps.google.com/?cid=528771120624372478&g_mp=Cidnb29nbGUubWFwcy5wbGFjZXMudjEuUGxhY2VzLlNlYXJjaFRleHQQAhgEIAA,OPERATIONAL,"general_contractor,point_of_interest,service,establishment",Drywall contractor,Caldwell
ChIJlfCU9Pu1r1QRlzCOD-67iEE,A Valdez Drywall,"19077 Upper Pleasant Ridge Rd, Caldwell, ID 83607, USA",(208) 888-5991,,,0,https://maps.google.com/?cid=4722230840435552407&g_mp=Cidnb29nbGUubWFwcy5wbGFjZXMudjEuUGxhY2VzLlNlYXJjaFRleHQQAhgEIAA,OPERATIONAL,"general_contractor,point_of_interest,service,establishment",Drywall contractor,Caldwell
ChIJe5WfheXKr1QRCyi9b9V8t68,Eco Green LLC,"19433 Karcher Rd, Caldwell, ID 83607, USA",(208) 989-4970,http://www.ecogreenidaho.com/,5,8,https://maps.google.com/?cid=12661726133519984651&g_mp=Cidnb29nbGUubWFwcy5wbGFjZXMudjEuUGxhY2VzLlNlYXJjaFRleHQQAhgEIAA,OPERATIONAL,"general_contractor,point_of_interest,service,establishment",Insulation contractor,Caldwell
ChIJFaId5wOxr1QR_cMBw1ptkWM,Mortensen Enterprises Inc,"13922 Glacier Bay Ln, Caldwell, ID 83607, USA",(208) 459-6171,,5,2,https://maps.google.com/?cid=7174635917964067837&g_mp=Cidnb29nbGUubWFwcy5wbGFjZXMudjEuUGxhY2VzLlNlYXJjaFRleHQQAhgEIAA,OPERATIONAL,"general_contractor,point_of_interest,service,establishment",Insulation contractor,Caldwell
ChIJ02zNZvxTrlQRgRV0PSBpSTg,CastleRock Exteriors,"5617 Cleveland Blvd, Caldwell, ID 83607, USA",(208) 895-8557,http://www.castlerockx.com/,2.6,5,https://maps.google.com/?cid=4055888526614730113&g_mp=Cidnb29nbGUubWFwcy5wbGFjZXMudjEuUGxhY2VzLlNlYXJjaFRleHQQAhgEIAA,OPERATIONAL,"service,point_of_interest,establishment",Siding contractor,Caldwell
ChIJq6oWJK-0r1QRD98fAGA75kc,Nf Construction Llc,"5611 War Eagle Rd, Caldwell, ID 83607, USA",(208) 957-4150,,,0,https://maps.google.com/?cid=5180893704841322255&g_mp=Cidnb29nbGUubWFwcy5wbGFjZXMudjEuUGxhY2VzLlNlYXJjaFRleHQQAhgEIAA,OPERATIONAL,"service,point_of_interest,establishment",Siding contractor,Caldwell
ChIJQ_nDt1bIImcRE472E1vfD2I,Larry Richardson Construction,"13775 Hockberger Ranch Rd, Caldwell, ID 83607, USA",(208) 713-7476,https://larryrichardsonconstruction.com/,5,8,https://maps.google.com/?cid=7066111922637540883&g_mp=Cidnb29nbGUubWFwcy5wbGFjZXMudjEuUGxhY2VzLlNlYXJjaFRleHQQAhgEIAA,OPERATIONAL,"general_contractor,service,point_of_interest,establishment",Deck builder,Caldwell
ChIJH87RQNK1r1QRAPU0V5VFCfA,Black Bull Construction & Carpentry,"5200 Midway Rd, Caldwell, ID 83607, USA",(208) 600-3520,https://blackbullconstruction.us/,5,3,https://maps.google.com/?cid=17296432351608632576&g_mp=Cidnb29nbGUubWFwcy5wbGFjZXMudjEuUGxhY2VzLlNlYXJjaFRleHQQAhgEIAA,OPERATIONAL,"general_contractor,service,point_of_interest,establishment",Deck builder,Caldwell
ChIJ-Vd3WrOtr1QRq6qIxEbTv7I,TruBlue Pool & Spa,"6675 Trinity Creek Ln, Star, ID 83669, USA",(208) 891-2664,,5,1,https://maps.google.com/?cid=12880245760201370283&g_mp=Cidnb29nbGUubWFwcy5wbGFjZXMudjEuUGxhY2VzLlNlYXJjaFRleHQQAhgEIAA,OPERATIONAL,"service,point_of_interest,establishment",Pool service,Caldwell
ChIJ7za6p2A3q1QRWve0mNAEIg8,Aqua Advantage Pool and Spa Services,"334 E Main St, Burley, ID 83318, USA",(208) 727-7909,http://www.aquaadvantagepoolandspa.com/,5,14,https://maps.google.com/?cid=1090439353738786650&g_mp=Cidnb29nbGUubWFwcy5wbGFjZXMudjEuUGxhY2VzLlNlYXJjaFRleHQQAhgEIAA,OPERATIONAL,"sporting_goods_store,store,service,point_of_interest,establishment",Pool service,Caldwell
ChIJnxD5uZ6zr1QRFYjqcmHmRjE,I Gotcha Covered,"Linden and, Middleton Rd, Caldwell, ID 83605, USA",(208) 514-7857,,3.5,11,https://maps.google.com/?cid=3550778662442403861&g_mp=Cidnb29nbGUubWFwcy5wbGFjZXMudjEuUGxhY2VzLlNlYXJjaFRleHQQAhgEIAA,OPERATIONAL,"service,point_of_interest,establishment",Pool service,Caldwell
ChIJxQkgy1Wyr1QRm_8A5eKrQiM,AnyTime Spas Service & Repairs,"10497 US-20 #26, Caldwell, ID 83605, USA",(208) 283-2656,,3.7,31,https://maps.google.com/?cid=2540782130783387547&g_mp=Cidnb29nbGUubWFwcy5wbGFjZXMudjEuUGxhY2VzLlNlYXJjaFRleHQQAhgEIAA,OPERATIONAL,"service,point_of_interest,establishment",Pool service,Caldwell
ChIJv9aC6b-wr1QRlH8603mLMIU,Cate Movers,"15892 Sunburst Dr, Caldwell, ID 83607, USA",(208) 812-5522,https://catecaldwellmovers.com/,4.9,61,https://maps.google.com/?cid=9597324161277656980&g_mp=Cidnb29nbGUubWFwcy5wbGFjZXMudjEuUGxhY2VzLlNlYXJjaFRleHQQAhgEIAA,OPERATIONAL,"shipping_service,moving_company,storage,service,point_of_interest,transportation_service,establishment",Moving company,Caldwell
ChIJ6_zKuYfAKW8RUvDElXL2hsA,Load N' Deliver,"10916 Super Cub Dr, Caldwell, ID 83605, USA",(208) 366-5623,https://loadndeliver.wixsite.com/loadndeliver,4.9,42,https://maps.google.com/?cid=13873046674160808018&g_mp=Cidnb29nbGUubWFwcy5wbGFjZXMudjEuUGxhY2VzLlNlYXJjaFRleHQQAhgEIAA,OPERATIONAL,"moving_company,service,point_of_interest,transportation_service,establishment",Moving company,Caldwell
ChIJZUdkgOOzr1QRE0PTbgmtKEM,Better Route Moving & Storage,"1415 Lauren Ln STE 102, Caldwell, ID 83605, USA",(208) 402-5356,https://www.betterroutemoving.com/,5,69,https://maps.google.com/?cid=4839308055635247891&g_mp=Cidnb29nbGUubWFwcy5wbGFjZXMudjEuUGxhY2VzLlNlYXJjaFRleHQQAhgEIAA,OPERATIONAL,"moving_company,service,point_of_interest,transportation_service,establishment",Moving company,Caldwell
ChIJ6w0KjXGzr1QReJRMwwPbvF8,PODS Moving & Storage,"4120 Challenger Way, Caldwell, ID 83605, USA",(877) 770-7637,https://www.pods.com/locations/united-states/idaho/boise?utm_medium=organic&utm_source=gbp_listing&utm_campaign=caldwell-gbp,4.6,75,https://maps.google.com/?cid=6898629538432717944&g_mp=Cidnb29nbGUubWFwcy5wbGFjZXMudjEuUGxhY2VzLlNlYXJjaFRleHQQAhgEIAA,OPERATIONAL,"shipping_service,moving_company,storage,store,service,point_of_interest,transportation_service,establishment",Moving company,Caldwell
ChIJMyCMm_Wzr1QRv3dzsYCNJb8,Feller Trucking Inc,"624 N 16th Ave, Caldwell, ID 83605, USA",(208) 459-0738,https://safer.fmcsa.dot.gov/query.asp?searchtype=ANY&query_type=queryCarrierSnapshot&query_param=USDOT&query_string=110135,4.4,12,https://maps.google.com/?cid=13773570619254994879&g_mp=Cidnb29nbGUubWFwcy5wbGFjZXMudjEuUGxhY2VzLlNlYXJjaFRleHQQAhgEIAA,OPERATIONAL,"shipping_service,moving_company,service,point_of_interest,transportation_service,establishment",Moving company,Caldwell
ChIJJ0frbxe1r1QR7Dpi7GIuDNA,Leonard's Express Caldwell Terminal,"1010 Holman Ct, Caldwell, ID 83605, USA",,http://leonardsexpress.com/,3.6,41,https://maps.google.com/?cid=14991408262017071852&g_mp=Cidnb29nbGUubWFwcy5wbGFjZXMudjEuUGxhY2VzLlNlYXJjaFRleHQQAhgEIAA,OPERATIONAL,"shipping_service,moving_company,service,point_of_interest,transportation_service,establishment",Moving company,Caldwell
ChIJw7W5lCC0r1QRSS8jSKKWcuA,Sale Trucking LLC,"20697 Farmway Rd, Caldwell, ID 83607, USA",(208) 459-3125,,4.3,16,https://maps.google.com/?cid=16173154835580006217&g_mp=Cidnb29nbGUubWFwcy5wbGFjZXMudjEuUGxhY2VzLlNlYXJjaFRleHQQAhgEIAA,OPERATIONAL,"shipping_service,moving_company,service,point_of_interest,transportation_service,establishment",Moving company,Caldwell
ChIJF2Oq3eG1r1QR_IboXfbC9Go,Caldwell Transport Services,"706 Laurel St, Caldwell, ID 83605, USA",,https://safer.fmcsa.dot.gov/query.asp?searchtype=ANY&query_type=queryCarrierSnapshot&query_param=USDOT&query_string=2943436,4.2,5,https://maps.google.com/?cid=7706999225731024636&g_mp=Cidnb29nbGUubWFwcy5wbGFjZXMudjEuUGxhY2VzLlNlYXJjaFRleHQQAhgEIAA,OPERATIONAL,"shipping_service,moving_company,service,point_of_interest,transportation_service,establishment",Moving company,Caldwell
ChIJh2A_qgW0r1QRQIUgVkG_sQQ,United Hauling,"119 N 5th Ave A, Caldwell, ID 83605, USA",(208) 455-1650,http://www.uhtrucks.com/,3.8,19,https://maps.google.com/?cid=338261734368249152&g_mp=Cidnb29nbGUubWFwcy5wbGFjZXMudjEuUGxhY2VzLlNlYXJjaFRleHQQAhgEIAA,OPERATIONAL,"shipping_service,moving_company,service,point_of_interest,transportation_service,establishment",Moving company,Caldwell
ChIJS3N19Re0r1QRRs_nwNOXtlQ,Simplot Transportation,"323 La Fond St, Caldwell, ID 83605, USA",,https://careers.simplot.com/go/Transportation-Logistics/8095900/,4.3,22,https://maps.google.com/?cid=6104233280677596998&g_mp=Cidnb29nbGUubWFwcy5wbGFjZXMudjEuUGxhY2VzLlNlYXJjaFRleHQQAhgEIAA,OPERATIONAL,"shipping_service,moving_company,service,point_of_interest,transportation_service,establishment",Moving company,Caldwell
ChIJh7faP2Ozr1QRL-0GhE3zGEc,ModTranz Inc.,"1309 Industrial Way, Caldwell, ID 83605, USA",(208) 467-7827,https://modtranz.com/,3,4,https://maps.google.com/?cid=5123112090387017007&g_mp=Cidnb29nbGUubWFwcy5wbGFjZXMudjEuUGxhY2VzLlNlYXJjaFRleHQQAhgEIAA,OPERATIONAL,"shipping_service,moving_company,service,point_of_interest,transportation_service,establishment",Moving company,Caldwell
ChIJHTMVOAS1r1QRfnB1bucZ7T4,Dump It Junk Removal | Garbage Services,"418 S 9th Ave Suite J, Caldwell, ID 83605, USA",(208) 545-5699,https://junkgarbageremovalusa.com/dump-it-junk-removal-garbage-services-caldwell-id-location/,5,7,https://maps.google.com/?cid=4534308881613287550&g_mp=Cidnb29nbGUubWFwcy5wbGFjZXMudjEuUGxhY2VzLlNlYXJjaFRleHQQAhgEIAA,OPERATIONAL,"service,point_of_interest,establishment",Junk removal,Caldwell
ChIJH1fH7Bq0r1QRk3ayymCDUgs,Superior Paint & Glass,"315 Cleveland Blvd, Caldwell, ID 83605, USA",(208) 459-1693,,4.3,122,https://maps.google.com/?cid=815858934248273555&g_mp=Cidnb29nbGUubWFwcy5wbGFjZXMudjEuUGxhY2VzLlNlYXJjaFRleHQQAhgEIAA,OPERATIONAL,"painter,car_repair,building_materials_store,home_goods_store,store,service,point_of_interest,establishment",Glass repair,Caldwell
ChIJbdAaoIG0r1QRMbD2pHWe4d8,Custom Glass,"254 Loop St, Caldwell, ID 83605, USA",(208) 454-0340,http://www.cgidaho.com/,4,4,https://maps.google.com/?cid=16132349568333819953&g_mp=Cidnb29nbGUubWFwcy5wbGFjZXMudjEuUGxhY2VzLlNlYXJjaFRleHQQAhgEIAA,OPERATIONAL,"point_of_interest,establishment",Glass repair,Caldwell
ChIJAQCwMOOtr1QRhjilRx75bhw,Custom Mirror & Glass,"22758 Lansing Ln, Middleton, ID 83644, USA",(208) 585-2525,https://www.custommirrorandglass.net/,5,5,https://maps.google.com/?cid=2048848788946499718&g_mp=Cidnb29nbGUubWFwcy5wbGFjZXMudjEuUGxhY2VzLlNlYXJjaFRleHQQAhgEIAA,OPERATIONAL,"point_of_interest,establishment",Glass repair,Caldwell
ChIJeZt_4JRMrlQR-gHfpCwBQJI,River City Glass & Design,"1410 Lauren Ln Ste# 102, Caldwell, ID 83605, USA",(208) 467-6600,http://www.rivercityglassanddesign.com/,4.9,34,https://maps.google.com/?cid=10538424419303227898&g_mp=Cidnb29nbGUubWFwcy5wbGFjZXMudjEuUGxhY2VzLlNlYXJjaFRleHQQAhgEIAA,OPERATIONAL,"building_materials_store,manufacturer,store,point_of_interest,establishment",Glass repair,Caldwell
ChIJN9uQIFW1r1QRcCcXMyaSWco,A Class Windows,"Ustick &, Homedale Rd, Caldwell, ID 83607, USA",(208) 608-1999,,4.8,22,https://maps.google.com/?cid=14580845961352259440&g_mp=Cidnb29nbGUubWFwcy5wbGFjZXMudjEuUGxhY2VzLlNlYXJjaFRleHQQAhgEIAA,OPERATIONAL,"general_contractor,store,service,point_of_interest,establishment",Glass repair,Caldwell
ChIJyQ6kMCqxr1QRh99gj9Exiz4,Windows of Middleton,"Unit 105a E Main St, Middleton, ID 83644, USA",(208) 960-6148,https://windowsmiddleton.com/,4.8,10,https://maps.google.com/?cid=4506750628237729671&g_mp=Cidnb29nbGUubWFwcy5wbGFjZXMudjEuUGxhY2VzLlNlYXJjaFRleHQQAhgEIAA,OPERATIONAL,"general_contractor,service,point_of_interest,establishment",Window repair,Caldwell
ChIJH26QCoO0r1QR5ueIIl2-AC4,Sunbusters Window Tinting & Auto Graphics,"420 N Kimball Ave, Caldwell, ID 83605, USA",(208) 459-4057,http://sunbustersidaho.com/,4.3,172,https://maps.google.com/?cid=3314858632965318630&g_mp=Cidnb29nbGUubWFwcy5wbGFjZXMudjEuUGxhY2VzLlNlYXJjaFRleHQQAhgEIAA,OPERATIONAL,"car_repair,service,point_of_interest,establishment",Window repair,Caldwell
ChIJ04dWZgW0r1QRpE9xVBvv-YA,Bennett Machine & Welding Work,"15824 Gunfire Rd, Caldwell, ID 83607, USA",(208) 459-3321,,4.1,17,https://maps.google.com/?cid=9293722206715596708&g_mp=Cidnb29nbGUubWFwcy5wbGFjZXMudjEuUGxhY2VzLlNlYXJjaFRleHQQAhgEIAA,OPERATIONAL,"manufacturer,service,point_of_interest,establishment",Welding service,Caldwell
ChIJ9S_x0uqzr1QROOQIogATHWY,Redband Fabrication,"208 N Phoenix Lane #106, Caldwell, ID 83607, USA",(208) 280-8172,https://www.redbandfabrication.com/,5,12,https://maps.google.com/?cid=7358058259632677944&g_mp=Cidnb29nbGUubWFwcy5wbGFjZXMudjEuUGxhY2VzLlNlYXJjaFRleHQQAhgEIAA,OPERATIONAL,"manufacturer,service,point_of_interest,establishment",Welding service,Caldwell
ChIJIUEzUaL_rlQRi15rotAji8A,Ironman Welding,"224 Summers St B, Caldwell, ID 83605, USA",(208) 331-1611,,5,3,https://maps.google.com/?cid=13874222456030060171&g_mp=Cidnb29nbGUubWFwcy5wbGFjZXMudjEuUGxhY2VzLlNlYXJjaFRleHQQAhgEIAA,OPERATIONAL,"service,point_of_interest,establishment",Welding service,Caldwell
ChIJKXcJJZG1r1QREtgPMGhK7H8,Kora’s Palacios Welding,"3718 Cleveland Blvd #3, Caldwell, ID 83605, USA",(702) 628-1680,,5,1,https://maps.google.com/?cid=9217824348663961618&g_mp=Cidnb29nbGUubWFwcy5wbGFjZXMudjEuUGxhY2VzLlNlYXJjaFRleHQQAhgEIAA,OPERATIONAL,"service,point_of_interest,establishment",Welding service,Caldwell
ChIJe1CLUuyxr1QRaavfXFRzM-I,Moonlight Welding LLC,"409 W Concord St, Middleton, ID 83644, USA",(208) 615-0213,http://moonlightweldingidaho.com/,5,12,https://maps.google.com/?cid=16299498282556566377&g_mp=Cidnb29nbGUubWFwcy5wbGFjZXMudjEuUGxhY2VzLlNlYXJjaFRleHQQAhgEIAA,OPERATIONAL,"service,point_of_interest,establishment",Welding service,Caldwell
ChIJn5fxxqBLrlQRLkPOPv0qV2U,Karcher Custom Metal Works,"16075 Settlement Ln, Caldwell, ID 83607, USA",(208) 204-9007,https://karchercustommetalworks.com/,5,11,https://maps.google.com/?cid=7302352587973346094&g_mp=Cidnb29nbGUubWFwcy5wbGFjZXMudjEuUGxhY2VzLlNlYXJjaFRleHQQAhgEIAA,OPERATIONAL,"manufacturer,point_of_interest,establishment",Welding service,Caldwell
ChIJ3YvXaMy2r1QREKYhJwqyx5I,"Pacific Metal Works, Inc.","15891 Gunfire Rd, Caldwell, ID 83607, USA",(208) 454-5456,http://www.pacificmetalworks.com/,5,1,https://maps.google.com/?cid=10576618006578832912&g_mp=Cidnb29nbGUubWFwcy5wbGFjZXMudjEuUGxhY2VzLlNlYXJjaFRleHQQAhgEIAA,OPERATIONAL,"manufacturer,point_of_interest,establishment",Welding service,Caldwell
ChIJ9_4hsJ61r1QRVNA5tB7GMXc,Wicked Tuff Fabrication,"1716 E Ustick Rd, Caldwell, ID 83605, USA",(208) 454-5549,https://wicked-tuff.com/,5,4,https://maps.google.com/?cid=8588863799547252820&g_mp=Cidnb29nbGUubWFwcy5wbGFjZXMudjEuUGxhY2VzLlNlYXJjaFRleHQQAhgEIAA,OPERATIONAL,"manufacturer,service,point_of_interest,establishment",Welding service,Caldwell
ChIJg_TXy6g1rlQRiDSFzt57y9I,K & S Welding & Fabrication,"11140 Chicken Dinner Rd, Caldwell, ID 83607, USA",(208) 941-6048,,,0,https://maps.google.com/?cid=15189370365114922120&g_mp=Cidnb29nbGUubWFwcy5wbGFjZXMudjEuUGxhY2VzLlNlYXJjaFRleHQQAhgEIAA,OPERATIONAL,"manufacturer,point_of_interest,establishment",Welding service,Caldwell
ChIJv7zAfbGzr1QRf_zfTS_rjeg,TerraCo Excavation & Demo LLC,"20272 Ward Ln, Caldwell, ID 83605, USA",(208) 577-8988,,5,2,https://maps.google.com/?cid=16757308376917998719&g_mp=Cidnb29nbGUubWFwcy5wbGFjZXMudjEuUGxhY2VzLlNlYXJjaFRleHQQAhgEIAA,OPERATIONAL,"general_contractor,service,point_of_interest,establishment",Excavation contractor,Caldwell
ChIJhw1gYHWxr1QR4mL5UadmpJY,A A Sealcoat Inc,"823 Arthur St #279, Caldwell, ID 83605, USA",(208) 454-1178,http://www.aasealcoat.com/,4.3,6,https://maps.google.com/?cid=10854913870690607842&g_mp=Cidnb29nbGUubWFwcy5wbGFjZXMudjEuUGxhY2VzLlNlYXJjaFRleHQQAhgEIAA,OPERATIONAL,"general_contractor,service,point_of_interest,establishment",Paving contractor,Caldwell
ChIJpx5RI4C3r1QRCCTrv8FqkRU,"Idaho Materials & Construction, A CRH Company","21943 Look Ln, Caldwell, ID 83607, USA",(208) 466-5001,https://stakerparson.com/companies/idaho-materials-construction/,5,2,https://maps.google.com/?cid=1554140726800622600&g_mp=Cidnb29nbGUubWFwcy5wbGFjZXMudjEuUGxhY2VzLlNlYXJjaFRleHQQAhgEIAA,OPERATIONAL,"general_contractor,supplier,manufacturer,service,point_of_interest,establishment",Paving contractor,Caldwell
ChIJ5UQibRi2r1QRC_ND0Y3Pzn0,Staker & Parson Co,"19752 Simplot Blvd, Caldwell, ID 83607, USA",(208) 455-7989,https://stakerparson.com/,4.1,7,https://maps.google.com/?cid=9065411307951616779&g_mp=Cidnb29nbGUubWFwcy5wbGFjZXMudjEuUGxhY2VzLlNlYXJjaFRleHQQAhgEIAA,OPERATIONAL,"general_contractor,service,point_of_interest,establishment",Paving contractor,Caldwell
ChIJ0zgr2VCyr1QRYAUrm4BZ9uc,"Suncore Construction and Materials, Inc.","7932, 10340 US-20, Caldwell, ID 83605, USA",(208) 343-6965,https://suncore.build/,3.5,34,https://maps.google.com/?cid=16714645475926148448&g_mp=Cidnb29nbGUubWFwcy5wbGFjZXMudjEuUGxhY2VzLlNlYXJjaFRleHQQAhgEIAA,OPERATIONAL,"general_contractor,wholesaler,supplier,manufacturer,service,point_of_interest,establishment",Paving contractor,Caldwell
ChIJK117Eb207UYRrMFTuhLAocs,Ray SealCoat LLC,"19664 Commonwealth Ave, Caldwell, ID 83605, USA",(208) 249-7153,https://www.raysealcoat.com/,5,1,https://maps.google.com/?cid=14673220247617782188&g_mp=Cidnb29nbGUubWFwcy5wbGFjZXMudjEuUGxhY2VzLlNlYXJjaFRleHQQAhgEIAA,OPERATIONAL,"general_contractor,service,point_of_interest,establishment",Paving contractor,Caldwell
ChIJT24yRmC0r1QRgQMmSkvjVSg,Black Diamond Seal Coating,"1604 E Beech St, Caldwell, ID 83605, USA",(208) 453-4436,,4,4,https://maps.google.com/?cid=2906479047043580801&g_mp=Cidnb29nbGUubWFwcy5wbGFjZXMudjEuUGxhY2VzLlNlYXJjaFRleHQQAhgEIAA,OPERATIONAL,"general_contractor,service,point_of_interest,establishment",Paving contractor,Caldwell
ChIJ0dibkOCzr1QR3fqyuvVahro,"Idaho Materials & Construction, A CRH Company","21250 Middleton Rd, Caldwell, ID 83605, USA",(208) 466-5001,https://stakerparson.com/companies/idaho-materials-construction/,4,23,https://maps.google.com/?cid=13440530149379603165&g_mp=Cidnb29nbGUubWFwcy5wbGFjZXMudjEuUGxhY2VzLlNlYXJjaFRleHQQAhgEIAA,OPERATIONAL,"general_contractor,supplier,service,point_of_interest,establishment",Paving contractor,Caldwell
ChIJfZGQgAy3r1QRTRZhDJhNwco,Gator Pit LLC,"22977 Notus Rd, Caldwell, ID 83607, USA",(208) 789-1178,,5,9,https://maps.google.com/?cid=14610043981604656717&g_mp=Cidnb29nbGUubWFwcy5wbGFjZXMudjEuUGxhY2VzLlNlYXJjaFRleHQQAhgEIAA,OPERATIONAL,"point_of_interest,establishment",Paving contractor,Caldwell
ChIJq6qarp-0r1QRO2xh5JIqWJE,Blacktop Service,"5210 Cleveland Blvd, Caldwell, ID 83607, USA",(208) 908-1233,https://www.blacktopservice.net/contact-us,1,1,https://maps.google.com/?cid=10473167743835270203&g_mp=Cidnb29nbGUubWFwcy5wbGFjZXMudjEuUGxhY2VzLlNlYXJjaFRleHQQAhgEIAA,OPERATIONAL,"service,point_of_interest,establishment",Paving contractor,Caldwell
ChIJV0G9Wd-rr1QRdGcOGmQhSLk,Master Plumbing,"393 W State St c, Eagle, ID 83616, USA",(208) 922-6955,https://masterrooter.com/home/southwest-idaho-plumbers/eagle-idaho-plumber/,4.9,164,https://maps.google.com/?cid=13350957809157433204&g_mp=Cidnb29nbGUubWFwcy5wbGFjZXMudjEuUGxhY2VzLlNlYXJjaFRleHQQAhgEIAA,OPERATIONAL,"plumber,general_contractor,supplier,store,service,point_of_interest,establishment",Plumber,Eagle
ChIJ5x6runRVrlQRHbvNaEsBrVE,Quality Plumber Eagle ID,"2073 E Dunyon St, Eagle, ID 83616, USA",(208) 247-0308,https://qualityplumbereagleid.com/,5,18,https://maps.google.com/?cid=5885361711435594525&g_mp=Cidnb29nbGUubWFwcy5wbGFjZXMudjEuUGxhY2VzLlNlYXJjaFRleHQQAhgEIAA,OPERATIONAL,"plumber,service,point_of_interest,establishment",Plumber,Eagle
ChIJJ-9KjesSkFQRYwlJiqy4aoA,EMB Plumbing Services,"408 S Eagle Rd, Eagle, ID 83616, USA",(208) 948-8997,https://www.embplumbing.com/,4.9,31,https://maps.google.com/?cid=9253411435580033379&g_mp=Cidnb29nbGUubWFwcy5wbGFjZXMudjEuUGxhY2VzLlNlYXJjaFRleHQQAhgEIAA,OPERATIONAL,"plumber,service,point_of_interest,establishment",Plumber,Eagle
ChIJm6lO0GZoj6AR4ii_Od51VIE,IdaPros Plumbing & Drains,"1121 E State St STE 105, Eagle, ID 83616, USA",(208) 299-9611,https://www.idapros.com/,5,116,https://maps.google.com/?cid=9319203126248417506&g_mp=Cidnb29nbGUubWFwcy5wbGFjZXMudjEuUGxhY2VzLlNlYXJjaFRleHQQAhgEIAA,OPERATIONAL,"plumber,service,point_of_interest,establishment",Plumber,Eagle
ChIJk3-j6aFVrlQRSGNbOtKd0qY,Ritchie Plumbing LLC,"2903 S Fox Den Pl, Eagle, ID 83616, USA",(208) 609-9000,https://ritchieplumbing.com/,5,286,https://maps.google.com/?cid=12020843881653035848&g_mp=Cidnb29nbGUubWFwcy5wbGFjZXMudjEuUGxhY2VzLlNlYXJjaFRleHQQAhgEIAA,OPERATIONAL,"plumber,general_contractor,home_goods_store,store,service,point_of_interest,establishment",Plumber,Eagle
ChIJN8-honv92YgRuLIMKX5txf0,Goodrich Plumbing Idaho,"372 S Eagle Rd #214, Eagle, ID 83616, USA",(208) 752-2139,https://goodrichplumbingidaho.com/,4.7,13,https://maps.google.com/?cid=18286142250629771960&g_mp=Cidnb29nbGUubWFwcy5wbGFjZXMudjEuUGxhY2VzLlNlYXJjaFRleHQQAhgEIAA,OPERATIONAL,"plumber,service,point_of_interest,establishment",Plumber,Eagle
ChIJUdnMNBOtr1QRVNfXtGha-Ok,Master Plumbing,"716 N Celeste Ave, Star, ID 83669, USA",(208) 991-3292,https://masterrooter.com/star-idaho-plumbing-services/,4.8,75,https://maps.google.com/?cid=16859324610818594644&g_mp=Cidnb29nbGUubWFwcy5wbGFjZXMudjEuUGxhY2VzLlNlYXJjaFRleHQQAhgEIAA,OPERATIONAL,"plumber,service,point_of_interest,establishment",Plumber,Eagle
ChIJPVWHTiPOQiQRQGaPKFcyRsA,Certified Electric LLC,"372 S Eagle Rd suite#285, Eagle, ID 83616, USA",(208) 995-4600,,5,94,https://maps.google.com/?cid=13854816653575939648&g_mp=Cidnb29nbGUubWFwcy5wbGFjZXMudjEuUGxhY2VzLlNlYXJjaFRleHQQAhgEIAA,OPERATIONAL,"electrician,service,point_of_interest,establishment",Electrician,Eagle
ChIJD8gSfZSqr1QR-L8Qcj6M36g,Miller Electric,"959 N Preakness Dr, Eagle, ID 83616, USA",(208) 939-3322,,5,1,https://maps.google.com/?cid=12168598918007930872&g_mp=Cidnb29nbGUubWFwcy5wbGFjZXMudjEuUGxhY2VzLlNlYXJjaFRleHQQAhgEIAA,OPERATIONAL,"electrician,service,point_of_interest,establishment",Electrician,Eagle
ChIJA09mo6nGQYcRQ-wv7OuKFRs,Native Electric Inc,"936 Chambers Ct, Eagle, CO 81631, USA",(970) 328-1293,,4.6,16,https://maps.google.com/?cid=1951618759419489347&g_mp=Cidnb29nbGUubWFwcy5wbGFjZXMudjEuUGxhY2VzLlNlYXJjaFRleHQQAhgEIAA,OPERATIONAL,"electrician,service,point_of_interest,establishment",Electrician,Eagle
ChIJP2Ful76K6SoR0QcMcybjqzQ,"Marvel Electric, LLC","10870 Fairview Ave STE 102 #1423, Boise, ID 83713, USA",(208) 995-1019,http://www.marvelelectric.solar/,5,12,https://maps.google.com/?cid=3795376865268205521&g_mp=Cidnb29nbGUubWFwcy5wbGFjZXMudjEuUGxhY2VzLlNlYXJjaFRleHQQAhgEIAA,OPERATIONAL,"electrician,supplier,service,point_of_interest,establishment",Electrician,Eagle
ChIJzaR9Mumtr1QR4SN_LxG8K5A,Keely Electric,"846 S Star Rd Suite 101, Star, ID 83669, USA",(208) 991-0122,http://keelyelectric.com/,5,284,https://maps.google.com/?cid=10388603747457508321&g_mp=Cidnb29nbGUubWFwcy5wbGFjZXMudjEuUGxhY2VzLlNlYXJjaFRleHQQAhgEIAA,OPERATIONAL,"electrician,service,point_of_interest,establishment",Electrical contractor,Eagle
ChIJYyv0_Turr1QRAeAAGoM2m9g,Black Tree Roofing LLC,"233 W State St suite a, Eagle, ID 83616, USA",(208) 244-0403,https://blacktreeroofing.com/,5,9,https://maps.google.com/?cid=15608128870287466497&g_mp=Cidnb29nbGUubWFwcy5wbGFjZXMudjEuUGxhY2VzLlNlYXJjaFRleHQQAhgEIAA,OPERATIONAL,"roofing_contractor,service,point_of_interest,establishment",Roofer,Eagle
ChIJjc4pJR6GX28RL-HZiCRHyJ4,"Idaho Roofing Partners, LLC","2600 N Croft Ln, Eagle, ID 83616, USA",(208) 917-1869,https://idahoroofingpartners.com/,5,40,https://maps.google.com/?cid=11441473075575120175&g_mp=Cidnb29nbGUubWFwcy5wbGFjZXMudjEuUGxhY2VzLlNlYXJjaFRleHQQAhgEIAA,OPERATIONAL,"roofing_contractor,building_materials_store,general_contractor,service,store,point_of_interest,establishment",Roofer,Eagle
ChIJD86TTO1VrlQRnCOomrYCkXo,"Tru Armor Roofing Idaho, LLC","1392 W Colchester Dr, Eagle, ID 83616, USA",(208) 550-9387,https://www.truarmoridaho.com/,5,10,https://maps.google.com/?cid=8831843327552267164&g_mp=Cidnb29nbGUubWFwcy5wbGFjZXMudjEuUGxhY2VzLlNlYXJjaFRleHQQAhgEIAA,OPERATIONAL,"roofing_contractor,service,point_of_interest,establishment",Roofer,Eagle
ChIJ-RRwNFVVrlQRDLJx-j0XGYI,Pro Tech Roofing Inc,"1986 E State St, Eagle, ID 83616, USA",(208) 939-6714,http://protechroofing.us/,5,6,https://maps.google.com/?cid=9374549654310597132&g_mp=Cidnb29nbGUubWFwcy5wbGFjZXMudjEuUGxhY2VzLlNlYXJjaFRleHQQAhgEIAA,OPERATIONAL,"roofing_contractor,service,point_of_interest,establishment",Roofer,Eagle
ChIJ3ykuTML_rlQRREGb2aZmlhg,Erie Home,"4781 Goodall St, Garden City, ID 83714, USA",(208) 897-2174,https://eriehome.com/locations/roofing/garden-city-id/?utm_source=gbp&utm_medium=roofing&utm_campaign=Garden-City,4.6,73,https://maps.google.com/?cid=1771716370218303812&g_mp=Cidnb29nbGUubWFwcy5wbGFjZXMudjEuUGxhY2VzLlNlYXJjaFRleHQQAhgEIAA,OPERATIONAL,"roofing_contractor,service,point_of_interest,establishment",Roofer,Eagle
ChIJVVU5o0IAr1QRal4VNnu3YIM,CF Construction,"2300 E Deer Point Ct, Eagle, ID 83616, USA",(208) 921-1445,http://roofingeagle.com/,,0,https://maps.google.com/?cid=9466768156549013098&g_mp=Cidnb29nbGUubWFwcy5wbGFjZXMudjEuUGxhY2VzLlNlYXJjaFRleHQQAhgEIAA,OPERATIONAL,"roofing_contractor,point_of_interest,service,establishment",Roofing contractor,Eagle
ChIJ7SawXLNVrlQRWdVN2but6mw,Bell Top,"987 E Claybourne Dr, Meridian, ID 83646, USA",(208) 514-8030,https://www.belltoproofing.com/,4.8,22,https://maps.google.com/?cid=7848276322962756953&g_mp=Cidnb29nbGUubWFwcy5wbGFjZXMudjEuUGxhY2VzLlNlYXJjaFRleHQQAhgEIAA,OPERATIONAL,"roofing_contractor,point_of_interest,service,establishment",Roofing contractor,Eagle
ChIJnROuFlv_rlQR1cjZbYHI-UY,The Trade Source Mechanical LLC,"415 E 51st St, Garden City, ID 83714, USA",(208) 412-6713,http://www.thetradesourcemechanical.com/,4.6,19,https://maps.google.com/?cid=5114339310075234517&g_mp=Cidnb29nbGUubWFwcy5wbGFjZXMudjEuUGxhY2VzLlNlYXJjaFRleHQQAhgEIAA,OPERATIONAL,"general_contractor,service,point_of_interest,establishment",HVAC,Eagle
ChIJhRYJkEZVrlQRVAW0JB9qgEE,BNR Heating and Air Conditioning,"10390 W Ardyce Ct, Boise, ID 83704, USA",(208) 297-1048,http://bnrhvac.com/,4.8,48,https://maps.google.com/?cid=4719889091476587860&g_mp=Cidnb29nbGUubWFwcy5wbGFjZXMudjEuUGxhY2VzLlNlYXJjaFRleHQQAhgEIAA,OPERATIONAL,"general_contractor,service,point_of_interest,establishment",HVAC,Eagle
ChIJ1adHkbH4rlQRTH4sMDjl1M4,"PROFLO HVAC, INC.","2268 W Rattlesnake Dr, Meridian, ID 83646, USA",(208) 500-2665,https://proflowhvacandplumbing.com/,5,3,https://maps.google.com/?cid=14903789096364965452&g_mp=Cidnb29nbGUubWFwcy5wbGFjZXMudjEuUGxhY2VzLlNlYXJjaFRleHQQAhgEIAA,OPERATIONAL,"general_contractor,service,point_of_interest,establishment",HVAC,Eagle
ChIJuczLdh9RrlQR0SBuw3hwp5o,Everything Air Heating and Cooling LLC,"218 E 50th St, Garden City, ID 83714, USA",(208) 957-3079,https://www.everythingairidaho.com/,5,11,https://maps.google.com/?cid=11143999466928742609&g_mp=Cidnb29nbGUubWFwcy5wbGFjZXMudjEuUGxhY2VzLlNlYXJjaFRleHQQAhgEIAA,OPERATIONAL,"general_contractor,service,point_of_interest,establishment",HVAC,Eagle
ChIJAZ_uJHIBr1QR6TWw2VExZFw,Intelligent Design - Heating & Cooling,"4290 W Chinden Blvd, Garden City, ID 83714, USA",(208) 391-6535,https://idshvac.com/,4.8,111,https://maps.google.com/?cid=6657500376774751721&g_mp=Cidnb29nbGUubWFwcy5wbGFjZXMudjEuUGxhY2VzLlNlYXJjaFRleHQQAhgEIAA,OPERATIONAL,"general_contractor,supplier,manufacturer,service,point_of_interest,establishment",HVAC,Eagle
ChIJIUyh_2P_rlQRGzoZ7kkt2-c,Ted Dumont HVAC Inc,"4753 N Glenwood St, Garden City, ID 83714, USA",(208) 342-8080,http://www.teddumonthvac.com/,4.7,209,https://maps.google.com/?cid=16706997038211480091&g_mp=Cidnb29nbGUubWFwcy5wbGFjZXMudjEuUGxhY2VzLlNlYXJjaFRleHQQAhgEIAA,OPERATIONAL,"general_contractor,service,point_of_interest,establishment",HVAC,Eagle
ChIJCVQj5yf_rlQRBywflZQa63Y,Flash Heating and Home Repair,"3016 W Neff St, Boise, ID 83703, USA",(208) 373-5274,http://37flash.com/,4.9,146,https://maps.google.com/?cid=8568971941461830663&g_mp=Cidnb29nbGUubWFwcy5wbGFjZXMudjEuUGxhY2VzLlNlYXJjaFRleHQQAhgEIAA,OPERATIONAL,"general_contractor,service,point_of_interest,establishment",HVAC,Eagle
ChIJ5YYByZ03aoYRATEKkQfYD78,AirKeepers Heating & Cooling,"1224 W Deer Crst Dr, Meridian, ID 83646, USA",(208) 996-3002,https://www.airkeepers.com/,4.9,29,https://maps.google.com/?cid=13767460112904630529&g_mp=Cidnb29nbGUubWFwcy5wbGFjZXMudjEuUGxhY2VzLlNlYXJjaFRleHQQAhgEIAA,OPERATIONAL,"general_contractor,point_of_interest,service,establishment",Heating and cooling,Eagle
ChIJsadQdA7_rlQRP4-HU9leVVg,"Diamond Heating, Cooling, Plumbing, Electric","5090 N Sawyer Ave, Garden City, ID 83714, USA",(208) 378-7045,http://www.diamondheatingandcooling.com/,4.6,11,https://maps.google.com/?cid=6365097935860371263&g_mp=Cidnb29nbGUubWFwcy5wbGFjZXMudjEuUGxhY2VzLlNlYXJjaFRleHQQAhgEIAA,OPERATIONAL,"general_contractor,point_of_interest,service,establishment",Heating and cooling,Eagle
ChIJyVHpSDu5dYMRyUYQ7Ze6siE,Six Brothers Pest Control,"2616 E Aspenwood Ct, Eagle, ID 83616, USA",(208) 801-7378,https://sixbrotherspestcontrol.com/eagle-id/,4.9,189,https://maps.google.com/?cid=2428208310786213577&g_mp=Cidnb29nbGUubWFwcy5wbGFjZXMudjEuUGxhY2VzLlNlYXJjaFRleHQQAhgEIAA,OPERATIONAL,"service,point_of_interest,establishment",Pest control,Eagle
ChIJBaQrBjSrr1QRC9j5GfOk3H8,Vertex Pest Control,"1121 E State St #102e, Eagle, ID 83616, USA",(208) 460-7223,https://www.vertexpestcontrol.com/pest-control-eagle?utm_source=gbp&utm_medium=organic&utm_campaign=gbp-Eagle,5,1089,https://maps.google.com/?cid=9213420301713004555&g_mp=Cidnb29nbGUubWFwcy5wbGFjZXMudjEuUGxhY2VzLlNlYXJjaFRleHQQAhgEIAA,OPERATIONAL,"service,point_of_interest,establishment",Pest control,Eagle
ChIJFSsI3Carr1QR1OlOPPBz7Sk,Sawtooth Pest Control,"1117 E Plaza Dr suite f, Eagle, ID 83616, USA",(208) 900-4717,https://www.sawtoothpest.com/,5,593,https://maps.google.com/?cid=3021198400676620756&g_mp=Cidnb29nbGUubWFwcy5wbGFjZXMudjEuUGxhY2VzLlNlYXJjaFRleHQQAhgEIAA,OPERATIONAL,"service,point_of_interest,establishment",Pest control,Eagle
ChIJibifIUWrr1QRf2ZDxJ1hWyw,HEMI Pest Control,"393 W State St f, Eagle, ID 83616, USA",(208) 906-3668,https://hemipest.com/,4.9,153,https://maps.google.com/?cid=3196255690780010111&g_mp=Cidnb29nbGUubWFwcy5wbGFjZXMudjEuUGxhY2VzLlNlYXJjaFRleHQQAhgEIAA,OPERATIONAL,"service,point_of_interest,establishment",Pest control,Eagle
ChIJgwdzZ63DrAQRmR_zykCQVh8,Cedar Pest Management,"2976 E State St Ste 120 PMB 2942, Eagle, ID 83616, USA",(208) 671-3774,https://cedarpestidaho.com/,5,86,https://maps.google.com/?cid=2258150871130120089&g_mp=Cidnb29nbGUubWFwcy5wbGFjZXMudjEuUGxhY2VzLlNlYXJjaFRleHQQAhgEIAA,OPERATIONAL,"service,point_of_interest,establishment",Pest control,Eagle
ChIJ3W2PNAxFrlQRS-Qs1XHNUIc,Alpha Home Pest Control,"657 S Best Business Ave SUITE 103, Kuna, ID 83634, USA",(208) 475-4440,https://alphahomepestcontrol.com/,4.9,555,https://maps.google.com/?cid=9750519082048611403&g_mp=Cidnb29nbGUubWFwcy5wbGFjZXMudjEuUGxhY2VzLlNlYXJjaFRleHQQAhgEIAA,OPERATIONAL,"service,point_of_interest,establishment",Pest control,Eagle
ChIJxapjJE3vXwwR20yRJsXs9XY,Jennings Landscape & Cleaning,"2580 E Blackstone Dr, Eagle, ID 83616, USA",(208) 279-3297,http://www.jenningslandscaping208.com/,5,57,https://maps.google.com/?cid=8572017797269376219&g_mp=Cidnb29nbGUubWFwcy5wbGFjZXMudjEuUGxhY2VzLlNlYXJjaFRleHQQAhgEIAA,OPERATIONAL,"general_contractor,service,point_of_interest,establishment",Landscaping,Eagle
ChIJV8GoSyWrr1QRE47diMecxFo,Alderwood Landscaping,"408 S Eagle Rd Ste 212, Eagle, ID 83616, USA",(208) 400-6120,https://boiselandscapedesignbuild.com/,5,4,https://maps.google.com/?cid=6540524939657448979&g_mp=Cidnb29nbGUubWFwcy5wbGFjZXMudjEuUGxhY2VzLlNlYXJjaFRleHQQAhgEIAA,OPERATIONAL,"general_contractor,service,point_of_interest,establishment",Landscaping,Eagle
ChIJ7cKs5oOtr1QRYegzunyJ4DE,Dirty Deeds Landscaping,"200 N Highbrook Wy Suite 106 PMB-361, Star, ID 83669, USA",(208) 991-0558,http://www.davisdirtydeeds.com/,5,17,https://maps.google.com/?cid=3594023671434569825&g_mp=Cidnb29nbGUubWFwcy5wbGFjZXMudjEuUGxhY2VzLlNlYXJjaFRleHQQAhgEIAA,OPERATIONAL,"general_contractor,service,point_of_interest,establishment",Landscaping,Eagle
ChIJJV3pO3Kqr1QR5V2GycD-87E,Eagle Landscape,"3931 N Ballantyne Ln, Eagle, ID 83616, USA",(208) 939-8723,http://eaglelandscape.com/contact,3.8,4,https://maps.google.com/?cid=12822872668022136293&g_mp=Cidnb29nbGUubWFwcy5wbGFjZXMudjEuUGxhY2VzLlNlYXJjaFRleHQQAhgEIAA,OPERATIONAL,"general_contractor,service,point_of_interest,establishment",Landscaping,Eagle
ChIJ51X62Un_rlQRNQTTtntmm40,Eagle Concrete and Landscape,"9902 W Arnold Rd, Garden City, ID 83714, USA",(208) 370-4120,http://www.eagleconcretelandscape.com/,5,53,https://maps.google.com/?cid=10203862062272283701&g_mp=Cidnb29nbGUubWFwcy5wbGFjZXMudjEuUGxhY2VzLlNlYXJjaFRleHQQAhgEIAA,OPERATIONAL,"general_contractor,service,point_of_interest,establishment",Landscaping,Eagle
ChIJLQ5VHQoAr1QR8gFKn8CylFk,Mustard Seed Lawn Care,"768 N Eagle Hills Way, Eagle, ID 83616, USA",(208) 901-2678,https://mustardseedlawncare.com/contact-us,5,56,https://maps.google.com/?cid=6454980706304655858&g_mp=Cidnb29nbGUubWFwcy5wbGFjZXMudjEuUGxhY2VzLlNlYXJjaFRleHQQAhgEIAA,OPERATIONAL,"service,point_of_interest,establishment",Lawn care,Eagle
ChIJ94C2Amyqr1QRSnxx4AkgVl0,Four Seasons Lawn Services,"2986 W Deerfield Ct, Eagle, ID 83616, USA",(208) 938-3104,http://www.4seasonsidaho.com/,4.4,5,https://maps.google.com/?cid=6725598320316742730&g_mp=Cidnb29nbGUubWFwcy5wbGFjZXMudjEuUGxhY2VzLlNlYXJjaFRleHQQAhgEIAA,OPERATIONAL,"general_contractor,service,point_of_interest,establishment",Lawn care,Eagle
ChIJlcfXmAXIrwURdDRDAeM33yA,Fallbrook Lawn Care,"11715 W Shortcreek St, Star, ID 83669, USA",(208) 949-7899,https://www.fallbrooklawncare.com/,5,4,https://maps.google.com/?cid=2368673377138455668&g_mp=Cidnb29nbGUubWFwcy5wbGFjZXMudjEuUGxhY2VzLlNlYXJjaFRleHQQAhgEIAA,OPERATIONAL,"service,point_of_interest,establishment",Lawn care,Eagle
ChIJm9RrtLqqr1QRBeKRWtSen4s,Eagle Auto Repair,"347 E State St, Eagle, ID 83616, USA",(208) 515-7353,https://www.eagleidahoautorepair.com/?utm_campaign=gmb,4.8,381,https://maps.google.com/?cid=10060934727458742789&g_mp=Cidnb29nbGUubWFwcy5wbGFjZXMudjEuUGxhY2VzLlNlYXJjaFRleHQQAhgEIAA,OPERATIONAL,"car_repair,point_of_interest,service,establishment",Auto repair,Eagle
ChIJow-wQv__rlQRHad_398hwCk,J&B Automotive,"1092 N Parkinson St, Eagle, ID 83616, USA",(208) 697-2966,,4.9,81,https://maps.google.com/?cid=3008441796494599965&g_mp=Cidnb29nbGUubWFwcy5wbGFjZXMudjEuUGxhY2VzLlNlYXJjaFRleHQQAhgEIAA,OPERATIONAL,"car_repair,point_of_interest,service,establishment",Auto repair,Eagle
ChIJgaP3Nvv_rlQRmg4pz4yNFFM,27th St. Automotive - Eagle,"9998 W State St, Boise, ID 83714, USA",(208) 991-4929,https://27thstauto.com/,4.7,153,https://maps.google.com/?cid=5986565440592744090&g_mp=Cidnb29nbGUubWFwcy5wbGFjZXMudjEuUGxhY2VzLlNlYXJjaFRleHQQAhgEIAA,OPERATIONAL,"car_repair,point_of_interest,service,establishment",Auto repair,Eagle
ChIJq69NEnirr1QR8GueYScXkko,Caliber Collision,"1537 E State St, Eagle, ID 83616, USA",(208) 810-7878,https://www.caliber.com/find-a-location/eagle?utm_source=google&utm_medium=gbp-profile&utm_campaign=webform-GBPwebsite&utm_content=&utm_term=&utm_id=0966,4.8,485,https://maps.google.com/?cid=5373382763315358704&g_mp=Cidnb29nbGUubWFwcy5wbGFjZXMudjEuUGxhY2VzLlNlYXJjaFRleHQQAhgEIAA,OPERATIONAL,"car_repair,point_of_interest,service,establishment",Auto repair,Eagle
ChIJ17eGIgABr1QRFmr45RoWVwI,Los Temo's Custom,"274 N Biscayne Pl, Eagle, ID 83616, USA",,,,0,https://maps.google.com/?cid=168627815832906262&g_mp=Cidnb29nbGUubWFwcy5wbGFjZXMudjEuUGxhY2VzLlNlYXJjaFRleHQQAhgEIAA,OPERATIONAL,"car_repair,point_of_interest,service,establishment",Auto repair,Eagle
ChIJ5Y012E3_rlQRgNh8Q_op2Ks,Eurosport,"4448 W Chinden Blvd, Garden City, ID 83714, USA",(208) 323-1450,http://www.eurosportboise.com/,4.8,525,https://maps.google.com/?cid=12382693330305996928&g_mp=Cidnb29nbGUubWFwcy5wbGFjZXMudjEuUGxhY2VzLlNlYXJjaFRleHQQAhgEIAA,OPERATIONAL,"car_repair,point_of_interest,service,establishment",Auto repair,Eagle
ChIJnaUWh1VVrlQRhOGvev96ekw,Boise Performance Motors,"2372 E State St #6216, Eagle, ID 83616, USA",(208) 869-4580,,5,2,https://maps.google.com/?cid=5510852331734819204&g_mp=Cidnb29nbGUubWFwcy5wbGFjZXMudjEuUGxhY2VzLlNlYXJjaFRleHQQAhgEIAA,OPERATIONAL,"car_repair,point_of_interest,service,establishment",Auto repair,Eagle
ChIJQ9OCofn_rlQRhyEnivOV2I8,Commercial Tire,"2948 E State St, Eagle, ID 83616, USA",(208) 427-8094,https://commercialtire.com/locations/eagle?utm_source=Local&utm_medium=Listings&utm_campaign=Brand,4.7,372,https://maps.google.com/?cid=10365199415620608391&g_mp=Cidnb29nbGUubWFwcy5wbGFjZXMudjEuUGxhY2VzLlNlYXJjaFRleHQQAhgEIAA,OPERATIONAL,"tire_shop,auto_parts_store,car_repair,store,point_of_interest,service,establishment",Auto repair,Eagle
ChIJId3jgQ5VrlQRZzHghIR6plc,Mountain Peak Auto Repair,"9688 W Fairview Ave, Boise, ID 83704, USA",(208) 971-8620,https://www.mountainpeakautorepair.com/,4.9,36,https://maps.google.com/?cid=6315870237017256295&g_mp=Cidnb29nbGUubWFwcy5wbGFjZXMudjEuUGxhY2VzLlNlYXJjaFRleHQQAhgEIAA,OPERATIONAL,"car_repair,point_of_interest,service,establishment",Auto repair,Eagle
ChIJM2nDiy5UrlQRbAE4lr6eT6M,ROOSTER'S AUTO CARE,"11731 Fairview Ave, Boise, ID 83713, USA",(208) 373-5823,https://www.roosterauto.com/,4.7,126,https://maps.google.com/?cid=11767798892743623020&g_mp=Cidnb29nbGUubWFwcy5wbGFjZXMudjEuUGxhY2VzLlNlYXJjaFRleHQQAhgEIAA,OPERATIONAL,"car_repair,point_of_interest,service,establishment",Auto repair,Eagle
ChIJV1Y6jEn_rlQRWzojNWBjPOQ,Z Doctor LLC,"502 E 43rd St, Garden City, ID 83714, USA",(208) 376-8727,http://zcardoctor.com/,5,75,https://maps.google.com/?cid=16446129204109720155&g_mp=Cidnb29nbGUubWFwcy5wbGFjZXMudjEuUGxhY2VzLlNlYXJjaFRleHQQAhgEIAA,OPERATIONAL,"car_repair,point_of_interest,service,establishment",Auto repair,Eagle
ChIJ5Qz-wKuqr1QRhhzyJ2PbdAI,Jiffy Lube Oil Change and Repair,"1516 E State St, Eagle, ID 83616, USA",(208) 939-7288,https://www.jiffylube.com/locations/id/eagle/3352,4.7,355,https://maps.google.com/?cid=177007504292715654&g_mp=Cidnb29nbGUubWFwcy5wbGFjZXMudjEuUGxhY2VzLlNlYXJjaFRleHQQAhgEIAA,OPERATIONAL,"car_repair,service,point_of_interest,establishment",Mechanic,Eagle
ChIJbaOm7uurr1QRLLsr-uHJ0pE,All Around Mobile RV,"225 S Linder Rd l103, Eagle, ID 83616, USA",(208) 740-8239,https://allaroundrvidaho.com/,4,8,https://maps.google.com/?cid=10507682853010783020&g_mp=Cidnb29nbGUubWFwcy5wbGFjZXMudjEuUGxhY2VzLlNlYXJjaFRleHQQAhgEIAA,OPERATIONAL,"car_repair,service,point_of_interest,establishment",Mechanic,Eagle
ChIJv_wqOOWdq0ARiu5onOT3CAE,All Around Equipment Mobile Repair,"545 Conover St, Eagle, ID 83616, USA",(208) 996-4666,http://www.aaemobilerepair.com/,5,3,https://maps.google.com/?cid=74581955100339850&g_mp=Cidnb29nbGUubWFwcy5wbGFjZXMudjEuUGxhY2VzLlNlYXJjaFRleHQQAhgEIAA,OPERATIONAL,"general_contractor,service,point_of_interest,establishment",Mechanic,Eagle
ChIJd8YpHPr_rlQR1-G25dBW3z0,Valvoline Instant Oil Change,"3088 E State St, Eagle, ID 83616, USA",(208) 939-3599,https://store.vioc.com/id/eagle/3088-east-state-street?utm_source=google&utm_medium=local&utm_campaign=localsearch,4.6,393,https://maps.google.com/?cid=4458377611327234519&g_mp=Cidnb29nbGUubWFwcy5wbGFjZXMudjEuUGxhY2VzLlNlYXJjaFRleHQQAhgEIAA,OPERATIONAL,"auto_parts_store,car_repair,service,store,point_of_interest,establishment",Mechanic,Eagle
ChIJk-Bkzeb_rlQRxRS3k5i4RRQ,British Italian German Motors,"British Italian German Motors, 10152 W State St, Boise, ID 83714, USA",(208) 600-6233,http://bigmotorsboise.com/,4.9,128,https://maps.google.com/?cid=1460776619604382917&g_mp=Cidnb29nbGUubWFwcy5wbGFjZXMudjEuUGxhY2VzLlNlYXJjaFRleHQQAhgEIAA,OPERATIONAL,"car_repair,service,point_of_interest,establishment",Mechanic,Eagle
ChIJT-Z7Xqyqr1QRhB_fDyKdrvk,"Adventure Power Sports, LLC","1251 E Iron Eagle Dr #100, Eagle, ID 83616, USA",(208) 631-0520,http://www.adventurepowersports.us/,4.8,21,https://maps.google.com/?cid=17991490331012439940&g_mp=Cidnb29nbGUubWFwcy5wbGFjZXMudjEuUGxhY2VzLlNlYXJjaFRleHQQAhgEIAA,OPERATIONAL,"car_repair,service,point_of_interest,establishment",Mechanic,Eagle
ChIJV8yeoqyqr1QRXrLaWTSCvKo,Les Schwab Tire Center,"1467 E Iron Eagle Dr, Eagle, ID 83616, USA",(208) 938-7946,https://www.lesschwab.com/stores/id/eagle/1467-e-iron-eagle-dr?utm_source=google&utm_medium=organic&utm_campaign=gmb-homepage,4.5,390,https://maps.google.com/?cid=12302851443426767454&g_mp=Cidnb29nbGUubWFwcy5wbGFjZXMudjEuUGxhY2VzLlNlYXJjaFRleHQQAhgEIAA,OPERATIONAL,"tire_shop,auto_parts_store,car_repair,service,store,point_of_interest,establishment",Mechanic,Eagle
ChIJyzPsRwD_rlQR8Lhml2uSrtY,Super Truck Repair of Boise,"9205 W State St, Boise, ID 83714, USA",(986) 786-3928,https://usamobiletruckrepair.com/super-truck-repair-of-boise/,5,3,https://maps.google.com/?cid=15469462760863480048&g_mp=Cidnb29nbGUubWFwcy5wbGFjZXMudjEuUGxhY2VzLlNlYXJjaFRleHQQAhgEIAA,OPERATIONAL,"car_repair,service,point_of_interest,establishment",Mechanic,Eagle
ChIJl9mN-ub_rlQRJAYVQRisT6g,Harned Auto Glass Co.,"3172 E State St, Eagle, ID 83616, USA",(208) 213-1465,,,0,https://maps.google.com/?cid=12128101541703124516&g_mp=Cidnb29nbGUubWFwcy5wbGFjZXMudjEuUGxhY2VzLlNlYXJjaFRleHQQAhgEIAA,OPERATIONAL,"car_repair,service,point_of_interest,establishment",Mechanic,Eagle
ChIJS9TtoBGrr1QRuLEAmDqzK04,Dream Clean Maid Services - Eagle,"372 S Eagle Rd Suite 178, Eagle, ID 83616, USA",(208) 562-9012,https://dreamcleanidaho.com/,4.8,69,https://maps.google.com/?cid=5632792823196594616&g_mp=Cidnb29nbGUubWFwcy5wbGFjZXMudjEuUGxhY2VzLlNlYXJjaFRleHQQAhgEIAA,OPERATIONAL,"service,point_of_interest,establishment",Cleaning service,Eagle
ChIJpYaf5bhVrlQR3sui3SGkq3w,Chic Cleaning Services,"1426 E Iron Eagle Dr, Eagle, ID 83616, USA",(208) 681-3583,http://www.chiccleaningpro.com/,4.9,79,https://maps.google.com/?cid=8983454347079896030&g_mp=Cidnb29nbGUubWFwcy5wbGFjZXMudjEuUGxhY2VzLlNlYXJjaFRleHQQAhgEIAA,OPERATIONAL,"service,point_of_interest,establishment",Cleaning service,Eagle
ChIJRQqNfauqr1QRvqqEWljz5mc,Infinite Maintenance and Cleaning,"1440 E Iron Eagle Dr, Eagle, ID 83616, USA",(208) 369-7363,http://www.imcfirst.com/,4.6,56,https://maps.google.com/?cid=7486938991351343806&g_mp=Cidnb29nbGUubWFwcy5wbGFjZXMudjEuUGxhY2VzLlNlYXJjaFRleHQQAhgEIAA,OPERATIONAL,"general_contractor,service,point_of_interest,establishment",Cleaning service,Eagle
ChIJYzJAkaWqr1QRHv2hY-_dt_U,Modern Clean,"141 N Palmetto Ave, Eagle, ID 83616, USA",(208) 757-8218,https://themodernclean.com/,5,5,https://maps.google.com/?cid=17705864480268877086&g_mp=Cidnb29nbGUubWFwcy5wbGFjZXMudjEuUGxhY2VzLlNlYXJjaFRleHQQAhgEIAA,OPERATIONAL,"laundry,service,point_of_interest,establishment",Cleaning service,Eagle
ChIJd4dbKPurr1QRN5ewq-fhZI4,Heavenly Maid of Idaho,"252 S Eagle Rd, Eagle, ID 83616, USA",(208) 509-2832,,4.4,7,https://maps.google.com/?cid=10260574236191004471&g_mp=Cidnb29nbGUubWFwcy5wbGFjZXMudjEuUGxhY2VzLlNlYXJjaFRleHQQAhgEIAA,OPERATIONAL,"service,point_of_interest,establishment",Cleaning service,Eagle
ChIJJSi7u0yrr1QR1Nb_IgXzKzU,"The Maids of Boise, ID","1653 W State St Unit C019, Eagle, ID 83616, USA",(208) 370-2221,https://www.maids.com/330/?utm_source=GMB_listing&utm_medium=organic,5,6,https://maps.google.com/?cid=3831423111396316884&g_mp=Cidnb29nbGUubWFwcy5wbGFjZXMudjEuUGxhY2VzLlNlYXJjaFRleHQQAhgEIAA,OPERATIONAL,"service,point_of_interest,establishment",Cleaning service,Eagle
ChIJTfojKZqrr1QR_ok-R8_wYKY,Five-Star Cleaning Services LLC,"1379 N Morehouse Ave, Eagle, ID 83616, USA",(208) 948-5738,https://www.webcleanings.com/,5,2,https://maps.google.com/?cid=11988846981104437758&g_mp=Cidnb29nbGUubWFwcy5wbGFjZXMudjEuUGxhY2VzLlNlYXJjaFRleHQQAhgEIAA,OPERATIONAL,"point_of_interest,service,establishment",House cleaning,Eagle
ChIJ52llGnFVrlQROBgL81Pm2UU,Asian Perfection Cleaning Service,"4280 N Eagle Rd, Boise, ID 83713, USA",(208) 296-3388,,5,2,https://maps.google.com/?cid=5033307306797504568&g_mp=Cidnb29nbGUubWFwcy5wbGFjZXMudjEuUGxhY2VzLlNlYXJjaFRleHQQAhgEIAA,OPERATIONAL,"point_of_interest,service,establishment",House cleaning,Eagle
ChIJiRAOlAcAr1QRgzfEVwtb73U,Advanced Maintenance Services,"335 N Edgewood Ln #130, Eagle, ID 83616, USA",(208) 602-1944,http://www.advancedmtnc.com/,,0,https://maps.google.com/?cid=8498111126146660227&g_mp=Cidnb29nbGUubWFwcy5wbGFjZXMudjEuUGxhY2VzLlNlYXJjaFRleHQQAhgEIAA,OPERATIONAL,"service,point_of_interest,establishment",Janitorial service,Eagle
ChIJVfevOz1XrlQRM5aQZEJGyh0,Assett Commercial Services of Boise,"9169 W State St, Garden City, ID 83714, USA",(208) 314-1253,https://assettservices.com/boise-id-commercial-cleaning-services/?utm_campaign=National+Janitorial+Consumer&utm_source=Google+Organic&utm_medium=Google+Business+Profile&utm_content=ID+Boise&utm_term=Janitorial+Service,5,6,https://maps.google.com/?cid=2146605423364445747&g_mp=Cidnb29nbGUubWFwcy5wbGFjZXMudjEuUGxhY2VzLlNlYXJjaFRleHQQAhgEIAA,OPERATIONAL,"service,point_of_interest,establishment",Janitorial service,Eagle
ChIJAR4BDCirr1QRLKVo0UpNy_w,"Norsemen Construction, LLC","388 N Olde Park Pl, Eagle, ID 83616, USA",(208) 629-6141,,5,13,https://maps.google.com/?cid=18215738101566317868&g_mp=Cidnb29nbGUubWFwcy5wbGFjZXMudjEuUGxhY2VzLlNlYXJjaFRleHQQAhgEIAA,OPERATIONAL,"general_contractor,home_goods_store,service,store,point_of_interest,establishment",Handyman,Eagle
ChIJf2-xaM9fvo0RAoqffnt1hzU,Boise Handyman Services,"404 Moraine Pl, Eagle, ID 83616, USA",(208) 540-8747,,5,2,https://maps.google.com/?cid=3857180779131931138&g_mp=Cidnb29nbGUubWFwcy5wbGFjZXMudjEuUGxhY2VzLlNlYXJjaFRleHQQAhgEIAA,OPERATIONAL,"general_contractor,service,point_of_interest,establishment",Handyman,Eagle
ChIJS_hRg_MBr1QRTAxAjXNHilU,Handyman Pros Eagle,"2275 E Shalimar Dr, Eagle, ID 83616, USA",(208) 606-3174,,,0,https://maps.google.com/?cid=6163817601626541132&g_mp=Cidnb29nbGUubWFwcy5wbGFjZXMudjEuUGxhY2VzLlNlYXJjaFRleHQQAhgEIAA,OPERATIONAL,"general_contractor,service,point_of_interest,establishment",Handyman,Eagle
ChIJjdxUmearr1QRvxH5qaJYFuI,Handyman Hal,"2073 N World Cup Way, Eagle, ID 83616, USA",(208) 910-9595,http://handymanhal.com/,,0,https://maps.google.com/?cid=16291306157718966719&g_mp=Cidnb29nbGUubWFwcy5wbGFjZXMudjEuUGxhY2VzLlNlYXJjaFRleHQQAhgEIAA,OPERATIONAL,"general_contractor,service,point_of_interest,establishment",Handyman,Eagle
ChIJOYxvgASrr1QR7kMHkGxm0L8,Hands On Painting,"4435 W Agave St, Eagle, ID 83616, USA",(208) 870-2444,https://www.handsonpainting.net/,4,4,https://maps.google.com/?cid=13821659872858948590&g_mp=Cidnb29nbGUubWFwcy5wbGFjZXMudjEuUGxhY2VzLlNlYXJjaFRleHQQAhgEIAA,OPERATIONAL,"painter,service,point_of_interest,establishment",Painter,Eagle
ChIJ6UQvuDhMrlQRWYfT8hUHTCo,Right Choice Painting,"2927 W Fieldstream Dr, Meridian, ID 83646, USA",(208) 477-8835,http://rightchoicepaintingidaho.com/,4.7,12,https://maps.google.com/?cid=3047818838672639833&g_mp=Cidnb29nbGUubWFwcy5wbGFjZXMudjEuUGxhY2VzLlNlYXJjaFRleHQQAhgEIAA,OPERATIONAL,"painter,service,point_of_interest,establishment",Painter,Eagle
ChIJsZy5vp5VrlQRIFGOp9HDLhI,Goodrich Painting,"2889 N Bryson Ave, Boise, ID 83713, USA",(208) 921-2858,https://goodrichpainting.com/,5,22,https://maps.google.com/?cid=1310199846838096160&g_mp=Cidnb29nbGUubWFwcy5wbGFjZXMudjEuUGxhY2VzLlNlYXJjaFRleHQQAhgEIAA,OPERATIONAL,"painter,service,point_of_interest,establishment",Painter,Eagle
ChIJqT-1CKyrr1QR4PNRCKqpN2U,JC Eagle Concrete,"1028 S Bridgeway Pl SUITE 140, Eagle, ID 83616, USA",(208) 353-1286,,2.8,16,https://maps.google.com/?cid=7293484669298930656&g_mp=Cidnb29nbGUubWFwcy5wbGFjZXMudjEuUGxhY2VzLlNlYXJjaFRleHQQAhgEIAA,OPERATIONAL,"general_contractor,point_of_interest,service,establishment",Concrete contractor,Eagle
ChIJF6e-Q55QrlQRSATsZUu1a4Q,Ultimate Concrete,"7474 S Cloverdale Rd, Boise, ID 83709, USA",(208) 515-9085,https://ultimateconcreteidaho.com/,4.9,25,https://maps.google.com/?cid=9541919570951668808&g_mp=Cidnb29nbGUubWFwcy5wbGFjZXMudjEuUGxhY2VzLlNlYXJjaFRleHQQAhgEIAA,OPERATIONAL,"general_contractor,point_of_interest,service,establishment",Concrete contractor,Eagle
ChIJAQCQuLOqr1QRG7NRIk8S_wQ,JC Eagle Concrete,"500 E Shore Dr, Eagle, ID 83616, USA",(208) 573-9724,https://www.jceagleconcrete.com/contact,,0,https://maps.google.com/?cid=360026626300424987&g_mp=Cidnb29nbGUubWFwcy5wbGFjZXMudjEuUGxhY2VzLlNlYXJjaFRleHQQAhgEIAA,OPERATIONAL,"general_contractor,point_of_interest,service,establishment",Concrete contractor,Eagle
ChIJh7iiZ6yqr1QRCPUEFjdtQfU,"Steed Construction, Inc.","1250 E Iron Eagle Dr Ste 200, Eagle, ID 83616, USA",(208) 378-7300,http://www.steedconstruction.com/,4.1,15,https://maps.google.com/?cid=17672526496138589448&g_mp=Cidnb29nbGUubWFwcy5wbGFjZXMudjEuUGxhY2VzLlNlYXJjaFRleHQQAhgEIAA,OPERATIONAL,"general_contractor,point_of_interest,service,establishment",Concrete contractor,Eagle
ChIJCfZBKsewx4IRE6Q8SXnX5-M,Pleasant View Construction,"1164 E Beacon Light Rd, Eagle, ID 83616, USA",(208) 860-9706,https://www.pleasantview.com/,5,3,https://maps.google.com/?cid=16422331482149528595&g_mp=Cidnb29nbGUubWFwcy5wbGFjZXMudjEuUGxhY2VzLlNlYXJjaFRleHQQAhgEIAA,OPERATIONAL,"general_contractor,point_of_interest,service,establishment",Concrete contractor,Eagle
ChIJAQDQmGOsr1QRhCZw5BZw57o,Top Of The Mountain Construction Llc,"338 N Devon Way, Star, ID 83669, USA",,https://totmconstruction.com/,4.2,10,https://maps.google.com/?cid=13467856454298904196&g_mp=Cidnb29nbGUubWFwcy5wbGFjZXMudjEuUGxhY2VzLlNlYXJjaFRleHQQAhgEIAA,OPERATIONAL,"general_contractor,service,point_of_interest,establishment",Fencing contractor,Eagle
ChIJL1mB9T__rlQRyMmiQ07QJso,Eagle Tree Service,"2676 E State St STE 120 #413, Eagle, ID 83616, USA",(208) 856-7352,https://www.eagletreeservice.org/,5,10,https://maps.google.com/?cid=14566559079337216456&g_mp=Cidnb29nbGUubWFwcy5wbGFjZXMudjEuUGxhY2VzLlNlYXJjaFRleHQQAhgEIAA,OPERATIONAL,"service,point_of_interest,establishment",Tree service,Eagle
ChIJiX7e8RHxPocRth0HB4yJ_DI,OL' BOI Tree Service,"372 S Eagle Rd #129, Eagle, ID 83616, USA",(208) 571-2557,http://www.olboitree.com/,5,36,https://maps.google.com/?cid=3673962630533815734&g_mp=Cidnb29nbGUubWFwcy5wbGFjZXMudjEuUGxhY2VzLlNlYXJjaFRleHQQAhgEIAA,OPERATIONAL,"service,point_of_interest,establishment",Tree service,Eagle
ChIJfcyEFZBVrlQRa_CmURsn5qA,Tanager Tree Service,"1841 Bryson Rd, Boise, ID 83713, USA",(208) 371-9010,http://tanagertreeservice.com/,4.8,56,https://maps.google.com/?cid=11593997288999415915&g_mp=Cidnb29nbGUubWFwcy5wbGFjZXMudjEuUGxhY2VzLlNlYXJjaFRleHQQAhgEIAA,OPERATIONAL,"service,point_of_interest,establishment",Tree removal,Eagle
ChIJjTcanUW7HKoRfQ7qTnmGKwU,Ascent Garage Door,"10706 W 1st Ct, Star, ID 83669, USA",(208) 999-0319,,5,43,https://maps.google.com/?cid=372539249761324669&g_mp=Cidnb29nbGUubWFwcy5wbGFjZXMudjEuUGxhY2VzLlNlYXJjaFRleHQQAhgEIAA,OPERATIONAL,"supplier,service,point_of_interest,establishment",Garage door repair,Eagle
ChIJA1B85zh7j4AR8sHLftYzh94,EcoGreen Carpet Upholstery and Floor Care,"2975 E State St, Eagle, ID 83616, USA",(208) 713-8795,http://egcarpetcare.com/,5,5,https://maps.google.com/?cid=16034841994619240946&g_mp=Cidnb29nbGUubWFwcy5wbGFjZXMudjEuUGxhY2VzLlNlYXJjaFRleHQQAhgEIAA,OPERATIONAL,"laundry,point_of_interest,service,establishment",Carpet cleaning,Eagle
ChIJ48rGsB6tr1QRxL2VyneWssM,Shining Star Carpet Cleaning,"12013 W Blake Dr, Star, ID 83669, USA",(208) 600-2022,http://shiningstarcarpetcleaning.com/?utm_source=gmb&utm_medium=referral,5,14,https://maps.google.com/?cid=14101498824494529988&g_mp=Cidnb29nbGUubWFwcy5wbGFjZXMudjEuUGxhY2VzLlNlYXJjaFRleHQQAhgEIAA,OPERATIONAL,"laundry,point_of_interest,service,establishment",Carpet cleaning,Eagle
ChIJkQBDBmYBr1QRDcnDorX22dY,Eagle ClearView Windows,"8279 W Brooks Dr, Boise, ID 83714, USA",(208) 917-3044,https://eagleclearview.my.canva.site/,5,27,https://maps.google.com/?cid=15481676454043044109&g_mp=Cidnb29nbGUubWFwcy5wbGFjZXMudjEuUGxhY2VzLlNlYXJjaFRleHQQAhgEIAA,OPERATIONAL,"car_repair,service,point_of_interest,establishment",Window cleaning,Eagle
ChIJb9at7wurr1QRE4I-A6rSR7Y,Exterior Refresh,"302 S Neskowin Way, Eagle, ID 83616, USA",(208) 900-8534,http://www.exterior-refresh.com/,5,16,https://maps.google.com/?cid=13134698465890042387&g_mp=Cidnb29nbGUubWFwcy5wbGFjZXMudjEuUGxhY2VzLlNlYXJjaFRleHQQAhgEIAA,OPERATIONAL,"service,point_of_interest,establishment",Pressure washing,Eagle
ChIJk1E_FLt0uCQRzOt-yqMC9Ww,Water Works Washing LLC,"ID-55, Boise, ID 83714, USA",,,5,7,https://maps.google.com/?cid=7851184427890568140&g_mp=Cidnb29nbGUubWFwcy5wbGFjZXMudjEuUGxhY2VzLlNlYXJjaFRleHQQAhgEIAA,OPERATIONAL,"service,point_of_interest,establishment",Pressure washing,Eagle
ChIJ8fK-5On_rlQR8LYRUEKfHgc,KeyMe Locksmiths,"3032 E State St, Eagle, ID 83616, USA",(208) 944-1680,https://key.me/kiosks/idaho/eagle/eagle/locksmith-key-copy-eagle-winco-83616-idaho,3.8,5,https://maps.google.com/?cid=513022514726811376&g_mp=Cidnb29nbGUubWFwcy5wbGFjZXMudjEuUGxhY2VzLlNlYXJjaFRleHQQAhgEIAA,OPERATIONAL,"locksmith,service,point_of_interest,establishment",Locksmith,Eagle
ChIJEwXNb4r_rlQRni7t3PL0Yug,KeyMe Locksmiths,"5425 W Chinden Blvd, Garden City, ID 83714, USA",(208) 261-7399,https://key.me/kiosks/idaho/garden-city/garden-city/locksmith-key-maker-garden-city-fred-meyer-83714-idaho,4.7,18,https://maps.google.com/?cid=16745215688442719902&g_mp=Cidnb29nbGUubWFwcy5wbGFjZXMudjEuUGxhY2VzLlNlYXJjaFRleHQQAhgEIAA,OPERATIONAL,"locksmith,service,point_of_interest,establishment",Locksmith,Eagle
ChIJbZ7sYsz_rlQRJPzI13dzexQ,Minute Key,"2808 E State St, Eagle, ID 83616, USA",(203) 490-6206,https://www.minutekey.com/key-services/idaho/eagle/locksmith-key-copy-duplication-2808-e-state-st/36599/,,0,https://maps.google.com/?cid=1475900261452545060&g_mp=Cidnb29nbGUubWFwcy5wbGFjZXMudjEuUGxhY2VzLlNlYXJjaFRleHQQAhgEIAA,OPERATIONAL,"locksmith,service,point_of_interest,establishment",Locksmith,Eagle
ChIJnaxuwg__rlQRekxmjcqcvxM,Key Center at The Home Depot,"2808 E State St, Eagle, ID 83616, USA",(208) 939-7648,https://www.homedepot.com/l/Eagle/ID/Eagle/83616/1809?emt=MSKEYGMBGoogleMaps,,0,https://maps.google.com/?cid=1423028401041984634&g_mp=Cidnb29nbGUubWFwcy5wbGFjZXMudjEuUGxhY2VzLlNlYXJjaFRleHQQAhgEIAA,OPERATIONAL,"locksmith,service,point_of_interest,establishment",Locksmith,Eagle
ChIJc7qWjkZTrlQRs3muQF_2nPo,Minute Key,"5001 N Ten Mile Rd, Meridian, ID 83646, USA",(805) 472-6062,https://www.minutekey.com/key-services/idaho/meridian/locksmith-key-copy-duplication-5001-n--ten-mile-rd-/14857/,4.3,3,https://maps.google.com/?cid=18058579494816348595&g_mp=Cidnb29nbGUubWFwcy5wbGFjZXMudjEuUGxhY2VzLlNlYXJjaFRleHQQAhgEIAA,OPERATIONAL,"locksmith,service,point_of_interest,establishment",Locksmith,Eagle
ChIJuTvjxHqnr1QRxvnp1k_hDq0,P. U. Septic,"244 W Sales Yard Rd, Emmett, ID 83617, USA",(208) 365-3459,http://www.puseptic.com/,3.9,65,https://maps.google.com/?cid=12470152151259806150&g_mp=Cidnb29nbGUubWFwcy5wbGFjZXMudjEuUGxhY2VzLlNlYXJjaFRleHQQAhgEIAA,OPERATIONAL,"supplier,manufacturer,service,point_of_interest,establishment",Septic service,Eagle
ChIJnx3dTjy2UEARnlahT9vfamw,Blowout Kings,"11581 W Meadowbreeze St, Star, ID 83669, USA",(208) 391-3518,https://www.blowout-kings.com/,4.8,130,https://maps.google.com/?cid=7812302636654352030&g_mp=Cidnb29nbGUubWFwcy5wbGFjZXMudjEuUGxhY2VzLlNlYXJjaFRleHQQAhgEIAA,OPERATIONAL,"general_contractor,service,point_of_interest,establishment",Irrigation repair,Eagle
ChIJp3dmyUSsr1QR0wddM7-rjv4,Bell Sprinkler,"11630 W 3rd St, Star, ID 83669, USA",(208) 286-7081,,3.7,19,https://maps.google.com/?cid=18342787170015446995&g_mp=Cidnb29nbGUubWFwcy5wbGFjZXMudjEuUGxhY2VzLlNlYXJjaFRleHQQAhgEIAA,OPERATIONAL,"general_contractor,service,point_of_interest,establishment",Irrigation repair,Eagle
ChIJUU7bZKuqr1QRK5Xv8ZIFBP4,Eagle Floors + Design,"1396 E Iron Eagle Dr STE 125, Eagle, ID 83616, USA",(208) 938-5590,https://www.eaglefloorsanddesign.com/?utm_source=google_business_profile&utm_medium=organic&utm_campaign=gbp_listing,4.7,27,https://maps.google.com/?cid=18303760914222912811&g_mp=Cidnb29nbGUubWFwcy5wbGFjZXMudjEuUGxhY2VzLlNlYXJjaFRleHQQAhgEIAA,OPERATIONAL,"building_materials_store,general_contractor,furniture_store,home_improvement_store,home_goods_store,service,store,point_of_interest,establishment",Flooring contractor,Eagle
ChIJkYW4QvGrr1QRGn4DoYRFMko,Falcon Flooring LLC,"164 Lucy Ct, Eagle, ID 83616, USA",(208) 908-9767,http://www.falcon-flooring.com/,4.9,74,https://maps.google.com/?cid=5346412143581560346&g_mp=Cidnb29nbGUubWFwcy5wbGFjZXMudjEuUGxhY2VzLlNlYXJjaFRleHQQAhgEIAA,OPERATIONAL,"general_contractor,service,point_of_interest,establishment",Flooring contractor,Eagle
ChIJFbSUjm1XrlQRkyZJWxpDY0Y,Armor Flooring Idaho Epoxy LLC,"380 N Clearpoint Way, Eagle, ID 83616, USA",(208) 585-7249,http://armorflooringidaho.com/,5,100,https://maps.google.com/?cid=5071971385829041811&g_mp=Cidnb29nbGUubWFwcy5wbGFjZXMudjEuUGxhY2VzLlNlYXJjaFRleHQQAhgEIAA,OPERATIONAL,"general_contractor,service,point_of_interest,establishment",Flooring contractor,Eagle
ChIJdbwD76VTrlQRjXnp82zbDbw,Heritage Hardwood Flooring,"9335 W State St, Garden City, ID 83714, USA",(208) 761-6283,http://heritagehardwoodboise.com/,4.9,134,https://maps.google.com/?cid=13550728114822805901&g_mp=Cidnb29nbGUubWFwcy5wbGFjZXMudjEuUGxhY2VzLlNlYXJjaFRleHQQAhgEIAA,OPERATIONAL,"general_contractor,service,point_of_interest,establishment",Flooring contractor,Eagle
ChIJOx8NQ79VrlQRtWoZFfhYKiI,Fronel Hardwood Flooring LLC,"8800 W Pembrook Dr, Boise, ID 83704, USA",(208) 284-1232,https://fronel-hardwoodflooring.com/,5,75,https://maps.google.com/?cid=2461877968840518325&g_mp=Cidnb29nbGUubWFwcy5wbGFjZXMudjEuUGxhY2VzLlNlYXJjaFRleHQQAhgEIAA,OPERATIONAL,"general_contractor,service,point_of_interest,establishment",Flooring contractor,Eagle
ChIJdXA7Ek7_rlQR7VP6Kv9CXMo,Majestic Flooring & Design,"4501 W Chinden Blvd, Garden City, ID 83714, USA",(208) 378-9190,http://majestic-flooring.com/,4.3,39,https://maps.google.com/?cid=14581603357223965677&g_mp=Cidnb29nbGUubWFwcy5wbGFjZXMudjEuUGxhY2VzLlNlYXJjaFRleHQQAhgEIAA,OPERATIONAL,"building_materials_store,home_goods_store,store,point_of_interest,establishment",Flooring contractor,Eagle
ChIJj06U5YVUrlQRsYY1Is-BA3U,Una Tile,"119 E 44th St, Garden City, ID 83714, USA",(208) 869-2468,https://www.unatile.com/,4.3,39,https://maps.google.com/?cid=8431725653999847089&g_mp=Cidnb29nbGUubWFwcy5wbGFjZXMudjEuUGxhY2VzLlNlYXJjaFRleHQQAhgEIAA,OPERATIONAL,"general_contractor,service,point_of_interest,establishment",Tile contractor,Eagle
ChIJ__gERW6rr1QR8_TTzf6DOKU,CT Tile,"372 S Eagle Rd #324, Eagle, ID 83616, USA",(208) 912-8190,http://craigthetileman4u.blogspot.com/,,0,https://maps.google.com/?cid=11905410745352058099&g_mp=Cidnb29nbGUubWFwcy5wbGFjZXMudjEuUGxhY2VzLlNlYXJjaFRleHQQAhgEIAA,OPERATIONAL,"general_contractor,service,point_of_interest,establishment",Tile contractor,Eagle
ChIJy024J6uqr1QRLCUGgc6YtnU,CB Tile And Stone,"1770 E State St, Eagle, ID 83616, USA",(208) 938-3891,,3,6,https://maps.google.com/?cid=8482134960894256428&g_mp=Cidnb29nbGUubWFwcy5wbGFjZXMudjEuUGxhY2VzLlNlYXJjaFRleHQQAhgEIAA,OPERATIONAL,"general_contractor,service,point_of_interest,establishment",Tile contractor,Eagle
ChIJzySWGfEao40RL16YkLWGUdM,Absolute Tile,"5275 W Ellens Ferry Ct, Boise, ID 83703, USA",(208) 805-0420,,5,20,https://maps.google.com/?cid=15227099929489464879&g_mp=Cidnb29nbGUubWFwcy5wbGFjZXMudjEuUGxhY2VzLlNlYXJjaFRleHQQAhgEIAA,OPERATIONAL,"general_contractor,service,point_of_interest,establishment",Tile contractor,Eagle
ChIJ09ZFxqxTrlQRLl7g61IzwNI,Quality Tile Works,"309 W White Sands Dr, Meridian, ID 83646, USA",(208) 288-0603,,5,1,https://maps.google.com/?cid=15186194374730997294&g_mp=Cidnb29nbGUubWFwcy5wbGFjZXMudjEuUGxhY2VzLlNlYXJjaFRleHQQAhgEIAA,OPERATIONAL,"general_contractor,service,point_of_interest,establishment",Tile contractor,Eagle
ChIJ16fjJquqr1QRbwhZUleJNiI,"Cabinet Concepts, Inc","1764 E State St, Eagle, ID 83616, USA",(208) 939-5930,http://cabinetconceptsidaho.com/,4.7,3,https://maps.google.com/?cid=2465308854168651887&g_mp=Cidnb29nbGUubWFwcy5wbGFjZXMudjEuUGxhY2VzLlNlYXJjaFRleHQQAhgEIAA,OPERATIONAL,"furniture_store,home_improvement_store,home_goods_store,store,point_of_interest,establishment",Cabinet maker,Eagle
ChIJ7yRs4bWtr1QR_6SnYme-AuM,Greyloch LLC,"350 S Calhoun Pl, Star, ID 83669, USA",(208) 322-1165,https://www.greyloch.com/,4.1,9,https://maps.google.com/?cid=16357846147809125631&g_mp=Cidnb29nbGUubWFwcy5wbGFjZXMudjEuUGxhY2VzLlNlYXJjaFRleHQQAhgEIAA,OPERATIONAL,"manufacturer,service,point_of_interest,establishment",Cabinet maker,Eagle
ChIJha97vsirr1QR7f590GMRpy0,WoodLab,"1786 E State St, Eagle, ID 83616, USA",(208) 793-0007,https://woodlab.co/,4.9,28,https://maps.google.com/?cid=3289617173214789357&g_mp=Cidnb29nbGUubWFwcy5wbGFjZXMudjEuUGxhY2VzLlNlYXJjaFRleHQQAhgEIAA,OPERATIONAL,"general_contractor,food_store,manufacturer,furniture_store,home_improvement_store,home_goods_store,store,service,food,point_of_interest,establishment",Cabinet maker,Eagle
ChIJh7NgOcqqr1QRIbLblnBzdEQ,One Shop Kitchen,"934 S Island Glenn Way, Eagle, ID 83616, USA",(208) 995-6867,http://oneshopkitchen.com/,4.8,5,https://maps.google.com/?cid=4932694419282047521&g_mp=Cidnb29nbGUubWFwcy5wbGFjZXMudjEuUGxhY2VzLlNlYXJjaFRleHQQAhgEIAA,OPERATIONAL,"general_contractor,building_materials_store,furniture_store,home_improvement_store,home_goods_store,store,service,point_of_interest,establishment",Cabinet maker,Eagle
ChIJ26BTh_v6oacRcFI7MOxc7tg,"GLM Customs, LLC l Remodel + Addition Contractors l Boise - Eagle - Meridian","8884 W Austin St, Boise, ID 83714, USA",(208) 917-3581,https://www.glmcustoms.com/,5,18,https://maps.google.com/?cid=15631533526140801648&g_mp=Cidnb29nbGUubWFwcy5wbGFjZXMudjEuUGxhY2VzLlNlYXJjaFRleHQQAhgEIAA,OPERATIONAL,"home_goods_store,general_contractor,service,store,point_of_interest,establishment",Kitchen remodel,Eagle
ChIJN7jQ6Aurr1QRhSm-9HFCKPA,pure interior design,"5057 W Clearfield Dr, Eagle, ID 83616, USA",(208) 451-5579,http://www.pure-interiordesign.com/,5,12,https://maps.google.com/?cid=17305154625375971717&g_mp=Cidnb29nbGUubWFwcy5wbGFjZXMudjEuUGxhY2VzLlNlYXJjaFRleHQQAhgEIAA,OPERATIONAL,"home_goods_store,general_contractor,service,store,point_of_interest,establishment",Kitchen remodel,Eagle
ChIJoVrvAPT_rlQRT5dV2a5hcY8,New Age Remodeling & Design,"9601 W State St STE 206, Boise, ID 83714, USA",(208) 330-7426,https://www.remodelingdesignid.com/?utm_campaign=gmb,4.7,14,https://maps.google.com/?cid=10336150023390467919&g_mp=Cidnb29nbGUubWFwcy5wbGFjZXMudjEuUGxhY2VzLlNlYXJjaFRleHQQAhgEIAA,OPERATIONAL,"service,point_of_interest,establishment",Kitchen remodel,Eagle
ChIJ-_tmlqvW8GQRmdrDb9SLVOg,North Ninety Custom Homes,"1036 E Iron Eagle Dr, Eagle, ID 83616, USA",(208) 731-1349,https://www.northninetyhomes.com/,5,16,https://maps.google.com/?cid=16741159459367410329&g_mp=Cidnb29nbGUubWFwcy5wbGFjZXMudjEuUGxhY2VzLlNlYXJjaFRleHQQAhgEIAA,OPERATIONAL,"general_contractor,service,point_of_interest,establishment",Kitchen remodel,Eagle
ChIJd_HSwOjoyacR_MqcXTxyBbY,Nexus Construction LLC,"368 N Vandries Way, Eagle, ID 83616, USA",(208) 949-3413,http://www.nexus208.com/,,0,https://maps.google.com/?cid=13116015093380598524&g_mp=Cidnb29nbGUubWFwcy5wbGFjZXMudjEuUGxhY2VzLlNlYXJjaFRleHQQAhgEIAA,OPERATIONAL,"general_contractor,service,point_of_interest,establishment",Kitchen remodel,Eagle
ChIJMS8OxAqrr1QRYwses7pqS4Y,Amarant Design & Build Center,"194 W State St, Eagle, ID 83616, USA",(208) 530-5756,https://amarantdesign.com/home-eagle/,5,1,https://maps.google.com/?cid=9676945574437194595&g_mp=Cidnb29nbGUubWFwcy5wbGFjZXMudjEuUGxhY2VzLlNlYXJjaFRleHQQAhgEIAA,OPERATIONAL,"store,point_of_interest,establishment",Kitchen remodel,Eagle
ChIJydKGw82qr1QRDNbvPNwQIJo,Northern Construction,"1250 E Iron Eagle Dr #300, Eagle, ID 83616, USA",(208) 938-4055,http://www.northernconstructionhomes.com/,4.7,13,https://maps.google.com/?cid=11105895219196843532&g_mp=Cidnb29nbGUubWFwcy5wbGFjZXMudjEuUGxhY2VzLlNlYXJjaFRleHQQAhgEIAA,OPERATIONAL,"general_contractor,point_of_interest,service,establishment",General contractor,Eagle
ChIJc5BZtDFVrlQRuzE_86x5qTU,Paradigm Construction Company,"553 S Fitness Pl, Eagle, ID 83616, USA",(208) 867-7284,http://paradigmconstructioncompany.com/,4.5,23,https://maps.google.com/?cid=3866755538796622267&g_mp=Cidnb29nbGUubWFwcy5wbGFjZXMudjEuUGxhY2VzLlNlYXJjaFRleHQQAhgEIAA,OPERATIONAL,"general_contractor,point_of_interest,service,establishment",General contractor,Eagle
ChIJVVVpyYVUrlQR2AJRnfZfxlw,O2 Construction LLC,"46 E Eagle River St Suite 130, Eagle, ID 83616, USA",(208) 920-3303,http://o2idaho.com/,4.9,15,https://maps.google.com/?cid=6685136209684005592&g_mp=Cidnb29nbGUubWFwcy5wbGFjZXMudjEuUGxhY2VzLlNlYXJjaFRleHQQAhgEIAA,OPERATIONAL,"general_contractor,point_of_interest,service,establishment",General contractor,Eagle
ChIJQTJcfKuqr1QRP1UiyG5ekrQ,Forte Construction Services LLC,"1740 E State St, Eagle, ID 83616, USA",(208) 939-6762,http://www.fcsboise.com/,4.2,15,https://maps.google.com/?cid=13011566103323891007&g_mp=Cidnb29nbGUubWFwcy5wbGFjZXMudjEuUGxhY2VzLlNlYXJjaFRleHQQAhgEIAA,OPERATIONAL,"general_contractor,point_of_interest,service,establishment",General contractor,Eagle
ChIJu0YCSK2qr1QRaWlJMrSSPfc,RSI Construction,"98 S Carbon Rivet Ave, Eagle, ID 83616, USA",(208) 957-5339,http://rsi-construction.com/,3.6,8,https://maps.google.com/?cid=17815557003582990697&g_mp=Cidnb29nbGUubWFwcy5wbGFjZXMudjEuUGxhY2VzLlNlYXJjaFRleHQQAhgEIAA,OPERATIONAL,"general_contractor,point_of_interest,service,establishment",General contractor,Eagle
ChIJyatnetOrr1QRI32LN4oracs,Eagle ADU Solutions,"460 S Eagle Rd, Eagle, ID 83616, USA",(208) 816-7144,http://eagleidconstructioncompany.com/,5,19,https://maps.google.com/?cid=14657294334891359523&g_mp=Cidnb29nbGUubWFwcy5wbGFjZXMudjEuUGxhY2VzLlNlYXJjaFRleHQQAhgEIAA,OPERATIONAL,"general_contractor,point_of_interest,service,establishment",General contractor,Eagle
ChIJ8zmZa4qqr1QRpoX0L5_IYDg,"Culpan and Company, Focus on Design","2200 N Ballantyne Ln, Eagle, ID 83616, USA",(208) 939-9595,http://www.culpanandcompany.com/,5,7,https://maps.google.com/?cid=4062467449918096806&g_mp=Cidnb29nbGUubWFwcy5wbGFjZXMudjEuUGxhY2VzLlNlYXJjaFRleHQQAhgEIAA,OPERATIONAL,"general_contractor,point_of_interest,service,establishment",General contractor,Eagle
ChIJAS-3D7mqr1QRAI9KyW67cHE,Guho Corp,"391 W State St Suite G, Eagle, ID 83616, USA",(208) 939-8850,http://www.guhocorp.com/,4.4,7,https://maps.google.com/?cid=8174239408175353600&g_mp=Cidnb29nbGUubWFwcy5wbGFjZXMudjEuUGxhY2VzLlNlYXJjaFRleHQQAhgEIAA,OPERATIONAL,"general_contractor,point_of_interest,service,establishment",General contractor,Eagle
ChIJOYGPra2qr1QRGo6LQBHx7Qs,Boise Building Company,"1159 E Iron Eagle Dr, Eagle, ID 83616, USA",(208) 939-3945,,5,3,https://maps.google.com/?cid=859608160297258522&g_mp=Cidnb29nbGUubWFwcy5wbGFjZXMudjEuUGxhY2VzLlNlYXJjaFRleHQQAhgEIAA,OPERATIONAL,"general_contractor,point_of_interest,service,establishment",General contractor,Eagle
ChIJsWOFiNOrr1QRZx4RWoSeuGs,Cedar and Sage Homes | Custom Home Builder & General Contractor,"1059 E Iron Eagle Dr SUITE 175, Eagle, ID 83616, USA",(208) 951-2115,http://cedarandsagehomes.com/,4.5,15,https://maps.google.com/?cid=7762128249056992871&g_mp=Cidnb29nbGUubWFwcy5wbGFjZXMudjEuUGxhY2VzLlNlYXJjaFRleHQQAhgEIAA,OPERATIONAL,"general_contractor,point_of_interest,service,establishment",General contractor,Eagle
ChIJl-MhnG6rr1QRuZF5uSEhjV8,"HD Pacific Builders, LLC","687 W Rush Ct, Eagle, ID 83616, USA",(208) 477-6940,,3,4,https://maps.google.com/?cid=6885195834048745913&g_mp=Cidnb29nbGUubWFwcy5wbGFjZXMudjEuUGxhY2VzLlNlYXJjaFRleHQQAhgEIAA,OPERATIONAL,"real_estate_agency,home_goods_store,consultant,general_contractor,store,point_of_interest,service,establishment",General contractor,Eagle
ChIJq6rOc7mqr1QROp7LFsv4Hkk,Stetson Homes,"339 W State St, Eagle, ID 83616, USA",(208) 939-7530,https://stetsonhomes.net/contact,3.9,7,https://maps.google.com/?cid=5268922165214551610&g_mp=Cidnb29nbGUubWFwcy5wbGFjZXMudjEuUGxhY2VzLlNlYXJjaFRleHQQAhgEIAA,OPERATIONAL,"general_contractor,point_of_interest,service,establishment",General contractor,Eagle
ChIJAQCwBnEAr1QRxme6vM_4jvE,Steadfast Builders,"1164 E Covey Run Ct, Eagle, ID 83616, USA",(208) 789-3363,https://www.steadfastbuildersidaho.com/contact-us,,0,https://maps.google.com/?cid=17406123180941797318&g_mp=Cidnb29nbGUubWFwcy5wbGFjZXMudjEuUGxhY2VzLlNlYXJjaFRleHQQAhgEIAA,OPERATIONAL,"general_contractor,point_of_interest,service,establishment",General contractor,Eagle
ChIJUwkFW1RVrlQRQY3MzkMcfBs,Red Leaf Building Company,"200 S Rivershore Ln #200, Eagle, ID 83616, USA",(208) 761-2101,https://www.redleafbuildingcompany.com/,5,4,https://maps.google.com/?cid=1980489013694074177&g_mp=Cidnb29nbGUubWFwcy5wbGFjZXMudjEuUGxhY2VzLlNlYXJjaFRleHQQAhgEIAA,OPERATIONAL,"general_contractor,point_of_interest,service,establishment",General contractor,Eagle
ChIJqQnhHAlVrlQR2y14Lwy1IDM,Treasure Valley Rain Gutters,"6299 Eagle, N Eagle Rd Ste #1005, Boise, ID 83713, USA",(208) 985-2997,https://treasurevalleyraingutters.com/?utm_source=GMB&utm_medium=DigitAll,5,1,https://maps.google.com/?cid=3684143559129705947&g_mp=Cidnb29nbGUubWFwcy5wbGFjZXMudjEuUGxhY2VzLlNlYXJjaFRleHQQAhgEIAA,OPERATIONAL,"service,point_of_interest,establishment",Gutter cleaning,Eagle
ChIJSxXXSAEAr1QRcqPn821JnrU,All American Rain Gutter,"Eagle, ID 83616, USA",(208) 658-1200,http://www.aaraingutterboise.com/,3,22,https://maps.google.com/?cid=13086978303777547122&g_mp=Cidnb29nbGUubWFwcy5wbGFjZXMudjEuUGxhY2VzLlNlYXJjaFRleHQQAhgEIAA,OPERATIONAL,"service,point_of_interest,establishment",Gutter cleaning,Eagle
ChIJC9tBNmU1hkYR73_DxeGG0x0,Redwood Gutters LLC,"4112 N Christine St, Boise, ID 83704, USA",(986) 888-2216,https://redwoodguttersboise.com/,5,5,https://maps.google.com/?cid=2149209751429545967&g_mp=Cidnb29nbGUubWFwcy5wbGFjZXMudjEuUGxhY2VzLlNlYXJjaFRleHQQAhgEIAA,OPERATIONAL,"service,point_of_interest,establishment",Gutter installation,Eagle
ChIJ81iNp2sAr1QRnOsQqpzhHXA,Bott's Exteriors,"2348 E Brigantine Dr, Eagle, ID 83616, USA",(208) 870-4324,https://www.facebook.com/Bottexteriors/,4.3,6,https://maps.google.com/?cid=8078861369556921244&g_mp=Cidnb29nbGUubWFwcy5wbGFjZXMudjEuUGxhY2VzLlNlYXJjaFRleHQQAhgEIAA,OPERATIONAL,"general_contractor,service,point_of_interest,establishment",Gutter installation,Eagle
ChIJrTQh2ktVrlQRZ0iPyixhkzw,Intermountain Drywall and Acoustical,"686 E Riverchase Way, Eagle, ID 83616, USA",(208) 938-2608,,5,1,https://maps.google.com/?cid=4364939308856985703&g_mp=Cidnb29nbGUubWFwcy5wbGFjZXMudjEuUGxhY2VzLlNlYXJjaFRleHQQAhgEIAA,OPERATIONAL,"general_contractor,point_of_interest,service,establishment",Drywall contractor,Eagle
ChIJmfHXBHHAYVMR4QPpa4bnHO0,Eagle Insulation Inc.,"11017 N Government Wy, Hayden, ID 83835, USA",(208) 762-1189,http://www.eagleinsulationcda.com/,4.3,32,https://maps.google.com/?cid=17085785650858886113&g_mp=Cidnb29nbGUubWFwcy5wbGFjZXMudjEuUGxhY2VzLlNlYXJjaFRleHQQAhgEIAA,OPERATIONAL,"general_contractor,service,point_of_interest,establishment",Insulation contractor,Eagle
ChIJOQO5fMFpVFMRX3IWI1EhscU,Two B Insulation,"25 S 12th W, St Anthony, ID 83445, USA",(208) 521-3359,http://www.twobinsulation.com/,5,58,https://maps.google.com/?cid=14245203728714330719&g_mp=Cidnb29nbGUubWFwcy5wbGFjZXMudjEuUGxhY2VzLlNlYXJjaFRleHQQAhgEIAA,OPERATIONAL,"general_contractor,service,point_of_interest,establishment",Insulation contractor,Eagle
ChIJUx3NVQnzCwwR2sHZfZhz_h8,Argyle Bros Insulation,"15 Willoway Ln, Bern, ID 83220, USA",(208) 847-5059,http://argylebros.com/,5,14,https://maps.google.com/?cid=2305407158043918810&g_mp=Cidnb29nbGUubWFwcy5wbGFjZXMudjEuUGxhY2VzLlNlYXJjaFRleHQQAhgEIAA,OPERATIONAL,"general_contractor,service,point_of_interest,establishment",Insulation contractor,Eagle
ChIJAzp1kJThB6cR68PACHvKBrI,"Evergreen Exteriors Roofing, Siding","120 E 3rd St, Moscow, ID 83843, USA",(986) 213-4967,https://www.evergreenexteriorsidaho.com/,5,10,https://maps.google.com/?cid=12828163218388075499&g_mp=Cidnb29nbGUubWFwcy5wbGFjZXMudjEuUGxhY2VzLlNlYXJjaFRleHQQAhgEIAA,OPERATIONAL,"roofing_contractor,general_contractor,service,point_of_interest,establishment",Siding contractor,Eagle
ChIJ0aOdy_RfVFMRcvVJiEPBP1k,EZ Exteriors LLC.,"1335 Enterprise St, Idaho Falls, ID 83402, USA",(208) 521-1088,https://www.ezexteriorsllc.com/,5,98,https://maps.google.com/?cid=6431071288701875570&g_mp=Cidnb29nbGUubWFwcy5wbGFjZXMudjEuUGxhY2VzLlNlYXJjaFRleHQQAhgEIAA,OPERATIONAL,"roofing_contractor,general_contractor,supplier,service,point_of_interest,establishment",Siding contractor,Eagle
ChIJ3SET1mSrr1QRPvU5HKNOMyk,Glacier Roofing & Exteriors,"1500 E Iron Eagle Dr, Eagle, ID 83616, USA",(208) 714-0489,http://myglacierhome.com/,,0,https://maps.google.com/?cid=2968803041827484990&g_mp=Cidnb29nbGUubWFwcy5wbGFjZXMudjEuUGxhY2VzLlNlYXJjaFRleHQQAhgEIAA,OPERATIONAL,"roofing_contractor,service,point_of_interest,establishment",Siding contractor,Eagle
ChIJaYlN6G_caUYRu2zSNBev1pg,Double W Construction & Exteriors,"7842 S 400 W, Rexburg, ID 83442, USA",(208) 360-5296,http://doublewconstruction.com/,5,9,https://maps.google.com/?cid=11013182452986440891&g_mp=Cidnb29nbGUubWFwcy5wbGFjZXMudjEuUGxhY2VzLlNlYXJjaFRleHQQAhgEIAA,OPERATIONAL,"service,point_of_interest,establishment",Siding contractor,Eagle
ChIJm0WqadjBYVMR1g0SQKgbeOM,Solid Rock Decks,"7736 N Government Wy #3, Dalton Gardens, ID 83815, USA",(208) 537-3600,https://solidrockdecks.com/,5,3,https://maps.google.com/?cid=16390881253258300886&g_mp=Cidnb29nbGUubWFwcy5wbGFjZXMudjEuUGxhY2VzLlNlYXJjaFRleHQQAhgEIAA,OPERATIONAL,"general_contractor,point_of_interest,service,establishment",Deck builder,Eagle
ChIJJzLkZJJIhIARkQ5d6D092o8,DRF Builders,"9201 W State St Ste 122, Garden City, ID 83714, USA",(208) 254-2002,https://www.drfbuilders.com/?utm_source=google&utm_medium=organic&utm_campaign=gmb&utm_content=gmb_website_sr,5,20,https://maps.google.com/?cid=10365664828447329937&g_mp=Cidnb29nbGUubWFwcy5wbGFjZXMudjEuUGxhY2VzLlNlYXJjaFRleHQQAhgEIAA,OPERATIONAL,"general_contractor,point_of_interest,service,establishment",Deck builder,Eagle
ChIJydB-LOerr1QRbZC7XrXoMlU,MILLER Building & Design,"408 S Eagle Rd Suite 205, Eagle, ID 83616, USA",(208) 469-2150,https://milleridaho.com/,5,5,https://maps.google.com/?cid=6139225107735482477&g_mp=Cidnb29nbGUubWFwcy5wbGFjZXMudjEuUGxhY2VzLlNlYXJjaFRleHQQAhgEIAA,OPERATIONAL,"point_of_interest,service,establishment",Deck builder,Eagle
ChIJRSWF4kLPag0Rl09dQ4OP7QY,American Eagle Pool Services,"9377 Meadow Hunt Way, Winter Garden, FL 34787, USA",(407) 848-8185,https://aeaglepools.com/,5,14,https://maps.google.com/?cid=499212927641669527&g_mp=Cidnb29nbGUubWFwcy5wbGFjZXMudjEuUGxhY2VzLlNlYXJjaFRleHQQAhgEIAA,OPERATIONAL,"point_of_interest,service,establishment",Pool service,Eagle
ChIJgQzg6oob2YgRChk2GjgpCNc,EAGLE POOL SERVICE BOCA RATON,"18935 Adagio Dr, Boca Raton, FL 33498, USA",(561) 408-5121,https://eaglepoolservice.com/,5,542,https://maps.google.com/?cid=15494679838902851850&g_mp=Cidnb29nbGUubWFwcy5wbGFjZXMudjEuUGxhY2VzLlNlYXJjaFRleHQQAhgEIAA,OPERATIONAL,"general_contractor,point_of_interest,service,establishment",Pool service,Eagle
ChIJyWJZgoH5rlQRNkg_w4L8agw,Better Way Moving and Storage,"504 E 45th St Ste 1, Garden City, ID 83714, USA",(208) 274-9042,https://www.betterwayboise.com/,4.9,46,https://maps.google.com/?cid=894805114538117174&g_mp=Cidnb29nbGUubWFwcy5wbGFjZXMudjEuUGxhY2VzLlNlYXJjaFRleHQQAhgEIAA,OPERATIONAL,"moving_company,shipping_service,storage,transportation_service,service,point_of_interest,establishment",Moving company,Eagle
ChIJFYJZneKrr1QRTuCGZBRPZ6U,"KMR, LLC","6034 1/2 Hillview Rd, Emmett, ID 83617, USA",(208) 954-6062,https://kmridaho.com/,5,15,https://maps.google.com/?cid=11918581887863808078&g_mp=Cidnb29nbGUubWFwcy5wbGFjZXMudjEuUGxhY2VzLlNlYXJjaFRleHQQAhgEIAA,OPERATIONAL,"moving_company,transportation_service,service,point_of_interest,establishment",Moving company,Eagle
ChIJ-9tb4d_DQYcR_7gBUX7NUmM,Columbine Moving & Storage,"930 Chambers Ave, Eagle, CO 81631, USA",(970) 328-2008,https://columbinemoving.com/?utm_source=google&utm_medium=local&utm_campaign=gbp_eagle,4.7,24,https://maps.google.com/?cid=7157008700253780223&g_mp=Cidnb29nbGUubWFwcy5wbGFjZXMudjEuUGxhY2VzLlNlYXJjaFRleHQQAhgEIAA,OPERATIONAL,"moving_company,shipping_service,storage,transportation_service,service,point_of_interest,establishment",Moving company,Eagle
ChIJuzSlCBD3rlQRuB-sENOKvbk,OneRelo Worldwide,"6895 S Eisenman Rd Ste A, Boise, ID 83716, USA",(208) 314-7997,https://onereloww.com/,4,23,https://maps.google.com/?cid=13384006306737430456&g_mp=Cidnb29nbGUubWFwcy5wbGFjZXMudjEuUGxhY2VzLlNlYXJjaFRleHQQAhgEIAA,OPERATIONAL,"moving_company,shipping_service,storage,transportation_service,service,store,point_of_interest,establishment",Moving company,Eagle
ChIJ9-1QB5z4rlQRctllifvRb4o,Gem State Moving,"4790 W Clinton St, Boise, ID 83706, USA",(208) 381-0665,,3.7,13,https://maps.google.com/?cid=9975422577921087858&g_mp=Cidnb29nbGUubWFwcy5wbGFjZXMudjEuUGxhY2VzLlNlYXJjaFRleHQQAhgEIAA,OPERATIONAL,"moving_company,transportation_service,service,point_of_interest,establishment",Moving company,Eagle
ChIJUXY_YGs1oFQRkIY_4Bh7opc,Eagle Transfer Trina Co Inc,"701 29th St N, Lewiston, ID 83501, USA",(208) 746-7961,,3.4,14,https://maps.google.com/?cid=10926430992725935760&g_mp=Cidnb29nbGUubWFwcy5wbGFjZXMudjEuUGxhY2VzLlNlYXJjaFRleHQQAhgEIAA,OPERATIONAL,"moving_company,shipping_service,storage,transportation_service,service,point_of_interest,establishment",Moving company,Eagle
ChIJ9zBFROeqUiIRAbeCZUopfOA,Eagle Junk Removal,"161 N Eagle Rd, Eagle, ID 83616, USA",(986) 888-2629,https://eagl.pro/,5,2,https://maps.google.com/?cid=16175849361115363073&g_mp=Cidnb29nbGUubWFwcy5wbGFjZXMudjEuUGxhY2VzLlNlYXJjaFRleHQQAhgEIAA,OPERATIONAL,"service,point_of_interest,establishment",Junk removal,Eagle
ChIJ2XWVf3JMFWsRtvTumcjsxm0,Sperry junk removal,"759 N Celeste Ave, Star, ID 83669, USA",(775) 777-5231,https://sperryjunkremovalllc.jobbersites.com/,4.9,19,https://maps.google.com/?cid=7910270141843043510&g_mp=Cidnb29nbGUubWFwcy5wbGFjZXMudjEuUGxhY2VzLlNlYXJjaFRleHQQAhgEIAA,OPERATIONAL,"general_contractor,service,point_of_interest,establishment",Junk removal,Eagle
ChIJVVVFyhWsr1QR-_Bfq0xoiSc,Full House Junk Removal,"11818 W Hiddenlake Dr, Star, ID 83669, USA",(208) 994-2429,https://fullhousejunkremoval.com/about-us/,5,2,https://maps.google.com/?cid=2848922917790544123&g_mp=Cidnb29nbGUubWFwcy5wbGFjZXMudjEuUGxhY2VzLlNlYXJjaFRleHQQAhgEIAA,OPERATIONAL,"service,point_of_interest,establishment",Junk removal,Eagle
ChIJNybZ0y6BQK8RFIUX6QfKPw0,Peak Auto Glass LLC,"1472 E Iron Eagle Dr, Eagle, ID 83616, USA",(208) 901-0971,https://peakautoglass.com/,5,39,https://maps.google.com/?cid=954703781350049044&g_mp=Cidnb29nbGUubWFwcy5wbGFjZXMudjEuUGxhY2VzLlNlYXJjaFRleHQQAhgEIAA,OPERATIONAL,"car_repair,point_of_interest,service,establishment",Glass repair,Eagle
ChIJ57nzaINTrlQRsXP_odLHZFY,Caliber Auto Glass,"1537 E State St, Eagle, ID 83616, USA",(888) 461-0010,https://www.caliber.com/services/auto-glass,4,5,https://maps.google.com/?cid=6225320292407800753&g_mp=Cidnb29nbGUubWFwcy5wbGFjZXMudjEuUGxhY2VzLlNlYXJjaFRleHQQAhgEIAA,OPERATIONAL,"point_of_interest,establishment",Glass repair,Eagle
ChIJY1qe_rqqr1QRDIqzvLnrkUE,Fusions Glass Studio,"135 N 2nd St, Eagle, ID 83616, USA",(208) 938-1055,http://www.fusions-idaho.com/,4.8,109,https://maps.google.com/?cid=4724816667055720972&g_mp=Cidnb29nbGUubWFwcy5wbGFjZXMudjEuUGxhY2VzLlNlYXJjaFRleHQQAhgEIAA,OPERATIONAL,"art_studio,educational_institution,store,point_of_interest,service,establishment",Glass repair,Eagle
ChIJc5Ki2h5UrlQR2yu4UxHBoQA,"Pella Windows and Doors Showroom of Boise, ID","1580 E State St #103, Eagle, ID 83616, USA",(208) 373-0002,https://www.pella.com/locations/id/eagle/?utm_source=google&utm_medium=organic&utm_campaign=gbp,4.9,617,https://maps.google.com/?cid=45529751413599195&g_mp=Cidnb29nbGUubWFwcy5wbGFjZXMudjEuUGxhY2VzLlNlYXJjaFRleHQQAhgEIAA,OPERATIONAL,"supplier,general_contractor,service,store,point_of_interest,establishment",Window repair,Eagle
ChIJG-FxGUP_rlQR9HivoFhb4bg,Wood Windows Inc,"200 E 50th St, Garden City, ID 83714, USA",(208) 376-2200,https://woodwindowsinc.com/,4.3,90,https://maps.google.com/?cid=13322029608949741812&g_mp=Cidnb29nbGUubWFwcy5wbGFjZXMudjEuUGxhY2VzLlNlYXJjaFRleHQQAhgEIAA,OPERATIONAL,"supplier,general_contractor,service,point_of_interest,establishment",Window repair,Eagle
ChIJ16rk9farr1QRerUCyJPeoqE,Hornbeck steel line,"1450 N Ballantyne Ln, Eagle, ID 83616, USA",(208) 369-3563,,5,5,https://maps.google.com/?cid=11647116312630703482&g_mp=Cidnb29nbGUubWFwcy5wbGFjZXMudjEuUGxhY2VzLlNlYXJjaFRleHQQAhgEIAA,OPERATIONAL,"manufacturer,point_of_interest,service,establishment",Welding service,Eagle
ChIJ92N-70dYVFMR394fucFZPNM,Eagle Rock Fabrication Inc,"2117 W Omni Dr, Idaho Falls, ID 83402, USA",(208) 552-5080,https://eaglerockfabrication.com/,5,10,https://maps.google.com/?cid=15221139529174867679&g_mp=Cidnb29nbGUubWFwcy5wbGFjZXMudjEuUGxhY2VzLlNlYXJjaFRleHQQAhgEIAA,OPERATIONAL,"manufacturer,point_of_interest,establishment",Welding service,Eagle
ChIJHXkkCSCRrFQRkA9F2N2N5C0,A to Z Fabrication & Welding LLC,"1702 E 4400 N, Buhl, ID 83316, USA",(208) 420-9413,https://atozfab208.com/,5,1,https://maps.google.com/?cid=3306924010352480144&g_mp=Cidnb29nbGUubWFwcy5wbGFjZXMudjEuUGxhY2VzLlNlYXJjaFRleHQQAhgEIAA,OPERATIONAL,"manufacturer,point_of_interest,establishment",Welding service,Eagle
ChIJhzavSV2tr1QRFqA58xC_w7s,New Star Excavation,"21400 Trigger Ranch Ln, Star, ID 83669, USA",(208) 593-2323,http://newstarexcavation.com/,,0,https://maps.google.com/?cid=13529867785072123926&g_mp=Cidnb29nbGUubWFwcy5wbGFjZXMudjEuUGxhY2VzLlNlYXJjaFRleHQQAhgEIAA,OPERATIONAL,"general_contractor,service,point_of_interest,establishment",Excavation contractor,Eagle
ChIJt1R3SISLrCARPtkmN5QP2Pc,Eagle Rock Excavation LLC,"2831 W 1500 S, Aberdeen, ID 83210, USA",(208) 840-0710,https://eaglerockexcavation.com/,,0,https://maps.google.com/?cid=17859041451592571198&g_mp=Cidnb29nbGUubWFwcy5wbGFjZXMudjEuUGxhY2VzLlNlYXJjaFRleHQQAhgEIAA,OPERATIONAL,"general_contractor,service,point_of_interest,establishment",Excavation contractor,Eagle
ChIJyUov9ZbGpVQRUJyjhrAlcqc,A3 Underground Construction,"3494 Rush Creek Rd, Cambridge, ID 83610, USA",(208) 630-3017,https://www.idahoseptictanks.com/contact-septic-installation-company-boise.php,5,1,https://maps.google.com/?cid=12065747791782321232&g_mp=Cidnb29nbGUubWFwcy5wbGFjZXMudjEuUGxhY2VzLlNlYXJjaFRleHQQAhgEIAA,OPERATIONAL,"service,point_of_interest,establishment",Excavation contractor,Eagle
ChIJoawqI8y2r1QR9XxCKVezNZU,Terra-West Inc,"9990 W State St, Boise, ID 83714, USA",(208) 853-5001,,3.4,10,https://maps.google.com/?cid=10751696872352677109&g_mp=Cidnb29nbGUubWFwcy5wbGFjZXMudjEuUGxhY2VzLlNlYXJjaFRleHQQAhgEIAA,OPERATIONAL,"general_contractor,service,point_of_interest,establishment",Excavation contractor,Eagle
ChIJldBMVxeWxAQRYDgt_8xF_rM,Idaho Striping LLC,"410 E 41st St, Garden City, ID 83714, USA",(208) 908-9315,https://idahostriping.com/,5,2,https://maps.google.com/?cid=12969880723630405728&g_mp=Cidnb29nbGUubWFwcy5wbGFjZXMudjEuUGxhY2VzLlNlYXJjaFRleHQQAhgEIAA,OPERATIONAL,"general_contractor,point_of_interest,service,establishment",Paving contractor,Eagle
ChIJv9Udcd9mplQRFjNUub-qgMg,Young Paving,"360 Krahn Ln, McCall, ID 83638, USA",(208) 315-4038,,4,1,https://maps.google.com/?cid=14447735345029329686&g_mp=Cidnb29nbGUubWFwcy5wbGFjZXMudjEuUGxhY2VzLlNlYXJjaFRleHQQAhgEIAA,OPERATIONAL,"general_contractor,point_of_interest,service,establishment",Paving contractor,Eagle
ChIJ3UeqZ9xbVFMR7Kph9HMGK0A,Premier Paving,"2710 Midway Ave, Ammon, ID 83406, USA",(208) 521-8157,https://www.premierpavingidaho.com/,5,4,https://maps.google.com/?cid=4623796537516993260&g_mp=Cidnb29nbGUubWFwcy5wbGFjZXMudjEuUGxhY2VzLlNlYXJjaFRleHQQAhgEIAA,OPERATIONAL,"general_contractor,point_of_interest,service,establishment",Paving contractor,Eagle
ChIJg2-dLztUrlQR9jFgGFJJAPI,Vintage Paver Creations,"12632 Fairview Ave, Boise, ID 83713, USA",(208) 284-2990,,5,5,https://maps.google.com/?cid=17438018374123663862&g_mp=Cidnb29nbGUubWFwcy5wbGFjZXMudjEuUGxhY2VzLlNlYXJjaFRleHQQAhgEIAA,OPERATIONAL,"point_of_interest,service,establishment",Paving contractor,Eagle
ChIJtSWIUWWtr1QRrYyQebErz6Q,"Dry Stream Landscapes, LLC.","1081 N Star Bright Ln, Star, ID 83669, USA",(208) 562-7486,http://www.drystreamlandscapes.com/,5,7,https://maps.google.com/?cid=11875758783648009389&g_mp=Cidnb29nbGUubWFwcy5wbGFjZXMudjEuUGxhY2VzLlNlYXJjaFRleHQQAhgEIAA,OPERATIONAL,"general_contractor,point_of_interest,service,establishment",Paving contractor,Eagle
ChIJtfbsz0qtr1QRX5q6NcyoXjA,Cherry Plumbing & Rooter,"10089 W Preserve St, Star, ID 83669, USA",(208) 703-4219,http://www.cherryrooter.com/,4.7,13,https://maps.google.com/?cid=3485408756659559007&g_mp=Cidnb29nbGUubWFwcy5wbGFjZXMudjEuUGxhY2VzLlNlYXJjaFRleHQQAhgEIAA,OPERATIONAL,"plumber,service,point_of_interest,establishment",Plumber,Star
ChIJKWv8kr2tr1QRCD_GTnAPX6I,"TBK Plumbing, LLC","12295 W Hiddenlake Dr, Star, ID 83669, USA",(208) 494-4393,http://tbkplumbing.com/?utm_source=google&utm_medium=wix_google_business_profile&utm_campaign=4529913544752483590,4,3,https://maps.google.com/?cid=11700087331964206856&g_mp=Cidnb29nbGUubWFwcy5wbGFjZXMudjEuUGxhY2VzLlNlYXJjaFRleHQQAhgEIAA,OPERATIONAL,"plumber,service,point_of_interest,establishment",Plumber,Star
ChIJO-e_Gnusr1QR_CgDcJywyw0,Star Sewer & Water,"773 N Plummer Rd, Star, ID 83669, USA",(208) 898-4115,,2.5,2,https://maps.google.com/?cid=994082328705968380&g_mp=Cidnb29nbGUubWFwcy5wbGFjZXMudjEuUGxhY2VzLlNlYXJjaFRleHQQAhgEIAA,OPERATIONAL,"plumber,service,point_of_interest,establishment",Plumber,Star
ChIJk9y5rfkByqYReUHJog0fBLs,Ross Electric,"12227 W Havencrest Dr, Star, ID 83669, USA",(208) 901-4460,https://www.ross-electric.net/,5,1,https://maps.google.com/?cid=13475930128425501049&g_mp=Cidnb29nbGUubWFwcy5wbGFjZXMudjEuUGxhY2VzLlNlYXJjaFRleHQQAhgEIAA,OPERATIONAL,"electrician,service,point_of_interest,establishment",Electrician,Star
ChIJVR0ViHWsr1QRafHAYmeDQJI,Snake River Electric Inc,"9500 W Broken Arrow Ln, Star, ID 83669, USA",(208) 286-0444,,5,1,https://maps.google.com/?cid=10538567608108642665&g_mp=Cidnb29nbGUubWFwcy5wbGFjZXMudjEuUGxhY2VzLlNlYXJjaFRleHQQAhgEIAA,OPERATIONAL,"electrician,service,point_of_interest,establishment",Electrician,Star
ChIJl1R0chzka28RQmOSayRohIQ,"Five Star Electric Idaho, LLC.","4 1050 E, Declo, ID 83323, USA",(208) 312-8860,https://fivestarelectric.org/magic-valley-idaho-electricians/,5,29,https://maps.google.com/?cid=9548871615565161282&g_mp=Cidnb29nbGUubWFwcy5wbGFjZXMudjEuUGxhY2VzLlNlYXJjaFRleHQQAhgEIAA,OPERATIONAL,"electrician,service,point_of_interest,establishment",Electrician,Star
ChIJhcmXSukEZkURXo3US2DTQtk,EQ Electric and Construction,"11648 W Teratai Ct, Star, ID 83669, USA",(208) 617-4753,,5,1,https://maps.google.com/?cid=15655307665235807582&g_mp=Cidnb29nbGUubWFwcy5wbGFjZXMudjEuUGxhY2VzLlNlYXJjaFRleHQQAhgEIAA,OPERATIONAL,"electrician,general_contractor,service,point_of_interest,establishment",Electrician,Star
ChIJcQThWFmsr1QRGoGn-6GA-eg,Multi-State Electric Services,"Star, ID 83669, USA",(208) 286-9918,http://multistateelectric.com/,,0,https://maps.google.com/?cid=16787590519200383258&g_mp=Cidnb29nbGUubWFwcy5wbGFjZXMudjEuUGxhY2VzLlNlYXJjaFRleHQQAhgEIAA,OPERATIONAL,"electrician,service,point_of_interest,establishment",Electrician,Star
ChIJ2wkrcfitr1QRLnTAOcD1pb4,Falcon Home Services,"1792 N Waterbrook Way, Star, ID 83669, USA",(208) 999-2373,http://falconhomeservices208.com/,4.9,54,https://maps.google.com/?cid=13737656444315005998&g_mp=Cidnb29nbGUubWFwcy5wbGFjZXMudjEuUGxhY2VzLlNlYXJjaFRleHQQAhgEIAA,OPERATIONAL,"general_contractor,service,point_of_interest,establishment",Electrician,Star
ChIJO_l0tYi0r1QRlsFMLbACGfc,All-Star Electric,"Caldwell, ID 83605, USA",(208) 283-7783,,,0,https://maps.google.com/?cid=17805265557483471254&g_mp=Cidnb29nbGUubWFwcy5wbGFjZXMudjEuUGxhY2VzLlNlYXJjaFRleHQQAhgEIAA,OPERATIONAL,"service,point_of_interest,establishment",Electrical contractor,Star
ChIJAQCQMbNVrlQRjijTzTsKkrk,Clark Electric LLC,"12325 W Ramblin Rose Dr, Boise, ID 83713, USA",(208) 930-9281,https://clark-electric.com/contact,,0,https://maps.google.com/?cid=13371761495588939918&g_mp=Cidnb29nbGUubWFwcy5wbGFjZXMudjEuUGxhY2VzLlNlYXJjaFRleHQQAhgEIAA,OPERATIONAL,"point_of_interest,establishment",Electrical contractor,Star
ChIJTeCJroCtr1QRih8NdlgYv40,Citadel Roofing & Construction,"12553 W Gambrell St, Star, ID 83669, USA",(208) 407-5800,http://citadelroofing.net/,4.7,15,https://maps.google.com/?cid=10213909248116334474&g_mp=Cidnb29nbGUubWFwcy5wbGFjZXMudjEuUGxhY2VzLlNlYXJjaFRleHQQAhgEIAA,OPERATIONAL,"roofing_contractor,general_contractor,service,point_of_interest,establishment",Roofer,Star
ChIJw5_O_ItXrlQRczeOpuPOy1c,All Star Roofing LLC,"7424 W Mossy Cup St, Boise, ID 83709, USA",,http://www.facebook.com/allstarroofingboise,5,2,https://maps.google.com/?cid=6326377578719229811&g_mp=Cidnb29nbGUubWFwcy5wbGFjZXMudjEuUGxhY2VzLlNlYXJjaFRleHQQAhgEIAA,OPERATIONAL,"roofing_contractor,service,point_of_interest,establishment",Roofer,Star
ChIJa6WW2catr1QRbljC4wYOiJs,Dokime Construction LLC,"9787 W Golden Rain St, Star, ID 83669, USA",(208) 921-1556,http://www.dokimellc.com/,5,17,https://maps.google.com/?cid=11207223095465236590&g_mp=Cidnb29nbGUubWFwcy5wbGFjZXMudjEuUGxhY2VzLlNlYXJjaFRleHQQAhgEIAA,OPERATIONAL,"general_contractor,service,point_of_interest,establishment",Roofer,Star
ChIJz7X5TMFVrlQRnLscZdt4p2I,Great Heights Roofing,"10480 W Garverdale Dr Ste 806, Boise, ID 83704, USA",(208) 609-9637,https://www.roofinggreatheights.com/?utm_source=GBP&utm_medium=GBP&utm_campaign=Organic+&utm_id=GBP,5,21,https://maps.google.com/?cid=7108783420517170076&g_mp=Cidnb29nbGUubWFwcy5wbGFjZXMudjEuUGxhY2VzLlNlYXJjaFRleHQQAhgEIAA,OPERATIONAL,"roofing_contractor,service,point_of_interest,establishment",Roofer,Star
ChIJ1_ufkQb5rlQRKxoRY98WAxI,Southern Premier Roofing,"6291 N Fox Run Way Suite 100, Meridian, ID 83646, USA",(208) 519-4863,https://southernpremierroofing.com/,4.5,11,https://maps.google.com/?cid=1297906266308418091&g_mp=Cidnb29nbGUubWFwcy5wbGFjZXMudjEuUGxhY2VzLlNlYXJjaFRleHQQAhgEIAA,OPERATIONAL,"roofing_contractor,service,point_of_interest,establishment",Roofer,Star
ChIJwSzvuub5rlQRkECP_8QxCoo,Boise Metal Roofing,"106 W 37th St, Boise, ID 83714, USA",(208) 314-8258,https://roofingboise.net/,5,30,https://maps.google.com/?cid=9946817449172091024&g_mp=Cidnb29nbGUubWFwcy5wbGFjZXMudjEuUGxhY2VzLlNlYXJjaFRleHQQAhgEIAA,OPERATIONAL,"roofing_contractor,service,point_of_interest,establishment",Roofer,Star
ChIJ1c1wv1Gpr1QRC_iRlm43LUg,Value Heating Inc.,"3098 N Cherry Laurel Way, Star, ID 83669, USA",(208) 938-2000,http://www.valueheating.com/,4.9,95,https://maps.google.com/?cid=5200874092794869771&g_mp=Cidnb29nbGUubWFwcy5wbGFjZXMudjEuUGxhY2VzLlNlYXJjaFRleHQQAhgEIAA,OPERATIONAL,"general_contractor,service,point_of_interest,establishment",HVAC,Star
ChIJAQAwv1Gpr1QRueN57Vr37gw,Value Heating & Air Conditioning Services,"4865 N High Prairie Pl, Star, ID 83669, USA",(208) 938-2000,https://valueheating.com/contact-us/,5,3,https://maps.google.com/?cid=931954142815577017&g_mp=Cidnb29nbGUubWFwcy5wbGFjZXMudjEuUGxhY2VzLlNlYXJjaFRleHQQAhgEIAA,OPERATIONAL,"service,point_of_interest,establishment",HVAC,Star
ChIJ9VdDFX-xr1QRqZmwrScOD4g,Bulldog Heating & Air,"2150 Pilgrim Wy, Middleton, ID 83644, USA",(208) 602-5683,https://bulldogheatingandair.com/,5,11,https://maps.google.com/?cid=9804070477389404585&g_mp=Cidnb29nbGUubWFwcy5wbGFjZXMudjEuUGxhY2VzLlNlYXJjaFRleHQQAhgEIAA,OPERATIONAL,"general_contractor,service,point_of_interest,establishment",HVAC,Star
ChIJ7Vq5bNA6YFMR6p_WtgL5ILU,J A Bertsch Heating & Cooling LLC,"St Maries, ID 83861, USA",(208) 715-9694,https://www.jabertsch.com/,5,5,https://maps.google.com/?cid=13051705510172467178&g_mp=Cidnb29nbGUubWFwcy5wbGFjZXMudjEuUGxhY2VzLlNlYXJjaFRleHQQAhgEIAA,OPERATIONAL,"general_contractor,service,point_of_interest,establishment",HVAC,Star
ChIJ6-N6XlDAYVMRF9eToq_SVyY,J.A. Bertsch Heating and Cooling,"3645 N Government Wy, Coeur d'Alene, ID 83815, USA",(208) 635-5480,https://jabertsch.com/,5,1946,https://maps.google.com/?cid=2762908548203796247&g_mp=Cidnb29nbGUubWFwcy5wbGFjZXMudjEuUGxhY2VzLlNlYXJjaFRleHQQAhgEIAA,OPERATIONAL,"general_contractor,service,point_of_interest,establishment",HVAC,Star
ChIJKXgauWPAYVMRmPbXj3E-ik8,Bill's Heating & A/C,"1007 N Boulder Ct, Post Falls, ID 83854, USA",(208) 777-5528,https://callbills.com/,4.8,5406,https://maps.google.com/?cid=5731462133247899288&g_mp=Cidnb29nbGUubWFwcy5wbGFjZXMudjEuUGxhY2VzLlNlYXJjaFRleHQQAhgEIAA,OPERATIONAL,"general_contractor,service,point_of_interest,establishment",HVAC,Star
ChIJJ4_rPaBTrlQRIlvUmhJArfE,S & R Heating,"2151 W Lonesome Dove St, Meridian, ID 83646, USA",(208) 846-9304,http://sandrheating.com/,4.8,24,https://maps.google.com/?cid=17414645782762773282&g_mp=Cidnb29nbGUubWFwcy5wbGFjZXMudjEuUGxhY2VzLlNlYXJjaFRleHQQAhgEIAA,OPERATIONAL,"general_contractor,service,point_of_interest,establishment",Heating and cooling,Star
ChIJe_z0bzisr1QRxsP3nNgUljo,Star Pest Control,"12298 W Foxhaven St, Star, ID 83669, USA",,,3.3,3,https://maps.google.com/?cid=4221584621285393350&g_mp=Cidnb29nbGUubWFwcy5wbGFjZXMudjEuUGxhY2VzLlNlYXJjaFRleHQQAhgEIAA,OPERATIONAL,"point_of_interest,service,establishment",Pest control,Star
ChIJO5giu1j_rlQRS70KuiB4958,Ida Bug Guy LLC,"3420 S Brigham Ave, Meridian, ID 83642, USA",(208) 577-0949,http://idabugguy.com/,5,33,https://maps.google.com/?cid=11526813853233626443&g_mp=Cidnb29nbGUubWFwcy5wbGFjZXMudjEuUGxhY2VzLlNlYXJjaFRleHQQAhgEIAA,OPERATIONAL,"point_of_interest,service,establishment",Pest control,Star
ChIJa70oNbetr1QRwMUbTdcZ3nM,Western Yard & Maintenance LLC,"3072 N Bowknot Lake Ave, Star, ID 83669, USA",(208) 999-1696,http://westernyardmaintenance.com/,5,46,https://maps.google.com/?cid=8349139171693807040&g_mp=Cidnb29nbGUubWFwcy5wbGFjZXMudjEuUGxhY2VzLlNlYXJjaFRleHQQAhgEIAA,OPERATIONAL,"service,point_of_interest,establishment",Landscaping,Star
ChIJg86wg1usr1QRDTWFp8SLhx4,Moon Valley Landscaping,"11330 W 2nd St, Star, ID 83669, USA",(208) 867-2428,,5,1,https://maps.google.com/?cid=2199880619734152461&g_mp=Cidnb29nbGUubWFwcy5wbGFjZXMudjEuUGxhY2VzLlNlYXJjaFRleHQQAhgEIAA,OPERATIONAL,"general_contractor,service,point_of_interest,establishment",Landscaping,Star
ChIJdwbDUh6pr1QRH42D-cAK2J4,MG Landscaping,"9250 W Hills Gate Dr, Star, ID 83669, USA",(208) 713-2910,https://meangreenlandscaping.wordpress.com/,5,11,https://maps.google.com/?cid=11445910276898262303&g_mp=Cidnb29nbGUubWFwcy5wbGFjZXMudjEuUGxhY2VzLlNlYXJjaFRleHQQAhgEIAA,OPERATIONAL,"general_contractor,service,point_of_interest,establishment",Landscaping,Star
ChIJWTM4ox1LrlQRmoijfe-hJIE,Star landscaping Inc,"16419 Midway Rd, Nampa, ID 83651, USA",(208) 250-2024,https://starlandscapingid.com/,4.5,42,https://maps.google.com/?cid=9305740780031412378&g_mp=Cidnb29nbGUubWFwcy5wbGFjZXMudjEuUGxhY2VzLlNlYXJjaFRleHQQAhgEIAA,OPERATIONAL,"service,point_of_interest,establishment",Landscaping,Star
ChIJUwX0Rvisr1QRAtthhirseVU,Dan Baird Landscape,"11357 Hercules Dr, Star, ID 83669, USA",(208) 286-9218,,5,1,https://maps.google.com/?cid=6159213632793205506&g_mp=Cidnb29nbGUubWFwcy5wbGFjZXMudjEuUGxhY2VzLlNlYXJjaFRleHQQAhgEIAA,OPERATIONAL,"general_contractor,service,point_of_interest,establishment",Landscaping,Star
ChIJf_-7U22sr1QRFA8S5mqgnF0,Idaho Grown Landscapes LLC,"10621 W Snow Wolf Dr, Star, ID 83669, USA",(208) 559-0662,,4.3,6,https://maps.google.com/?cid=6745442722881081108&g_mp=Cidnb29nbGUubWFwcy5wbGFjZXMudjEuUGxhY2VzLlNlYXJjaFRleHQQAhgEIAA,OPERATIONAL,"supplier,food,general_contractor,service,point_of_interest,establishment",Landscaping,Star
ChIJcQThWFmsr1QRnRv-i05hFxw,Deep Green Lawn & Landscape,"Star, ID 83669, USA",(208) 286-7319,http://deepgreenidaho.com/,5,2,https://maps.google.com/?cid=2024193547510356893&g_mp=Cidnb29nbGUubWFwcy5wbGFjZXMudjEuUGxhY2VzLlNlYXJjaFRleHQQAhgEIAA,OPERATIONAL,"general_contractor,service,point_of_interest,establishment",Landscaping,Star
ChIJdb772FVVrlQRBPcgHOH-kWA,Land and Aquascape Landscaping,"24761 Grayhawk Dr, Middleton, ID 83644, USA",(208) 912-2913,https://landandaquascape.com/,5,25,https://maps.google.com/?cid=6958623142057146116&g_mp=Cidnb29nbGUubWFwcy5wbGFjZXMudjEuUGxhY2VzLlNlYXJjaFRleHQQAhgEIAA,OPERATIONAL,"general_contractor,service,point_of_interest,establishment",Landscaping,Star
ChIJkckv17-xr1QRqS8biVhAweM,Thacker Lawn Care,"290 N Taurus Way, Star, ID 83669, USA",(208) 286-0931,,3.7,3,https://maps.google.com/?cid=16411469266116358057&g_mp=Cidnb29nbGUubWFwcy5wbGFjZXMudjEuUGxhY2VzLlNlYXJjaFRleHQQAhgEIAA,OPERATIONAL,"general_contractor,service,point_of_interest,establishment",Landscaping,Star
ChIJL-eKaQeur1QR2zu9T9ZejXw,Strickland Stone LLC,"6346 ID-44, Star, ID 83669, USA",(208) 628-1128,http://stricklandstone.com/,3.9,14,https://maps.google.com/?cid=8974933906973080539&g_mp=Cidnb29nbGUubWFwcy5wbGFjZXMudjEuUGxhY2VzLlNlYXJjaFRleHQQAhgEIAA,OPERATIONAL,"point_of_interest,establishment",Landscaping,Star
ChIJX2Og2eTvkkUR0ky1qG971Rk,Diaz Maintenance & Lawn Care,"10798 W Annafaye St, Star, ID 83669, USA",(208) 863-2063,,5,2,https://maps.google.com/?cid=1861529740489608402&g_mp=Cidnb29nbGUubWFwcy5wbGFjZXMudjEuUGxhY2VzLlNlYXJjaFRleHQQAhgEIAA,OPERATIONAL,"service,point_of_interest,establishment",Lawn care,Star
ChIJrTQLI6Swx4kRZIHIRuqKR0c,Fallbrook Lawn Care,"11715 W Shortcreek St, Star, ID 83669, USA",(208) 949-7899,https://www.fallbrooklawncare.com/,,0,https://maps.google.com/?cid=5136226638853865828&g_mp=Cidnb29nbGUubWFwcy5wbGFjZXMudjEuUGxhY2VzLlNlYXJjaFRleHQQAhgEIAA,OPERATIONAL,"service,point_of_interest,establishment",Lawn care,Star
ChIJV6z9-Fisr1QRKpkDVCJcDE4,Star Tire and Automotive,"207 S Star Rd, Star, ID 83669, USA",(208) 286-9245,http://startireandauto.com/,4.7,182,https://maps.google.com/?cid=5623971337187072298&g_mp=Cidnb29nbGUubWFwcy5wbGFjZXMudjEuUGxhY2VzLlNlYXJjaFRleHQQAhgEIAA,OPERATIONAL,"tire_shop,chauffeur_service,auto_parts_store,transportation_service,car_repair,service,store,point_of_interest,establishment",Auto repair,Star
ChIJKwvh6l6sr1QRQKndK2p-k40,Steve's Auto Care,"10915 W State St, Star, ID 83669, USA",(208) 863-2748,,4.2,55,https://maps.google.com/?cid=10201636575391885632&g_mp=Cidnb29nbGUubWFwcy5wbGFjZXMudjEuUGxhY2VzLlNlYXJjaFRleHQQAhgEIAA,OPERATIONAL,"car_repair,service,medical_clinic,health,point_of_interest,establishment",Auto repair,Star
ChIJnegXdzetr1QR5DJXmBlhjhM,Christian Brothers Automotive Star,"12440 W Goldcrest St, Star, ID 83669, USA",(208) 768-3492,https://www.cbac.com/star/?utm_source=GMB&utm_medium=organic&utm_campaign=star&utm_content=website-cta,4.6,139,https://maps.google.com/?cid=1409170495971472100&g_mp=Cidnb29nbGUubWFwcy5wbGFjZXMudjEuUGxhY2VzLlNlYXJjaFRleHQQAhgEIAA,OPERATIONAL,"car_repair,service,point_of_interest,establishment",Auto repair,Star
ChIJK5uQOfmtr1QRjgEw3SKigfI,Gills Point S Tire & Auto,"10412 W State St, Star, ID 83669, USA",(208) 286-7222,https://gillspointstire.com/locations/10412-w-state-st-tire-store-5922?utm_source=gmb&utm_medium=Yext,4.6,294,https://maps.google.com/?cid=17474426299797733774&g_mp=Cidnb29nbGUubWFwcy5wbGFjZXMudjEuUGxhY2VzLlNlYXJjaFRleHQQAhgEIAA,OPERATIONAL,"tire_shop,auto_parts_store,car_repair,service,store,point_of_interest,establishment",Auto repair,Star
ChIJ6XWAKACtr1QR2kMVka_fMnE,Dowdy's Automotive,"12645 W Norterra Ln, Star, ID 83669, USA",(208) 279-2797,https://dowdysauto.com/,4.9,78,https://maps.google.com/?cid=8156827820267750362&g_mp=Cidnb29nbGUubWFwcy5wbGFjZXMudjEuUGxhY2VzLlNlYXJjaFRleHQQAhgEIAA,OPERATIONAL,"car_repair,service,store,point_of_interest,establishment",Auto repair,Star
ChIJh3Wr8fesr1QRUZuSg1E8BAg,Royal British Motorcars,"11230 W Hercules Dr, Star, ID 83669, USA",(208) 739-9910,https://royalbritishmotorcars.com/,5,10,https://maps.google.com/?cid=577652973007706961&g_mp=Cidnb29nbGUubWFwcy5wbGFjZXMudjEuUGxhY2VzLlNlYXJjaFRleHQQAhgEIAA,OPERATIONAL,"car_repair,service,point_of_interest,establishment",Auto repair,Star
ChIJPz-pWgCtr1QR1gE3-TO9G3s,Metro Xpress Lube,"11449 W State St, Star, ID 83669, USA",(208) 800-2346,https://www.metroexpresscarwash.com/location/metro-express-lube-star/,4.9,89,https://maps.google.com/?cid=8870891921958437334&g_mp=Cidnb29nbGUubWFwcy5wbGFjZXMudjEuUGxhY2VzLlNlYXJjaFRleHQQAhgEIAA,OPERATIONAL,"car_repair,service,point_of_interest,establishment",Auto repair,Star
ChIJp7yYFV-tr1QRraPXKkCndK8,Cascade Auto Glass,"10366 W State St Suite 120, Star, ID 83669, USA",(208) 286-1110,https://cascadeautoglass.com/services/?utm_source=google_business&utm_medium=organic&utm_campaign=star,4.9,19,https://maps.google.com/?cid=12642913947974345645&g_mp=Cidnb29nbGUubWFwcy5wbGFjZXMudjEuUGxhY2VzLlNlYXJjaFRleHQQAhgEIAA,OPERATIONAL,"building_materials_store,car_repair,service,store,point_of_interest,establishment",Auto repair,Star
ChIJDf89oDetr1QREdE01EdgV1k,Stellar Auto Detailing,"2067 N Starhaven Way, Star, ID 83669, USA",(208) 409-8438,,5,12,https://maps.google.com/?cid=6437720053968589073&g_mp=Cidnb29nbGUubWFwcy5wbGFjZXMudjEuUGxhY2VzLlNlYXJjaFRleHQQAhgEIAA,OPERATIONAL,"point_of_interest,establishment",Auto repair,Star
ChIJv5wPZuivr1QRHIfd7vcMxeo,Valley Performance Automotive,"10148 Foothill Rd, Middleton, ID 83644, USA",(208) 960-6893,https://www.vpautomotiveco.com/,5,2,https://maps.google.com/?cid=16916941834291087132&g_mp=Cidnb29nbGUubWFwcy5wbGFjZXMudjEuUGxhY2VzLlNlYXJjaFRleHQQAhgEIAA,OPERATIONAL,"car_repair,service,point_of_interest,establishment",Auto repair,Star
ChIJCdwBogZUrlQR4QORUim2TpI,German Star Automotive,"2426 S Liberty St suite 3, Boise, ID 83709, USA",(208) 887-7827,http://www.mercedesrepairboise.com/,4.8,93,https://maps.google.com/?cid=10542564066316059617&g_mp=Cidnb29nbGUubWFwcy5wbGFjZXMudjEuUGxhY2VzLlNlYXJjaFRleHQQAhgEIAA,OPERATIONAL,"car_repair,service,point_of_interest,establishment",Auto repair,Star
ChIJE013Rzatr1QRDe7VANdKMEY,Les Schwab Tire Center,"9911 W State St, Star, ID 83669, USA",(208) 899-8704,https://www.lesschwab.com/stores/id/star/9911-w-state-st?utm_source=google&utm_medium=organic&utm_campaign=gmb-homepage,4,119,https://maps.google.com/?cid=5057624668829511181&g_mp=Cidnb29nbGUubWFwcy5wbGFjZXMudjEuUGxhY2VzLlNlYXJjaFRleHQQAhgEIAA,OPERATIONAL,"tire_shop,auto_parts_store,car_repair,service,store,point_of_interest,establishment",Auto repair,Star
ChIJgw6WLkX_rlQR19sSvS-QQ8w,MARS of Boise Automotive Headlight Reconditioning,"Mobile Services, 11600 W Floating Feather Rd, Star, ID 83669, USA",(208) 412-3444,,5,14,https://maps.google.com/?cid=14718766541886905303&g_mp=Cidnb29nbGUubWFwcy5wbGFjZXMudjEuUGxhY2VzLlNlYXJjaFRleHQQAhgEIAA,OPERATIONAL,"car_repair,service,point_of_interest,establishment",Auto repair,Star
ChIJA-qhf730OWURIWiSs5KyCv4,RPC Auto Detail,"1158 N Meadowstream Pl, Star, ID 83669, USA",(208) 760-3202,https://autodetailrpc.com/,4.9,67,https://maps.google.com/?cid=18305639978548488225&g_mp=Cidnb29nbGUubWFwcy5wbGFjZXMudjEuUGxhY2VzLlNlYXJjaFRleHQQAhgEIAA,OPERATIONAL,"point_of_interest,establishment",Auto repair,Star
ChIJwT1-2_urr1QR0P--N5FrA4Y,Torch Towing and Transport LLC,"9990 W Beacon Light Rd, Star, ID 83669, USA",(208) 949-1247,http://torchtowing.com/,4.7,42,https://maps.google.com/?cid=9656680297462169552&g_mp=Cidnb29nbGUubWFwcy5wbGFjZXMudjEuUGxhY2VzLlNlYXJjaFRleHQQAhgEIAA,OPERATIONAL,"transportation_service,service,point_of_interest,establishment",Auto repair,Star
ChIJm-vQ7Wmtr1QRF_SLLSX9Ba0,JJ's Small Engine Repair,"1165 N Crownhaven Wy, Star, ID 83669, USA",(208) 739-8876,https://www.jjssmallenginerepair.org/,5,109,https://maps.google.com/?cid=12467649479564850199&g_mp=Cidnb29nbGUubWFwcy5wbGFjZXMudjEuUGxhY2VzLlNlYXJjaFRleHQQAhgEIAA,OPERATIONAL,"service,point_of_interest,establishment",Mechanic,Star
ChIJ9UdcubnWY1MRO_lTRII_oGg,Six Star Automotive,"909 US-2, Sandpoint, ID 83864, USA",(208) 255-2955,https://sixstarautomotive.com/,4.8,305,https://maps.google.com/?cid=7539095604942862651&g_mp=Cidnb29nbGUubWFwcy5wbGFjZXMudjEuUGxhY2VzLlNlYXJjaFRleHQQAhgEIAA,OPERATIONAL,"car_repair,service,point_of_interest,establishment",Mechanic,Star
ChIJrQavmDitr1QR9zAd6UOkdfA,Semper Fi Motorcycle Towing,"3095 N Greengate Wy, Star, ID 83669, USA",(208) 972-0845,https://www.semperfimotorcycletowing.com/,5,576,https://maps.google.com/?cid=17326935752958619895&g_mp=Cidnb29nbGUubWFwcy5wbGFjZXMudjEuUGxhY2VzLlNlYXJjaFRleHQQAhgEIAA,OPERATIONAL,"service,point_of_interest,establishment",Mechanic,Star
ChIJF1CpMrC4moARY7WQr7PqylM,Flash Tech Services,"9894 W Blackpool Dr, Star, ID 83669, USA",(208) 488-5810,,5,7,https://maps.google.com/?cid=6037896307909113187&g_mp=Cidnb29nbGUubWFwcy5wbGFjZXMudjEuUGxhY2VzLlNlYXJjaFRleHQQAhgEIAA,OPERATIONAL,"consultant,service,point_of_interest,establishment",Mechanic,Star
ChIJXeKruF6sr1QRhMxwUjBHMNY,Shine Bright Cleaning,"10985 W State St, Star, ID 83669, USA",(208) 581-5387,http://shinebrightcleaningidaho.com/,4.8,498,https://maps.google.com/?cid=15433914195865816196&g_mp=Cidnb29nbGUubWFwcy5wbGFjZXMudjEuUGxhY2VzLlNlYXJjaFRleHQQAhgEIAA,OPERATIONAL,"service,point_of_interest,establishment",Cleaning service,Star
ChIJu3ki8U-tr1QRnlfoietmEm8,Feather & Steel Cleaning LLC,"12193 W Havencrest Dr, Star, ID 83669, USA",(208) 509-1338,http://www.feathersteelcleaning.com/,4.9,42,https://maps.google.com/?cid=8003572649607845790&g_mp=Cidnb29nbGUubWFwcy5wbGFjZXMudjEuUGxhY2VzLlNlYXJjaFRleHQQAhgEIAA,OPERATIONAL,"service,point_of_interest,establishment",Cleaning service,Star
ChIJy2if0lfRhWcR_cEte1a64AQ,Lone Star Cleaning Solutions Idaho Falls,"1846 1st St, Idaho Falls, ID 83401, USA",(208) 745-3130,https://idahofallshousecleaningservice.com/,4.8,39,https://maps.google.com/?cid=351485651531448829&g_mp=Cidnb29nbGUubWFwcy5wbGFjZXMudjEuUGxhY2VzLlNlYXJjaFRleHQQAhgEIAA,OPERATIONAL,"service,point_of_interest,establishment",Cleaning service,Star
ChIJi5kZP8etr1QRFnAjaIwa4Zg,Idahome Services,"919 N Seneca Springs Way, Star, ID 83669, USA",(208) 654-3744,,,0,https://maps.google.com/?cid=11016115353869840406&g_mp=Cidnb29nbGUubWFwcy5wbGFjZXMudjEuUGxhY2VzLlNlYXJjaFRleHQQAhgEIAA,OPERATIONAL,"service,point_of_interest,establishment",Cleaning service,Star
ChIJY4N5DVZKPy8Ro7OV9SJIWlw,KCleaning Etc,"153 N Main St, Star, ID 83669, USA",(208) 810-1956,https://www.facebook.com/profile.php?id=61559190445108&mibextid=LQQJ4d,5,4,https://maps.google.com/?cid=6654710714379645859&g_mp=Cidnb29nbGUubWFwcy5wbGFjZXMudjEuUGxhY2VzLlNlYXJjaFRleHQQAhgEIAA,OPERATIONAL,"service,point_of_interest,establishment",Cleaning service,Star
ChIJ-UH_Gg4dwg8R7n7tmko9sEo,Garage Revival,"12607 W Rosetta Dr, Star, ID 83669, USA",(208) 996-0525,https://garagerevivalid.com/,5,1,https://maps.google.com/?cid=5381868945343872750&g_mp=Cidnb29nbGUubWFwcy5wbGFjZXMudjEuUGxhY2VzLlNlYXJjaFRleHQQAhgEIAA,OPERATIONAL,"point_of_interest,service,establishment",Janitorial service,Star
ChIJOYYuyJ2tr1QRGxQAv9efqZA,The Handy Ginger LLC,"W Beagle Flts Ln, Star, ID 83669, USA",(208) 817-0124,,5,2,https://maps.google.com/?cid=10424038561496962075&g_mp=Cidnb29nbGUubWFwcy5wbGFjZXMudjEuUGxhY2VzLlNlYXJjaFRleHQQAhgEIAA,OPERATIONAL,"general_contractor,service,point_of_interest,establishment",Handyman,Star
ChIJuy3luZJtVFMRwH8K9ptd3SU,Ace Handyman Services Idaho Falls,"2683 S 2000 W, Rexburg, ID 83440, USA",(208) 580-4959,https://www.acehandymanservices.com/offices/idaho-falls,4.9,179,https://maps.google.com/?cid=2728439873685585856&g_mp=Cidnb29nbGUubWFwcy5wbGFjZXMudjEuUGxhY2VzLlNlYXJjaFRleHQQAhgEIAA,OPERATIONAL,"general_contractor,manufacturer,service,point_of_interest,establishment",Handyman,Star
ChIJ1RKNc04Br1QRKh7U3L-YPmU,Gem State Handyman,"1984 Placerville St, Middleton, ID 83644, USA",(208) 918-3155,http://www.gemhm.com/,5,3,https://maps.google.com/?cid=7295436396197846570&g_mp=Cidnb29nbGUubWFwcy5wbGFjZXMudjEuUGxhY2VzLlNlYXJjaFRleHQQAhgEIAA,OPERATIONAL,"general_contractor,service,point_of_interest,establishment",Handyman,Star
ChIJX--z_qirr1QR31kVUkF0W1Y,Build It Battles,"4834 W Eagle Landing Ct, Eagle, ID 83616, USA",(208) 917-2807,,5,2,https://maps.google.com/?cid=6222695134041299423&g_mp=Cidnb29nbGUubWFwcy5wbGFjZXMudjEuUGxhY2VzLlNlYXJjaFRleHQQAhgEIAA,OPERATIONAL,"general_contractor,service,point_of_interest,establishment",Handyman,Star
ChIJTVAoMUyznQURWBXJokcLITQ,Top Line Property Services,"5639 N Star Rdg Wy, Star, ID 83669, USA",(208) 850-2477,https://toplinepropertyservices.com/,5,5,https://maps.google.com/?cid=3756295966505375064&g_mp=Cidnb29nbGUubWFwcy5wbGFjZXMudjEuUGxhY2VzLlNlYXJjaFRleHQQAhgEIAA,OPERATIONAL,"general_contractor,service,point_of_interest,establishment",Handyman,Star
ChIJSSyNm3qtr1QRRZyGo7hM-k4,"The Painted Edge, LLC","11173 W 1st St, Star, ID 83669, USA",(208) 922-0772,https://www.thepaintededgepaintco.com/,5,12,https://maps.google.com/?cid=5690945435037244485&g_mp=Cidnb29nbGUubWFwcy5wbGFjZXMudjEuUGxhY2VzLlNlYXJjaFRleHQQAhgEIAA,OPERATIONAL,"painter,service,point_of_interest,establishment",Painter,Star
ChIJFfr9Syzrr1QR4gjntFvnw8I,NorthWest Specialty Painting LLC,"810 6th Ave S, Payette, ID 83661, USA",(208) 869-5123,https://northwestspecialtypainting.com/,5,105,https://maps.google.com/?cid=14034315244879677666&g_mp=Cidnb29nbGUubWFwcy5wbGFjZXMudjEuUGxhY2VzLlNlYXJjaFRleHQQAhgEIAA,OPERATIONAL,"point_of_interest,establishment",Painter,Star
ChIJcT5yWXP_rlQR5znS1NWPVLo,The Painting Pro,"7215 W Ustick Rd, Boise, ID 83704, USA",(208) 378-4825,https://www.paintingpro.net/,5,2,https://maps.google.com/?cid=13426514537659644391&g_mp=Cidnb29nbGUubWFwcy5wbGFjZXMudjEuUGxhY2VzLlNlYXJjaFRleHQQAhgEIAA,OPERATIONAL,"point_of_interest,establishment",Painter,Star
ChIJU4RkZ16sr1QRvpGqX4gNubM,JR Concrete & LANDSCAPE,"10780 W State St, Star, ID 83669, USA",(208) 921-7162,https://jrconcreteandlandscape.com/about-us/blank-7/,,0,https://maps.google.com/?cid=12950397082852299198&g_mp=Cidnb29nbGUubWFwcy5wbGFjZXMudjEuUGxhY2VzLlNlYXJjaFRleHQQAhgEIAA,OPERATIONAL,"point_of_interest,establishment",Concrete contractor,Star
ChIJjxKA63f6vUQRTS-WCUw6kPs,Cardenas Concrete & Hauling LLC.,"19022 Midland Blvd, Nampa, ID 83687, USA",(208) 971-8301,https://www.facebook.com/people/Thanias-Residential-Construction/61566495395867/,5,1,https://maps.google.com/?cid=18127052598419009357&g_mp=Cidnb29nbGUubWFwcy5wbGFjZXMudjEuUGxhY2VzLlNlYXJjaFRleHQQAhgEIAA,OPERATIONAL,"general_contractor,service,point_of_interest,establishment",Concrete contractor,Star
ChIJvUhdm_9TrlQR8_dTAliH3I0,Heartland Post & Fence,"426 ID-55, Horseshoe Bend, ID 83629, USA",(208) 895-8719,https://heartlandpostandpole.com/,4.9,31,https://maps.google.com/?cid=10222194066290112499&g_mp=Cidnb29nbGUubWFwcy5wbGFjZXMudjEuUGxhY2VzLlNlYXJjaFRleHQQAhgEIAA,OPERATIONAL,"manufacturer,general_contractor,point_of_interest,service,establishment",Fencing contractor,Star
ChIJBxjQ3ECtr1QRrGTGmbSjQlA,Sager Professional Tree Management,"ID-44, Middleton, ID 83644, USA",(208) 606-5872,http://www.sagertree.com/,4.9,15,https://maps.google.com/?cid=5783364867566494892&g_mp=Cidnb29nbGUubWFwcy5wbGFjZXMudjEuUGxhY2VzLlNlYXJjaFRleHQQAhgEIAA,OPERATIONAL,"service,point_of_interest,establishment",Tree service,Star
ChIJQw56oI-tr1QR9pD2yPYxmxs,"Star Crane & Rigging, Inc.","1481 N Star Rd, Star, ID 83669, USA",(208) 941-1111,,5,7,https://maps.google.com/?cid=1989238596417523958&g_mp=Cidnb29nbGUubWFwcy5wbGFjZXMudjEuUGxhY2VzLlNlYXJjaFRleHQQAhgEIAA,OPERATIONAL,"service,point_of_interest,establishment",Tree service,Star
ChIJlRwNt1i6eWsRBZf27jdNcBg,Neon Appliance Repair,"1331 E Westdale Dr, Hayden Lake, ID 83835, USA",(208) 446-6296,https://neonappliancerepair.com/,5,684,https://maps.google.com/?cid=1760992356929541893&g_mp=Cidnb29nbGUubWFwcy5wbGFjZXMudjEuUGxhY2VzLlNlYXJjaFRleHQQAhgEIAA,OPERATIONAL,"service,point_of_interest,establishment",Appliance repair,Star
ChIJP1id7S9fVFMR63qaSEWckB4,Sarah's Appliance Repair LLC,"3470 Washington Pkwy Suite 2, Idaho Falls, ID 83404, USA",(208) 980-2290,https://www.appliancerepairidaho.com/?utm_campaign=gmb&utm_medium=organic&utm_source=google&utm_term=idaho-falls-website,4.8,60,https://maps.google.com/?cid=2202432039168932587&g_mp=Cidnb29nbGUubWFwcy5wbGFjZXMudjEuUGxhY2VzLlNlYXJjaFRleHQQAhgEIAA,OPERATIONAL,"supplier,manufacturer,store,service,point_of_interest,establishment",Appliance repair,Star
ChIJAaGHmJ2EYVMR3k5vbedX2ko,First Choice Appliance,"606 Moran Mdws Rd, Careywood, ID 83809, USA",(208) 610-3770,,4.6,33,https://maps.google.com/?cid=5393720155214663390&g_mp=Cidnb29nbGUubWFwcy5wbGFjZXMudjEuUGxhY2VzLlNlYXJjaFRleHQQAhgEIAA,OPERATIONAL,"service,point_of_interest,establishment",Appliance repair,Star
ChIJXQ9YpZCjrFQRi03TPpN4l90,Pro-Tech Service,"1550 Kimberly Rd, Twin Falls, ID 83301, USA",(208) 733-9278,http://www.protech-service.com/,4.4,136,https://maps.google.com/?cid=15967363577674943883&g_mp=Cidnb29nbGUubWFwcy5wbGFjZXMudjEuUGxhY2VzLlNlYXJjaFRleHQQAhgEIAA,OPERATIONAL,"supplier,manufacturer,home_goods_store,store,service,point_of_interest,establishment",Appliance repair,Star
ChIJNTLRpoD5rlQRhbhlymleM50,Boise Appliance Repair Pro,"950 W Bannock St Suite 1100, Boise, ID 83702, USA",(208) 204-0044,https://boiseappliancerepairpro.com/,,0,https://maps.google.com/?cid=11327501296227170437&g_mp=Cidnb29nbGUubWFwcy5wbGFjZXMudjEuUGxhY2VzLlNlYXJjaFRleHQQAhgEIAA,OPERATIONAL,"service,point_of_interest,establishment",Appliance repair,Star
ChIJmRnxyG5MrlQRN-b_hBDNQbU,Chem-Dry Tri County,"909 3rd St S, Nampa, ID 83651, USA",(208) 333-8982,http://www.healthycleancarpet.com/,3,4,https://maps.google.com/?cid=13060945865185682999&g_mp=Cidnb29nbGUubWFwcy5wbGFjZXMudjEuUGxhY2VzLlNlYXJjaFRleHQQAhgEIAA,OPERATIONAL,"laundry,service,point_of_interest,establishment",Carpet cleaning,Star
ChIJw8kU0YBRrlQR_Wc19oIIL_A,Elliott Window Cleaning LLC,"575 E Black Hawk Ct, Kuna, ID 83634, USA",(208) 600-3154,https://elliottwindowcleaning.com/,5,157,https://maps.google.com/?cid=17307061251577571325&g_mp=Cidnb29nbGUubWFwcy5wbGFjZXMudjEuUGxhY2VzLlNlYXJjaFRleHQQAhgEIAA,OPERATIONAL,"point_of_interest,service,establishment",Window cleaning,Star
ChIJZyXOcDWx3igROVxkSSDEm_A,Hot Shot Power LLC,"1322 N Glen Aspen Ave, Star, ID 83669, USA",(208) 740-8882,,5,3,https://maps.google.com/?cid=17337666833442167865&g_mp=Cidnb29nbGUubWFwcy5wbGFjZXMudjEuUGxhY2VzLlNlYXJjaFRleHQQAhgEIAA,OPERATIONAL,"service,point_of_interest,establishment",Pressure washing,Star
ChIJm0bzRZCtr1QR8_bEmo8vXz0,Super Star Sanitation,"946 N Cardigan Ave, Star, ID 83669, USA",(208) 991-4399,http://www.superstarsanitation.com/,5,6,https://maps.google.com/?cid=4422305652924544755&g_mp=Cidnb29nbGUubWFwcy5wbGFjZXMudjEuUGxhY2VzLlNlYXJjaFRleHQQAhgEIAA,OPERATIONAL,"car_repair,service,point_of_interest,establishment",Septic service,Star
ChIJQW6VVDyCPw0RhWLs2MLZFvs,Diamond Epoxy - Idaho,"6299 Chateau Ct, Star, ID 83669, USA",(208) 991-4445,http://diamondepoxyidaho.com/,5,17,https://maps.google.com/?cid=18092887983893799557&g_mp=Cidnb29nbGUubWFwcy5wbGFjZXMudjEuUGxhY2VzLlNlYXJjaFRleHQQAhgEIAA,OPERATIONAL,"general_contractor,service,point_of_interest,establishment",Flooring contractor,Star
ChIJ5ZY-YmH4rlQR3EuL6Y9u_LI,Beford Flooring,"622 Opal St, Boise, ID 83705, USA",(208) 283-1602,https://www.befordflooring.com/,5,14,https://maps.google.com/?cid=12897304997259856860&g_mp=Cidnb29nbGUubWFwcy5wbGFjZXMudjEuUGxhY2VzLlNlYXJjaFRleHQQAhgEIAA,OPERATIONAL,"general_contractor,service,point_of_interest,establishment",Flooring contractor,Star
ChIJK3Bn3fetr1QRCZrMU5itrGE,Southern Idaho Epoxy Floors,"311 S Astro Ave, Star, ID 83669, USA",(208) 994-1343,http://www.facebook.com/siepoxyfloors,,0,https://maps.google.com/?cid=7038191187425794569&g_mp=Cidnb29nbGUubWFwcy5wbGFjZXMudjEuUGxhY2VzLlNlYXJjaFRleHQQAhgEIAA,OPERATIONAL,"general_contractor,service,point_of_interest,establishment",Flooring contractor,Star
ChIJ4XX5B3P4rlQRNiAHYp9yWvo,ESL Hardwood Floors,"2013 S Vista Ave, Boise, ID 83705, USA",(208) 345-1133,https://www.flooringhardwood.com/,4.8,13,https://maps.google.com/?cid=18039857286255943734&g_mp=Cidnb29nbGUubWFwcy5wbGFjZXMudjEuUGxhY2VzLlNlYXJjaFRleHQQAhgEIAA,OPERATIONAL,"building_materials_store,general_contractor,home_goods_store,service,store,point_of_interest,establishment",Flooring contractor,Star
ChIJPYR6lexw3woR_-r7vlVgIhg,"Comfort Expert Builders, Inc","6224 Purple Sage Rd, Star, ID 83669, USA",(208) 991-8068,https://comfortexpertbuilders.com/,5,6,https://maps.google.com/?cid=1739058327511100159&g_mp=Cidnb29nbGUubWFwcy5wbGFjZXMudjEuUGxhY2VzLlNlYXJjaFRleHQQAhgEIAA,OPERATIONAL,"general_contractor,service,point_of_interest,establishment",Kitchen remodel,Star
ChIJMS3IZ37_rlQR4IRxroRgA3c,Artisan Construction & Remodel,"953 N Center Way, Star, ID 83669, USA",(208) 861-5241,https://artisanboise.com/?utm_source=omg-gbp&utm_medium=webclick,5,1,https://maps.google.com/?cid=8575804238422181088&g_mp=Cidnb29nbGUubWFwcy5wbGFjZXMudjEuUGxhY2VzLlNlYXJjaFRleHQQAhgEIAA,OPERATIONAL,"general_contractor,service,point_of_interest,establishment",Kitchen remodel,Star
ChIJQ6ElUUUolGIR92fgq8ZoKT8,EZ Remodels Inc,"4480 W Sunny Cove St, Meridian, ID 83646, USA",(208) 919-2423,,5,4,https://maps.google.com/?cid=4551284100931020791&g_mp=Cidnb29nbGUubWFwcy5wbGFjZXMudjEuUGxhY2VzLlNlYXJjaFRleHQQAhgEIAA,OPERATIONAL,"service,point_of_interest,establishment",Kitchen remodel,Star
ChIJ48HPzV5NrlQRGN94y1-NwHw,"Transcend Building Concepts, LLC","2251 N Meadowhills Ave, Star, ID 83669, USA",(208) 600-9903,https://www.transcendbuildingconcepts.com/,5,11,https://maps.google.com/?cid=8989340298806615832&g_mp=Cidnb29nbGUubWFwcy5wbGFjZXMudjEuUGxhY2VzLlNlYXJjaFRleHQQAhgEIAA,OPERATIONAL,"general_contractor,service,point_of_interest,establishment",Bathroom remodel,Star
ChIJh5Wkma_H6AwRW7P7HcMUmXo,Kingdom Vision Builders LLC,"2658 S Cole Rd, Boise, ID 83709, USA",(208) 425-4253,https://kingdomvisionidaho.com/,5,66,https://maps.google.com/?cid=8834114972318151515&g_mp=Cidnb29nbGUubWFwcy5wbGFjZXMudjEuUGxhY2VzLlNlYXJjaFRleHQQAhgEIAA,OPERATIONAL,"general_contractor,service,point_of_interest,establishment",Bathroom remodel,Star
ChIJ3ZHgB5SywAsRQbIStK-lR5k,1NovaBuild,"680 S Calhoun Pl, Star, ID 83669, USA",(208) 320-4051,,,0,https://maps.google.com/?cid=11044978785208414785&g_mp=Cidnb29nbGUubWFwcy5wbGFjZXMudjEuUGxhY2VzLlNlYXJjaFRleHQQAhgEIAA,OPERATIONAL,"service,point_of_interest,establishment",Bathroom remodel,Star
ChIJW09KA03_rlQRoOUop24iyAE,Building Resources Inc.,"767 N Star Rd, Star, ID 83669, USA",(208) 639-0953,http://www.callbrinc.com/,5,2,https://maps.google.com/?cid=128390448026281376&g_mp=Cidnb29nbGUubWFwcy5wbGFjZXMudjEuUGxhY2VzLlNlYXJjaFRleHQQAhgEIAA,OPERATIONAL,"general_contractor,service,point_of_interest,establishment",General contractor,Star
ChIJFeODFJOtr1QRQOljko0azDs,Hammerhead Builders of Idaho Inc.,"245 S Main St, Star, ID 83669, USA",(208) 391-8077,https://www.hammerheadid.com/?utm_source=google&utm_medium=wix_google_business_profile&utm_campaign=17411906276602064466,5,6,https://maps.google.com/?cid=4308848138835454272&g_mp=Cidnb29nbGUubWFwcy5wbGFjZXMudjEuUGxhY2VzLlNlYXJjaFRleHQQAhgEIAA,OPERATIONAL,"general_contractor,service,point_of_interest,establishment",General contractor,Star
ChIJDXCpd2Ksr1QR5dYzFjmifUA,Southwood Homes,"9628 W State St, Star, ID 83669, USA",(208) 400-3345,https://swhid.com/About-Us,5,12,https://maps.google.com/?cid=4647048756585551589&g_mp=Cidnb29nbGUubWFwcy5wbGFjZXMudjEuUGxhY2VzLlNlYXJjaFRleHQQAhgEIAA,OPERATIONAL,"general_contractor,service,point_of_interest,establishment",General contractor,Star
ChIJ1_0E1F-tr1QRBuUkRC5BSLE,Boiko Construction LLC,"2299 N Steel Fls Ave, Star, ID 83669, USA",(503) 995-7982,https://www.instagram.com/boikoconstructionllc?igsh=bjI2bmN3Nm83Y2th,,0,https://maps.google.com/?cid=12774532010003981574&g_mp=Cidnb29nbGUubWFwcy5wbGFjZXMudjEuUGxhY2VzLlNlYXJjaFRleHQQAhgEIAA,OPERATIONAL,"general_contractor,manufacturer,service,point_of_interest,establishment",General contractor,Star
ChIJH3PU6Cetr1QRSqUu7BQBkQ8,Evergreen Homes,"11200 W Hercules Dr STE 103, Star, ID 83669, USA",(208) 375-4600,http://evergreenhomesidaho.com/,5,3,https://maps.google.com/?cid=1121678971565417802&g_mp=Cidnb29nbGUubWFwcy5wbGFjZXMudjEuUGxhY2VzLlNlYXJjaFRleHQQAhgEIAA,OPERATIONAL,"general_contractor,service,point_of_interest,establishment",General contractor,Star
ChIJeZdqUqtRrlQRMOon4jr4tS0,HiLine Homes of Star,"12569 W Goldcrest St, Star, ID 83669, USA",(208) 231-2204,https://www.hilinehomes.com/locations/meridian-id/,4.3,6,https://maps.google.com/?cid=3293811634277444144&g_mp=Cidnb29nbGUubWFwcy5wbGFjZXMudjEuUGxhY2VzLlNlYXJjaFRleHQQAhgEIAA,OPERATIONAL,"general_contractor,service,point_of_interest,establishment",General contractor,Star
ChIJlabdTxdWrlQRvdgGPI2LrIo,EverGreen Architecture & Construction,"11200 W Hercules Dr STE 103, Star, ID 83669, USA",(208) 375-4600,http://www.evergreenidaho.com/,5,4,https://maps.google.com/?cid=9992515111942019261&g_mp=Cidnb29nbGUubWFwcy5wbGFjZXMudjEuUGxhY2VzLlNlYXJjaFRleHQQAhgEIAA,OPERATIONAL,"general_contractor,service,point_of_interest,establishment",General contractor,Star
ChIJd42kZZGkrFQRWvsa5NMWWOQ,Starr Corporation,"2995 3600 N, Twin Falls, ID 83301, USA",(208) 733-5695,http://www.starrcorporation.com/,4.7,15,https://maps.google.com/?cid=16453926337918991194&g_mp=Cidnb29nbGUubWFwcy5wbGFjZXMudjEuUGxhY2VzLlNlYXJjaFRleHQQAhgEIAA,OPERATIONAL,"general_contractor,service,point_of_interest,establishment",General contractor,Star
ChIJAQCsTyWqr1QR5I_g64r1HMM,Sierra Construction of Idaho,"5245 W Homer Rd, Eagle, ID 83616, USA",(208) 371-9128,https://www.sierraconstructionofidaho.com/contact,4.8,19,https://maps.google.com/?cid=14059382113755500516&g_mp=Cidnb29nbGUubWFwcy5wbGFjZXMudjEuUGxhY2VzLlNlYXJjaFRleHQQAhgEIAA,OPERATIONAL,"general_contractor,service,point_of_interest,establishment",General contractor,Star
ChIJgQp_rCb1k4cRfn2w5fo7XeA,Foundation Supportworks,"11850 Valley Ridge Dr, Papillion, NE 68046, USA",(844) 630-1670,https://www.foundationsupportworks.com/?utm_source=google&utm_medium=organic&utm_campaign=gmbwebsite-omaha&utm_content=website&y_source=1_MzE1NjQ4NTItNzE1LWxvY2F0aW9uLndlYnNpdGU%3D,4.7,6,https://maps.google.com/?cid=16167144186111360382&g_mp=Cidnb29nbGUubWFwcy5wbGFjZXMudjEuUGxhY2VzLlNlYXJjaFRleHQQAhgEIAA,OPERATIONAL,"general_contractor,service,point_of_interest,establishment",Foundation repair,Star
ChIJh6Zxu7uCqVQRrZeNvhFwQ68,Altitude Insulation,"120 Second Ave # 105, Ketchum, ID 83340, USA",(208) 720-8935,http://altitudeinsulation.com/,5,1,https://maps.google.com/?cid=12629061001590708141&g_mp=Cidnb29nbGUubWFwcy5wbGFjZXMudjEuUGxhY2VzLlNlYXJjaFRleHQQAhgEIAA,OPERATIONAL,"general_contractor,point_of_interest,service,establishment",Insulation contractor,Star
ChIJAQC0tLH9rlQRBocYgCVPd5I,West Star Construction,"10378 N Bogus Basin Rd, Boise, ID 83702, USA",(208) 972-3008,,5,1,https://maps.google.com/?cid=10553991274247522054&g_mp=Cidnb29nbGUubWFwcy5wbGFjZXMudjEuUGxhY2VzLlNlYXJjaFRleHQQAhgEIAA,OPERATIONAL,"service,point_of_interest,establishment",Siding contractor,Star
ChIJ6ez-IGNTrlQRu9caWvAzhpo,ACE QUALITY HOME IMPROVEMENT,"1112 W Yosemite St, Meridian, ID 83646, USA",(208) 353-8570,,4,3,https://maps.google.com/?cid=11134644236117006267&g_mp=Cidnb29nbGUubWFwcy5wbGFjZXMudjEuUGxhY2VzLlNlYXJjaFRleHQQAhgEIAA,OPERATIONAL,"roofing_contractor,general_contractor,home_goods_store,service,store,point_of_interest,establishment",Siding contractor,Star
ChIJcXVkBNrHYVMRg-zXj6dzIR4,"North Idaho Decks & Interiors, LLC","780 N Thornton St, Post Falls, ID 83854, USA",(208) 416-9632,https://northidahodecks.com/,4.9,29,https://maps.google.com/?cid=2171143658879315075&g_mp=Cidnb29nbGUubWFwcy5wbGFjZXMudjEuUGxhY2VzLlNlYXJjaFRleHQQAhgEIAA,OPERATIONAL,"general_contractor,service,point_of_interest,establishment",Deck builder,Star
ChIJ93GzK1yD7GMRBs_YtRuRGAA,Treasure waterscapes inc.,"10780 W State St, Star, ID 83669, USA",(986) 200-4698,http://www.treasurewaterscapes.com/,5,4,https://maps.google.com/?cid=6914947642085126&g_mp=Cidnb29nbGUubWFwcy5wbGFjZXMudjEuUGxhY2VzLlNlYXJjaFRleHQQAhgEIAA,OPERATIONAL,"service,point_of_interest,establishment",Deck builder,Star
ChIJ972ErjiMS6QRzkdJoQwBanE,All Idaho Pool and Spa Construction LLC,"25262 Kingsbury Rd, Middleton, ID 83644, USA",(208) 286-8606,http://allidahopoolandspa.com/,,0,https://maps.google.com/?cid=8172345627574355918&g_mp=Cidnb29nbGUubWFwcy5wbGFjZXMudjEuUGxhY2VzLlNlYXJjaFRleHQQAhgEIAA,OPERATIONAL,"general_contractor,service,point_of_interest,establishment",Pool cleaning,Star
ChIJdQCMWAOsr1QReAK7hp95Cog,Trustworthy Movers,"11463 W Wild Aster St, Star, ID 83669, USA",,,1,1,https://maps.google.com/?cid=9802781264992469624&g_mp=Cidnb29nbGUubWFwcy5wbGFjZXMudjEuUGxhY2VzLlNlYXJjaFRleHQQAhgEIAA,OPERATIONAL,"moving_company,transportation_service,point_of_interest,service,establishment",Moving company,Star
ChIJAVTOWU1NOg0RpDpqycCFVes,AllStar Pro Movers LLLP,"2005 N Lakewood Dr #102, Coeur d'Alene, ID 83814, USA",(208) 292-7780,http://www.allstarpromovers.com/,5,250,https://maps.google.com/?cid=16957607034992868004&g_mp=Cidnb29nbGUubWFwcy5wbGFjZXMudjEuUGxhY2VzLlNlYXJjaFRleHQQAhgEIAA,OPERATIONAL,"moving_company,transportation_service,point_of_interest,service,establishment",Moving company,Star
ChIJVVUR5njfYVMRkgsgyaIdi8w,Lake Coeur d'Alene Movers,"6491 E Seltice Way, Post Falls, ID 83854, USA",(208) 755-1196,https://www.lakecoeurdalenemovers.com/,4.9,511,https://maps.google.com/?cid=14738906790496308114&g_mp=Cidnb29nbGUubWFwcy5wbGFjZXMudjEuUGxhY2VzLlNlYXJjaFRleHQQAhgEIAA,OPERATIONAL,"moving_company,transportation_service,point_of_interest,service,establishment",Moving company,Star
ChIJPRu7y1Osr1QRBw1fRpvtCOA,Hailey Rose Transport LLC,"157 Selwood Wy S, Star, ID 83669, USA",(208) 286-9052,,,0,https://maps.google.com/?cid=16143414115465891079&g_mp=Cidnb29nbGUubWFwcy5wbGFjZXMudjEuUGxhY2VzLlNlYXJjaFRleHQQAhgEIAA,OPERATIONAL,"shipping_service,moving_company,transportation_service,point_of_interest,service,establishment",Moving company,Star
ChIJbbS6Bq6ur1QRWgvAi6rr5vU,Wood River Transport,"11950 W Lanktree Gulch Rd, Star, ID 83669, USA",(208) 286-9862,,,0,https://maps.google.com/?cid=17719108901657381722&g_mp=Cidnb29nbGUubWFwcy5wbGFjZXMudjEuUGxhY2VzLlNlYXJjaFRleHQQAhgEIAA,OPERATIONAL,"shipping_service,moving_company,transportation_service,point_of_interest,service,establishment",Moving company,Star
ChIJvcHhf_5AoKER2-3PsXfeFU8,Tumbleweed Operations Dumpster Rentals,"570 N Nolina Ave, Eagle, ID 83616, USA",(208) 369-8695,https://tumbleops.com/,5,51,https://maps.google.com/?cid=5698705509172899291&g_mp=Cidnb29nbGUubWFwcy5wbGFjZXMudjEuUGxhY2VzLlNlYXJjaFRleHQQAhgEIAA,OPERATIONAL,"point_of_interest,service,establishment",Junk removal,Star
ChIJlyPKytatr1QR4kZwI5Zz2hs,Easy Auto Glass,"98 S Barkvine Way, Star, ID 83669, USA",(208) 859-3427,,3.5,2,https://maps.google.com/?cid=2007043672623826658&g_mp=Cidnb29nbGUubWFwcy5wbGFjZXMudjEuUGxhY2VzLlNlYXJjaFRleHQQAhgEIAA,OPERATIONAL,"car_repair,service,point_of_interest,establishment",Glass repair,Star
ChIJxarcUobGyIARYx9yeem8_eo,Rockerz & Rollerz,"3056 N Cherry Laurel Way, Star, ID 83669, USA",(208) 617-5164,http://www.rockerzandrollerz.com/,5,59,https://maps.google.com/?cid=16932897884933857123&g_mp=Cidnb29nbGUubWFwcy5wbGFjZXMudjEuUGxhY2VzLlNlYXJjaFRleHQQAhgEIAA,OPERATIONAL,"car_repair,service,point_of_interest,establishment",Window repair,Star
ChIJY3KDxIKur1QRVJVMb6kXZDE,Ed's Welding Services,"6750 Schmidt Ln, Star, ID 83669, USA",(208) 939-6556,,,0,https://maps.google.com/?cid=3558995622013736276&g_mp=Cidnb29nbGUubWFwcy5wbGFjZXMudjEuUGxhY2VzLlNlYXJjaFRleHQQAhgEIAA,OPERATIONAL,"point_of_interest,service,establishment",Welding service,Star
ChIJxaz52SSsr1QRwMHW5SlbsW0,Olson & Sons Excavating,"23307 N Can Ada Rd, Star, ID 83669, USA",(208) 286-7706,,4,4,https://maps.google.com/?cid=7904199056519774656&g_mp=Cidnb29nbGUubWFwcy5wbGFjZXMudjEuUGxhY2VzLlNlYXJjaFRleHQQAhgEIAA,OPERATIONAL,"general_contractor,service,point_of_interest,establishment",Excavation contractor,Star
ChIJVVVh-P2tr1QRlO31LgXFhXw,"Jc Landscaping And Excavating, Inc","9410 Charles Way, Middleton, ID 83644, USA",,http://jclandscapingidaho.com/,5,3,https://maps.google.com/?cid=8972794458658958740&g_mp=Cidnb29nbGUubWFwcy5wbGFjZXMudjEuUGxhY2VzLlNlYXJjaFRleHQQAhgEIAA,OPERATIONAL,"general_contractor,service,point_of_interest,establishment",Excavation contractor,Star
ChIJRYSGSv-tr1QR5qpsRS4MM8c,Bennett Land Leveling Inc,"9495 ID-44, Middleton, ID 83644, USA",(208) 941-2785,http://www.bennettlandleveling.com/,5,7,https://maps.google.com/?cid=14353829830232681190&g_mp=Cidnb29nbGUubWFwcy5wbGFjZXMudjEuUGxhY2VzLlNlYXJjaFRleHQQAhgEIAA,OPERATIONAL,"general_contractor,service,point_of_interest,establishment",Excavation contractor,Star
ChIJ4V24gyZvVFMRT-k2fzI5UUs,K-Terra Excavation,"90 N 4000 E, Rigby, ID 83442, USA",(208) 589-0094,http://www.k-terra.net/,5,2,https://maps.google.com/?cid=5427181915003611471&g_mp=Cidnb29nbGUubWFwcy5wbGFjZXMudjEuUGxhY2VzLlNlYXJjaFRleHQQAhgEIAA,OPERATIONAL,"general_contractor,service,point_of_interest,establishment",Excavation contractor,Star
ChIJaYW57XwY2qMRAJPHzkh26is,Goodman Excavation,"8645 Latimore Ln, Middleton, ID 83644, USA",(208) 477-3347,https://www.boiseidahoexcavation.com/,,0,https://maps.google.com/?cid=3164471743260103424&g_mp=Cidnb29nbGUubWFwcy5wbGFjZXMudjEuUGxhY2VzLlNlYXJjaFRleHQQAhgEIAA,OPERATIONAL,"general_contractor,service,point_of_interest,establishment",Excavation contractor,Star
ChIJWQsssqOrr1QRcbqHjU0zDmA,Boise Bark & Stone,"202 S Star Rd, Star, ID 83669, USA",(208) 614-2275,https://www.boisebarkandstone.com/,4.8,18,https://maps.google.com/?cid=6921526085495011953&g_mp=Cidnb29nbGUubWFwcy5wbGFjZXMudjEuUGxhY2VzLlNlYXJjaFRleHQQAhgEIAA,OPERATIONAL,"building_materials_store,general_contractor,furniture_store,home_improvement_store,farm,wholesaler,supplier,home_goods_store,service,store,point_of_interest,establishment",Paving contractor,Star
ChIJwdiQSHtcwoAR7wV0EJbyKHI,Gilliland Masonry,"8275 Rustin Rd, Middleton, ID 83644, USA",(208) 600-2894,,4.8,18,https://maps.google.com/?cid=8226091445727266287&g_mp=Cidnb29nbGUubWFwcy5wbGFjZXMudjEuUGxhY2VzLlNlYXJjaFRleHQQAhgEIAA,OPERATIONAL,"general_contractor,supplier,service,point_of_interest,establishment",Paving contractor,Star
ChIJdfp9qvkNIocRuHisw_-IF1Y,Star Paving,"3109 Love Rd SW, Albuquerque, NM 87121, USA",(505) 877-0380,https://www.starpaving.com/,3.5,66,https://maps.google.com/?cid=6203577643807045816&g_mp=Cidnb29nbGUubWFwcy5wbGFjZXMudjEuUGxhY2VzLlNlYXJjaFRleHQQAhgEIAA,OPERATIONAL,"general_contractor,service,point_of_interest,establishment",Paving contractor,Star
ChIJfRcN4ElPrlQRrbk5sre2GWs,Master Plumbing,"4674 Deer Flat Rd, Kuna, ID 83634, USA",(208) 991-0909,https://masterrooter.com/kuna-idaho-plumbing-services/,4.9,174,https://maps.google.com/?cid=7717400336561453485&g_mp=Cidnb29nbGUubWFwcy5wbGFjZXMudjEuUGxhY2VzLlNlYXJjaFRleHQQAhgEIAA,OPERATIONAL,"plumber,service,point_of_interest,establishment",Plumber,Kuna
ChIJsy0hj4pGrlQRLmCSW0WPQWo,Moore Service Plumbing,"6055 W Murphy Rd, Kuna, ID 83634, USA",(208) 463-9068,,5,1,https://maps.google.com/?cid=7656558369558388782&g_mp=Cidnb29nbGUubWFwcy5wbGFjZXMudjEuUGxhY2VzLlNlYXJjaFRleHQQAhgEIAA,OPERATIONAL,"plumber,service,point_of_interest,establishment",Plumber,Kuna
ChIJEzXq_itFrlQRyTl6VHfBfpU,A Sewer Services,"2735 E Kuna Rd, Kuna, ID 83634, USA",(208) 375-4584,,4.3,3,https://maps.google.com/?cid=10772260076979370441&g_mp=Cidnb29nbGUubWFwcy5wbGFjZXMudjEuUGxhY2VzLlNlYXJjaFRleHQQAhgEIAA,OPERATIONAL,"plumber,service,point_of_interest,establishment",Plumber,Kuna
ChIJyexUxE9FrlQR2mR5IrM0qUk,Gen 3 Electric,"1413 E Corriente Ln, Kuna, ID 83634, USA",(208) 484-1777,https://www.gen3electric.net/,5,50,https://maps.google.com/?cid=5307831579815011546&g_mp=Cidnb29nbGUubWFwcy5wbGFjZXMudjEuUGxhY2VzLlNlYXJjaFRleHQQAhgEIAA,OPERATIONAL,"electrician,point_of_interest,service,establishment",Electrician,Kuna
ChIJtSpADVFFrlQR1zRZI1o1-i8,"Pride Electrical Contractors, Inc","608 E Great Bear St, Kuna, ID 83634, USA",(208) 570-0266,http://www.myprideelectric.com/,3.6,8,https://maps.google.com/?cid=3457134325216654551&g_mp=Cidnb29nbGUubWFwcy5wbGFjZXMudjEuUGxhY2VzLlNlYXJjaFRleHQQAhgEIAA,OPERATIONAL,"electrician,point_of_interest,service,establishment",Electrician,Kuna
ChIJ5bifOPlPrlQRMfoiZK3KSzY,G Ranch Electric LLC,"1966 N G Rnch Ln, Kuna, ID 83634, USA",(208) 918-0606,http://g-ranch.net/,4.9,24,https://maps.google.com/?cid=3912443547359574577&g_mp=Cidnb29nbGUubWFwcy5wbGFjZXMudjEuUGxhY2VzLlNlYXJjaFRleHQQAhgEIAA,OPERATIONAL,"electrician,point_of_interest,service,establishment",Electrician,Kuna
ChIJMzonN6chnYARxMgb4VBSO4A,Valley Pro Electric,"1925 Klemmer Ave N, Kuna, ID 83634, USA",(208) 280-6530,http://vpeidaho.com/,5,15,https://maps.google.com/?cid=9240069567808260292&g_mp=Cidnb29nbGUubWFwcy5wbGFjZXMudjEuUGxhY2VzLlNlYXJjaFRleHQQAhgEIAA,OPERATIONAL,"electrician,point_of_interest,service,establishment",Electrician,Kuna
ChIJlbUE0VxFrlQRlLjhKJRR6VM,A&R Electric LLC,"1211 W Tanzanite Dr, Kuna, ID 83634, USA",(208) 949-3759,https://usmapiz.org/details/a-r-electric-llc-ChIJlbU,5,13,https://maps.google.com/?cid=6046453671504492692&g_mp=Cidnb29nbGUubWFwcy5wbGFjZXMudjEuUGxhY2VzLlNlYXJjaFRleHQQAhgEIAA,OPERATIONAL,"electrician,point_of_interest,service,establishment",Electrician,Kuna
ChIJRzvvGF9FrlQRPoqtm6I-s5U,Total Power Electric LLC.,"3028 W Navy St, Kuna, ID 83634, USA",(208) 965-6687,,5,25,https://maps.google.com/?cid=10787034400599935550&g_mp=Cidnb29nbGUubWFwcy5wbGFjZXMudjEuUGxhY2VzLlNlYXJjaFRleHQQAhgEIAA,OPERATIONAL,"electrician,point_of_interest,service,establishment",Electrician,Kuna
ChIJ___vJmdFrlQRm0WR-VtjTEs,Red Dog Electric,"1765 N Azurite Dr, Kuna, ID 83634, USA",(208) 830-0332,,5,35,https://maps.google.com/?cid=5425820897754826139&g_mp=Cidnb29nbGUubWFwcy5wbGFjZXMudjEuUGxhY2VzLlNlYXJjaFRleHQQAhgEIAA,OPERATIONAL,"electrician,point_of_interest,service,establishment",Electrician,Kuna
ChIJAQDE3ENFrlQRi5JzUH6axtM,Total Precision Electric,"1226 N Cheshire Dr, Kuna, ID 83634, USA",(208) 922-5888,http://totalprecisionelectric.com/contact-us.html,5,1,https://maps.google.com/?cid=15260054254697812619&g_mp=Cidnb29nbGUubWFwcy5wbGFjZXMudjEuUGxhY2VzLlNlYXJjaFRleHQQAhgEIAA,OPERATIONAL,"point_of_interest,establishment",Electrician,Kuna
ChIJJ-wROd9FrlQRlWVdec_xln8,Dutch Boy Electric,"4398 Bennett Rd, Kuna, ID 83634, USA",(208) 906-5558,,5,9,https://maps.google.com/?cid=9193801562720134549&g_mp=Cidnb29nbGUubWFwcy5wbGFjZXMudjEuUGxhY2VzLlNlYXJjaFRleHQQAhgEIAA,OPERATIONAL,"electrician,point_of_interest,service,establishment",Electrician,Kuna
ChIJi2v_i7y7cGsRsjHEwO583_w,Method Electric LLC,"4459 E Deer Flat Rd, Kuna, ID 83634, USA",(208) 513-3807,http://www.methodelectricllc.com/,,0,https://maps.google.com/?cid=18221419982242460082&g_mp=Cidnb29nbGUubWFwcy5wbGFjZXMudjEuUGxhY2VzLlNlYXJjaFRleHQQAhgEIAA,OPERATIONAL,"electrician,point_of_interest,service,establishment",Electrician,Kuna
ChIJBU-qffNRrlQRBHd6jJLtbvA,The Roofing Experts,"298 N Ave C, Kuna, ID 83634, USA",(208) 409-4832,https://208roofingexperts.com/,4.9,37,https://maps.google.com/?cid=17325046030218721028&g_mp=Cidnb29nbGUubWFwcy5wbGFjZXMudjEuUGxhY2VzLlNlYXJjaFRleHQQAhgEIAA,OPERATIONAL,"roofing_contractor,general_contractor,service,point_of_interest,establishment",Roofer,Kuna
ChIJ2f5C015FrlQRYIhVp-0NmcY,Trigon Roofing,"355 W Snowy Owl St, Kuna, ID 83634, USA",(208) 891-4803,http://trigonroofing.com/,5,3,https://maps.google.com/?cid=14310484605312272480&g_mp=Cidnb29nbGUubWFwcy5wbGFjZXMudjEuUGxhY2VzLlNlYXJjaFRleHQQAhgEIAA,OPERATIONAL,"roofing_contractor,service,point_of_interest,establishment",Roofer,Kuna
ChIJF8zCsvhPrlQR1T6xa0ssnuM,"Americool Heating & Cooling, LLC","707 W Avalon St, Kuna, ID 83634, USA",(208) 984-1265,http://www.americoolid.com/,4.9,92,https://maps.google.com/?cid=16401595595370872533&g_mp=Cidnb29nbGUubWFwcy5wbGFjZXMudjEuUGxhY2VzLlNlYXJjaFRleHQQAhgEIAA,OPERATIONAL,"general_contractor,point_of_interest,service,establishment",HVAC,Kuna
ChIJtYkKVBJFrlQRFHlT6hI_dXI,Elite Systems Inc. - Heating and Cooling Experts,"3141 S Stroebel Rd, Kuna, ID 83634, USA",(208) 922-3900,https://elitesystemshvac.com/,4.8,263,https://maps.google.com/?cid=8247567643072231700&g_mp=Cidnb29nbGUubWFwcy5wbGFjZXMudjEuUGxhY2VzLlNlYXJjaFRleHQQAhgEIAA,OPERATIONAL,"supplier,general_contractor,point_of_interest,service,establishment",HVAC,Kuna
ChIJ3bDOutVFrlQRGZ5Zq43j2wc,PneumaTech HVAC LLC,"568 W Dawn Ct, Kuna, ID 83634, USA",(208) 546-8974,http://pneumatechhvac.com/,5,13,https://maps.google.com/?cid=566296375769800217&g_mp=Cidnb29nbGUubWFwcy5wbGFjZXMudjEuUGxhY2VzLlNlYXJjaFRleHQQAhgEIAA,OPERATIONAL,"general_contractor,point_of_interest,service,establishment",HVAC,Kuna
ChIJtVpQLQnYgoARCqf8WwmIxdg,WEBB AIR,"953 E Trophy St, Kuna, ID 83634, USA",(208) 912-2452,http://www.webbairidaho.com/,4.9,28,https://maps.google.com/?cid=15620040456383801098&g_mp=Cidnb29nbGUubWFwcy5wbGFjZXMudjEuUGxhY2VzLlNlYXJjaFRleHQQAhgEIAA,OPERATIONAL,"general_contractor,point_of_interest,service,establishment",HVAC,Kuna
ChIJfW3dmABFrlQRUxSfC_nXAE0,Bug Out Pest Control LLC,"384 E 2nd St, Kuna, ID 83634, USA",(208) 400-8139,https://bugoutpestcontrolllc.blogspot.com/,5,3,https://maps.google.com/?cid=5548672205562254419&g_mp=Cidnb29nbGUubWFwcy5wbGFjZXMudjEuUGxhY2VzLlNlYXJjaFRleHQQAhgEIAA,OPERATIONAL,"service,point_of_interest,establishment",Pest control,Kuna
ChIJb4zlSNFhgoARhF3l8VPRgr0,Everest pest control,"2350 S Locust Grove Rd, Kuna, ID 83634, USA",,http://everestpestcontrol208.com/,5,4,https://maps.google.com/?cid=13655707178611596676&g_mp=Cidnb29nbGUubWFwcy5wbGFjZXMudjEuUGxhY2VzLlNlYXJjaFRleHQQAhgEIAA,OPERATIONAL,"service,point_of_interest,establishment",Pest control,Kuna
ChIJq6pO22pFrlQR0gtC7X8_Q08,Evade Pest Management,"721 N Linder Ave, Kuna, ID 83634, USA",(208) 917-3577,https://evadepest.com/about-us/,4,4,https://maps.google.com/?cid=5711478571109845970&g_mp=Cidnb29nbGUubWFwcy5wbGFjZXMudjEuUGxhY2VzLlNlYXJjaFRleHQQAhgEIAA,OPERATIONAL,"point_of_interest,establishment",Pest control,Kuna
ChIJGeAFRrNRrlQRlHgBt7HJxaU,Aptive Pest Control,"905 S Industry Way suite 106, Meridian, ID 83642, USA",(208) 718-5584,https://aptivepestcontrol.com/locations/idaho-id/boise-pest-control/local-branch/?utm_source=google&utm_medium=LocalListings&utm_campaign=Local+Listings++Boise,4.5,441,https://maps.google.com/?cid=11945175351786829972&g_mp=Cidnb29nbGUubWFwcy5wbGFjZXMudjEuUGxhY2VzLlNlYXJjaFRleHQQAhgEIAA,OPERATIONAL,"service,point_of_interest,establishment",Pest control,Kuna
ChIJfQykZphXrlQRqW4rUQGuTPc,Skyhawk Pest Services,"1629 S Goldsmith Ave, Meridian, ID 83642, USA",(208) 995-3836,https://skyhawkpest.com/,5,58,https://maps.google.com/?cid=17819809146278211241&g_mp=Cidnb29nbGUubWFwcy5wbGFjZXMudjEuUGxhY2VzLlNlYXJjaFRleHQQAhgEIAA,OPERATIONAL,"service,point_of_interest,establishment",Pest control,Kuna
ChIJAQDMkgtFrlQR44KlZks6wTs,Titan Weed and Pest,"201 S Titan Pl, Kuna, ID 83634, USA",(208) 856-0888,,5,1,https://maps.google.com/?cid=4305786814261986019&g_mp=Cidnb29nbGUubWFwcy5wbGFjZXMudjEuUGxhY2VzLlNlYXJjaFRleHQQAhgEIAA,OPERATIONAL,"service,point_of_interest,establishment",Pest control,Kuna
ChIJj4ftf0lFrlQRtLGGGpO9en0,Eagle Crest Landscaping,"1506 W Bayhorse St, Kuna, ID 83634, USA",(208) 720-1488,,5,81,https://maps.google.com/?cid=9041747641402569140&g_mp=Cidnb29nbGUubWFwcy5wbGFjZXMudjEuUGxhY2VzLlNlYXJjaFRleHQQAhgEIAA,OPERATIONAL,"general_contractor,supplier,service,point_of_interest,establishment",Landscaping,Kuna
ChIJu0sTkC0CxSQRXctupRRkaC4,Lakewood Landscaping llc,"434 E Chapparosa Dr, Kuna, ID 83634, USA",(208) 870-3182,https://lakewoodlandscaping.org/,4.8,15,https://maps.google.com/?cid=3344032763160218461&g_mp=Cidnb29nbGUubWFwcy5wbGFjZXMudjEuUGxhY2VzLlNlYXJjaFRleHQQAhgEIAA,OPERATIONAL,"general_contractor,service,point_of_interest,establishment",Landscaping,Kuna
ChIJpzRG739FrlQRiWmNywd9HWs,Lawn Care Kuna,"2283 N Coopers Hawk Ave, Kuna, ID 83634, USA",(208) 352-2011,https://lawncarekuna.com/,5,2,https://maps.google.com/?cid=7718462808816183689&g_mp=Cidnb29nbGUubWFwcy5wbGFjZXMudjEuUGxhY2VzLlNlYXJjaFRleHQQAhgEIAA,OPERATIONAL,"garden_center,general_contractor,supplier,food,service,store,point_of_interest,establishment",Landscaping,Kuna
ChIJAQBUYAxFrlQRYTNXEMF9Z7I,Kuna Grass Works,"1010 W Avalon St, Kuna, ID 83634, USA",(208) 906-6308,https://kunagrassworks.com/contact-us,5,1,https://maps.google.com/?cid=12855381929508680545&g_mp=Cidnb29nbGUubWFwcy5wbGFjZXMudjEuUGxhY2VzLlNlYXJjaFRleHQQAhgEIAA,OPERATIONAL,"general_contractor,service,point_of_interest,establishment",Landscaping,Kuna
ChIJ7-I7vm4lrYgRRyh0l-7Jp3k,"Verdante, LLC","5599 E King Rd, Kuna, ID 83634, USA",(701) 609-7860,http://verdanteid.com/,5,11,https://maps.google.com/?cid=8766197226280331335&g_mp=Cidnb29nbGUubWFwcy5wbGFjZXMudjEuUGxhY2VzLlNlYXJjaFRleHQQAhgEIAA,OPERATIONAL,"general_contractor,service,point_of_interest,establishment",Landscaping,Kuna
ChIJWzQsxnJ4YG0RJ0HyU4KXdkw,Boise Clean Landscape,"843 N White Barn Rd, Kuna, ID 83634, USA",(986) 895-3527,https://www.boisecleanlandscape.com/,5,59,https://maps.google.com/?cid=5509757780144308519&g_mp=Cidnb29nbGUubWFwcy5wbGFjZXMudjEuUGxhY2VzLlNlYXJjaFRleHQQAhgEIAA,OPERATIONAL,"general_contractor,service,point_of_interest,establishment",Landscaping,Kuna
ChIJraomxRBbrlQRORSdQJWmsWw,"High Desert Landscaping, Inc.","13078 S Cholla Dr, Kuna, ID 83634, USA",(208) 866-2881,http://highdesertlandscapinginc.com/,3.9,9,https://maps.google.com/?cid=7832224386938377273&g_mp=Cidnb29nbGUubWFwcy5wbGFjZXMudjEuUGxhY2VzLlNlYXJjaFRleHQQAhgEIAA,OPERATIONAL,"general_contractor,service,point_of_interest,establishment",Landscaping,Kuna
ChIJCR8FzXlXrlQRF6LleU2oGg8,"Fine Grade Concrete, Landscapes, and More - LLC","380 W Screech Owl Dr, Kuna, ID 83634, USA",(208) 994-9204,http://www.finegradeconcretelandscapes.com/?utm_source=google&utm_medium=organic&utm_campaign=gbp-website&utm_content=profile-website-link,4.9,70,https://maps.google.com/?cid=1088367310674436631&g_mp=Cidnb29nbGUubWFwcy5wbGFjZXMudjEuUGxhY2VzLlNlYXJjaFRleHQQAhgEIAA,OPERATIONAL,"general_contractor,service,point_of_interest,establishment",Landscaping,Kuna
ChIJlQmO2wA44wgRcMj-xZ5HCXs,GreenAcres Hydroseeding,"2145 W Secluded Ct, Kuna, ID 83634, USA",(208) 724-0416,http://greenacresid.com/,4.9,85,https://maps.google.com/?cid=8865696088707745904&g_mp=Cidnb29nbGUubWFwcy5wbGFjZXMudjEuUGxhY2VzLlNlYXJjaFRleHQQAhgEIAA,OPERATIONAL,"general_contractor,service,point_of_interest,establishment",Landscaping,Kuna
ChIJ2TUCza5PrlQRwPcmoEArtV8,J&A Landscaping and Tree Trimming LLC,"4930 Dye Ln, Kuna, ID 83634, USA",(208) 794-4666,,5,13,https://maps.google.com/?cid=6896465960952592320&g_mp=Cidnb29nbGUubWFwcy5wbGFjZXMudjEuUGxhY2VzLlNlYXJjaFRleHQQAhgEIAA,OPERATIONAL,"service,point_of_interest,establishment",Landscaping,Kuna
ChIJh8lu31pFrlQRNkVZIvbLD1U,Backyard Greens Idaho,"2235 W Quilceda St, Kuna, ID 83634, USA",(208) 571-0027,http://backyardgreens.com/,5,1,https://maps.google.com/?cid=6129341875873203510&g_mp=Cidnb29nbGUubWFwcy5wbGFjZXMudjEuUGxhY2VzLlNlYXJjaFRleHQQAhgEIAA,OPERATIONAL,"general_contractor,service,point_of_interest,establishment",Landscaping,Kuna
ChIJuVv4yktFrlQRt7AaKkpq888,Snake River Hardscapes LLC,"1892 W Sahara Dr, Kuna, ID 83634, USA",(315) 200-4194,http://snakeriverhardscapes.com/,4.4,7,https://maps.google.com/?cid=14984437251958288567&g_mp=Cidnb29nbGUubWFwcy5wbGFjZXMudjEuUGxhY2VzLlNlYXJjaFRleHQQAhgEIAA,OPERATIONAL,"general_contractor,service,point_of_interest,establishment",Landscaping,Kuna
ChIJ9WlJMH1FrlQRIM4G4dLfnZQ,Crisp Cuts Landscaping,"1621 N Alcatraz Ave, Kuna, ID 83634, USA",,,5,1,https://maps.google.com/?cid=10708961585768353312&g_mp=Cidnb29nbGUubWFwcy5wbGFjZXMudjEuUGxhY2VzLlNlYXJjaFRleHQQAhgEIAA,OPERATIONAL,"general_contractor,service,point_of_interest,establishment",Landscaping,Kuna
ChIJnUmhRAdHrlQRXv6ia_GG89A,3D Lawn Care LLC,"7654 Happy Vally Rd, Kuna, ID 83634, USA",(208) 872-2817,,5,7,https://maps.google.com/?cid=15056526350680784478&g_mp=Cidnb29nbGUubWFwcy5wbGFjZXMudjEuUGxhY2VzLlNlYXJjaFRleHQQAhgEIAA,OPERATIONAL,"service,point_of_interest,establishment",Landscaping,Kuna
ChIJWxX03hhBmAURY3DYxP9zGx4,Leading Edge Lawn Care,"5601 E Deer Flat Rd, Kuna, ID 83634, USA",(208) 576-6309,,5,4,https://maps.google.com/?cid=2169455187865399395&g_mp=Cidnb29nbGUubWFwcy5wbGFjZXMudjEuUGxhY2VzLlNlYXJjaFRleHQQAhgEIAA,OPERATIONAL,"point_of_interest,service,establishment",Lawn care,Kuna
ChIJ3-BIEItFrlQR9skAGvMEzgo,Kuna Auto Repair,"958 W Avalon St, Kuna, ID 83634, USA",(208) 631-1840,,5,28,https://maps.google.com/?cid=778565227741497846&g_mp=Cidnb29nbGUubWFwcy5wbGFjZXMudjEuUGxhY2VzLlNlYXJjaFRleHQQAhgEIAA,OPERATIONAL,"car_repair,service,point_of_interest,establishment",Auto repair,Kuna
ChIJD1MVwiFQrlQRXgufYxXsgbA,Gathagan Automotive LLC,"657 S Best Business Ave SUITE 100, Kuna, ID 83634, USA",(208) 284-3010,https://www.gathaganauto.com/,4.9,88,https://maps.google.com/?cid=12718706399280827230&g_mp=Cidnb29nbGUubWFwcy5wbGFjZXMudjEuUGxhY2VzLlNlYXJjaFRleHQQAhgEIAA,OPERATIONAL,"tire_shop,auto_parts_store,car_repair,service,store,point_of_interest,establishment",Auto repair,Kuna
ChIJWemM_BRFrlQRYDhgCmGUEHI,Bell's Automotive,"160 E 4th St, Kuna, ID 83634, USA",(208) 922-4282,https://bellsautomotive.business.site/?utm_source=gmb&utm_medium=referral,4.7,79,https://maps.google.com/?cid=8219232464457971808&g_mp=Cidnb29nbGUubWFwcy5wbGFjZXMudjEuUGxhY2VzLlNlYXJjaFRleHQQAhgEIAA,OPERATIONAL,"car_repair,service,point_of_interest,establishment",Auto repair,Kuna
ChIJmxGvvxFFrlQRvtMjBAnN--M,Affordable Transmission & Auto Repair,"287 W Shortline St #102, Kuna, ID 83634, USA",(208) 922-5859,http://www.affordabletransrepair.com/,4.4,129,https://maps.google.com/?cid=16427949504371872702&g_mp=Cidnb29nbGUubWFwcy5wbGFjZXMudjEuUGxhY2VzLlNlYXJjaFRleHQQAhgEIAA,OPERATIONAL,"car_repair,service,point_of_interest,establishment",Auto repair,Kuna
ChIJB0vWrxNFrlQRGMNSc6VQU6Y,Indian Creek Automotive Mach,"279 W Main St, Kuna, ID 83634, USA",(208) 922-1405,,5,2,https://maps.google.com/?cid=11985011704897651480&g_mp=Cidnb29nbGUubWFwcy5wbGFjZXMudjEuUGxhY2VzLlNlYXJjaFRleHQQAhgEIAA,OPERATIONAL,"car_repair,service,point_of_interest,establishment",Auto repair,Kuna
ChIJpQEQ8ttFrlQR9SUVoDDgcnM,KC's Mobile Repair,"800 S Luker Rd, Kuna, ID 83634, USA",(208) 994-5710,https://kcsmobilerepair.com/,5,16,https://maps.google.com/?cid=8318957961155519989&g_mp=Cidnb29nbGUubWFwcy5wbGFjZXMudjEuUGxhY2VzLlNlYXJjaFRleHQQAhgEIAA,OPERATIONAL,"car_repair,service,point_of_interest,establishment",Auto repair,Kuna
ChIJUbSQKoFelIARTqP1-4yhDN8,Fearless Gear Inc of Idaho,"10857 W Gila Dr, Kuna, ID 83634, USA",(208) 717-1911,http://fearlessgear.net/,4.9,87,https://maps.google.com/?cid=16072398797073130318&g_mp=Cidnb29nbGUubWFwcy5wbGFjZXMudjEuUGxhY2VzLlNlYXJjaFRleHQQAhgEIAA,OPERATIONAL,"car_repair,service,point_of_interest,establishment",Auto repair,Kuna
ChIJt09lSxZFrlQRWl8ElNvK4eg,Kuna Lube N Go,"564 E Avalon St, Kuna, ID 83634, USA",(208) 922-9600,https://kunalube.com/,4.7,188,https://maps.google.com/?cid=16780916730989141850&g_mp=Cidnb29nbGUubWFwcy5wbGFjZXMudjEuUGxhY2VzLlNlYXJjaFRleHQQAhgEIAA,OPERATIONAL,"car_repair,service,point_of_interest,establishment",Auto repair,Kuna
ChIJV3ZKd89RrlQRWgqZDHQ6zCQ,Larry's Performance & Services LLC,"670 W Boise St, Kuna, ID 83634, USA",(208) 495-5366,https://larrysperformanceandservices.voolt.com/,4.8,21,https://maps.google.com/?cid=2651558550716353114&g_mp=Cidnb29nbGUubWFwcy5wbGFjZXMudjEuUGxhY2VzLlNlYXJjaFRleHQQAhgEIAA,OPERATIONAL,"car_repair,service,point_of_interest,establishment",Auto repair,Kuna
ChIJNdJGHihFrlQR34eRttpUH6A,The Wright Way Home And Auto,"1087 S New Summer Ave, Kuna, ID 83634, USA",(208) 410-0818,,5,1,https://maps.google.com/?cid=11538034068689094623&g_mp=Cidnb29nbGUubWFwcy5wbGFjZXMudjEuUGxhY2VzLlNlYXJjaFRleHQQAhgEIAA,OPERATIONAL,"car_repair,service,point_of_interest,establishment",Auto repair,Kuna
ChIJN9nX8lBFrlQRjUiZmr2HiL4,911 Engine Diagnostics,"1525 W 4th St, Kuna, ID 83634, USA",(801) 696-5911,http://911enginediagnostics.com/,5,8,https://maps.google.com/?cid=13729372712451262605&g_mp=Cidnb29nbGUubWFwcy5wbGFjZXMudjEuUGxhY2VzLlNlYXJjaFRleHQQAhgEIAA,OPERATIONAL,"car_repair,service,point_of_interest,establishment",Auto repair,Kuna
ChIJn66FJjNFrlQRoIlNPh7aGfQ,Commercial Tire,"997 N Meridian Rd, Kuna, ID 83634, USA",(208) 675-1189,https://commercialtire.com/locations/kuna?utm_source=Local&utm_medium=Listings&utm_campaign=Brand,4.8,302,https://maps.google.com/?cid=17589329643101325728&g_mp=Cidnb29nbGUubWFwcy5wbGFjZXMudjEuUGxhY2VzLlNlYXJjaFRleHQQAhgEIAA,OPERATIONAL,"tire_shop,auto_parts_store,car_repair,service,store,point_of_interest,establishment",Auto repair,Kuna
ChIJA2fUOj1FrlQR5uTU56Gh4ok,Les Schwab Tire Center,"975 E Avalon St, Kuna, ID 83634, USA",(208) 922-4884,https://www.lesschwab.com/stores/id/kuna/975-e-avalon-st?utm_source=google&utm_medium=organic&utm_campaign=gmb-homepage,4.4,511,https://maps.google.com/?cid=9935681444684031206&g_mp=Cidnb29nbGUubWFwcy5wbGFjZXMudjEuUGxhY2VzLlNlYXJjaFRleHQQAhgEIAA,OPERATIONAL,"tire_shop,auto_parts_store,car_repair,service,store,point_of_interest,establishment",Auto repair,Kuna
ChIJ8RQ1U6xFrlQR31y2dRXBW-I,"Edwards Small Engine Repair, LLC","521 N Sourwood Ave, Kuna, ID 83634, USA",(208) 579-2229,,4.8,19,https://maps.google.com/?cid=16310842773365742815&g_mp=Cidnb29nbGUubWFwcy5wbGFjZXMudjEuUGxhY2VzLlNlYXJjaFRleHQQAhgEIAA,OPERATIONAL,"car_dealer,car_repair,service,store,point_of_interest,establishment",Auto repair,Kuna
ChIJOe4V7nxFrlQRLwx0Ve_oBxQ,March Motors LLC,"958 W Avalon St, Kuna, ID 83634, USA",(208) 817-7777,,3.1,17,https://maps.google.com/?cid=1443378320224029743&g_mp=Cidnb29nbGUubWFwcy5wbGFjZXMudjEuUGxhY2VzLlNlYXJjaFRleHQQAhgEIAA,OPERATIONAL,"car_dealer,service,store,point_of_interest,establishment",Auto repair,Kuna
ChIJcbDkhMRFrlQRoHMuLVVRuxQ,LWK Services,"780 S Ten Mile Rd, Kuna, ID 83634, USA",,,,0,https://maps.google.com/?cid=1493877127675540384&g_mp=Cidnb29nbGUubWFwcy5wbGFjZXMudjEuUGxhY2VzLlNlYXJjaFRleHQQAhgEIAA,OPERATIONAL,"car_repair,service,point_of_interest,establishment",Auto repair,Kuna
ChIJK6Pl6EFarlQRyvO--usPBok,Jerrys Repair & Services,"10850 W Hubbard Rd, Kuna, ID 83634, USA",(208) 562-0983,,4,3,https://maps.google.com/?cid=9873596739254940618&g_mp=Cidnb29nbGUubWFwcy5wbGFjZXMudjEuUGxhY2VzLlNlYXJjaFRleHQQAhgEIAA,OPERATIONAL,"car_repair,point_of_interest,service,establishment",Mechanic,Kuna
ChIJC6g1lBNFrlQRH3GYTlGQC-A,Kuna Machine Shop,"251 W Main St, Kuna, ID 83634, USA",(208) 922-4546,https://sites.google.com/view/kunamachineshop/home,4.7,13,https://maps.google.com/?cid=16144155968125038879&g_mp=Cidnb29nbGUubWFwcy5wbGFjZXMudjEuUGxhY2VzLlNlYXJjaFRleHQQAhgEIAA,OPERATIONAL,"manufacturer,point_of_interest,establishment",Mechanic,Kuna
ChIJmxbwdQ9FrlQRwUIcs1XP258,Excellent Quality Cleaning Service,"679 S Best Business Ave, Kuna, ID 83634, USA",(208) 422-4483,http://www.eqcleaningservice.com/,5,100,https://maps.google.com/?cid=11519028438914319041&g_mp=Cidnb29nbGUubWFwcy5wbGFjZXMudjEuUGxhY2VzLlNlYXJjaFRleHQQAhgEIAA,OPERATIONAL,"point_of_interest,service,establishment",Cleaning service,Kuna
ChIJeVfn07lPrlQRVL2TJ_tBh6E,Sweeping Beauties Construction Cleaning Inc,"2705 W Gainsboro Dr, Kuna, ID 83634, USA",(208) 739-6999,,5,18,https://maps.google.com/?cid=11639344308918926676&g_mp=Cidnb29nbGUubWFwcy5wbGFjZXMudjEuUGxhY2VzLlNlYXJjaFRleHQQAhgEIAA,OPERATIONAL,"point_of_interest,service,establishment",Cleaning service,Kuna
ChIJyROa9r7_rlQRjMzI6LDwUCU,Always Better Cleaning,"322 W 4th St, Kuna, ID 83634, USA",(208) 870-5416,,4.7,31,https://maps.google.com/?cid=2688913620150570124&g_mp=Cidnb29nbGUubWFwcy5wbGFjZXMudjEuUGxhY2VzLlNlYXJjaFRleHQQAhgEIAA,OPERATIONAL,"point_of_interest,service,establishment",Cleaning service,Kuna
ChIJofKL9GdFrlQRVIL6l16nZj8,Idaho Mountain Cleaning,"550 W Deer Flat Rd, Kuna, ID 83634, USA",(208) 922-4119,http://idahomountaincleaning.com/contact.htm,2.3,6,https://maps.google.com/?cid=4568522896732488276&g_mp=Cidnb29nbGUubWFwcy5wbGFjZXMudjEuUGxhY2VzLlNlYXJjaFRleHQQAhgEIAA,OPERATIONAL,"service,point_of_interest,establishment",Janitorial service,Kuna
ChIJEyre0sPfmoARLSpHetW3jwc,Just Nailed It! Home Services LLC,"1052 S wiston Pl, Kuna, ID 83634, USA",(208) 929-5288,http://www.justnailedit208.com/,5,17,https://maps.google.com/?cid=544856207442520621&g_mp=Cidnb29nbGUubWFwcy5wbGFjZXMudjEuUGxhY2VzLlNlYXJjaFRleHQQAhgEIAA,OPERATIONAL,"home_goods_store,store,general_contractor,service,point_of_interest,establishment",Handyman,Kuna
ChIJf101iD9FrlQR6KxW5xqLai8,Handyman Jim,"460 W Boise St, Kuna, ID 83634, USA",(208) 922-4927,,4.3,3,https://maps.google.com/?cid=3416696214980570344&g_mp=Cidnb29nbGUubWFwcy5wbGFjZXMudjEuUGxhY2VzLlNlYXJjaFRleHQQAhgEIAA,OPERATIONAL,"general_contractor,service,point_of_interest,establishment",Handyman,Kuna
ChIJo_VjHlBFrlQRDuldJERoqvk,Kuna Paint Werx,"1925 N Summerwind Pl, Kuna, ID 83634, USA",(208) 495-4475,https://www.kunapaintwerx.com/?utm_source=google&utm_medium=wix_google_business_profile&utm_campaign=16412652591512079240,5,2,https://maps.google.com/?cid=17990306303362066702&g_mp=Cidnb29nbGUubWFwcy5wbGFjZXMudjEuUGxhY2VzLlNlYXJjaFRleHQQAhgEIAA,OPERATIONAL,"painter,service,point_of_interest,establishment",Painter,Kuna
ChIJE1xCCspFrlQRAvr-rkEebgU,A Better Touch Painting,"1691 W Sahara Dr, Kuna, ID 83634, USA",(208) 960-2501,,5,2,https://maps.google.com/?cid=391283485085465090&g_mp=Cidnb29nbGUubWFwcy5wbGFjZXMudjEuUGxhY2VzLlNlYXJjaFRleHQQAhgEIAA,OPERATIONAL,"painter,service,point_of_interest,establishment",Painter,Kuna
ChIJOaaq4-ZFrlQRpLtGUu6yHHk,TruCoat Painting LLC & Epoxy Coatings,"E Wood Owl Dr, Kuna, ID 83634, USA",,,5,66,https://maps.google.com/?cid=8727046914589506468&g_mp=Cidnb29nbGUubWFwcy5wbGFjZXMudjEuUGxhY2VzLlNlYXJjaFRleHQQAhgEIAA,OPERATIONAL,"general_contractor,service,point_of_interest,establishment",Painter,Kuna
ChIJ19jaDYRFrlQR8EMRpqAA6YA,Quality Coats Painting,"973 S Rangipo Ave, Kuna, ID 83634, USA",(208) 409-5269,https://www.qualitycoatspainting.net/,5,1,https://maps.google.com/?cid=9288956396409275376&g_mp=Cidnb29nbGUubWFwcy5wbGFjZXMudjEuUGxhY2VzLlNlYXJjaFRleHQQAhgEIAA,OPERATIONAL,"painter,service,point_of_interest,establishment",Painter,Kuna
ChIJHf_mYQ9FrlQRqgd9ySMM_wE,Payette River Painting LLC,"1577 N Linder Ave #200, Kuna, ID 83634, USA",(208) 794-0274,,5,5,https://maps.google.com/?cid=143847060942948266&g_mp=Cidnb29nbGUubWFwcy5wbGFjZXMudjEuUGxhY2VzLlNlYXJjaFRleHQQAhgEIAA,OPERATIONAL,"point_of_interest,establishment",Painter,Kuna
ChIJHUdSds9PrlQRWvFuftYn0xM,Idaho Paint Works,"1315 W Heartland Dr, Kuna, ID 83634, USA",(208) 260-0730,https://idahopaintworks.com/,5,3,https://maps.google.com/?cid=1428529309004263770&g_mp=Cidnb29nbGUubWFwcy5wbGFjZXMudjEuUGxhY2VzLlNlYXJjaFRleHQQAhgEIAA,OPERATIONAL,"point_of_interest,establishment",Painter,Kuna
ChIJ85DBcGtbrlQRicR69fLTr9c,American Viking Concrete LLC,"E Deer Flat Rd, Kuna, ID 83634, USA",(208) 270-2414,http://vikingconcrete.us/,4.8,17,https://maps.google.com/?cid=15541873879532881033&g_mp=Cidnb29nbGUubWFwcy5wbGFjZXMudjEuUGxhY2VzLlNlYXJjaFRleHQQAhgEIAA,OPERATIONAL,"general_contractor,service,point_of_interest,establishment",Concrete contractor,Kuna
ChIJhe4-ttItsgkRxZI26XnGURo,RRR Concrete,"2324 N Opal Fls Wy, Kuna, ID 83634, USA",(208) 721-0564,https://rrrconcrete.com/,5,20,https://maps.google.com/?cid=1896515145005699781&g_mp=Cidnb29nbGUubWFwcy5wbGFjZXMudjEuUGxhY2VzLlNlYXJjaFRleHQQAhgEIAA,OPERATIONAL,"general_contractor,supplier,service,point_of_interest,establishment",Concrete contractor,Kuna
ChIJC33wDBlFrlQRrkMOk6btFhU,"Peak Concrete Construction, Llc","679 E Stagecoach Way, Kuna, ID 83634, USA",(208) 994-2201,,3.3,3,https://maps.google.com/?cid=1519663223971660718&g_mp=Cidnb29nbGUubWFwcy5wbGFjZXMudjEuUGxhY2VzLlNlYXJjaFRleHQQAhgEIAA,OPERATIONAL,"general_contractor,service,point_of_interest,establishment",Concrete contractor,Kuna
ChIJNwGYv0NFrlQRi8iYHrashh4,Martin Construction LLC,"2072 N Sepia Ave, Kuna, ID 83634, USA",(208) 412-4424,https://martinconstructionboise.com/,4.9,14,https://maps.google.com/?cid=2199635366214420619&g_mp=Cidnb29nbGUubWFwcy5wbGFjZXMudjEuUGxhY2VzLlNlYXJjaFRleHQQAhgEIAA,OPERATIONAL,"general_contractor,service,point_of_interest,establishment",Concrete contractor,Kuna
ChIJbYw8rm1PrlQR1Q7YGRIPBs0,208 Mudslingers,"2072 N Sepia Ave, Kuna, ID 83634, USA",(208) 412-4424,http://www.martinconstructionboise.com/,5,5,https://maps.google.com/?cid=14773512198052908757&g_mp=Cidnb29nbGUubWFwcy5wbGFjZXMudjEuUGxhY2VzLlNlYXJjaFRleHQQAhgEIAA,OPERATIONAL,"general_contractor,service,point_of_interest,establishment",Concrete contractor,Kuna
ChIJ6xlwHQRbrlQRFyFnRSBRHX0,Gibson Concrete Sawing and Demolition,"5150 E King Rd, Kuna, ID 83634, USA",(208) 586-0358,https://www.gibsonconcretesawing.com/,5,2,https://maps.google.com/?cid=9015451228110790935&g_mp=Cidnb29nbGUubWFwcy5wbGFjZXMudjEuUGxhY2VzLlNlYXJjaFRleHQQAhgEIAA,OPERATIONAL,"general_contractor,service,point_of_interest,establishment",Concrete contractor,Kuna
ChIJ3dsOoAVQrlQRYJgw5cUgeC0,Concrete Connection LLC,"Kuna, ID 83634, USA",(208) 922-4983,,,0,https://maps.google.com/?cid=3276404763237849184&g_mp=Cidnb29nbGUubWFwcy5wbGFjZXMudjEuUGxhY2VzLlNlYXJjaFRleHQQAhgEIAA,OPERATIONAL,"general_contractor,service,point_of_interest,establishment",Concrete contractor,Kuna
ChIJuSL79xxFrlQRnFDxBP_EWqU,A1 Concrete Pumping,"10673 W Lake Hazel Rd #73, Boise, ID 83709, USA",(208) 602-0448,http://a1pumpco.com/?utm_source=gmb&utm_medium=referral,5,16,https://maps.google.com/?cid=11915052363740696732&g_mp=Cidnb29nbGUubWFwcy5wbGFjZXMudjEuUGxhY2VzLlNlYXJjaFRleHQQAhgEIAA,OPERATIONAL,"general_contractor,service,point_of_interest,establishment",Concrete contractor,Kuna
ChIJjRGd6E6nKycRsa9rR7lJtvc,Solidified Construction,"8433 Robinson Rd, Kuna, ID 83634, USA",(208) 513-5146,,,0,https://maps.google.com/?cid=17849535233245556657&g_mp=Cidnb29nbGUubWFwcy5wbGFjZXMudjEuUGxhY2VzLlNlYXJjaFRleHQQAhgEIAA,OPERATIONAL,"general_contractor,service,point_of_interest,establishment",Concrete contractor,Kuna
ChIJpbIb65pFrlQRLV18-UPJTJ0,Ncc concrete construction,"200 Orchard Ave, Kuna, ID 83634, USA",(208) 860-9306,,,0,https://maps.google.com/?cid=11334655655970364717&g_mp=Cidnb29nbGUubWFwcy5wbGFjZXMudjEuUGxhY2VzLlNlYXJjaFRleHQQAhgEIAA,OPERATIONAL,"general_contractor,service,point_of_interest,establishment",Concrete contractor,Kuna
ChIJdRroFrZPrlQRNswDalfotis,Gatekeeper,"8917 S Red Delicious Ave, Kuna, ID 83634, USA",(208) 919-0099,https://gatekeeperco.com/,5,1,https://maps.google.com/?cid=3149960451530673206&g_mp=Cidnb29nbGUubWFwcy5wbGFjZXMudjEuUGxhY2VzLlNlYXJjaFRleHQQAhgEIAA,OPERATIONAL,"general_contractor,service,point_of_interest,establishment",Fencing contractor,Kuna
ChIJ3b91rUBXBSkRRGB1y7JqdO4,Priceless Tree Care LLC,"1640 N Two Pt Pl, Kuna, ID 83634, USA",(208) 275-9025,https://pricelesstreecare.com/,5,99,https://maps.google.com/?cid=17182475794475475012&g_mp=Cidnb29nbGUubWFwcy5wbGFjZXMudjEuUGxhY2VzLlNlYXJjaFRleHQQAhgEIAA,OPERATIONAL,"service,point_of_interest,establishment",Tree service,Kuna
ChIJeZtu3sBFrlQRaEZGQItqbKY,Kuna Tree Service Experts,"1200 N Meridian Rd, Kuna, ID 83634, USA",(208) 314-3223,https://www.bestkunatreeservice.com/,5,1,https://maps.google.com/?cid=11992077054092133992&g_mp=Cidnb29nbGUubWFwcy5wbGFjZXMudjEuUGxhY2VzLlNlYXJjaFRleHQQAhgEIAA,OPERATIONAL,"service,point_of_interest,establishment",Tree service,Kuna
ChIJq6qqqlPUq1QRwviN63rdw4g,The Appliance Co,"106 Ash St, Bellevue, ID 83313, USA",(208) 788-4222,http://www.theappliancecompanyllc.com/,4.7,49,https://maps.google.com/?cid=9854963929624475842&g_mp=Cidnb29nbGUubWFwcy5wbGFjZXMudjEuUGxhY2VzLlNlYXJjaFRleHQQAhgEIAA,OPERATIONAL,"service,point_of_interest,establishment",Appliance repair,Kuna
ChIJzQ604hNFrlQR_j5IqzN-x-A,Superior Carpet & Upholstery Cleaning,"1298 N Cambrick Dr, Kuna, ID 83634, USA",(208) 453-2945,http://boisecarpets.com/,5,60,https://maps.google.com/?cid=16197053345243348734&g_mp=Cidnb29nbGUubWFwcy5wbGFjZXMudjEuUGxhY2VzLlNlYXJjaFRleHQQAhgEIAA,OPERATIONAL,"laundry,point_of_interest,service,establishment",Carpet cleaning,Kuna
ChIJcXDTI6FFrlQR-9-45SoMY8s,Ever Fresh Carpet Cleaning,"W Yukon Dr, Kuna, ID 83634, USA",(208) 922-1590,,5,4,https://maps.google.com/?cid=14655570990775984123&g_mp=Cidnb29nbGUubWFwcy5wbGFjZXMudjEuUGxhY2VzLlNlYXJjaFRleHQQAhgEIAA,OPERATIONAL,"laundry,point_of_interest,service,establishment",Carpet cleaning,Kuna
ChIJBWKRsZpTrlQR20ZvxB4ISP8,Gem State Carpet & Upholstery Cleaning L.L.C.,"9624, Kuna, ID 83634, USA",(208) 884-5448,,5,8,https://maps.google.com/?cid=18394961606232458971&g_mp=Cidnb29nbGUubWFwcy5wbGFjZXMudjEuUGxhY2VzLlNlYXJjaFRleHQQAhgEIAA,OPERATIONAL,"laundry,point_of_interest,service,establishment",Carpet cleaning,Kuna
ChIJFWUL7B1XrlQRnPJHGBNai2o,"Honu Clean Carpet, Upholstery & Tile Cleaning","10488 W Seneca Dr, Boise, ID 83709, USA",(208) 900-8711,https://www.boisescarpetcleaning.com/,5,23,https://maps.google.com/?cid=7677329027841389212&g_mp=Cidnb29nbGUubWFwcy5wbGFjZXMudjEuUGxhY2VzLlNlYXJjaFRleHQQAhgEIAA,OPERATIONAL,"laundry,point_of_interest,service,establishment",Carpet cleaning,Kuna
ChIJYd-nd-FFrlQR8pLQakqYjuA,Razors Edge Window Cleaning,"610 W 4th St, Kuna, ID 83634, USA",(208) 794-8921,,4.9,32,https://maps.google.com/?cid=16181037956575826674&g_mp=Cidnb29nbGUubWFwcy5wbGFjZXMudjEuUGxhY2VzLlNlYXJjaFRleHQQAhgEIAA,OPERATIONAL,"point_of_interest,service,establishment",Window cleaning,Kuna
ChIJrTSAon1FrlQRx3wVR_uYhcw,Brad's Window Cleaning Services,"1145 W Art Ct, Kuna, ID 83634, USA",,,5,2,https://maps.google.com/?cid=14737353560636619975&g_mp=Cidnb29nbGUubWFwcy5wbGFjZXMudjEuUGxhY2VzLlNlYXJjaFRleHQQAhgEIAA,OPERATIONAL,"point_of_interest,service,establishment",Window cleaning,Kuna
ChIJ1ytO2MKJMaoRdFS6iQPW2gg,Triple H Power Wash,"2960 W Kuna Mora Rd, Kuna, ID 83634, USA",(208) 286-8801,,5,1,https://maps.google.com/?cid=638057607910282356&g_mp=Cidnb29nbGUubWFwcy5wbGFjZXMudjEuUGxhY2VzLlNlYXJjaFRleHQQAhgEIAA,OPERATIONAL,"service,point_of_interest,establishment",Pressure washing,Kuna
ChIJ0a3TDz5FrlQRv0CDvxxPzL4,Pacific PowerWash,"900 W Luana Ln, Kuna, ID 83634, USA",(208) 870-0768,,5,9,https://maps.google.com/?cid=13748450747346010303&g_mp=Cidnb29nbGUubWFwcy5wbGFjZXMudjEuUGxhY2VzLlNlYXJjaFRleHQQAhgEIAA,OPERATIONAL,"service,point_of_interest,establishment",Pressure washing,Kuna
ChIJ10yY5GxHrlQRwEOURvYttpo,ASAP Septic,"7121 Beautiful View Cir, Melba, ID 83641, USA",(208) 991-7184,,5,47,https://maps.google.com/?cid=11148148463371568064&g_mp=Cidnb29nbGUubWFwcy5wbGFjZXMudjEuUGxhY2VzLlNlYXJjaFRleHQQAhgEIAA,OPERATIONAL,"point_of_interest,service,establishment",Septic service,Kuna
ChIJ6T8TvlVGrlQRc_D863DPH_w,Nampa Septic Services,"5489 Happy Vally Rd, Kuna, ID 83634, USA",(208) 466-1045,,5,10,https://maps.google.com/?cid=18167467505738379379&g_mp=Cidnb29nbGUubWFwcy5wbGFjZXMudjEuUGxhY2VzLlNlYXJjaFRleHQQAhgEIAA,OPERATIONAL,"plumber,point_of_interest,service,establishment",Septic service,Kuna
ChIJEyiFgTBFrlQRZ9Sl_CXx0dc,MG Worx LLC,"974 E Firestone Dr, Kuna, ID 83634, USA",(208) 740-8357,https://www.angi.com/companylist/us/id/kuna/mg-worx-reviews-10287526.htm,5,22,https://maps.google.com/?cid=15551476133741843559&g_mp=Cidnb29nbGUubWFwcy5wbGFjZXMudjEuUGxhY2VzLlNlYXJjaFRleHQQAhgEIAA,OPERATIONAL,"general_contractor,point_of_interest,service,establishment",Septic service,Kuna
ChIJG5vo-lNuCI8RaHOseobMsAU,Acclimated Flooring LLC,"412 W Tehuti St, Kuna, ID 83634, USA",(208) 570-0000,https://acclimatedflooringllc.com/,5,1,https://maps.google.com/?cid=410052444046521192&g_mp=Cidnb29nbGUubWFwcy5wbGFjZXMudjEuUGxhY2VzLlNlYXJjaFRleHQQAhgEIAA,OPERATIONAL,"general_contractor,point_of_interest,service,establishment",Flooring contractor,Kuna
ChIJU1UK9chFrlQR6hDlD30RLX8,BareFoot Floors,"689 E Access St Suite 110, Kuna, ID 83634, USA",(208) 268-8080,,3,1,https://maps.google.com/?cid=9164000045604081898&g_mp=Cidnb29nbGUubWFwcy5wbGFjZXMudjEuUGxhY2VzLlNlYXJjaFRleHQQAhgEIAA,OPERATIONAL,"general_contractor,point_of_interest,service,establishment",Flooring contractor,Kuna
ChIJcRMjZqT3rlQRktdMeP1fiH8,"King Hardwood Floors, LLC","1245 Lake Hazel Ln, Boise, ID 83705, USA",(208) 803-1136,https://kinghardwoodfloorsboise.com/,4.9,70,https://maps.google.com/?cid=9189700581899163538&g_mp=Cidnb29nbGUubWFwcy5wbGFjZXMudjEuUGxhY2VzLlNlYXJjaFRleHQQAhgEIAA,OPERATIONAL,"general_contractor,point_of_interest,service,establishment",Flooring contractor,Kuna
ChIJY95uV49FrlQRojCA2KbQv8A,Treasure valley finish carpentry llc,"1081 S Moorside Ave, Kuna, ID 83634, USA",(208) 242-6696,https://www.treasurevalleyfinishcarpentry.com/,5,4,https://maps.google.com/?cid=13889049190849327266&g_mp=Cidnb29nbGUubWFwcy5wbGFjZXMudjEuUGxhY2VzLlNlYXJjaFRleHQQAhgEIAA,OPERATIONAL,"point_of_interest,service,establishment",Flooring contractor,Kuna
ChIJ8Tb60BFarlQRHuOlswxoyLE,Mykle's Hardwood Floors,"10349 W Fox Brush Dr, Boise, ID 83709, USA",(208) 412-3012,,5,2,https://maps.google.com/?cid=12810603543818265374&g_mp=Cidnb29nbGUubWFwcy5wbGFjZXMudjEuUGxhY2VzLlNlYXJjaFRleHQQAhgEIAA,OPERATIONAL,"general_contractor,point_of_interest,service,establishment",Flooring contractor,Kuna
ChIJZWNc2mhWrlQRKvQmTIxkdR4,Treasure Valley Floor Coverings & Designs,"121 N Benjamin Ln, Boise, ID 83704, USA",(208) 322-9240,https://www.treasurevalleyfloorcoverings.com/,4.8,25,https://maps.google.com/?cid=2194770947148805162&g_mp=Cidnb29nbGUubWFwcy5wbGFjZXMudjEuUGxhY2VzLlNlYXJjaFRleHQQAhgEIAA,OPERATIONAL,"furniture_store,home_improvement_store,general_contractor,building_materials_store,home_goods_store,manufacturer,store,point_of_interest,service,establishment",Flooring contractor,Kuna
ChIJAQBUOuFZrlQRQ7ZHspJopVg,"Titan Stone and Tile, LLC","408 N Maple Grove Rd, Boise, ID 83704, USA",(208) 899-7587,,5,6,https://maps.google.com/?cid=6387626625760474691&g_mp=Cidnb29nbGUubWFwcy5wbGFjZXMudjEuUGxhY2VzLlNlYXJjaFRleHQQAhgEIAA,OPERATIONAL,"general_contractor,service,point_of_interest,establishment",Tile contractor,Kuna
ChIJuRwXJRNFrlQRE-Ixrd-eTeI,All Hardwoodz,"455 N Marteeson Ave, Kuna, ID 83634, USA",(208) 922-2020,,,0,https://maps.google.com/?cid=16306864509299057171&g_mp=Cidnb29nbGUubWFwcy5wbGFjZXMudjEuUGxhY2VzLlNlYXJjaFRleHQQAhgEIAA,OPERATIONAL,"general_contractor,home_goods_store,store,service,manufacturer,point_of_interest,establishment",Cabinet maker,Kuna
ChIJWeSkXF1FrlQRv7Vw1VKt2Ho,Sawtooth Woodworks LLC,"1915 W Hedgerow St, Kuna, ID 83634, USA",(208) 286-1966,http://sawtoothwoodworks.us/,,0,https://maps.google.com/?cid=8852015638876566975&g_mp=Cidnb29nbGUubWFwcy5wbGFjZXMudjEuUGxhY2VzLlNlYXJjaFRleHQQAhgEIAA,OPERATIONAL,"manufacturer,point_of_interest,establishment",Cabinet maker,Kuna
ChIJS70n1plRrlQR5014z0pZwBc,The Cut Woodworking Designs,"321 W Galvani Dr, Meridian, ID 83642, USA",(208) 504-6564,https://www.thecutwoodworking.com/,5,25,https://maps.google.com/?cid=1711466036244008423&g_mp=Cidnb29nbGUubWFwcy5wbGFjZXMudjEuUGxhY2VzLlNlYXJjaFRleHQQAhgEIAA,OPERATIONAL,"general_contractor,service,manufacturer,point_of_interest,establishment",Cabinet maker,Kuna
ChIJ__9zQItPrlQRWYhV0s89O68,Bynum Woodworks,"1347 W Heartland Dr, Kuna, ID 83634, USA",(970) 946-5598,https://bynumwoodworks.com/contact/,,0,https://maps.google.com/?cid=12626753943059662937&g_mp=Cidnb29nbGUubWFwcy5wbGFjZXMudjEuUGxhY2VzLlNlYXJjaFRleHQQAhgEIAA,OPERATIONAL,"service,manufacturer,point_of_interest,establishment",Cabinet maker,Kuna
ChIJAQB85GVFrlQRkrUmAZbKvXw,Redtail Renovations,"1365 N Antimony Pl, Kuna, ID 83634, USA",(208) 830-9912,https://www.redtail-renovations.com/contact,5,1,https://maps.google.com/?cid=8988563176914597266&g_mp=Cidnb29nbGUubWFwcy5wbGFjZXMudjEuUGxhY2VzLlNlYXJjaFRleHQQAhgEIAA,OPERATIONAL,"home_goods_store,general_contractor,service,store,point_of_interest,establishment",Kitchen remodel,Kuna
ChIJaw6aybBFrlQRl02mOp6w-0A,Ivory Construction,"846 S Ash Ave, Kuna, ID 83634, USA",(208) 412-3467,https://www.ivorybuilt.com/custom-home-builder-kuna,5,5,https://maps.google.com/?cid=4682530431217061271&g_mp=Cidnb29nbGUubWFwcy5wbGFjZXMudjEuUGxhY2VzLlNlYXJjaFRleHQQAhgEIAA,OPERATIONAL,"general_contractor,service,point_of_interest,establishment",Kitchen remodel,Kuna
ChIJa8PzpswRMIERqxdSzzbGQao,Remodel Authority,"6700 W McGlochlin St, Boise, ID 83709, USA",(208) 941-3536,http://www.remodelauthority.com/,5,60,https://maps.google.com/?cid=12268304798642739115&g_mp=Cidnb29nbGUubWFwcy5wbGFjZXMudjEuUGxhY2VzLlNlYXJjaFRleHQQAhgEIAA,OPERATIONAL,"service,point_of_interest,establishment",Kitchen remodel,Kuna
ChIJIXh706FFrlQRjc1R2uigrxo,Marble Builders of Boise,"1905 Klemmer Ave N, Kuna, ID 83634, USA",(208) 314-6442,http://marble-builders.com/,4.8,53,https://maps.google.com/?cid=1922932487866142093&g_mp=Cidnb29nbGUubWFwcy5wbGFjZXMudjEuUGxhY2VzLlNlYXJjaFRleHQQAhgEIAA,OPERATIONAL,"service,point_of_interest,establishment",Kitchen remodel,Kuna
ChIJK3KGtHhFrlQRfFl9z1B8aOo,Rooster Construction LLC,"Kuna, ID 83634, USA",(701) 300-3794,https://roosterenterprisesllc.com/,5,3,https://maps.google.com/?cid=16890887088973371772&g_mp=Cidnb29nbGUubWFwcy5wbGFjZXMudjEuUGxhY2VzLlNlYXJjaFRleHQQAhgEIAA,OPERATIONAL,"general_contractor,service,point_of_interest,establishment",Kitchen remodel,Kuna
ChIJoVTlW6xXrlQRuTaglXffUy4,Ander Ford Construction & Remodeling,"11058 W Hydrangea St, Boise, ID 83709, USA",(208) 562-9737,http://anderfordconstruction.com/?utm_source=google&utm_medium=wix_google_business_profile&utm_campaign=18149927672763809543,4.7,24,https://maps.google.com/?cid=3338257453516076729&g_mp=Cidnb29nbGUubWFwcy5wbGFjZXMudjEuUGxhY2VzLlNlYXJjaFRleHQQAhgEIAA,OPERATIONAL,"supplier,home_goods_store,general_contractor,service,store,point_of_interest,establishment",Kitchen remodel,Kuna
ChIJtSNy3aRFrlQRNns2lns6HCk,TM Construction of Idaho LLC,"1873 W Yukon Dr, Kuna, ID 83634, USA",(208) 899-7361,https://tmconstructionidaho.com/,5,15,https://maps.google.com/?cid=2962306957378485046&g_mp=Cidnb29nbGUubWFwcy5wbGFjZXMudjEuUGxhY2VzLlNlYXJjaFRleHQQAhgEIAA,OPERATIONAL,"general_contractor,point_of_interest,service,establishment",General contractor,Kuna
ChIJkR6UEzPULSoRLWhqVBy7Zl0,Rohrer Construction,"175 N Orch Ave, Kuna, ID 83634, USA",(208) 919-6710,,5,13,https://maps.google.com/?cid=6730272423501522989&g_mp=Cidnb29nbGUubWFwcy5wbGFjZXMudjEuUGxhY2VzLlNlYXJjaFRleHQQAhgEIAA,OPERATIONAL,"general_contractor,point_of_interest,service,establishment",General contractor,Kuna
ChIJMR2hL1JFrlQRffGUCBFOuSM,Salguero Construction LLC,"1349 N El Camino Ave, Kuna, ID 83634, USA",(303) 472-8379,https://esalgueroconstruction.com/,,0,https://maps.google.com/?cid=2574174497084338557&g_mp=Cidnb29nbGUubWFwcy5wbGFjZXMudjEuUGxhY2VzLlNlYXJjaFRleHQQAhgEIAA,OPERATIONAL,"general_contractor,point_of_interest,service,establishment",General contractor,Kuna
ChIJVVXFNhlGrlQRlTOoraqpuVQ,KC Construction,"7605 S Happy Valley Rd, Kuna, ID 83634, USA",(208) 392-7952,,5,2,https://maps.google.com/?cid=6105097320400434069&g_mp=Cidnb29nbGUubWFwcy5wbGFjZXMudjEuUGxhY2VzLlNlYXJjaFRleHQQAhgEIAA,OPERATIONAL,"general_contractor,point_of_interest,service,establishment",General contractor,Kuna
ChIJPTuhaF5FrlQRjdIpKZQbIX4,Aqua Water Damage Restoration Kuna ID,"478 W Main St, Kuna, ID 83634, USA",(208) 301-9887,https://aquawaterdamagerestorationkunaid.com/,5,33,https://maps.google.com/?cid=9088575846170088077&g_mp=Cidnb29nbGUubWFwcy5wbGFjZXMudjEuUGxhY2VzLlNlYXJjaFRleHQQAhgEIAA,OPERATIONAL,"general_contractor,point_of_interest,service,establishment",General contractor,Kuna
ChIJ9750CBNFrlQRSTlZSNLGHZY,Burdick Construction LLC,"439 W Main St, Kuna, ID 83634, USA",(208) 866-8083,,,0,https://maps.google.com/?cid=10817020486473038153&g_mp=Cidnb29nbGUubWFwcy5wbGFjZXMudjEuUGxhY2VzLlNlYXJjaFRleHQQAhgEIAA,OPERATIONAL,"general_contractor,point_of_interest,service,establishment",General contractor,Kuna
ChIJR2Cv0llFrlQRY0c8pzMXLyw,Sterling Ranch,"1120 E Whitetail Ct, Kuna, ID 83634, USA",(208) 994-6530,https://www.buildidaho.com/kuna-homes-for-sale/sterling-ranch-subdivision/,4.7,3,https://maps.google.com/?cid=3183788972190746467&g_mp=Cidnb29nbGUubWFwcy5wbGFjZXMudjEuUGxhY2VzLlNlYXJjaFRleHQQAhgEIAA,OPERATIONAL,"general_contractor,point_of_interest,service,establishment",General contractor,Kuna
ChIJ8zdf6HhYrlQRTQmtJiIuNYY,Inland Foundation Specialties,"6931 Supply Way, Boise, ID 83716, USA",(208) 367-1699,https://www.inlandfoundationspecialties.com/,4.4,5,https://maps.google.com/?cid=9670686499060648269&g_mp=Cidnb29nbGUubWFwcy5wbGFjZXMudjEuUGxhY2VzLlNlYXJjaFRleHQQAhgEIAA,OPERATIONAL,"general_contractor,service,point_of_interest,establishment",Foundation repair,Kuna
ChIJdyIRJ4H4rlQRC07Zk8lHfeU,Concrete Cutting Services,"8555 Coveyridge Ln, Boise, ID 83709, USA",(208) 991-8297,https://www.ccs-idaho.com/,5,24,https://maps.google.com/?cid=16536452337868819979&g_mp=Cidnb29nbGUubWFwcy5wbGFjZXMudjEuUGxhY2VzLlNlYXJjaFRleHQQAhgEIAA,OPERATIONAL,"general_contractor,service,point_of_interest,establishment",Foundation repair,Kuna
ChIJAQCsa5pWrlQR6KIq0-TB9Cc,"idaho gutter & shade solutions , inc .","11451 W Colony St, Boise, ID 83709, USA",(208) 999-0729,https://idahogutter.com/contact-us,5,2,https://maps.google.com/?cid=2879139250336080616&g_mp=Cidnb29nbGUubWFwcy5wbGFjZXMudjEuUGxhY2VzLlNlYXJjaFRleHQQAhgEIAA,OPERATIONAL,"service,point_of_interest,establishment",Gutter installation,Kuna
ChIJ70lAAAxXrlQR2J2gpn9845g,"DC Service Experts, LLC.","1113 W Oak Tree Dr, Kuna, ID 83634, USA",(208) 412-4574,https://www.dcserviceexpertsllc.com/,,0,https://maps.google.com/?cid=11016786001176600024&g_mp=Cidnb29nbGUubWFwcy5wbGFjZXMudjEuUGxhY2VzLlNlYXJjaFRleHQQAhgEIAA,OPERATIONAL,"general_contractor,service,point_of_interest,establishment",Drywall contractor,Kuna
ChIJdfqylShPrlQRaLutfv12tVc,NWP Spray Foam Insulation,"8541 Prosperity Dr, Kuna, ID 83634, USA",(208) 830-2200,http://www.nwpinsulation.com/,,0,https://maps.google.com/?cid=6320088483208477544&g_mp=Cidnb29nbGUubWFwcy5wbGFjZXMudjEuUGxhY2VzLlNlYXJjaFRleHQQAhgEIAA,OPERATIONAL,"general_contractor,point_of_interest,service,establishment",Insulation contractor,Kuna
ChIJkx8BeTJXrlQRSewcCcbpawU,IDI: Insulation Distributors Inc.,"12501 W Franklin Rd, Boise, ID 83709, USA",(208) 519-4305,https://www.idi-insulation.com/location/boise-id/?utm_source=google&utm_medium=organic&utm_campaign=gmb,5,19,https://maps.google.com/?cid=390662829463366729&g_mp=Cidnb29nbGUubWFwcy5wbGFjZXMudjEuUGxhY2VzLlNlYXJjaFRleHQQAhgEIAA,OPERATIONAL,"building_materials_store,wholesaler,point_of_interest,store,establishment",Insulation contractor,Kuna
ChIJ76mABtDHYVMRB79VrMqy7YY,Lakeview Decks & Construction,"3157 W Bellanca Ct, Hayden, ID 83835, USA",(208) 916-4602,https://lakeviewdecks.com/,5,40,https://maps.google.com/?cid=9722623754107207431&g_mp=Cidnb29nbGUubWFwcy5wbGFjZXMudjEuUGxhY2VzLlNlYXJjaFRleHQQAhgEIAA,OPERATIONAL,"general_contractor,point_of_interest,service,establishment",Deck builder,Kuna
ChIJ65T0AiNFrlQRCPt_daxD0Yk,K & E transport,"1299 N School Ave, Kuna, ID 83634, USA",(208) 714-9168,http://idahomobilemovers.com/,5,70,https://maps.google.com/?cid=9930793061313411848&g_mp=Cidnb29nbGUubWFwcy5wbGFjZXMudjEuUGxhY2VzLlNlYXJjaFRleHQQAhgEIAA,OPERATIONAL,"moving_company,transportation_service,service,point_of_interest,establishment",Moving company,Kuna
ChIJewjiI3tFrlQRdICXMBbxjPg,Kuna Caves Storage,"1795 W Deer Flat Rd, Kuna, ID 83634, USA",(208) 922-5507,https://www.kunacavesstorage.com/1795-west-deer-flat-road-kuna-id-83634,4.6,157,https://maps.google.com/?cid=17909954895752429684&g_mp=Cidnb29nbGUubWFwcy5wbGFjZXMudjEuUGxhY2VzLlNlYXJjaFRleHQQAhgEIAA,OPERATIONAL,"moving_company,storage,transportation_service,service,point_of_interest,establishment",Moving company,Kuna
ChIJuz-sAoRXrlQRgkmDIOl2C9A,J&B FLATBED SERVICE LLC,"5700 W Gowen Rd #101, Boise, ID 83709, USA",(208) 880-3800,http://jbflatbedservice.com/,4.7,15,https://maps.google.com/?cid=14991206528277760386&g_mp=Cidnb29nbGUubWFwcy5wbGFjZXMudjEuUGxhY2VzLlNlYXJjaFRleHQQAhgEIAA,OPERATIONAL,"moving_company,transportation_service,service,point_of_interest,establishment",Moving company,Kuna
ChIJdeEBKdDghawRMegH6phzaHU,Clutter Crushers Junk Removal,"321 W Boise St, Kuna, ID 83634, USA",(208) 562-9702,http://www.cluttercrushersidaho.com/,5,74,https://maps.google.com/?cid=8460139000614086705&g_mp=Cidnb29nbGUubWFwcy5wbGFjZXMudjEuUGxhY2VzLlNlYXJjaFRleHQQAhgEIAA,OPERATIONAL,"point_of_interest,service,establishment",Junk removal,Kuna
ChIJtfWP0wRFrlQRnhUBmzNLql0,J & M Sanitation Inc.,"680 S Swan Falls Rd, Kuna, ID 83634, USA",(208) 922-3313,http://jmsanitation.com/,4.2,53,https://maps.google.com/?cid=6749289676584064414&g_mp=Cidnb29nbGUubWFwcy5wbGFjZXMudjEuUGxhY2VzLlNlYXJjaFRleHQQAhgEIAA,OPERATIONAL,"point_of_interest,service,establishment",Junk removal,Kuna
ChIJL8E--vpFrlQRm-XV16XIOD4,Action Glass & Windshield Repair,"825 W King Rd, Kuna, ID 83634, USA",(208) 850-4553,,5,22,https://maps.google.com/?cid=4483554043663607195&g_mp=Cidnb29nbGUubWFwcy5wbGFjZXMudjEuUGxhY2VzLlNlYXJjaFRleHQQAhgEIAA,OPERATIONAL,"car_repair,service,point_of_interest,establishment",Glass repair,Kuna
ChIJw9SIiRJFrlQRj7L7ueX8pks,Cascade Auto Glass,"689 E Access St, Kuna, ID 83634, USA",(208) 575-5744,https://cascadeautoglass.com/,5,2,https://maps.google.com/?cid=5451322462576554639&g_mp=Cidnb29nbGUubWFwcy5wbGFjZXMudjEuUGxhY2VzLlNlYXJjaFRleHQQAhgEIAA,OPERATIONAL,"car_repair,service,point_of_interest,establishment",Glass repair,Kuna
ChIJBVPD3gRXrlQR27kxn6hCUXo,D & A Glass Co Inc,"2667 S Victory View Way, Boise, ID 83709, USA",(208) 888-0077,https://www.daglass.net/,4.6,22,https://maps.google.com/?cid=8813899237733546459&g_mp=Cidnb29nbGUubWFwcy5wbGFjZXMudjEuUGxhY2VzLlNlYXJjaFRleHQQAhgEIAA,OPERATIONAL,"point_of_interest,establishment",Window repair,Kuna
ChIJ-ye4FwtRrlQRvzIDvEfivwY,Meridian Windows,"3240 S Meridian Rd, Meridian, ID 83642, USA",(208) 412-3933,https://windows-meridian.com/contact/,4.7,3,https://maps.google.com/?cid=486356082504184511&g_mp=Cidnb29nbGUubWFwcy5wbGFjZXMudjEuUGxhY2VzLlNlYXJjaFRleHQQAhgEIAA,OPERATIONAL,"point_of_interest,establishment",Window repair,Kuna
ChIJ9_ObKYDtLI0RYdOzsJiKKPE,The Rugged Bucket Tractor and Welding services LLC,"7340 7th St, Nampa, ID 83686, USA",(208) 412-8660,https://www.ruggedbucket.com/,5,13,https://maps.google.com/?cid=17377291550613295969&g_mp=Cidnb29nbGUubWFwcy5wbGFjZXMudjEuUGxhY2VzLlNlYXJjaFRleHQQAhgEIAA,OPERATIONAL,"point_of_interest,service,establishment",Welding service,Kuna
ChIJUSJgTxlFrlQRDd1gS4F2Dck,Mountain Steel Fabrication,"712 E Access St, Kuna, ID 83634, USA",(208) 344-5930,https://www.msfboise.com/,5,3,https://maps.google.com/?cid=14487365874008251661&g_mp=Cidnb29nbGUubWFwcy5wbGFjZXMudjEuUGxhY2VzLlNlYXJjaFRleHQQAhgEIAA,OPERATIONAL,"manufacturer,point_of_interest,establishment",Welding service,Kuna
ChIJkWKAmX5PrlQRWEg5E-zrisE,C & S Excavation,"1790 Garrison Ln, Kuna, ID 83634, USA",(208) 922-5533,,5,3,https://maps.google.com/?cid=13946218595273492568&g_mp=Cidnb29nbGUubWFwcy5wbGFjZXMudjEuUGxhY2VzLlNlYXJjaFRleHQQAhgEIAA,OPERATIONAL,"general_contractor,point_of_interest,service,establishment",Excavation contractor,Kuna
ChIJY2AKAhNFrlQRjWCybVLACh0,Jim Russell Excavation,"452 W Main St, Kuna, ID 83634, USA",(208) 922-5292,http://jimrussellexcavation.com/,5,1,https://maps.google.com/?cid=2092696437127274637&g_mp=Cidnb29nbGUubWFwcy5wbGFjZXMudjEuUGxhY2VzLlNlYXJjaFRleHQQAhgEIAA,OPERATIONAL,"general_contractor,point_of_interest,service,establishment",Excavation contractor,Kuna
ChIJq6raEhlFrlQRd8WliXRY4y8,"Peak Excavation & Construction, LLC","706 E Stagecoach Way, Kuna, ID 83634, USA",(208) 994-2201,https://peakexcavationllc.com/contact-us,,0,https://maps.google.com/?cid=3450698997044725111&g_mp=Cidnb29nbGUubWFwcy5wbGFjZXMudjEuUGxhY2VzLlNlYXJjaFRleHQQAhgEIAA,OPERATIONAL,"point_of_interest,service,establishment",Excavation contractor,Kuna
ChIJF20jGoxbrlQRGNMJWpJN9fE,Apex Excavation LLC,"1570 E Hubbard Rd, Kuna, ID 83634, USA",(208) 859-0879,,,0,https://maps.google.com/?cid=17434926823405900568&g_mp=Cidnb29nbGUubWFwcy5wbGFjZXMudjEuUGxhY2VzLlNlYXJjaFRleHQQAhgEIAA,OPERATIONAL,"general_contractor,point_of_interest,service,establishment",Excavation contractor,Kuna
ChIJRU2WJbtXrlQRpNPAJ6Q4qPE,Titan Excavation & Construction,"2789 S Liberty St, Boise, ID 83709, USA",(208) 362-1991,https://www.tecidaho.com/,5,1,https://maps.google.com/?cid=17413230236920763300&g_mp=Cidnb29nbGUubWFwcy5wbGFjZXMudjEuUGxhY2VzLlNlYXJjaFRleHQQAhgEIAA,OPERATIONAL,"general_contractor,point_of_interest,service,establishment",Excavation contractor,Kuna
ChIJxTJ_4FVGrlQRmyLmOW83P3Q,Ridgeline Construction,"5197 Happy Vally Rd, Kuna, ID 83634, USA",(208) 867-2886,https://ridgelinemccall.com/,3.3,4,https://maps.google.com/?cid=8376474782784692891&g_mp=Cidnb29nbGUubWFwcy5wbGFjZXMudjEuUGxhY2VzLlNlYXJjaFRleHQQAhgEIAA,OPERATIONAL,"general_contractor,point_of_interest,service,establishment",Excavation contractor,Kuna
ChIJRwj5toxa4AMRFKseZjef1Rc,Mountain Time Plumbing LLC,"9177 W State St, Garden City, ID 83714, USA",(208) 993-0717,http://mountaintimeplumbing.com/,5,155,https://maps.google.com/?cid=1717453893197015828&g_mp=Cidnb29nbGUubWFwcy5wbGFjZXMudjEuUGxhY2VzLlNlYXJjaFRleHQQAhgEIAA,OPERATIONAL,"plumber,supplier,service,point_of_interest,establishment",Plumber,Garden City
ChIJDRXIZFr_rlQR961fGYL9tS4,Smile Plumbing,"219 N 27th St STE 10, Boise, ID 83702, USA",(208) 254-5043,http://callsmileplumbing.com/,5,52,https://maps.google.com/?cid=3365875031742590455&g_mp=Cidnb29nbGUubWFwcy5wbGFjZXMudjEuUGxhY2VzLlNlYXJjaFRleHQQAhgEIAA,OPERATIONAL,"plumber,service,point_of_interest,establishment",Plumber,Garden City
ChIJPVK7rVL5rlQRTYRDx-Is_-0,Do Right Plumbing,"4700 Catalpa Dr, Boise, ID 83703, USA",(208) 789-0659,,4.6,40,https://maps.google.com/?cid=17149475258567459917&g_mp=Cidnb29nbGUubWFwcy5wbGFjZXMudjEuUGxhY2VzLlNlYXJjaFRleHQQAhgEIAA,OPERATIONAL,"plumber,service,point_of_interest,establishment",Plumber,Garden City
ChIJH0eLND3_rlQRxT05f6ir548,Zoom Drain,"601 E 44th St #4, Garden City, ID 83714, USA",(208) 858-5588,https://www.zoomdrain.com/boise?utm_source=Google&utm_medium=GBP,5,180,https://maps.google.com/?cid=10369445407221169605&g_mp=Cidnb29nbGUubWFwcy5wbGFjZXMudjEuUGxhY2VzLlNlYXJjaFRleHQQAhgEIAA,OPERATIONAL,"plumber,service,point_of_interest,establishment",Plumber,Garden City
ChIJ6QD52kn_rlQRn6i761-Cxw4,S-K Electric,"601 E 44th St #1, Garden City, ID 83714, USA",(208) 941-6264,,5,1,https://maps.google.com/?cid=1064963185384859807&g_mp=Cidnb29nbGUubWFwcy5wbGFjZXMudjEuUGxhY2VzLlNlYXJjaFRleHQQAhgEIAA,OPERATIONAL,"electrician,service,point_of_interest,establishment",Electrician,Garden City
ChIJgwIoIkr_rlQR6QrLNCXjubM,"B&J Electric, Inc.","505 E 43rd St, Garden City, ID 83714, USA",(208) 941-7817,,5,5,https://maps.google.com/?cid=12950631952419588841&g_mp=Cidnb29nbGUubWFwcy5wbGFjZXMudjEuUGxhY2VzLlNlYXJjaFRleHQQAhgEIAA,OPERATIONAL,"electrician,service,point_of_interest,establishment",Electrician,Garden City
ChIJOWmQyKb4rlQRDTOE9ljbheo,"Szurgot Electric, INC","5111 Alworth St, Garden City, ID 83714, USA",(208) 377-4880,,5,5,https://maps.google.com/?cid=16899154351917118221&g_mp=Cidnb29nbGUubWFwcy5wbGFjZXMudjEuUGxhY2VzLlNlYXJjaFRleHQQAhgEIAA,OPERATIONAL,"electrician,service,point_of_interest,establishment",Electrician,Garden City
ChIJxdEo_oHBYVMRfZHIggoFh_g,Brancato Electric,"13306 N Leavenworth Loop, Hayden, ID 83835, USA",(208) 304-8290,https://brancatoelectric.com/,5,18,https://maps.google.com/?cid=17908287985964061053&g_mp=Cidnb29nbGUubWFwcy5wbGFjZXMudjEuUGxhY2VzLlNlYXJjaFRleHQQAhgEIAA,OPERATIONAL,"electrician,service,point_of_interest,establishment",Electrician,Garden City
ChIJUdn8RU7_rlQRU_lgjH_A_iQ,Shepherds Roofing LLC,"2999 N Lakeharbor Ln STE 203, Boise, ID 83703, USA",(208) 471-4662,https://www.shepherdsroofing.com/,5,15,https://maps.google.com/?cid=2665779683498457427&g_mp=Cidnb29nbGUubWFwcy5wbGFjZXMudjEuUGxhY2VzLlNlYXJjaFRleHQQAhgEIAA,OPERATIONAL,"roofing_contractor,general_contractor,service,point_of_interest,establishment",Roofer,Garden City
ChIJO_hgNp43HUAREzPX4zfXZgA,Roofing Remains LLC,"3109 W Hester St, Boise, ID 83702, USA",(208) 921-9719,https://roofingremains.com/,5,29,https://maps.google.com/?cid=28947082670191379&g_mp=Cidnb29nbGUubWFwcy5wbGFjZXMudjEuUGxhY2VzLlNlYXJjaFRleHQQAhgEIAA,OPERATIONAL,"roofing_contractor,service,point_of_interest,establishment",Roofer,Garden City
ChIJmXzy8gz_rlQRjG82Fc947EU,Alpha Roofing,"6126 W State St, Boise, ID 83703, USA",(208) 247-0355,,5,1,https://maps.google.com/?cid=5038534913930194828&g_mp=Cidnb29nbGUubWFwcy5wbGFjZXMudjEuUGxhY2VzLlNlYXJjaFRleHQQAhgEIAA,OPERATIONAL,"roofing_contractor,service,point_of_interest,establishment",Roofer,Garden City
ChIJhQyJXpk5yC4ReuPIHjNk3y0,Hard Hands Roofing,"6122 W Poplar St, Boise, ID 83704, USA",(208) 849-2389,http://hardhandsroofing.com/,5,6,https://maps.google.com/?cid=3305470822235825018&g_mp=Cidnb29nbGUubWFwcy5wbGFjZXMudjEuUGxhY2VzLlNlYXJjaFRleHQQAhgEIAA,OPERATIONAL,"roofing_contractor,service,point_of_interest,establishment",Roofer,Garden City
ChIJUbN5uEr_rlQR_xqkBQe_47E,Mountain States Roofing Inc,"413 E 41st St, Boise, ID 83714, USA",(208) 322-1799,http://mountainstatesroofing.com/,4.2,10,https://maps.google.com/?cid=12818299001306880767&g_mp=Cidnb29nbGUubWFwcy5wbGFjZXMudjEuUGxhY2VzLlNlYXJjaFRleHQQAhgEIAA,OPERATIONAL,"roofing_contractor,service,point_of_interest,establishment",Roofer,Garden City
ChIJR__U_rn4rlQREtLwyTtLgnk,HVAC Controls & Specialties,"5329 W Kendall St, Boise, ID 83706, USA",(847) 200-8524,,5,1,https://maps.google.com/?cid=8755643345724822034&g_mp=Cidnb29nbGUubWFwcy5wbGFjZXMudjEuUGxhY2VzLlNlYXJjaFRleHQQAhgEIAA,OPERATIONAL,"general_contractor,service,point_of_interest,establishment",HVAC,Garden City
ChIJJXf6NwD5rlQRlh5rEBbofV8,Holland Hvac Heating Service,"500 S 9th St, Boise, ID 83702, USA",(208) 247-4080,,5,4,https://maps.google.com/?cid=6880910987154366102&g_mp=Cidnb29nbGUubWFwcy5wbGFjZXMudjEuUGxhY2VzLlNlYXJjaFRleHQQAhgEIAA,OPERATIONAL,"service,point_of_interest,establishment",HVAC,Garden City
ChIJBxFQu71pGIURRLJjklv8peQ,Authentic Air LLC,"5672 N Millstream Way, Garden City, ID 83714, USA",(208) 350-1107,http://www.authenticair.net/,5,8,https://maps.google.com/?cid=16475852282033058372&g_mp=Cidnb29nbGUubWFwcy5wbGFjZXMudjEuUGxhY2VzLlNlYXJjaFRleHQQAhgEIAA,OPERATIONAL,"general_contractor,service,point_of_interest,establishment",HVAC,Garden City
ChIJ6UhOr0T_rlQRQIZK7RPf8mc,Bunch Heating & Cooling,"4939 N Bradley St, Boise, ID 83714, USA",(208) 375-4855,http://bunchheating.com/,5,21,https://maps.google.com/?cid=7490294406949013056&g_mp=Cidnb29nbGUubWFwcy5wbGFjZXMudjEuUGxhY2VzLlNlYXJjaFRleHQQAhgEIAA,OPERATIONAL,"general_contractor,service,point_of_interest,establishment",Heating and cooling,Garden City
ChIJB7b2QQD5rlQR7nkFgcypu-s,Billy Hvac Heating Service,"420 S 10th St, Boise, ID 83702, USA",(208) 247-3900,,5,4,https://maps.google.com/?cid=16986357115360999918&g_mp=Cidnb29nbGUubWFwcy5wbGFjZXMudjEuUGxhY2VzLlNlYXJjaFRleHQQAhgEIAA,OPERATIONAL,"service,point_of_interest,establishment",Heating and cooling,Garden City
ChIJ_fJ1UI3_rlQRBWXIoUinxwE,Candor Pest Control,"9201 W State St suite 218, Garden City, ID 83714, USA",(208) 517-9034,https://candorpestcontrol.com/garden-city-pest-control/?utm_campaign=gmb,5,107,https://maps.google.com/?cid=128255044797097221&g_mp=Cidnb29nbGUubWFwcy5wbGFjZXMudjEuUGxhY2VzLlNlYXJjaFRleHQQAhgEIAA,OPERATIONAL,"service,point_of_interest,establishment",Pest control,Garden City
ChIJN1kHD1D_rlQRi8Z3q6mtaeI,All Natural Pest Elimination,"5111 Alworth St Suit C, Garden City, ID 83714, USA",(208) 510-9090,https://allnaturalpestcontrol.com/about/idaho-pest-control/,5,12,https://maps.google.com/?cid=16314762069364164235&g_mp=Cidnb29nbGUubWFwcy5wbGFjZXMudjEuUGxhY2VzLlNlYXJjaFRleHQQAhgEIAA,OPERATIONAL,"service,point_of_interest,establishment",Pest control,Garden City
ChIJ58swvxNVrlQRbopV-4RZPc0,Cascade Pest Control,"2911 N Grandee St, Boise, ID 83704, USA",(208) 693-5228,https://www.cascadepest.com/service-area/boise-id/,5,16,https://maps.google.com/?cid=14789075179041819246&g_mp=Cidnb29nbGUubWFwcy5wbGFjZXMudjEuUGxhY2VzLlNlYXJjaFRleHQQAhgEIAA,OPERATIONAL,"service,point_of_interest,establishment",Pest control,Garden City
ChIJSV1f6UFVrlQR3dQuOSBnnuM,Natura Pest Control,"12055 Savage Dr, Boise, ID 83713, USA",(208) 314-1418,https://www.naturapc.com/?utm_source=gbp_listing&utm_medium=organic,5,255,https://maps.google.com/?cid=16401660281025909981&g_mp=Cidnb29nbGUubWFwcy5wbGFjZXMudjEuUGxhY2VzLlNlYXJjaFRleHQQAhgEIAA,OPERATIONAL,"service,point_of_interest,establishment",Pest control,Garden City
ChIJC4sxv7L_rlQRw7EPUB_m_gQ,Beeline Pest Control,"9201 W State St Suite 111, Boise, ID 83714, USA",(208) 991-1830,https://idahobeeline.com/,4.9,47,https://maps.google.com/?cid=359978042397798851&g_mp=Cidnb29nbGUubWFwcy5wbGFjZXMudjEuUGxhY2VzLlNlYXJjaFRleHQQAhgEIAA,OPERATIONAL,"service,point_of_interest,establishment",Pest control,Garden City
ChIJEzLk22NXrlQREK4S8i8Wxv0,Custom Care Pest Services,"1863 N Wildwood St, Boise, ID 83713, USA",(208) 362-9098,http://www.customcarepest.com/,4.9,50,https://maps.google.com/?cid=18286327732165062160&g_mp=Cidnb29nbGUubWFwcy5wbGFjZXMudjEuUGxhY2VzLlNlYXJjaFRleHQQAhgEIAA,OPERATIONAL,"service,point_of_interest,establishment",Pest control,Garden City
ChIJlYSYNNNVrlQRgu4Pz7XnmB4,Spider Man Natural Pest Control,"10361 W Burntwood Ct, Boise, ID 83704, USA",(208) 405-2122,https://naturalpestcontrolco.com/,4.9,53,https://maps.google.com/?cid=2204766785646882434&g_mp=Cidnb29nbGUubWFwcy5wbGFjZXMudjEuUGxhY2VzLlNlYXJjaFRleHQQAhgEIAA,OPERATIONAL,"service,point_of_interest,establishment",Pest control,Garden City
ChIJa_tqlwJ7bIcR5cRuzrFtYDs,Backyard Boxes,"208 W 37th St STE 104, Garden City, ID 83714, USA",(208) 818-1251,https://backyardboxes.com/,5,82,https://maps.google.com/?cid=4278540256441976037&g_mp=Cidnb29nbGUubWFwcy5wbGFjZXMudjEuUGxhY2VzLlNlYXJjaFRleHQQAhgEIAA,OPERATIONAL,"garden_center,garden,furniture_store,home_improvement_store,home_goods_store,manufacturer,general_contractor,service,store,point_of_interest,establishment",Landscaping,Garden City
ChIJl2R97Er_rlQRlmllvuHxGHE,Greenkeeper Landscape LLC,"412 E 41st St, Garden City, ID 83714, USA",(208) 384-1550,,5,7,https://maps.google.com/?cid=8149529477591165334&g_mp=Cidnb29nbGUubWFwcy5wbGFjZXMudjEuUGxhY2VzLlNlYXJjaFRleHQQAhgEIAA,OPERATIONAL,"general_contractor,service,point_of_interest,establishment",Landscaping,Garden City
ChIJkSJtwS9WrlQRgUoEo5C7Z6I,Les Bois,"113 E 42nd St, Garden City, ID 83714, USA",(208) 385-9570,http://lesboislandscape.com/,4.6,26,https://maps.google.com/?cid=11702528386630175361&g_mp=Cidnb29nbGUubWFwcy5wbGFjZXMudjEuUGxhY2VzLlNlYXJjaFRleHQQAhgEIAA,OPERATIONAL,"general_contractor,service,point_of_interest,establishment",Landscaping,Garden City
ChIJqzvzElD_rlQR9-ZFuEM-6MM,TerraVita Landscape & Gardening Inc.,"504 E 45th St #5, Garden City, ID 83714, USA",(208) 345-5495,https://terravitaidaho.com/,3.4,30,https://maps.google.com/?cid=14116601492568139511&g_mp=Cidnb29nbGUubWFwcy5wbGFjZXMudjEuUGxhY2VzLlNlYXJjaFRleHQQAhgEIAA,OPERATIONAL,"general_contractor,service,point_of_interest,establishment",Landscaping,Garden City
ChIJfwAR3Lb4rlQRmdBDMzawNac,Native Landscape Services,"300 E 41st St UNIT 2, Garden City, ID 83714, USA",(208) 807-3254,http://www.nativelandscapeservices.com/,3.6,41,https://maps.google.com/?cid=12048730124934434969&g_mp=Cidnb29nbGUubWFwcy5wbGFjZXMudjEuUGxhY2VzLlNlYXJjaFRleHQQAhgEIAA,OPERATIONAL,"general_contractor,service,point_of_interest,establishment",Landscaping,Garden City
ChIJJSSlDl3_rlQRQh2P5dCGD18,Pro Care Landscape Services,"5121 W Chinden Blvd, Boise, ID 83714, USA",(208) 288-5589,https://procareidaho.com/,4,64,https://maps.google.com/?cid=6849841790016494914&g_mp=Cidnb29nbGUubWFwcy5wbGFjZXMudjEuUGxhY2VzLlNlYXJjaFRleHQQAhgEIAA,OPERATIONAL,"general_contractor,point_of_interest,service,establishment",Lawn care,Garden City
ChIJtahhPv3_rlQRAX6SfNgJdq4,Sal & Kelly Lawn Maintenance Full Services,"N Adams St #45, Boise, ID 83714, USA",(208) 922-8956,https://sal-kelly-lawn-maintenance-full-services.ueniweb.com/?utm_campaign=gmb,,0,https://maps.google.com/?cid=12571246235258879489&g_mp=Cidnb29nbGUubWFwcy5wbGFjZXMudjEuUGxhY2VzLlNlYXJjaFRleHQQAhgEIAA,OPERATIONAL,"general_contractor,point_of_interest,service,establishment",Lawn care,Garden City
ChIJifJ0Ys34rlQRmKcmuekU12o,Ray's Auto Care,"4844 W Chinden Blvd, Garden City, ID 83714, USA",(208) 901-9078,,4.6,98,https://maps.google.com/?cid=7698645082079405976&g_mp=Cidnb29nbGUubWFwcy5wbGFjZXMudjEuUGxhY2VzLlNlYXJjaFRleHQQAhgEIAA,OPERATIONAL,"car_repair,service,point_of_interest,establishment",Auto repair,Garden City
ChIJLw8Ys0__rlQR2X2y3JtASlQ,Benchmark Automotive LLC,"100 E 46th St, Garden City, ID 83714, USA",(208) 322-5186,,4.9,84,https://maps.google.com/?cid=6073738085629328857&g_mp=Cidnb29nbGUubWFwcy5wbGFjZXMudjEuUGxhY2VzLlNlYXJjaFRleHQQAhgEIAA,OPERATIONAL,"car_repair,service,point_of_interest,establishment",Auto repair,Garden City
ChIJHUSZ_GL5rlQRiaSnq-fMvNI,Treasure Valley Auto Care,"104 W 35th St, Garden City, ID 83714, USA",(208) 385-0339,http://www.treasurevalleyautocare.com/,4.9,113,https://maps.google.com/?cid=15185237338975872137&g_mp=Cidnb29nbGUubWFwcy5wbGFjZXMudjEuUGxhY2VzLlNlYXJjaFRleHQQAhgEIAA,OPERATIONAL,"car_repair,service,point_of_interest,establishment",Auto repair,Garden City
ChIJh50O8qX5rlQR0ltw7neW3u4,A Better Auto Repair of Boise,"3849 W Chinden Blvd, Garden City, ID 83714, USA",(208) 343-1020,https://abetterautorepair.wixsite.com/a-better-auto-repair,5,22,https://maps.google.com/?cid=17212360267702229970&g_mp=Cidnb29nbGUubWFwcy5wbGFjZXMudjEuUGxhY2VzLlNlYXJjaFRleHQQAhgEIAA,OPERATIONAL,"car_repair,service,point_of_interest,establishment",Auto repair,Garden City
ChIJn0WXQ7b4rlQRx3tjJRueHdA,A & M Services Center,"250 W 36th St, Garden City, ID 83714, USA",(208) 342-8981,,4.9,27,https://maps.google.com/?cid=14996316173642202055&g_mp=Cidnb29nbGUubWFwcy5wbGFjZXMudjEuUGxhY2VzLlNlYXJjaFRleHQQAhgEIAA,OPERATIONAL,"car_repair,service,point_of_interest,establishment",Auto repair,Garden City
ChIJ5fBUQFv_rlQR5H_vltNyB_g,Recovery Automotive,"117 E 44th St, Garden City, ID 83714, USA",(208) 616-2846,,4,4,https://maps.google.com/?cid=17872379899339046884&g_mp=Cidnb29nbGUubWFwcy5wbGFjZXMudjEuUGxhY2VzLlNlYXJjaFRleHQQAhgEIAA,OPERATIONAL,"car_repair,service,point_of_interest,establishment",Auto repair,Garden City
ChIJLcWqUaz5rlQRUiVu5taNob4,Eric's Automotive,"3425 Clay St, Garden City, ID 83714, USA",(208) 484-1664,http://ericsautollc.com/,4.9,150,https://maps.google.com/?cid=13736416292585219410&g_mp=Cidnb29nbGUubWFwcy5wbGFjZXMudjEuUGxhY2VzLlNlYXJjaFRleHQQAhgEIAA,OPERATIONAL,"car_repair,service,point_of_interest,establishment",Auto repair,Garden City
ChIJ4aZ0FLP4rlQRuqhSrAK47Ec,Long Arm Mechanics,"109 E 41st St, Garden City, ID 83714, USA",(208) 343-6996,https://longarmmechanics.com/,4.8,290,https://maps.google.com/?cid=5182719592817141946&g_mp=Cidnb29nbGUubWFwcy5wbGFjZXMudjEuUGxhY2VzLlNlYXJjaFRleHQQAhgEIAA,OPERATIONAL,"car_repair,service,point_of_interest,establishment",Auto repair,Garden City
ChIJTRSkqlz_rlQRNFdaaMnTo94,Joe McGlone's Auto Service,"4970 W Chinden Blvd, Garden City, ID 83714, USA",,,5,3,https://maps.google.com/?cid=16042899159616476980&g_mp=Cidnb29nbGUubWFwcy5wbGFjZXMudjEuUGxhY2VzLlNlYXJjaFRleHQQAhgEIAA,OPERATIONAL,"car_repair,service,point_of_interest,establishment",Auto repair,Garden City
ChIJ1-m2iEn_rlQR69tG76ABymA,Blue Wrench Garden City - Auto Repair,"500 E 43rd St, Garden City, ID 83714, USA",(208) 545-9006,https://bluewrench.com/home/garden-city-auto-repair/,4.7,213,https://maps.google.com/?cid=6974388763657427947&g_mp=Cidnb29nbGUubWFwcy5wbGFjZXMudjEuUGxhY2VzLlNlYXJjaFRleHQQAhgEIAA,OPERATIONAL,"car_repair,service,point_of_interest,establishment",Auto repair,Garden City
ChIJw6TqGUb_rlQRobK0z06-a4Y,Glad's Repair,"4640 1/2 N Adams St, Garden City, ID 83714, USA",(208) 376-5304,,4.5,79,https://maps.google.com/?cid=9686044669291836065&g_mp=Cidnb29nbGUubWFwcy5wbGFjZXMudjEuUGxhY2VzLlNlYXJjaFRleHQQAhgEIAA,OPERATIONAL,"car_repair,service,point_of_interest,establishment",Auto repair,Garden City
ChIJgefg1lf5rlQRi3u-YNa7ZnU,The Repair shop,"5225 W Chinden Blvd, Garden City, ID 83714, USA",(208) 841-2811,,4.3,27,https://maps.google.com/?cid=8459655479482547083&g_mp=Cidnb29nbGUubWFwcy5wbGFjZXMudjEuUGxhY2VzLlNlYXJjaFRleHQQAhgEIAA,OPERATIONAL,"car_repair,service,point_of_interest,establishment",Auto repair,Garden City
ChIJgZbC5kT_rlQRQbl3EcCoWjg,Certified Services Automotive And Diesel Repair,"105 W 41st St, Garden City, ID 83714, USA",(208) 376-2886,,4.9,26,https://maps.google.com/?cid=4060743556908169537&g_mp=Cidnb29nbGUubWFwcy5wbGFjZXMudjEuUGxhY2VzLlNlYXJjaFRleHQQAhgEIAA,OPERATIONAL,"car_repair,service,point_of_interest,establishment",Auto repair,Garden City
ChIJp5_1Vrf4rlQRzHpYDbpOM8g,Boise Muffler Auto Repair,"111 E 36th St, Garden City, ID 83714, USA",(208) 336-0028,http://www.boisemufflerautorepair.com/,4.8,193,https://maps.google.com/?cid=14425960592392616652&g_mp=Cidnb29nbGUubWFwcy5wbGFjZXMudjEuUGxhY2VzLlNlYXJjaFRleHQQAhgEIAA,OPERATIONAL,"car_repair,service,point_of_interest,establishment",Auto repair,Garden City
ChIJP5TpuLP4rlQR5nHKv9XuyMI,Ryan's Repair and Diagnostics,"3980 W Chinden Blvd, Garden City, ID 83714, USA",(208) 805-0354,,4.9,56,https://maps.google.com/?cid=14035730840513311206&g_mp=Cidnb29nbGUubWFwcy5wbGFjZXMudjEuUGxhY2VzLlNlYXJjaFRleHQQAhgEIAA,OPERATIONAL,"car_repair,service,point_of_interest,establishment",Auto repair,Garden City
ChIJYwo6jUn_rlQRMiPwz_JFfq0,Doug's Bugs,"504 E 43rd St # 4, Boise, ID 83714, USA",,,4.9,20,https://maps.google.com/?cid=12501506524800099122&g_mp=Cidnb29nbGUubWFwcy5wbGFjZXMudjEuUGxhY2VzLlNlYXJjaFRleHQQAhgEIAA,OPERATIONAL,"car_repair,service,point_of_interest,establishment",Auto repair,Garden City
ChIJKeGM_LD4rlQR8GJqpGJBMQ4,Wrench and Ratchet Auto Care,"202 W 41st St, Garden City, ID 83714, USA",(208) 345-0011,https://wrenchandratchet.com/,4.9,173,https://maps.google.com/?cid=1022670482310849264&g_mp=Cidnb29nbGUubWFwcy5wbGFjZXMudjEuUGxhY2VzLlNlYXJjaFRleHQQAhgEIAA,OPERATIONAL,"car_repair,service,point_of_interest,establishment",Auto repair,Garden City
ChIJjwcHGu3_rlQR36H9Y8J9xKk,Steele Auto Repair,"104 E 44th St Suite 102, Garden City, ID 83714, USA",(208) 871-2742,https://www.steeleautorepair.com/,5,8,https://maps.google.com/?cid=12233040761699803615&g_mp=Cidnb29nbGUubWFwcy5wbGFjZXMudjEuUGxhY2VzLlNlYXJjaFRleHQQAhgEIAA,OPERATIONAL,"car_repair,point_of_interest,service,establishment",Mechanic,Garden City
ChIJQ0bN0xj5rlQR3gE2PfKGLRo,"Umoja Cleaning Company, LLC","5016 W Emerald St, Boise, ID 83706, USA",(208) 570-8758,http://umojacleanings.com/?utm_campaign=gmb,5,10,https://maps.google.com/?cid=1886312193905263070&g_mp=Cidnb29nbGUubWFwcy5wbGFjZXMudjEuUGxhY2VzLlNlYXJjaFRleHQQAhgEIAA,OPERATIONAL,"laundry,service,point_of_interest,establishment",Cleaning service,Garden City
ChIJ7UxQK_9WrlQRsWNajfNQoeE,Bright Home Cleaning,"8798W W Mediterranean Ct, Boise, ID 83709, USA",(208) 971-4785,https://brighthomeboise.com/contact-us/,5,1,https://maps.google.com/?cid=16258365136762987441&g_mp=Cidnb29nbGUubWFwcy5wbGFjZXMudjEuUGxhY2VzLlNlYXJjaFRleHQQAhgEIAA,OPERATIONAL,"point_of_interest,establishment",House cleaning,Garden City
ChIJKeqZGZQTVIcRJBQteExBHOc,Bear Lake Cleaning Company,"69 N Paradise Pkwy, Garden City, UT 84028, USA",(801) 433-7449,https://m.facebook.com/BearLakeCleaningCo/,5,1,https://maps.google.com/?cid=16653257318798791716&g_mp=Cidnb29nbGUubWFwcy5wbGFjZXMudjEuUGxhY2VzLlNlYXJjaFRleHQQAhgEIAA,OPERATIONAL,"point_of_interest,service,establishment",House cleaning,Garden City
ChIJL9LZsdf5rlQRsO-VXG_-NP4,Helpful Hands Housekeeping,"2315 W Jefferson St, Boise, ID 83702, USA",(208) 972-3998,http://www.helpfulhandshousekeeping.com/,5,8,https://maps.google.com/?cid=18317545338670804912&g_mp=Cidnb29nbGUubWFwcy5wbGFjZXMudjEuUGxhY2VzLlNlYXJjaFRleHQQAhgEIAA,OPERATIONAL,"point_of_interest,service,establishment",House cleaning,Garden City
ChIJhXpblrv4rlQR7uUO9eKZ4Dg,Western Building Maintenance,"3275 Brown St, Garden City, ID 83714, USA",(208) 345-2951,http://www.wbmclean.com/,3.6,38,https://maps.google.com/?cid=4098444860960204270&g_mp=Cidnb29nbGUubWFwcy5wbGFjZXMudjEuUGxhY2VzLlNlYXJjaFRleHQQAhgEIAA,OPERATIONAL,"point_of_interest,service,establishment",Janitorial service,Garden City
ChIJ2UpgLaz4rlQRd1gYXACzvps,Idaho Custom Cleaning,"2315 N Curtis Rd, Boise, ID 83706, USA",(208) 867-3744,,4,1,https://maps.google.com/?cid=11222604135580326007&g_mp=Cidnb29nbGUubWFwcy5wbGFjZXMudjEuUGxhY2VzLlNlYXJjaFRleHQQAhgEIAA,OPERATIONAL,"point_of_interest,service,establishment",Janitorial service,Garden City
ChIJj-MGpo5LrlQRPzb7XVxMY8s,Davis Building Services,"722 N Orchard St, Boise, ID 83706, USA",(208) 697-4023,https://davisbuildingservicescompany.com/?utm_source=omg-gbp&utm_medium=webclick,4.9,11,https://maps.google.com/?cid=14655641571991172671&g_mp=Cidnb29nbGUubWFwcy5wbGFjZXMudjEuUGxhY2VzLlNlYXJjaFRleHQQAhgEIAA,OPERATIONAL,"laundry,point_of_interest,service,establishment",Janitorial service,Garden City
ChIJyYarZ0j_rlQRMY7cqJgYHAQ,JSC Handyman Services Inc,"506 E 45th St #22, Boise, ID 83714, USA",(208) 921-1561,,5,3,https://maps.google.com/?cid=296138719446732337&g_mp=Cidnb29nbGUubWFwcy5wbGFjZXMudjEuUGxhY2VzLlNlYXJjaFRleHQQAhgEIAA,OPERATIONAL,"point_of_interest,service,establishment",Handyman,Garden City
ChIJB1kxB5BXrlQRkiDHlaQC2RA,Cloud Painting,"208 W 37th St, Garden City, ID 83714, USA",(208) 345-0378,http://cloudpainting.org/,5,3,https://maps.google.com/?cid=1214004480463806610&g_mp=Cidnb29nbGUubWFwcy5wbGFjZXMudjEuUGxhY2VzLlNlYXJjaFRleHQQAhgEIAA,OPERATIONAL,"painter,service,point_of_interest,establishment",Painter,Garden City
ChIJI8z2Zkj_rlQRNNg3VjSN8XU,Adams Painting Inc,"504 E 45th St #5, Garden City, ID 83714, USA",(208) 343-4660,,3.6,11,https://maps.google.com/?cid=8498729227749152820&g_mp=Cidnb29nbGUubWFwcy5wbGFjZXMudjEuUGxhY2VzLlNlYXJjaFRleHQQAhgEIAA,OPERATIONAL,"painter,service,point_of_interest,establishment",Painter,Garden City
ChIJc1hZm6VXrlQRE5ifObvhUzM,Bluebird Painting LLC,"504 E 46th St SUITE 102, Garden City, ID 83714, USA",(208) 807-3518,,4.6,10,https://maps.google.com/?cid=3698547913243203603&g_mp=Cidnb29nbGUubWFwcy5wbGFjZXMudjEuUGxhY2VzLlNlYXJjaFRleHQQAhgEIAA,OPERATIONAL,"painter,service,point_of_interest,establishment",Painter,Garden City
ChIJj4Y1aUIyu0IRGq4v9Hfs1E4,Sierra Moon's Painting LLC,"201 W 39th St, Boise, ID 83714, USA",(208) 813-4413,,5,1,https://maps.google.com/?cid=5680425029963066906&g_mp=Cidnb29nbGUubWFwcy5wbGFjZXMudjEuUGxhY2VzLlNlYXJjaFRleHQQAhgEIAA,OPERATIONAL,"painter,service,point_of_interest,establishment",Painter,Garden City
ChIJ3aWP6H__rlQR7lEk_1X7Edk,P C Painting Co,"5808 N Millstream Way, Garden City, ID 83714, USA",(208) 713-1720,,3,1,https://maps.google.com/?cid=15641559327605805550&g_mp=Cidnb29nbGUubWFwcy5wbGFjZXMudjEuUGxhY2VzLlNlYXJjaFRleHQQAhgEIAA,OPERATIONAL,"painter,service,point_of_interest,establishment",Painter,Garden City
ChIJb_RhIY9FrlQRf0p-zOdzjXA,City Of Trees Construction LLC,"5301 W Emerald St, Boise, ID 83706, USA",(208) 605-0402,https://cotconcrete.com/,5,47,https://maps.google.com/?cid=8110265943369599615&g_mp=Cidnb29nbGUubWFwcy5wbGFjZXMudjEuUGxhY2VzLlNlYXJjaFRleHQQAhgEIAA,OPERATIONAL,"general_contractor,service,point_of_interest,establishment",Concrete contractor,Garden City
ChIJ60X5G9f5rlQRQKV5phKyCnc,Kings of Idaho concrete llc,"307 39th St E, Garden City, ID 83714, USA",(208) 573-0854,,5,3,https://maps.google.com/?cid=8577864233452676416&g_mp=Cidnb29nbGUubWFwcy5wbGFjZXMudjEuUGxhY2VzLlNlYXJjaFRleHQQAhgEIAA,OPERATIONAL,"general_contractor,service,point_of_interest,establishment",Concrete contractor,Garden City
ChIJzRFG_eBVrlQRoLsWKGSF3vc,The Concrete Cure - Decorative Concrete Coatings,"5449 W Kendall St, Boise, ID 83706, USA",(208) 869-7940,http://www.theconcretecure.com/,4.9,37,https://maps.google.com/?cid=17860859837413768096&g_mp=Cidnb29nbGUubWFwcy5wbGFjZXMudjEuUGxhY2VzLlNlYXJjaFRleHQQAhgEIAA,OPERATIONAL,"general_contractor,service,point_of_interest,establishment",Concrete contractor,Garden City
ChIJzQZV0En_rlQR-pJrX-oesJU,Molding Mud Inc. Boise,"110 E 40th St, Garden City, ID 83714, USA",(208) 999-6543,http://www.moldingmud.com/,4.9,41,https://maps.google.com/?cid=10786155099524403962&g_mp=Cidnb29nbGUubWFwcy5wbGFjZXMudjEuUGxhY2VzLlNlYXJjaFRleHQQAhgEIAA,OPERATIONAL,"building_materials_store,general_contractor,home_goods_store,service,store,point_of_interest,establishment",Concrete contractor,Garden City
ChIJVVWJxAdWrlQRuZH2LHL_7uU,Summer Wind Concrete Inc,"7517 Wesley Dr, Boise, ID 83704, USA",(208) 371-3381,https://summerwindconcrete.com/contact-us,5,1,https://maps.google.com/?cid=16568460944988344761&g_mp=Cidnb29nbGUubWFwcy5wbGFjZXMudjEuUGxhY2VzLlNlYXJjaFRleHQQAhgEIAA,OPERATIONAL,"general_contractor,service,point_of_interest,establishment",Concrete contractor,Garden City
ChIJWxWzSMdJr1QRf5TRRJV4Qus,Clark's Excavation and Dirtworks,"22 Deer Trail, Garden Valley, ID 83622, USA",(208) 941-2454,,5,1,https://maps.google.com/?cid=16952244529876014207&g_mp=Cidnb29nbGUubWFwcy5wbGFjZXMudjEuUGxhY2VzLlNlYXJjaFRleHQQAhgEIAA,OPERATIONAL,"general_contractor,service,point_of_interest,establishment",Concrete contractor,Garden City
ChIJzQaZxrv_rlQR6wQhg883eAQ,Hidden Pet Fence,"6399 N Glencrest Way, Boise, ID 83714, USA",(208) 853-6502,http://www.hiddenpetfence.com/,4.7,27,https://maps.google.com/?cid=322068737754727659&g_mp=Cidnb29nbGUubWFwcy5wbGFjZXMudjEuUGxhY2VzLlNlYXJjaFRleHQQAhgEIAA,OPERATIONAL,"general_contractor,service,point_of_interest,establishment",Fencing contractor,Garden City
ChIJ8TtZNl7_rlQRNO9R6tNo2Fc,Boise Fence,"8529 W State St, Boise, ID 83714, USA",(208) 449-2040,,3,2,https://maps.google.com/?cid=6329924535647858484&g_mp=Cidnb29nbGUubWFwcy5wbGFjZXMudjEuUGxhY2VzLlNlYXJjaFRleHQQAhgEIAA,OPERATIONAL,"general_contractor,service,point_of_interest,establishment",Fencing contractor,Garden City
ChIJMbc7RRBUdiARBdm0stAF6_c,Outdoor Solutions Inc,"7307 W Swift Ln, Boise, ID 83704, USA",(208) 805-2754,https://idoutdoorsolutions.com/?utm_source=gbp,4.9,133,https://maps.google.com/?cid=17864378740804737285&g_mp=Cidnb29nbGUubWFwcy5wbGFjZXMudjEuUGxhY2VzLlNlYXJjaFRleHQQAhgEIAA,OPERATIONAL,"general_contractor,service,point_of_interest,establishment",Tree service,Garden City
ChIJc7pLyAD5rlQRHjv5vceFb78,North Fork Tree Service LLC,"7485 W Kerry Dr, Boise, ID 83714, USA",(208) 608-2787,https://www.northforktreeservice.com/,4.7,29,https://maps.google.com/?cid=13794391276591332126&g_mp=Cidnb29nbGUubWFwcy5wbGFjZXMudjEuUGxhY2VzLlNlYXJjaFRleHQQAhgEIAA,OPERATIONAL,"service,point_of_interest,establishment",Tree service,Garden City
ChIJL6IT7KJVrlQRv1z1r2oQmf8,Complete Carpet Care,"3485 N Cole Rd #45614, Boise, ID 83704, USA",(208) 392-2761,http://completecarpetcare.net/,4.8,25,https://maps.google.com/?cid=18417770201513024703&g_mp=Cidnb29nbGUubWFwcy5wbGFjZXMudjEuUGxhY2VzLlNlYXJjaFRleHQQAhgEIAA,OPERATIONAL,"laundry,service,point_of_interest,establishment",Carpet cleaning,Garden City
ChIJYdj8k2VWrlQRSAVgZHO5APY,Carpet Cleaners Store LLC,"264 N Maple Grove Rd, Boise, ID 83704, USA",(208) 375-6900,http://www.carpetcleanersstore.com/,4.4,8,https://maps.google.com/?cid=17726372038586664264&g_mp=Cidnb29nbGUubWFwcy5wbGFjZXMudjEuUGxhY2VzLlNlYXJjaFRleHQQAhgEIAA,OPERATIONAL,"laundry,service,point_of_interest,establishment",Carpet cleaning,Garden City
ChIJ44F1DK9VrlQRzn1sL-g3aio,Maas Carpet Cleaning Boise,"4236 Nystrom Way, Boise, ID 83713, USA",(208) 425-4125,http://www.maascarpetcleaning.com/boise/,5,3,https://maps.google.com/?cid=3056316767491882446&g_mp=Cidnb29nbGUubWFwcy5wbGFjZXMudjEuUGxhY2VzLlNlYXJjaFRleHQQAhgEIAA,OPERATIONAL,"laundry,service,point_of_interest,establishment",Carpet cleaning,Garden City
ChIJTRJhDtci30oRm2D-FA7bgGE,L&S Window Cleaning,"869 N Maple Grove Rd #204, Boise, ID 83704, USA",(208) 284-4996,,5,5,https://maps.google.com/?cid=7025856272226214043&g_mp=Cidnb29nbGUubWFwcy5wbGFjZXMudjEuUGxhY2VzLlNlYXJjaFRleHQQAhgEIAA,OPERATIONAL,"service,point_of_interest,establishment",Window cleaning,Garden City
ChIJFUOR3Lb4rlQRnZAvsdOa5nk,Epic Pro Power Wash,"202 E 37th St, Garden City, ID 83714, USA",(208) 830-2513,https://epicpropowerwash.com/contact/,5,1,https://maps.google.com/?cid=8783878357234192541&g_mp=Cidnb29nbGUubWFwcy5wbGFjZXMudjEuUGxhY2VzLlNlYXJjaFRleHQQAhgEIAA,OPERATIONAL,"point_of_interest,establishment",Power washing,Garden City
ChIJh07fqNFPr1QR1cWNFtHLiA8,Garden Valley Septic,"Garden Valley, ID 83622, USA",(208) 462-5578,http://www.gvseptic.com/,5,2,https://maps.google.com/?cid=1119368606288561621&g_mp=Cidnb29nbGUubWFwcy5wbGFjZXMudjEuUGxhY2VzLlNlYXJjaFRleHQQAhgEIAA,OPERATIONAL,"point_of_interest,service,establishment",Septic service,Garden City
ChIJa1ttNkqdq1QRI3Li3stZXi0,Sweet's Septic Tank & Backhoe Service Inc,"403 S Rail St W, Shoshone, ID 83352, USA",(208) 537-1364,http://sweetsservices.com/?utm_source=google&utm_medium=gbp&utm_campaign=maps,4.8,141,https://maps.google.com/?cid=3269149111670174243&g_mp=Cidnb29nbGUubWFwcy5wbGFjZXMudjEuUGxhY2VzLlNlYXJjaFRleHQQAhgEIAA,OPERATIONAL,"point_of_interest,service,establishment",Septic service,Garden City
ChIJARiodrX4rlQRauZjo_b62bM,"Bivin's Excavating, Inc.","3972 N Adams St, Garden City, ID 83714, USA",(208) 322-6932,http://www.bivinsexcavating.com/,4.3,12,https://maps.google.com/?cid=12959665339945444970&g_mp=Cidnb29nbGUubWFwcy5wbGFjZXMudjEuUGxhY2VzLlNlYXJjaFRleHQQAhgEIAA,OPERATIONAL,"general_contractor,point_of_interest,service,establishment",Septic service,Garden City
ChIJn032Ddz4rlQRxIFHHoVAwSM,John Brown Excavation,"201 W 39th St, Boise, ID 83714, USA",(208) 941-4484,,4.5,2,https://maps.google.com/?cid=2576411402315465156&g_mp=Cidnb29nbGUubWFwcy5wbGFjZXMudjEuUGxhY2VzLlNlYXJjaFRleHQQAhgEIAA,OPERATIONAL,"general_contractor,point_of_interest,service,establishment",Septic service,Garden City
ChIJq6qqqmr8rlQRPB5zcikZknY,Sweet's Sewer Drain & Cleaning,"101 W Main St, Boise, ID 83702, USA",(208) 342-1947,http://sweetsservices.com/,3,2,https://maps.google.com/?cid=8543919108879752764&g_mp=Cidnb29nbGUubWFwcy5wbGFjZXMudjEuUGxhY2VzLlNlYXJjaFRleHQQAhgEIAA,OPERATIONAL,"plumber,point_of_interest,service,establishment",Septic service,Garden City
ChIJtwQ6Skn_rlQRlMYrhW-wKso,Miguel's Irrigation and Landscape LLC,"301 E 45th St #1, Garden City, ID 83714, USA",(208) 941-7497,,3.7,6,https://maps.google.com/?cid=14567649937705387668&g_mp=Cidnb29nbGUubWFwcy5wbGFjZXMudjEuUGxhY2VzLlNlYXJjaFRleHQQAhgEIAA,OPERATIONAL,"general_contractor,service,point_of_interest,establishment",Irrigation repair,Garden City
ChIJ1XQdJpBvvSYRoo-wW338QKE,North End Service,"5788 W Winfield Ln, Boise, ID 83703, USA",(208) 579-9558,http://www.northendsprinklerservice.com/,4.2,5,https://maps.google.com/?cid=11619564653955288994&g_mp=Cidnb29nbGUubWFwcy5wbGFjZXMudjEuUGxhY2VzLlNlYXJjaFRleHQQAhgEIAA,OPERATIONAL,"general_contractor,service,point_of_interest,establishment",Irrigation repair,Garden City
ChIJq_tVPcb4rlQRUa6szMUoH60,Whitewater Sprinklers & Irrigation,"2406 W Pleasanton Ave, Boise, ID 83702, USA",(208) 343-2348,,4,1,https://maps.google.com/?cid=12474734322847100497&g_mp=Cidnb29nbGUubWFwcy5wbGFjZXMudjEuUGxhY2VzLlNlYXJjaFRleHQQAhgEIAA,OPERATIONAL,"general_contractor,service,point_of_interest,establishment",Sprinkler repair,Garden City
ChIJOZkvpbv4rlQRG5TqGcMkZF4,Idaho Floor Supply Inc.,"3313 Brown St #1, Garden City, ID 83714, USA",(208) 321-9090,http://www.idahofloorsupply.com/,4.8,167,https://maps.google.com/?cid=6801601757608317979&g_mp=Cidnb29nbGUubWFwcy5wbGFjZXMudjEuUGxhY2VzLlNlYXJjaFRleHQQAhgEIAA,OPERATIONAL,"building_materials_store,general_contractor,furniture_store,home_improvement_store,home_goods_store,service,store,point_of_interest,establishment",Flooring contractor,Garden City
ChIJ6fFvphH_rlQRR7XV4Shzo9E,GC Design,"4464 W Chinden Blvd Suite C, Garden City, ID 83714, USA",(208) 509-0556,http://www.gcdesignid.com/,5,2,https://maps.google.com/?cid=15106044194555540807&g_mp=Cidnb29nbGUubWFwcy5wbGFjZXMudjEuUGxhY2VzLlNlYXJjaFRleHQQAhgEIAA,OPERATIONAL,"general_contractor,service,point_of_interest,establishment",Flooring contractor,Garden City
ChIJ5zrpbEj_rlQRWrHG-Psm26I,Go Floor Tech LLC,"514 E 45th St #10, Garden City, ID 83714, USA",(208) 462-5207,http://www.gofloortech.com/,5,2,https://maps.google.com/?cid=11735016117696377178&g_mp=Cidnb29nbGUubWFwcy5wbGFjZXMudjEuUGxhY2VzLlNlYXJjaFRleHQQAhgEIAA,OPERATIONAL,"general_contractor,service,point_of_interest,establishment",Flooring contractor,Garden City
ChIJix6i2xJFrlQRAkAg5sZybYQ,Sunrise Hardwood Floors Inc,"4709 W Chinden Blvd, Boise, ID 83714, USA",(208) 941-0037,http://www.sunrisehardwood.com/,5,97,https://maps.google.com/?cid=9542409384057913346&g_mp=Cidnb29nbGUubWFwcy5wbGFjZXMudjEuUGxhY2VzLlNlYXJjaFRleHQQAhgEIAA,OPERATIONAL,"building_materials_store,home_goods_store,store,point_of_interest,establishment",Flooring contractor,Garden City
ChIJrTMkTWX_rlQRh_yC2TXZcVM,Action Flooring,"412 E 41st St Unit 5, Garden City, ID 83714, USA",(208) 995-9186,https://actionflooring208.com/,4,4,https://maps.google.com/?cid=6012825802822057095&g_mp=Cidnb29nbGUubWFwcy5wbGFjZXMudjEuUGxhY2VzLlNlYXJjaFRleHQQAhgEIAA,OPERATIONAL,"general_contractor,service,point_of_interest,establishment",Flooring contractor,Garden City
ChIJPZuvKG3_rlQRpZLKjy8sCEc,Rocking X Flooring,"181 E 50th St, Garden City, ID 83714, USA",(435) 730-6241,https://www.rockingxflooring.com/,5,1,https://maps.google.com/?cid=5118389559294071461&g_mp=Cidnb29nbGUubWFwcy5wbGFjZXMudjEuUGxhY2VzLlNlYXJjaFRleHQQAhgEIAA,OPERATIONAL,"building_materials_store,home_goods_store,store,point_of_interest,establishment",Flooring contractor,Garden City
ChIJzRRZipn5rlQR-6_f6T2LgCI,The Tile House,"3203 W Chinden Blvd Suite 3, Garden City, ID 83714, USA",(208) 314-7505,https://thetilehouse.com/,4.2,22,https://maps.google.com/?cid=2486140092341530619&g_mp=Cidnb29nbGUubWFwcy5wbGFjZXMudjEuUGxhY2VzLlNlYXJjaFRleHQQAhgEIAA,OPERATIONAL,"building_materials_store,home_goods_store,store,point_of_interest,establishment",Tile contractor,Garden City
ChIJkek9CGj_rlQRc2_L1LYkftQ,FloForm Countertops | Garden City Outlet,"5280 N Sawyer Ave, Garden City, ID 83714, USA",(208) 378-1032,http://mesatileandstone.com/,3.4,21,https://maps.google.com/?cid=15311716150779015027&g_mp=Cidnb29nbGUubWFwcy5wbGFjZXMudjEuUGxhY2VzLlNlYXJjaFRleHQQAhgEIAA,OPERATIONAL,"building_materials_store,home_goods_store,store,point_of_interest,establishment",Tile contractor,Garden City
ChIJC6tzqkn_rlQR5Jb-l6yjut4,Interwest Custom Cabinets,"602 E 44th St ste b, Garden City, ID 83714, USA",(208) 602-7297,http://interwestcustomcabinets.com/,,0,https://maps.google.com/?cid=16049320183767930596&g_mp=Cidnb29nbGUubWFwcy5wbGFjZXMudjEuUGxhY2VzLlNlYXJjaFRleHQQAhgEIAA,OPERATIONAL,"manufacturer,point_of_interest,service,establishment",Cabinet maker,Garden City
ChIJ8Xsp4P_5rlQR7QnFB8b7DsM,TBC Llc (Tomco Bespoke Cabinetry),"6305 W Russett St, Boise, ID 83704, USA",,https://www.instagram.com/tbc_woodcrafts_boise/,,0,https://maps.google.com/?cid=14055448315022346733&g_mp=Cidnb29nbGUubWFwcy5wbGFjZXMudjEuUGxhY2VzLlNlYXJjaFRleHQQAhgEIAA,OPERATIONAL,"manufacturer,point_of_interest,service,establishment",Cabinet maker,Garden City
ChIJfYHjMEz_rlQRIm6NyfF1vI4,The Hardwood Shop,"117 E 44th St, Garden City, ID 83714, USA",(208) 336-1959,,,0,https://maps.google.com/?cid=10285225330336427554&g_mp=Cidnb29nbGUubWFwcy5wbGFjZXMudjEuUGxhY2VzLlNlYXJjaFRleHQQAhgEIAA,OPERATIONAL,"manufacturer,store,point_of_interest,service,establishment",Cabinet maker,Garden City
ChIJPfPV1Uf_rlQR_QFbr5q-NEY,Cabinet Cutters,"507 E 46th St, Garden City, ID 83714, USA",(208) 908-8984,https://www.cabinetcutters.com/about-us/,,0,https://maps.google.com/?cid=5058877853020127741&g_mp=Cidnb29nbGUubWFwcy5wbGFjZXMudjEuUGxhY2VzLlNlYXJjaFRleHQQAhgEIAA,OPERATIONAL,"point_of_interest,establishment",Cabinet maker,Garden City
ChIJRU8S2Fr_rlQROioLX4UM-e8,JayCo Cabinets,"150 Ellen St, Boise, ID 83714, USA",(208) 323-1292,http://www.jaycocabinets.com/,4.4,7,https://maps.google.com/?cid=17291866011230480954&g_mp=Cidnb29nbGUubWFwcy5wbGFjZXMudjEuUGxhY2VzLlNlYXJjaFRleHQQAhgEIAA,OPERATIONAL,"furniture_store,home_improvement_store,home_goods_store,store,point_of_interest,establishment",Cabinet maker,Garden City
ChIJVVWSOodSrlQRE5z_Ptgo3lk,Boise Custom Furniture by Mahogany House Woodworks,"3613 Cabarton Ln, Boise, ID 83704, USA",(208) 398-3541,https://www.boisecustomfurniture.com/,4.7,66,https://maps.google.com/?cid=6475658223440337939&g_mp=Cidnb29nbGUubWFwcy5wbGFjZXMudjEuUGxhY2VzLlNlYXJjaFRleHQQAhgEIAA,OPERATIONAL,"manufacturer,general_contractor,point_of_interest,service,establishment",Cabinet maker,Garden City
ChIJmxEsh9r4rlQRJFHQHdpZ_NM,Home Enhancement Co,"412 E 41st St, Garden City, ID 83714, USA",(208) 283-2792,http://jimmeadowsdesigns.com/,4.4,27,https://maps.google.com/?cid=15275182829471813924&g_mp=Cidnb29nbGUubWFwcy5wbGFjZXMudjEuUGxhY2VzLlNlYXJjaFRleHQQAhgEIAA,OPERATIONAL,"real_estate_agency,general_contractor,consultant,service,point_of_interest,establishment",Kitchen remodel,Garden City
ChIJ5TT4xK3_rlQRvTaZyNk35wU,RBG Surfaces,"5103 N Sawyer Ave, Garden City, ID 83714, USA",(208) 376-7328,https://rbgsurfaces.com/,4.9,226,https://maps.google.com/?cid=425370098322716349&g_mp=Cidnb29nbGUubWFwcy5wbGFjZXMudjEuUGxhY2VzLlNlYXJjaFRleHQQAhgEIAA,OPERATIONAL,"building_materials_store,supplier,general_contractor,home_improvement_store,home_goods_store,service,store,point_of_interest,establishment",Kitchen remodel,Garden City
ChIJnUkhLyD_rlQRMQ7XQrIg4Hk,Timber Creek Construction,"505 E 46th St, Garden City, ID 83714, USA",(208) 578-6529,https://www.tcc-inc.com/,,0,https://maps.google.com/?cid=8782055223370124849&g_mp=Cidnb29nbGUubWFwcy5wbGFjZXMudjEuUGxhY2VzLlNlYXJjaFRleHQQAhgEIAA,OPERATIONAL,"service,point_of_interest,establishment",Kitchen remodel,Garden City
ChIJuQ4t323_rlQRKrFuGEEYoWo,Rugged Building Company,"4202 W Chinden Blvd, Garden City, ID 83714, USA",(208) 550-2779,https://www.ruggedbuildingco.com/,5,13,https://maps.google.com/?cid=7683449107132625194&g_mp=Cidnb29nbGUubWFwcy5wbGFjZXMudjEuUGxhY2VzLlNlYXJjaFRleHQQAhgEIAA,OPERATIONAL,"general_contractor,service,point_of_interest,establishment",General contractor,Garden City
ChIJDT6FOOP4rlQRoA5reDsIH20,VERTICAL Construction,"300 E 35th St, Garden City, ID 83714, USA",(208) 336-9860,http://vertical-corp.com/,5,1,https://maps.google.com/?cid=7863012525928550048&g_mp=Cidnb29nbGUubWFwcy5wbGFjZXMudjEuUGxhY2VzLlNlYXJjaFRleHQQAhgEIAA,OPERATIONAL,"general_contractor,service,point_of_interest,establishment",General contractor,Garden City
ChIJcwrrra3tz6YR6vQixsLh44w,Bear Lake General Contractors,"3318 Snowshoe Cir, Garden City, UT 84028, USA",(801) 336-7346,http://www.bearlakegeneralcontractors.com/,5,6,https://maps.google.com/?cid=10152206211687314666&g_mp=Cidnb29nbGUubWFwcy5wbGFjZXMudjEuUGxhY2VzLlNlYXJjaFRleHQQAhgEIAA,OPERATIONAL,"general_contractor,service,point_of_interest,establishment",General contractor,Garden City
ChIJ8fJTr6VTrlQRDGMzTqf8phQ,Woodwright Custom Builders,"3255 E Red Stone Dr, Boise, ID 83712, USA",(208) 514-9738,https://www.woodwrightcustombuilders.com/?utm_source=gbp,4.9,32,https://maps.google.com/?cid=1488154522394256140&g_mp=Cidnb29nbGUubWFwcy5wbGFjZXMudjEuUGxhY2VzLlNlYXJjaFRleHQQAhgEIAA,OPERATIONAL,"general_contractor,home_goods_store,service,store,point_of_interest,establishment",General contractor,Garden City
ChIJex5VuR__rlQRhplfeUzkY4s,True North Construction,"9682 W Sleepy Hollow Ln, Garden City, ID 83714, USA",,,5,2,https://maps.google.com/?cid=10044122611071293830&g_mp=Cidnb29nbGUubWFwcy5wbGFjZXMudjEuUGxhY2VzLlNlYXJjaFRleHQQAhgEIAA,OPERATIONAL,"general_contractor,service,point_of_interest,establishment",General contractor,Garden City
ChIJIQQYjtb2roURoU6Zj1-458U,First Light Builders LLC,"142 N Bear Lake Blvd, Garden City, UT 84028, USA",(720) 202-3621,https://www.firstlightbld.com/,5,12,https://maps.google.com/?cid=14260569465662557857&g_mp=Cidnb29nbGUubWFwcy5wbGFjZXMudjEuUGxhY2VzLlNlYXJjaFRleHQQAhgEIAA,OPERATIONAL,"general_contractor,home_goods_store,service,store,point_of_interest,establishment",General contractor,Garden City
ChIJbyAhofZIr1QRz5WyHNtc5to,P R Boys Construction,"26 Livingston Ct, Garden Valley, ID 83622, USA",(208) 462-3318,,5,1,https://maps.google.com/?cid=15773396841060799951&g_mp=Cidnb29nbGUubWFwcy5wbGFjZXMudjEuUGxhY2VzLlNlYXJjaFRleHQQAhgEIAA,OPERATIONAL,"general_contractor,service,point_of_interest,establishment",General contractor,Garden City
ChIJhVRYA0k3r1QRuMcJmd2OYeo,Castle Mountain Homes,"851 Banks Lowman Hwy, Garden Valley, ID 83622, USA",(208) 462-2882,https://castlemountainhomes.com/,4,8,https://maps.google.com/?cid=16888937160022542264&g_mp=Cidnb29nbGUubWFwcy5wbGFjZXMudjEuUGxhY2VzLlNlYXJjaFRleHQQAhgEIAA,OPERATIONAL,"general_contractor,service,point_of_interest,establishment",General contractor,Garden City
ChIJozhOwov5rlQR-nZQT9X5JBg,Pusher Construction Inc,"111 E 40th St, Garden City, ID 83714, USA",(208) 573-2207,,4,4,https://maps.google.com/?cid=1739790050625877754&g_mp=Cidnb29nbGUubWFwcy5wbGFjZXMudjEuUGxhY2VzLlNlYXJjaFRleHQQAhgEIAA,OPERATIONAL,"general_contractor,service,point_of_interest,establishment",General contractor,Garden City
ChIJgUTCvC75rlQRCpXlJKtxZyM,Harrod Construction Inc. Complete Drywall Services,"4813 W Irving St, Boise, ID 83706, USA",(208) 473-1967,,5,1,https://maps.google.com/?cid=2551132693801047306&g_mp=Cidnb29nbGUubWFwcy5wbGFjZXMudjEuUGxhY2VzLlNlYXJjaFRleHQQAhgEIAA,OPERATIONAL,"general_contractor,service,point_of_interest,establishment",Drywall contractor,Garden City
ChIJbbDw8xP_rlQRDMns9XCSjOc,"Interior Systems, Inc.","5446 W State St, Boise, ID 83703, USA",(208) 853-2233,http://www.isiperforms.com/,5,8,https://maps.google.com/?cid=16684871733360773388&g_mp=Cidnb29nbGUubWFwcy5wbGFjZXMudjEuUGxhY2VzLlNlYXJjaFRleHQQAhgEIAA,OPERATIONAL,"general_contractor,service,point_of_interest,establishment",Drywall contractor,Garden City
ChIJEQsv-VP5rlQRVKUaxALsfAs,Green Peak Spray Foam,"525 S Americana Blvd, Boise, ID 83702, USA",(208) 980-2074,https://greenpeak.us/boise-spray-foam/,5,1,https://maps.google.com/?cid=827795928153498964&g_mp=Cidnb29nbGUubWFwcy5wbGFjZXMudjEuUGxhY2VzLlNlYXJjaFRleHQQAhgEIAA,OPERATIONAL,"general_contractor,service,point_of_interest,establishment",Insulation contractor,Garden City
ChIJl6XJGVcEZgwRUNyG5KKs-ps,Gem State Spray Foam of Boise,"8164 W Beckton Ln, Boise, ID 83714, USA",(208) 974-5427,https://gemstatesprayfoam.com/spray-foam-insulation-boise-idaho/,4.9,17,https://maps.google.com/?cid=11239485635675216976&g_mp=Cidnb29nbGUubWFwcy5wbGFjZXMudjEuUGxhY2VzLlNlYXJjaFRleHQQAhgEIAA,OPERATIONAL,"general_contractor,service,point_of_interest,establishment",Insulation contractor,Garden City
ChIJqwf45IOJrlQRFyTMYart4RQ,Western Masonry Insulation Llc,"155 S Pronghorn Rd, Boise, ID 83716, USA",(208) 850-2672,,,0,https://maps.google.com/?cid=1504745066559448087&g_mp=Cidnb29nbGUubWFwcy5wbGFjZXMudjEuUGxhY2VzLlNlYXJjaFRleHQQAhgEIAA,OPERATIONAL,"general_contractor,service,point_of_interest,establishment",Insulation contractor,Garden City
ChIJGRZjXwdWrlQRf5U7-5qGATE,4 Seasons Insulation,"2312 N Cole Rd, Boise, ID 83704, USA",(208) 993-0016,,,0,https://maps.google.com/?cid=3531251583033251199&g_mp=Cidnb29nbGUubWFwcy5wbGFjZXMudjEuUGxhY2VzLlNlYXJjaFRleHQQAhgEIAA,OPERATIONAL,"general_contractor,service,point_of_interest,establishment",Insulation contractor,Garden City
ChIJgxLYZ_f3rlQRk4xKCSuKMdI,Service Partners,"641 W McGregor Ct Ste 100, Boise, ID 83705, USA",(208) 343-4215,https://www.service-partners.com/branches/id/boise/a56/,4.2,13,https://maps.google.com/?cid=15146038939267796115&g_mp=Cidnb29nbGUubWFwcy5wbGFjZXMudjEuUGxhY2VzLlNlYXJjaFRleHQQAhgEIAA,OPERATIONAL,"building_materials_store,store,point_of_interest,establishment",Insulation contractor,Garden City
ChIJsW0kP-1TrlQRgrj-mRmDxJI,NOW Remodeling,"4615 W Emerald St STE 102, Boise, ID 83706, USA",(208) 506-7199,http://www.nowremodeling.com/,4.3,69,https://maps.google.com/?cid=10575721970953795714&g_mp=Cidnb29nbGUubWFwcy5wbGFjZXMudjEuUGxhY2VzLlNlYXJjaFRleHQQAhgEIAA,OPERATIONAL,"point_of_interest,service,establishment",Siding contractor,Garden City
ChIJTZZtHE6HUocR9-dTouae6hs,Goldn Rule Construction,"2222 N Bramble Ln, Idaho Falls, ID 83402, USA",(208) 516-7146,https://www.instagram.com/goldn_rule_construction/,4.9,21,https://maps.google.com/?cid=2011594896977422327&g_mp=Cidnb29nbGUubWFwcy5wbGFjZXMudjEuUGxhY2VzLlNlYXJjaFRleHQQAhgEIAA,OPERATIONAL,"general_contractor,service,point_of_interest,establishment",Deck builder,Garden City
ChIJrTeKjNX_rlQRZdBRNA3DswM,Heritage Pool Supply,"203 W 43rd St, Garden City, ID 83714, USA",(208) 203-4141,https://www.heritagepoolsupplygroup.com/en/distributor-network/CONGARD/,5,3,https://maps.google.com/?cid=266771264424759397&g_mp=Cidnb29nbGUubWFwcy5wbGFjZXMudjEuUGxhY2VzLlNlYXJjaFRleHQQAhgEIAA,OPERATIONAL,"wholesaler,point_of_interest,establishment",Pool service,Garden City
ChIJn60QjrvPXVMRnrlno9TkCEk,Garden City Movers LLC,"5865 Haugan Dr, Missoula, MT 59803, USA",(406) 207-3187,,4.4,100,https://maps.google.com/?cid=5262707766508108190&g_mp=Cidnb29nbGUubWFwcy5wbGFjZXMudjEuUGxhY2VzLlNlYXJjaFRleHQQAhgEIAA,OPERATIONAL,"moving_company,transportation_service,point_of_interest,service,establishment",Moving company,Garden City
ChIJAQr1L7f4rlQRH-letUWfOIg,Curtis Clean Sweep,"117 E 37th St, Garden City, ID 83714, USA",(208) 343-7600,http://www.curtiscleansweep.com/,3.4,36,https://maps.google.com/?cid=9815770509598451999&g_mp=Cidnb29nbGUubWFwcy5wbGFjZXMudjEuUGxhY2VzLlNlYXJjaFRleHQQAhgEIAA,OPERATIONAL,"general_contractor,point_of_interest,service,establishment",Chimney sweep,Garden City
ChIJq6qqqkb4rlQR4j6aMFD3rH8,Stonecrest Masonry,"1689 Shoreline Dr, Boise, ID 83706, USA",(208) 283-9341,,4.7,12,https://maps.google.com/?cid=9200000062595940066&g_mp=Cidnb29nbGUubWFwcy5wbGFjZXMudjEuUGxhY2VzLlNlYXJjaFRleHQQAhgEIAA,OPERATIONAL,"general_contractor,point_of_interest,service,establishment",Chimney sweep,Garden City
ChIJWTAfADf5rlQRGc96KjHfMxI,Safelite AutoGlass,"3933 W Chinden Blvd, Garden City, ID 83714, USA",(877) 664-8932,https://www.safelite.com/stores/garden-city-id?utm_source=yext&utm_medium=list&utm_campaign=local&y_source=1_MTAxODkxOTQ4MS03MTUtbG9jYXRpb24ud2Vic2l0ZQ%3D%3D,4.5,128,https://maps.google.com/?cid=1311637318754029337&g_mp=Cidnb29nbGUubWFwcy5wbGFjZXMudjEuUGxhY2VzLlNlYXJjaFRleHQQAhgEIAA,OPERATIONAL,"point_of_interest,establishment",Glass repair,Garden City
ChIJT2aA6zX_rlQRGuVJ1703CUY,JT Auto Glass & Tint,"6614 W State St #B, Boise, ID 83714, USA",(208) 658-8468,http://www.jtautoglassandtint.com/,4.8,43,https://maps.google.com/?cid=5046626145945642266&g_mp=Cidnb29nbGUubWFwcy5wbGFjZXMudjEuUGxhY2VzLlNlYXJjaFRleHQQAhgEIAA,OPERATIONAL,"car_repair,supplier,manufacturer,store,point_of_interest,service,establishment",Glass repair,Garden City
ChIJT53GUZ_4rlQR0WE9gFxKsTc,Architectural Glass & Glazing,"909 N Orchard St, Boise, ID 83706, USA",(208) 375-0326,http://architecturalglassandglazing.com/,5,1,https://maps.google.com/?cid=4013070504112775633&g_mp=Cidnb29nbGUubWFwcy5wbGFjZXMudjEuUGxhY2VzLlNlYXJjaFRleHQQAhgEIAA,OPERATIONAL,"point_of_interest,establishment",Glass repair,Garden City
ChIJ2bCtl5hVrlQRhqpFzSCumNU,Premier Glass Tinting,"9535 Mountain View Dr, Garden City, ID 83714, USA",(208) 506-7892,http://premierglasstintingboise.com/,5,61,https://maps.google.com/?cid=15391243182444751494&g_mp=Cidnb29nbGUubWFwcy5wbGFjZXMudjEuUGxhY2VzLlNlYXJjaFRleHQQAhgEIAA,OPERATIONAL,"car_repair,point_of_interest,service,establishment",Glass repair,Garden City
ChIJ2Q-xQbP4rlQR_SuTwtk5Sfk,Stover Glass,"117 E 41st St, Garden City, ID 83714, USA",(208) 351-5298,http://www.stoverglass.com/,4.6,17,https://maps.google.com/?cid=17962952196179045373&g_mp=Cidnb29nbGUubWFwcy5wbGFjZXMudjEuUGxhY2VzLlNlYXJjaFRleHQQAhgEIAA,OPERATIONAL,"art_gallery,art_studio,wholesaler,manufacturer,point_of_interest,establishment",Glass repair,Garden City
ChIJi5t4dbn4rlQR9L80OcAMMrE,"Commercial Glass, Inc","113 E 33rd St, Boise, ID 83714, USA",(208) 344-6362,http://cmlglass.com/,4.3,7,https://maps.google.com/?cid=12768281913281789940&g_mp=Cidnb29nbGUubWFwcy5wbGFjZXMudjEuUGxhY2VzLlNlYXJjaFRleHQQAhgEIAA,OPERATIONAL,"supplier,general_contractor,service,point_of_interest,establishment",Window repair,Garden City
ChIJP8PVlVr_rlQRMCBaCqycI0Y,Foster Weld Co.,"516 E 46th St, Garden City, ID 83714, USA",(208) 891-5462,http://www.fosterweld.com/,4.8,18,https://maps.google.com/?cid=5054055469561815088&g_mp=Cidnb29nbGUubWFwcy5wbGFjZXMudjEuUGxhY2VzLlNlYXJjaFRleHQQAhgEIAA,OPERATIONAL,"manufacturer,store,point_of_interest,service,establishment",Welding service,Garden City
ChIJH7gizTf_rlQRBu0VQL302kk,Original Ironworks LLC,"703 E 44th St #7, Garden City, ID 83714, USA",(208) 353-0351,,4.3,6,https://maps.google.com/?cid=5321835003352837382&g_mp=Cidnb29nbGUubWFwcy5wbGFjZXMudjEuUGxhY2VzLlNlYXJjaFRleHQQAhgEIAA,OPERATIONAL,"manufacturer,point_of_interest,establishment",Welding service,Garden City
ChIJT3hXVpz5rlQRRNkGFpdxNU8,Eagle Excavation & Concrete,"1925 N Liberty St, Boise, ID 83704, USA",(208) 269-4415,,5,3,https://maps.google.com/?cid=5707592996485519684&g_mp=Cidnb29nbGUubWFwcy5wbGFjZXMudjEuUGxhY2VzLlNlYXJjaFRleHQQAhgEIAA,OPERATIONAL,"general_contractor,service,point_of_interest,establishment",Excavation contractor,Garden City
ChIJRwiBMkv_rlQRJMQn0D11ww0,Bright Excavation,"8715 W Ben St, Boise, ID 83714, USA",(208) 365-5858,,,0,https://maps.google.com/?cid=991765251297362980&g_mp=Cidnb29nbGUubWFwcy5wbGFjZXMudjEuUGxhY2VzLlNlYXJjaFRleHQQAhgEIAA,OPERATIONAL,"general_contractor,service,point_of_interest,establishment",Excavation contractor,Garden City
ChIJI1jdgTJXrlQRGShK3DmlV3A,Dan Can Do Construction,"2173 Naclerio Ln, Boise, ID 83705, USA",(208) 484-8969,http://www.dancandoconstruction.com/,3.8,23,https://maps.google.com/?cid=8095120523149322265&g_mp=Cidnb29nbGUubWFwcy5wbGFjZXMudjEuUGxhY2VzLlNlYXJjaFRleHQQAhgEIAA,OPERATIONAL,"general_contractor,service,point_of_interest,establishment",Excavation contractor,Garden City
ChIJDZZJPbH5rlQRnQ5eXdyVJJ8,Atlas Excavating & Breakers,"199 N Capitol Blvd #904, Boise, ID 83702, USA",(208) 367-1191,http://www.atlasexc.com/,5,2,https://maps.google.com/?cid=11467455324883914397&g_mp=Cidnb29nbGUubWFwcy5wbGFjZXMudjEuUGxhY2VzLlNlYXJjaFRleHQQAhgEIAA,OPERATIONAL,"general_contractor,service,point_of_interest,establishment",Excavation contractor,Garden City
ChIJN0jAUYJJr1QRzC-pc45IhQA,Preferred excavation service inc,"365 S Middlefork Rd, Garden Valley, ID 83622, USA",(208) 272-0609,http://preferredexcavation.com/,4.7,14,https://maps.google.com/?cid=37515948565540812&g_mp=Cidnb29nbGUubWFwcy5wbGFjZXMudjEuUGxhY2VzLlNlYXJjaFRleHQQAhgEIAA,OPERATIONAL,"general_contractor,service,point_of_interest,establishment",Excavation contractor,Garden City
ChIJGWKl561XrlQR4-xynj6tcoM,Gabbert & Edwards Construction,"1404 N Main St Suite 100, Meridian, ID 83642, USA",(208) 861-6175,https://www.geconstructionllc.com/,1,1,https://maps.google.com/?cid=9471823450771483875&g_mp=Cidnb29nbGUubWFwcy5wbGFjZXMudjEuUGxhY2VzLlNlYXJjaFRleHQQAhgEIAA,OPERATIONAL,"service,point_of_interest,establishment",Excavation contractor,Garden City
ChIJ2961c5dXrlQRUdIZrbENMl8,"Warner Construction, Inc.","3615 S Curtis Rd, Boise, ID 83705, USA",(208) 333-0189,http://www.warnerconstructioninc.com/,3.6,9,https://maps.google.com/?cid=6859560239203209809&g_mp=Cidnb29nbGUubWFwcy5wbGFjZXMudjEuUGxhY2VzLlNlYXJjaFRleHQQAhgEIAA,OPERATIONAL,"general_contractor,service,point_of_interest,establishment",Excavation contractor,Garden City
ChIJm6_tEKv5rlQRAL5aprjY484,Gem State Paving LLC,"909 W Main St, Boise, ID 83702, USA",(208) 891-6017,https://gemstatepavingllc.com/,4.1,16,https://maps.google.com/?cid=14907997479103020544&g_mp=Cidnb29nbGUubWFwcy5wbGFjZXMudjEuUGxhY2VzLlNlYXJjaFRleHQQAhgEIAA,OPERATIONAL,"general_contractor,service,point_of_interest,establishment",Paving contractor,Garden City
ChIJF8HAjAz_rlQRYZOh_8qNRRU,Mountain Hardscape Systems,"800 W Main St #1460, Boise, ID 83702, USA",(208) 450-9999,https://mountainhardscapesystems.com/,4.8,111,https://maps.google.com/?cid=1532787151201211233&g_mp=Cidnb29nbGUubWFwcy5wbGFjZXMudjEuUGxhY2VzLlNlYXJjaFRleHQQAhgEIAA,OPERATIONAL,"general_contractor,supplier,service,point_of_interest,establishment",Paving contractor,Garden City
ChIJeR1w4Or5rlQRe9ssk3yTFUc,Magnifico Bros Seal Coating,"2809 W Bannock St, Boise, ID 83702, USA",(208) 729-6733,https://trustedpropavingsolution.shop/,,0,https://maps.google.com/?cid=5122162314458225531&g_mp=Cidnb29nbGUubWFwcy5wbGFjZXMudjEuUGxhY2VzLlNlYXJjaFRleHQQAhgEIAA,OPERATIONAL,"general_contractor,service,point_of_interest,establishment",Paving contractor,Garden City
ChIJUWJ9RIH_rlQRYvzBxm2ShaQ,Pavement Preservation Systems,"8881 W River Beach Ln, Garden City, ID 83714, USA",(208) 672-1977,https://www.pavementpreservationsystems.com/,,0,https://maps.google.com/?cid=11855042594306391138&g_mp=Cidnb29nbGUubWFwcy5wbGFjZXMudjEuUGxhY2VzLlNlYXJjaFRleHQQAhgEIAA,OPERATIONAL,"general_contractor,service,point_of_interest,establishment",Paving contractor,Garden City
ChIJnXCG_oL4rlQR7hcGWN4_FZk,Boise Rock & Block Pavers,"4501 W Emerald St, Boise, ID 83706, USA",(208) 573-1598,,4.5,8,https://maps.google.com/?cid=11030793086505981934&g_mp=Cidnb29nbGUubWFwcy5wbGFjZXMudjEuUGxhY2VzLlNlYXJjaFRleHQQAhgEIAA,OPERATIONAL,"general_contractor,building_materials_store,store,service,point_of_interest,establishment",Paving contractor,Garden City
ChIJiYZIxk1VrlQR8lTkxUCnhbI,Boise Pavers and Patios,"1553 N Milwaukee St #122, Boise, ID 83704, USA",(208) 871-1565,http://www.boisepaversandpatios.com/,3.7,3,https://maps.google.com/?cid=12863871807293510898&g_mp=Cidnb29nbGUubWFwcy5wbGFjZXMudjEuUGxhY2VzLlNlYXJjaFRleHQQAhgEIAA,OPERATIONAL,"general_contractor,service,point_of_interest,establishment",Paving contractor,Garden City
ChIJgzFtOBETVIcRa-LOejlzcSM,3H Paving,"60 S Paradise Pkwy, Garden City, UT 84028, USA",(435) 310-4694,https://3hpaving.com/,4.7,15,https://maps.google.com/?cid=2553949154406490731&g_mp=Cidnb29nbGUubWFwcy5wbGFjZXMudjEuUGxhY2VzLlNlYXJjaFRleHQQAhgEIAA,OPERATIONAL,"general_contractor,service,point_of_interest,establishment",Paving contractor,Garden City
ChIJt2jHZGz5rlQRqj6yP0wXAbM,All In One Asphalt LLC,"6400 Butte St, Boise, ID 83704, USA",(208) 345-5850,,,0,https://maps.google.com/?cid=12898616424019410602&g_mp=Cidnb29nbGUubWFwcy5wbGFjZXMudjEuUGxhY2VzLlNlYXJjaFRleHQQAhgEIAA,OPERATIONAL,"general_contractor,service,point_of_interest,establishment",Paving contractor,Garden City
ChIJy09Xs9Gxr1QRiUHqkF-J6fQ,Sam's Plumbing Solutions Inc,"24344 Wanda Way, Middleton, ID 83644, USA",(208) 585-3484,,4.9,27,https://maps.google.com/?cid=17647787658374168969&g_mp=Cidnb29nbGUubWFwcy5wbGFjZXMudjEuUGxhY2VzLlNlYXJjaFRleHQQAhgEIAA,OPERATIONAL,"plumber,service,point_of_interest,establishment",Plumber,Middleton
ChIJ_4muwO-ur1QRH8tjcovl-5E,Abrao Plumbing,"7678 Willow Creek Dr, Middleton, ID 83644, USA",(208) 412-5114,,5,10,https://maps.google.com/?cid=10519253741736282911&g_mp=Cidnb29nbGUubWFwcy5wbGFjZXMudjEuUGxhY2VzLlNlYXJjaFRleHQQAhgEIAA,OPERATIONAL,"plumber,service,point_of_interest,establishment",Plumber,Middleton
ChIJx-DhpBaur1QRHGxTmyyPgWI,Plumbing Company,"23887 Tyler Ln, Middleton, ID 83644, USA",(208) 343-0036,https://www.facebook.com/theplumbingco5,4.6,5,https://maps.google.com/?cid=7098111909459880988&g_mp=Cidnb29nbGUubWFwcy5wbGFjZXMudjEuUGxhY2VzLlNlYXJjaFRleHQQAhgEIAA,OPERATIONAL,"plumber,service,point_of_interest,establishment",Plumber,Middleton
ChIJ0e1xq8ixr1QROhUKyVBcBc8,C R Plumbing,"11854 Willis Rd, Middleton, ID 83644, USA",(208) 585-3307,http://craigscrplumbing.com/,5,5,https://maps.google.com/?cid=14917430842774656314&g_mp=Cidnb29nbGUubWFwcy5wbGFjZXMudjEuUGxhY2VzLlNlYXJjaFRleHQQAhgEIAA,OPERATIONAL,"plumber,service,point_of_interest,establishment",Plumber,Middleton
ChIJwdHsFr-xr1QRJovDaczYLHE,Fidelity Plumbing LLC,"23316 Old Hwy 30, Caldwell, ID 83605, USA",(208) 918-1812,https://www.fidelityplumbingidaho.com/,4.9,39,https://maps.google.com/?cid=8155131397720476454&g_mp=Cidnb29nbGUubWFwcy5wbGFjZXMudjEuUGxhY2VzLlNlYXJjaFRleHQQAhgEIAA,OPERATIONAL,"plumber,service,point_of_interest,establishment",Plumber,Middleton
ChIJoWoQBtDQhIARSaAyjX_uFiU,Resistance Electric,"W Meadow Creek Wy, Middleton, ID 83644, USA",(208) 794-3617,http://resistanceelectric.com/,4.8,23,https://maps.google.com/?cid=2672585660488130633&g_mp=Cidnb29nbGUubWFwcy5wbGFjZXMudjEuUGxhY2VzLlNlYXJjaFRleHQQAhgEIAA,OPERATIONAL,"electrician,service,point_of_interest,establishment",Electrician,Middleton
ChIJ10RCIoKxr1QRdjzsOjFLJyk,Pro mountain electric llc,"296 N Dewey Ave, Middleton, ID 83644, USA",(208) 870-1183,https://promountainelectric.com/,5,6,https://maps.google.com/?cid=2965421554460802166&g_mp=Cidnb29nbGUubWFwcy5wbGFjZXMudjEuUGxhY2VzLlNlYXJjaFRleHQQAhgEIAA,OPERATIONAL,"electrician,service,point_of_interest,establishment",Electrician,Middleton
ChIJWzG7ue0nzwgReiGE7zkvRcw,Freedom Electric and Construction,"4691 SE 4th Ave, New Plymouth, ID 83655, USA",(208) 741-9338,http://freedomelectricidaho.com/,5,12,https://maps.google.com/?cid=14719222883008389498&g_mp=Cidnb29nbGUubWFwcy5wbGFjZXMudjEuUGxhY2VzLlNlYXJjaFRleHQQAhgEIAA,OPERATIONAL,"electrician,service,point_of_interest,establishment",Electrician,Middleton
ChIJO6GAM_uCrFQRzxZzlmK6VYk,Electrical Contractors of Idaho,"125 W Ave F, Jerome, ID 83338, USA",(208) 324-3171,https://electricalcontractorsofidaho.com/,5,9,https://maps.google.com/?cid=9896020688810219215&g_mp=Cidnb29nbGUubWFwcy5wbGFjZXMudjEuUGxhY2VzLlNlYXJjaFRleHQQAhgEIAA,OPERATIONAL,"electrician,supplier,food,service,point_of_interest,establishment",Electrical contractor,Middleton
ChIJ4Xpted3zr1QRrnxBLjKMQBg,Stepleton Electric LLC.,"565 12th St N, Vale, OR 97918, USA",(541) 473-2631,https://www.stepletonelectric.com/,4.9,8,https://maps.google.com/?cid=1747550802572049582&g_mp=Cidnb29nbGUubWFwcy5wbGFjZXMudjEuUGxhY2VzLlNlYXJjaFRleHQQAhgEIAA,OPERATIONAL,"electrician,service,point_of_interest,establishment",Electrical contractor,Middleton
ChIJ9dBtNrfWY1MRfLJJSRcQRKw,"Tork Electric, Inc.","218 Cedar St STE 202, Sandpoint, ID 83864, USA",(208) 290-2793,http://www.torkelectric.com/,5,11,https://maps.google.com/?cid=12413064165139788412&g_mp=Cidnb29nbGUubWFwcy5wbGFjZXMudjEuUGxhY2VzLlNlYXJjaFRleHQQAhgEIAA,OPERATIONAL,"electrician,service,point_of_interest,establishment",Electrical contractor,Middleton
ChIJnctxklCbmQoRQbxhNvGT8mg,BuildPro,"462 Castlebury St, Middleton, ID 83644, USA",(888) 297-0446,http://buildproroofing.com/,4.6,20,https://maps.google.com/?cid=7562269388517260353&g_mp=Cidnb29nbGUubWFwcy5wbGFjZXMudjEuUGxhY2VzLlNlYXJjaFRleHQQAhgEIAA,OPERATIONAL,"roofing_contractor,point_of_interest,service,establishment",Roofer,Middleton
ChIJRZX2jONXrlQRNjlGluPXntc,Ada County Roofing Inc,"108 Duncan Ave, Middleton, ID 83644, USA",(208) 362-1270,http://adacountyroofing.net/,4,1,https://maps.google.com/?cid=15537093136953522486&g_mp=Cidnb29nbGUubWFwcy5wbGFjZXMudjEuUGxhY2VzLlNlYXJjaFRleHQQAhgEIAA,OPERATIONAL,"roofing_contractor,point_of_interest,service,establishment",Roofer,Middleton
ChIJ5YyRrbv1YyQRAW6cyCP9UGo,Beymer Heating & Air,"26401 Hidden Valley Ln, Middleton, ID 83644, USA",(208) 430-0858,https://beymerhvac.com/,5,8,https://maps.google.com/?cid=7660901296288591361&g_mp=Cidnb29nbGUubWFwcy5wbGFjZXMudjEuUGxhY2VzLlNlYXJjaFRleHQQAhgEIAA,OPERATIONAL,"general_contractor,point_of_interest,service,establishment",HVAC,Middleton
ChIJtQBwaECwr1QRLiTNA2aIw14,Carter Comfort Systems,"13285 Lewis Rnch Rd, Caldwell, ID 83607, USA",(208) 739-4181,https://www.cartercomfort.com/,5,233,https://maps.google.com/?cid=6828451431755621422&g_mp=Cidnb29nbGUubWFwcy5wbGFjZXMudjEuUGxhY2VzLlNlYXJjaFRleHQQAhgEIAA,OPERATIONAL,"general_contractor,point_of_interest,service,establishment",HVAC,Middleton
ChIJAQAsUC-wr1QRV3gilmZQhDs,AARDVARK HEATING & COOLING,"25267 Cemetery Rd, Middleton, ID 83644, USA",(208) 344-4863,https://thevarkhvac.com/contact/,,0,https://maps.google.com/?cid=4288641146699282519&g_mp=Cidnb29nbGUubWFwcy5wbGFjZXMudjEuUGxhY2VzLlNlYXJjaFRleHQQAhgEIAA,OPERATIONAL,"general_contractor,point_of_interest,service,establishment",HVAC,Middleton
ChIJAW3W65-xr1QRD4hL1PXvUiE,D & C Heating & Cooling,"22908 S 21st Ave W, Middleton, ID 83644, USA",(208) 989-9203,,5,1,https://maps.google.com/?cid=2401245390449641487&g_mp=Cidnb29nbGUubWFwcy5wbGFjZXMudjEuUGxhY2VzLlNlYXJjaFRleHQQAhgEIAA,OPERATIONAL,"general_contractor,service,point_of_interest,establishment",Heating and cooling,Middleton
ChIJH9usofexr1QRSi66qChuMpE,AIR TO AIR HEATING & COOLING LLC,"13284 Willis Rd, Caldwell, ID 83607, USA",(208) 590-6804,https://airtoairheatingcoolingllc.com/,5,2,https://maps.google.com/?cid=10462546005243604554&g_mp=Cidnb29nbGUubWFwcy5wbGFjZXMudjEuUGxhY2VzLlNlYXJjaFRleHQQAhgEIAA,OPERATIONAL,"general_contractor,service,point_of_interest,establishment",Heating and cooling,Middleton
ChIJ2xkU4qyxr1QRZT14F-IZ4T8,Zing Services,"1121 W Main St, Middleton, ID 83644, USA",(208) 585-9400,https://www.zingidaho.com/,4.9,399,https://maps.google.com/?cid=4602988752996416869&g_mp=Cidnb29nbGUubWFwcy5wbGFjZXMudjEuUGxhY2VzLlNlYXJjaFRleHQQAhgEIAA,OPERATIONAL,"store,service,point_of_interest,establishment",Pest control,Middleton
ChIJC-nbUGGxr1QRLD9Qx2vivuI,Forest Landscaping LLC,"101 S Campbell Ave, Middleton, ID 83644, USA",(208) 405-6650,https://forestlandscapingidaho.com/,4.9,9,https://maps.google.com/?cid=16338745450680041260&g_mp=Cidnb29nbGUubWFwcy5wbGFjZXMudjEuUGxhY2VzLlNlYXJjaFRleHQQAhgEIAA,OPERATIONAL,"general_contractor,service,point_of_interest,establishment",Landscaping,Middleton
ChIJNyhQ8iCxr1QRT8SrmRxLrTs,Cloudburst,"10 S Hawthorne Ave #644, Middleton, ID 83644, USA",(208) 639-9609,http://www.cloudburstirrigation.com/,3.4,19,https://maps.google.com/?cid=4300175805418030159&g_mp=Cidnb29nbGUubWFwcy5wbGFjZXMudjEuUGxhY2VzLlNlYXJjaFRleHQQAhgEIAA,OPERATIONAL,"general_contractor,service,point_of_interest,establishment",Landscaping,Middleton
ChIJzZf4aQeur1QRIGtkKnKl_08,Big Creek Landscaping,"22930 Buskirk Dr, Middleton, ID 83644, USA",(208) 585-3534,,3.5,4,https://maps.google.com/?cid=5764507957813603104&g_mp=Cidnb29nbGUubWFwcy5wbGFjZXMudjEuUGxhY2VzLlNlYXJjaFRleHQQAhgEIAA,OPERATIONAL,"general_contractor,service,point_of_interest,establishment",Landscaping,Middleton
ChIJH8VbSNexr1QRipAj7X0Tkq0,Rayo Landscape LLC,"22754 Duff Ln, Middleton, ID 83644, USA",(208) 350-3163,,,0,https://maps.google.com/?cid=12507080546731659402&g_mp=Cidnb29nbGUubWFwcy5wbGFjZXMudjEuUGxhY2VzLlNlYXJjaFRleHQQAhgEIAA,OPERATIONAL,"general_contractor,service,point_of_interest,establishment",Landscaping,Middleton
ChIJk5IoJ2Oxr1QRBtrVvcC1USg,Luxe Lawn Care,"1158 New York St, Middleton, ID 83644, USA",(208) 989-2344,https://luxelawncare.lovable.app/,5,1,https://maps.google.com/?cid=2905303074053937670&g_mp=Cidnb29nbGUubWFwcy5wbGFjZXMudjEuUGxhY2VzLlNlYXJjaFRleHQQAhgEIAA,OPERATIONAL,"service,point_of_interest,establishment",Landscaping,Middleton
ChIJOyRGvQ-xr1QR0ksXEHyhChs,"Hanson Construction Services, LLC","1771 Condor Dr, Middleton, ID 83644, USA",(208) 230-3040,,5,7,https://maps.google.com/?cid=1948547343009139666&g_mp=Cidnb29nbGUubWFwcy5wbGFjZXMudjEuUGxhY2VzLlNlYXJjaFRleHQQAhgEIAA,OPERATIONAL,"service,point_of_interest,establishment",Landscaping,Middleton
ChIJLdRFD8NNrlQRYN3JrBbeMik,The Artisan's Touch,"804 9th Ave S, Nampa, ID 83651, USA",(208) 577-1989,http://treasurevalleylandscaping.com/,4.9,62,https://maps.google.com/?cid=2968679293360135520&g_mp=Cidnb29nbGUubWFwcy5wbGFjZXMudjEuUGxhY2VzLlNlYXJjaFRleHQQAhgEIAA,OPERATIONAL,"general_contractor,point_of_interest,service,establishment",Lawn care,Middleton
ChIJQ7tC4uyxr1QR0a5iD7y_vFU,Perfection Tire and Auto Repair,"1400 W Main St, Middleton, ID 83644, USA",(208) 585-9888,http://www.perfectiontire.com/stores/middleton-store,4.5,316,https://maps.google.com/?cid=6178023603278360273&g_mp=Cidnb29nbGUubWFwcy5wbGFjZXMudjEuUGxhY2VzLlNlYXJjaFRleHQQAhgEIAA,OPERATIONAL,"tire_shop,auto_parts_store,car_repair,store,service,point_of_interest,establishment",Auto repair,Middleton
ChIJs9_FGs-xr1QRCxTyJF1qr3w,Caliber Collision,"957 Bozic St, Middleton, ID 83644, USA",(986) 224-8756,https://www.caliber.com/find-a-location/middleton-id?utm_source=google&utm_medium=gbp-profile&utm_campaign=webform-GBPwebsite&utm_content=&utm_term=&utm_id=0966,4.7,105,https://maps.google.com/?cid=8984516729911776267&g_mp=Cidnb29nbGUubWFwcy5wbGFjZXMudjEuUGxhY2VzLlNlYXJjaFRleHQQAhgEIAA,OPERATIONAL,"car_repair,service,point_of_interest,establishment",Auto repair,Middleton
ChIJn2iSsm2ur1QRAsH0f-ySnu0,Robert Johnson Shop,"8902 Foothill Rd, Middleton, ID 83644, USA",(208) 353-1921,,,0,https://maps.google.com/?cid=17122284377765888258&g_mp=Cidnb29nbGUubWFwcy5wbGFjZXMudjEuUGxhY2VzLlNlYXJjaFRleHQQAhgEIAA,OPERATIONAL,"car_repair,service,point_of_interest,establishment",Auto repair,Middleton
ChIJb0WtI5Oxr1QRvfj_BbuqlgM,Hi Pro Motors,"5815 United States, 11 W Main St, Middleton, ID 83644, USA",(208) 991-0022,http://hiproidaho.com/,4.8,99,https://maps.google.com/?cid=258581748856649917&g_mp=Cidnb29nbGUubWFwcy5wbGFjZXMudjEuUGxhY2VzLlNlYXJjaFRleHQQAhgEIAA,OPERATIONAL,"tire_shop,truck_dealer,auto_parts_store,car_repair,store,service,point_of_interest,establishment",Auto repair,Middleton
ChIJp1cnwfxSL2ARQHAWQWvv6tM,AUTOWORX,"1895 N Perth Ave, Middleton, ID 83644, USA",(208) 932-5790,http://208autoworx.com/,5,10,https://maps.google.com/?cid=15270280730485616704&g_mp=Cidnb29nbGUubWFwcy5wbGFjZXMudjEuUGxhY2VzLlNlYXJjaFRleHQQAhgEIAA,OPERATIONAL,"car_wash,service,point_of_interest,establishment",Auto repair,Middleton
ChIJ_eVe5mivr1QRm46bJs-PIfk,Cobra Ranch Garage,"9975 Moon Shadow Ct, Middleton, ID 83644, USA",,,5,4,https://maps.google.com/?cid=17951787709544238747&g_mp=Cidnb29nbGUubWFwcy5wbGFjZXMudjEuUGxhY2VzLlNlYXJjaFRleHQQAhgEIAA,OPERATIONAL,"place_of_worship,association_or_organization,point_of_interest,establishment",Auto repair,Middleton
ChIJj_QqjpOxr1QRcTLUmFYD0pc,"MM Auto Sales, LLC","318 W Main St, Middleton, ID 83644, USA",(208) 800-0430,,4.4,13,https://maps.google.com/?cid=10939810115302470257&g_mp=Cidnb29nbGUubWFwcy5wbGFjZXMudjEuUGxhY2VzLlNlYXJjaFRleHQQAhgEIAA,OPERATIONAL,"car_dealer,store,point_of_interest,establishment",Auto repair,Middleton
ChIJOZZDWbKxr1QRqsrJU684OLw,D&S Mobile Truck Repair & welding,"208 N Hawthorne Dr, Middleton, ID 83644, USA",(208) 614-1441,https://www.dsmobiletruckrepairwelding.com/,,0,https://maps.google.com/?cid=13562652603502414506&g_mp=Cidnb29nbGUubWFwcy5wbGFjZXMudjEuUGxhY2VzLlNlYXJjaFRleHQQAhgEIAA,OPERATIONAL,"car_repair,service,point_of_interest,establishment",Auto repair,Middleton
ChIJASTsLsGwr1QRaRWk9ya0rIs,Green Valley Towing,"Middleton, ID 83644, USA",(208) 629-3477,http://greenvalleytowing.com/,4.9,12,https://maps.google.com/?cid=10064617346722698601&g_mp=Cidnb29nbGUubWFwcy5wbGFjZXMudjEuUGxhY2VzLlNlYXJjaFRleHQQAhgEIAA,OPERATIONAL,"service,point_of_interest,establishment",Auto repair,Middleton
ChIJwyD43-yxr1QRxKf2zViBNnM,MIDDLETON COLLISION & REFINISHING,"Middleton, ID 83644, USA",,,,0,https://maps.google.com/?cid=8301965181516687300&g_mp=Cidnb29nbGUubWFwcy5wbGFjZXMudjEuUGxhY2VzLlNlYXJjaFRleHQQAhgEIAA,OPERATIONAL,"car_repair,service,point_of_interest,establishment",Auto repair,Middleton
ChIJS6WyXGBXrlQRT3eo9hiYRwE,Tint My Ride,"1628 Cashel St, Middleton, ID 83644, USA",,https://tintmyridellc.com/,4.9,138,https://maps.google.com/?cid=92209550369257295&g_mp=Cidnb29nbGUubWFwcy5wbGFjZXMudjEuUGxhY2VzLlNlYXJjaFRleHQQAhgEIAA,OPERATIONAL,"car_repair,service,point_of_interest,establishment",Auto repair,Middleton
ChIJh_aSs5At3YARgswxNIk0G5A,PRECISION PERFORMANCE PRODUCTS,"25156 Ember Rd, Middleton, ID 83644, USA",(208) 585-2814,https://precisionperformance.com/,4.4,11,https://maps.google.com/?cid=10383951129723653250&g_mp=Cidnb29nbGUubWFwcy5wbGFjZXMudjEuUGxhY2VzLlNlYXJjaFRleHQQAhgEIAA,OPERATIONAL,"auto_parts_store,car_repair,store,service,point_of_interest,establishment",Auto repair,Middleton
ChIJQYazdluxr1QRm5AkiGLEzQ0,O'Reilly Auto Parts,"660 E Main St, Middleton, ID 83644, USA",(208) 319-1774,https://locations.oreillyauto.com/en-us/id/middleton/autoparts-5973.html,4.4,120,https://maps.google.com/?cid=994667020188684443&g_mp=Cidnb29nbGUubWFwcy5wbGFjZXMudjEuUGxhY2VzLlNlYXJjaFRleHQQAhgEIAA,OPERATIONAL,"auto_parts_store,truck_dealer,electronics_store,car_repair,store,service,point_of_interest,establishment",Auto repair,Middleton
ChIJN5jMLPGnrFQRaA2NamjVm38,CHIP off the old ROCK,"934 S Hebgon Lake Ave, Middleton, ID 83644, USA",(208) 789-7051,,5,3,https://maps.google.com/?cid=9195177708647943528&g_mp=Cidnb29nbGUubWFwcy5wbGFjZXMudjEuUGxhY2VzLlNlYXJjaFRleHQQAhgEIAA,OPERATIONAL,"service,point_of_interest,establishment",Mechanic,Middleton
ChIJnyo0Xe6xr1QRgKd9gioKBaA,Ben's Small Engine Repair,"415 W Concord St, Middleton, ID 83644, USA",(208) 960-2738,https://www.facebook.com/profile.php?id=61578372714103&mibextid=ZbWKwL,5,5,https://maps.google.com/?cid=11530633598646200192&g_mp=Cidnb29nbGUubWFwcy5wbGFjZXMudjEuUGxhY2VzLlNlYXJjaFRleHQQAhgEIAA,OPERATIONAL,"service,point_of_interest,establishment",Mechanic,Middleton
ChIJt9hKIQuur1QR4iTD4d1t8rc,Mikes MiniTrail Restorations,"8959 New Castle Dr, Middleton, ID 83644, USA",(208) 249-8020,https://mikesminitrail.com/,5,9,https://maps.google.com/?cid=13254777453047653602&g_mp=Cidnb29nbGUubWFwcy5wbGFjZXMudjEuUGxhY2VzLlNlYXJjaFRleHQQAhgEIAA,OPERATIONAL,"car_repair,service,point_of_interest,establishment",Mechanic,Middleton
ChIJxb_P3_Oxr1QRLfvD1VVvGlI,Chevron,"802 Star Blvd, Middleton, ID 83644, USA",(208) 585-3761,,4.4,21,https://maps.google.com/?cid=5916163474953861933&g_mp=Cidnb29nbGUubWFwcy5wbGFjZXMudjEuUGxhY2VzLlNlYXJjaFRleHQQAhgEIAA,OPERATIONAL,"gas_station,convenience_store,car_wash,supplier,car_repair,food_store,food,service,store,point_of_interest,establishment",Mechanic,Middleton
ChIJobBNGe2xr1QRRRya88BO_SY,P C Tech Inc,"324 Boise St, Middleton, ID 83644, USA",(208) 585-2435,,4.9,8,https://maps.google.com/?cid=2809488333176708165&g_mp=Cidnb29nbGUubWFwcy5wbGFjZXMudjEuUGxhY2VzLlNlYXJjaFRleHQQAhgEIAA,OPERATIONAL,"electronics_store,consultant,educational_institution,service,store,point_of_interest,establishment",Mechanic,Middleton
ChIJV31Xy0qxr1QRehExlMOQK2Y,Old West Trailer Repair LLc,"15101 Green Rd, Caldwell, ID 83607, USA",(208) 789-1400,,4.9,35,https://maps.google.com/?cid=7362137185546473850&g_mp=Cidnb29nbGUubWFwcy5wbGFjZXMudjEuUGxhY2VzLlNlYXJjaFRleHQQAhgEIAA,OPERATIONAL,"car_repair,service,point_of_interest,establishment",Mechanic,Middleton
ChIJl_NkGBT916oRIBbLb9S6as8,Grand Teton Professional Cleaning,"826 Granite Rd, Victor, ID 83455, USA",(208) 419-9549,https://grandtetoncleaners.com/,5,2,https://maps.google.com/?cid=14945963734953825824&g_mp=Cidnb29nbGUubWFwcy5wbGFjZXMudjEuUGxhY2VzLlNlYXJjaFRleHQQAhgEIAA,OPERATIONAL,"point_of_interest,service,establishment",Cleaning service,Middleton
ChIJm93t5L2xr1QRKxkV_fx-IDU,Ultimate Squeaky Clean- Window and Carpet Cleaning,"799 W Concord St, Middleton, ID 83644, USA",(208) 201-0355,http://ultimatesqueakyclean.com/,5,4,https://maps.google.com/?cid=3828199308307798315&g_mp=Cidnb29nbGUubWFwcy5wbGFjZXMudjEuUGxhY2VzLlNlYXJjaFRleHQQAhgEIAA,OPERATIONAL,"point_of_interest,service,establishment",Cleaning service,Middleton
ChIJQ39bFV198mIRZ_6yzJxxAds,Minute Maid cleaning-House cleaning service,"353 E Lander St ste 204, Pocatello, ID 83204, USA",(208) 701-2150,https://minutemaidcleaningllc.com/,5,25,https://maps.google.com/?cid=15781019487546048103&g_mp=Cidnb29nbGUubWFwcy5wbGFjZXMudjEuUGxhY2VzLlNlYXJjaFRleHQQAhgEIAA,OPERATIONAL,"point_of_interest,service,establishment",Cleaning service,Middleton
ChIJnRjbdi-wr1QRlAOtCftDGDU,Ready2Show,"25238 Stephanie Ln, Middleton, ID 83644, USA",(208) 936-8911,,4,2,https://maps.google.com/?cid=3825882628929422228&g_mp=Cidnb29nbGUubWFwcy5wbGFjZXMudjEuUGxhY2VzLlNlYXJjaFRleHQQAhgEIAA,OPERATIONAL,"point_of_interest,service,establishment",Cleaning service,Middleton
ChIJ3xblezexr1QRW3pDrugYI8c,H&D Cleaning services,"22505 Old Hwy 30, Caldwell, ID 83607, USA",(208) 869-3228,http://www.carpetcleaningcompanyboise.com/,4.2,5,https://maps.google.com/?cid=14349340225367669339&g_mp=Cidnb29nbGUubWFwcy5wbGFjZXMudjEuUGxhY2VzLlNlYXJjaFRleHQQAhgEIAA,OPERATIONAL,"service,point_of_interest,establishment",House cleaning,Middleton
ChIJNbCrcZqxr1QRLsHGW6tBn-g,Hessenger Building and Property Maintenace,"15 Marjorie Ave, Middleton, ID 83644, USA",(208) 724-3130,http://www.hbpmnow.com/,,0,https://maps.google.com/?cid=16762188542331240750&g_mp=Cidnb29nbGUubWFwcy5wbGFjZXMudjEuUGxhY2VzLlNlYXJjaFRleHQQAhgEIAA,OPERATIONAL,"service,point_of_interest,establishment",House cleaning,Middleton
ChIJ71Ykb1YrYlMRamZWXOtsguU,ProTex Janitorial Services LLC,"910 Otts Rd, Sagle, ID 83860, USA",(208) 263-6202,https://protexjanitorialservices.com/,5,2,https://maps.google.com/?cid=16537900539780163178&g_mp=Cidnb29nbGUubWFwcy5wbGFjZXMudjEuUGxhY2VzLlNlYXJjaFRleHQQAhgEIAA,OPERATIONAL,"laundry,service,point_of_interest,establishment",Janitorial service,Middleton
ChIJoZYU6aZpVFMRETtNjmoKBLA,AAA Custodial Services,"3846 E 100 Rd N Ste 103, Rigby, ID 83442, USA",(208) 745-9411,http://www.aaacustodialservices.com/,5,1,https://maps.google.com/?cid=12683273903352396561&g_mp=Cidnb29nbGUubWFwcy5wbGFjZXMudjEuUGxhY2VzLlNlYXJjaFRleHQQAhgEIAA,OPERATIONAL,"service,point_of_interest,establishment",Janitorial service,Middleton
ChIJg6964YilU1MRK5BqUDROMJU,Teton Valley Handyman llc,"935 Easy St, Driggs, ID 83422, USA",(928) 277-7166,https://tetonvalleyhandymanllc.com/,5,9,https://maps.google.com/?cid=10750178297127800875&g_mp=Cidnb29nbGUubWFwcy5wbGFjZXMudjEuUGxhY2VzLlNlYXJjaFRleHQQAhgEIAA,OPERATIONAL,"general_contractor,point_of_interest,service,establishment",Handyman,Middleton
ChIJq1zMnAtWrlQRdwfeaS6L-I0,Total Handyman Solutions Llc.,"1553 N Milwaukee St Suite #344, Boise, ID 83704, USA",(208) 921-7722,https://totalhandymansolutionsllc.com/,5,3,https://maps.google.com/?cid=10230079585032996727&g_mp=Cidnb29nbGUubWFwcy5wbGFjZXMudjEuUGxhY2VzLlNlYXJjaFRleHQQAhgEIAA,OPERATIONAL,"general_contractor,point_of_interest,service,establishment",Handyman,Middleton
ChIJm-chdPCvr1QRgyKZSuhEQgw,High Country Painting,"8246 Sage Run Ln, Middleton, ID 83644, USA",(208) 405-6849,http://m.facebook.com/high-country-painting-108551824111881/,5,2,https://maps.google.com/?cid=883344241392689795&g_mp=Cidnb29nbGUubWFwcy5wbGFjZXMudjEuUGxhY2VzLlNlYXJjaFRleHQQAhgEIAA,OPERATIONAL,"point_of_interest,establishment",Painter,Middleton
ChIJkSHpk5Wxr1QRzOKzVJEVXSM,Hillbilly Girls & Guys Painting,"Nieve Ln, Caldwell, ID 83605, USA",(208) 509-1677,https://hillbillygirlsguyspainting.com/,5,6,https://maps.google.com/?cid=2548216678097085132&g_mp=Cidnb29nbGUubWFwcy5wbGFjZXMudjEuUGxhY2VzLlNlYXJjaFRleHQQAhgEIAA,OPERATIONAL,"painter,service,point_of_interest,establishment",Painter,Middleton
ChIJsxz62rCvr1QRHgVUDYNUaqA,Pennington Concrete Ditches,"25913 Duff Ln, Middleton, ID 83644, USA",(208) 585-2792,,5,1,https://maps.google.com/?cid=11559144315440858398&g_mp=Cidnb29nbGUubWFwcy5wbGFjZXMudjEuUGxhY2VzLlNlYXJjaFRleHQQAhgEIAA,OPERATIONAL,"general_contractor,service,point_of_interest,establishment",Concrete contractor,Middleton
ChIJgYOKY-Gxr1QRl-W3DUF1koY,CD Concrete Constructions,"1410 Peregrine Dr, Middleton, ID 83644, USA",(208) 631-6973,http://www.cdconcrete.com.au/,,0,https://maps.google.com/?cid=9696941869945578903&g_mp=Cidnb29nbGUubWFwcy5wbGFjZXMudjEuUGxhY2VzLlNlYXJjaFRleHQQAhgEIAA,OPERATIONAL,"general_contractor,association_or_organization,service,manufacturer,point_of_interest,establishment",Concrete contractor,Middleton
ChIJCdj5Kfr5VFMRVxfDL9fshyk,Carlsons Custom Concrete Inc,"1189 N 1275 E, Shelley, ID 83274, USA",(208) 339-1981,http://carlsonscustomconcrete.com/,4.9,160,https://maps.google.com/?cid=2992620886374422359&g_mp=Cidnb29nbGUubWFwcy5wbGFjZXMudjEuUGxhY2VzLlNlYXJjaFRleHQQAhgEIAA,OPERATIONAL,"general_contractor,service,point_of_interest,establishment",Concrete contractor,Middleton
ChIJ3U-EPOOzr1QRVeXashvfSA8,Paul Tucker Concrete,"1023 Teton Ave, Caldwell, ID 83605, USA",(208) 454-1316,,4.3,3,https://maps.google.com/?cid=1101375418949887317&g_mp=Cidnb29nbGUubWFwcy5wbGFjZXMudjEuUGxhY2VzLlNlYXJjaFRleHQQAhgEIAA,OPERATIONAL,"general_contractor,service,point_of_interest,establishment",Concrete contractor,Middleton
ChIJJ7cqxmmxr1QRK4qsvCIj0tI,Precision Concrete Pumping LLC,"13485 Willis Rd, Caldwell, ID 83607, USA",(208) 565-7254,,,0,https://maps.google.com/?cid=15191243125175388715&g_mp=Cidnb29nbGUubWFwcy5wbGFjZXMudjEuUGxhY2VzLlNlYXJjaFRleHQQAhgEIAA,OPERATIONAL,"general_contractor,service,point_of_interest,establishment",Concrete contractor,Middleton
ChIJ1TVe7ATHYVMRWGXEq-qw1Tg,BURDETT CUSTOM CONCRETE,"725 W Chicory Ln, Post Falls, ID 83854, USA",(208) 640-1883,http://burdettcustomconcrete.com/?utm_source=gmb&utm_medium=referral?cid=glbc&utm_source=google&utm_medium=organic&utm,4.8,32,https://maps.google.com/?cid=4095373958113944920&g_mp=Cidnb29nbGUubWFwcy5wbGFjZXMudjEuUGxhY2VzLlNlYXJjaFRleHQQAhgEIAA,OPERATIONAL,"general_contractor,service,point_of_interest,establishment",Concrete contractor,Middleton
ChIJJ3s3lL2xr1QRR3NVdPw03Yc,Everlasting Concrete Products,"Middleton, ID 83644, USA",(208) 585-2872,,,0,https://maps.google.com/?cid=9790039423861486407&g_mp=Cidnb29nbGUubWFwcy5wbGFjZXMudjEuUGxhY2VzLlNlYXJjaFRleHQQAhgEIAA,OPERATIONAL,"general_contractor,service,point_of_interest,establishment",Concrete contractor,Middleton
ChIJMXWpqtqxr1QRUZ5AgQmz7h4,Elite Vinyl,"107 Whiffin Ln, Middleton, ID 83644, USA",(208) 866-4185,,5,2,https://maps.google.com/?cid=2228915718999547473&g_mp=Cidnb29nbGUubWFwcy5wbGFjZXMudjEuUGxhY2VzLlNlYXJjaFRleHQQAhgEIAA,OPERATIONAL,"service,point_of_interest,establishment",Fencing contractor,Middleton
ChIJ85dh-TQj-yYR7PDZDD8AHS8,Six Rivers Fencing,"200 W 1st St Suite D, Fruitland, ID 83619, USA",(208) 447-0492,https://sixriversfencing.com/,5,11,https://maps.google.com/?cid=3394869964905771244&g_mp=Cidnb29nbGUubWFwcy5wbGFjZXMudjEuUGxhY2VzLlNlYXJjaFRleHQQAhgEIAA,OPERATIONAL,"general_contractor,service,point_of_interest,establishment",Fencing contractor,Middleton
ChIJIUf8Eoj3VFMR9FQzAjXdkfc,Protech Fence Company Idaho Falls,"1492 US-91 Suite A, Shelley, ID 83274, USA",(208) 684-3409,https://www.protechfence.com/,4.9,470,https://maps.google.com/?cid=17839282818731169012&g_mp=Cidnb29nbGUubWFwcy5wbGFjZXMudjEuUGxhY2VzLlNlYXJjaFRleHQQAhgEIAA,OPERATIONAL,"building_materials_store,wholesaler,store,general_contractor,service,point_of_interest,establishment",Fencing contractor,Middleton
ChIJ9xITI0Oxr1QRwVsXPj_-nGI,Pro Landscape Inc,"25929 Tracy St, Middleton, ID 83644, USA",(208) 919-1899,,,0,https://maps.google.com/?cid=7105833859661913025&g_mp=Cidnb29nbGUubWFwcy5wbGFjZXMudjEuUGxhY2VzLlNlYXJjaFRleHQQAhgEIAA,OPERATIONAL,"general_contractor,service,point_of_interest,establishment",Fencing contractor,Middleton
ChIJizsfRF6nr1QRQ9SPiM1fNt0,Keene Tree Services,"112 S Campbell Ave, Middleton, ID 83644, USA",(208) 230-8979,,5,1,https://maps.google.com/?cid=15940033267488511043&g_mp=Cidnb29nbGUubWFwcy5wbGFjZXMudjEuUGxhY2VzLlNlYXJjaFRleHQQAhgEIAA,OPERATIONAL,"service,point_of_interest,establishment",Tree service,Middleton
ChIJKf2noayoB4gR-NumSoBsiRw,"Appliance Service Unlimited Of Middleton, Inc","7182 US-14 Ste 506, Middleton, WI 53562, USA",(608) 831-1473,http://www.applianceserviceunltd.com/,4.9,1147,https://maps.google.com/?cid=2056294003135405048&g_mp=Cidnb29nbGUubWFwcy5wbGFjZXMudjEuUGxhY2VzLlNlYXJjaFRleHQQAhgEIAA,OPERATIONAL,"supplier,manufacturer,service,store,point_of_interest,establishment",Appliance repair,Middleton
ChIJ5Um1vncnoFQRFW4JIenTMSY,Castle Cleaning,"1008 1/2, 1008 S Jefferson St, Moscow, ID 83843, USA",(208) 882-7000,http://castleidaho.com/,4.8,108,https://maps.google.com/?cid=2752213845535190549&g_mp=Cidnb29nbGUubWFwcy5wbGFjZXMudjEuUGxhY2VzLlNlYXJjaFRleHQQAhgEIAA,OPERATIONAL,"laundry,general_contractor,service,point_of_interest,establishment",Carpet cleaning,Middleton
ChIJTyTvxiTHYVMRdJnPAto9fCA,Brandon's Window Cleaning,"9495 N Sta St, Hayden, ID 83835, USA",(208) 660-8359,https://brandonswindows.com/,4.9,190,https://maps.google.com/?cid=2340813912885139828&g_mp=Cidnb29nbGUubWFwcy5wbGFjZXMudjEuUGxhY2VzLlNlYXJjaFRleHQQAhgEIAA,OPERATIONAL,"point_of_interest,service,establishment",Window cleaning,Middleton
ChIJY8Fv6Q7DYVMRONdsmiBw1R0,"Country Lock & Key, Inc.","1421 E 3rd Ave, Post Falls, ID 83854, USA",(208) 773-3947,http://www.countrylock.com/,4.5,128,https://maps.google.com/?cid=2149747682471368504&g_mp=Cidnb29nbGUubWFwcy5wbGFjZXMudjEuUGxhY2VzLlNlYXJjaFRleHQQAhgEIAA,OPERATIONAL,"locksmith,service,point_of_interest,establishment",Locksmith,Middleton
ChIJazIEcavHYVMRfQT3HCQdmw4,"Country Lock & Key, Inc.","2402 N Government Wy, Coeur d'Alene, ID 83814, USA",(208) 765-6932,https://countrylock.com/,4.2,107,https://maps.google.com/?cid=1052466978863121533&g_mp=Cidnb29nbGUubWFwcy5wbGFjZXMudjEuUGxhY2VzLlNlYXJjaFRleHQQAhgEIAA,OPERATIONAL,"locksmith,service,point_of_interest,establishment",Locksmith,Middleton
ChIJbcM-zvOxr1QR6_u4nWN9iCc,Burgess Pump and Supply,"706 E Main St, Middleton, ID 83644, USA",(208) 585-6202,https://www.burgesspump.com/,4.8,110,https://maps.google.com/?cid=2848664631113219051&g_mp=Cidnb29nbGUubWFwcy5wbGFjZXMudjEuUGxhY2VzLlNlYXJjaFRleHQQAhgEIAA,OPERATIONAL,"supplier,manufacturer,food,point_of_interest,establishment",Septic service,Middleton
ChIJebTMoClLoFQReZZOTNtvq7s,King's Thrones & Pumping Service by Inland North Waste,"3949 Industrial Way, Lewiston, ID 83501, USA",(208) 882-5724,https://www.inlandnorthwaste.com/site-services,4.2,14,https://maps.google.com/?cid=13523025293778785913&g_mp=Cidnb29nbGUubWFwcy5wbGFjZXMudjEuUGxhY2VzLlNlYXJjaFRleHQQAhgEIAA,OPERATIONAL,"supplier,manufacturer,point_of_interest,service,establishment",Septic service,Middleton
ChIJ6-2snVetr1QRhozMVhg5ikk,Silver Creek Supply,"8318 ID-44, Middleton, ID 83644, USA",(208) 722-2530,https://www.heritagelandscapesupplygroup.com/en/distributor-network/SCSMIDD/,4,13,https://maps.google.com/?cid=5299110688253054086&g_mp=Cidnb29nbGUubWFwcy5wbGFjZXMudjEuUGxhY2VzLlNlYXJjaFRleHQQAhgEIAA,OPERATIONAL,"building_materials_store,supplier,manufacturer,store,service,food,point_of_interest,establishment",Irrigation repair,Middleton
ChIJ1ZqjfCKRQE8Rw0Wy-TewzEo,Sawtooth Epoxy,"8090 Tandy Cv St, Middleton, ID 83644, USA",(208) 817-3407,https://sawtoothepoxy.com/,5,49,https://maps.google.com/?cid=5389876608514540995&g_mp=Cidnb29nbGUubWFwcy5wbGFjZXMudjEuUGxhY2VzLlNlYXJjaFRleHQQAhgEIAA,OPERATIONAL,"general_contractor,service,point_of_interest,establishment",Flooring contractor,Middleton
ChIJmcHUkMWnCoQRleRnNbjMcYk,Stone Base Contractors,"413 Ponderosa Lp, Post Falls, ID 83854, USA",(208) 205-9999,http://sbcremodelandbuild.com/,5,45,https://maps.google.com/?cid=9903922147106481301&g_mp=Cidnb29nbGUubWFwcy5wbGFjZXMudjEuUGxhY2VzLlNlYXJjaFRleHQQAhgEIAA,OPERATIONAL,"home_goods_store,general_contractor,service,store,point_of_interest,establishment",Flooring contractor,Middleton
ChIJJ7P_KTj6mIERE1Dqd0k6HlA,Watts Built,"3410 W Libby Ln, Hayden, ID 83835, USA",(208) 987-3228,http://wattsbuilt.com/,5,49,https://maps.google.com/?cid=5773115859554422803&g_mp=Cidnb29nbGUubWFwcy5wbGFjZXMudjEuUGxhY2VzLlNlYXJjaFRleHQQAhgEIAA,OPERATIONAL,"building_materials_store,home_goods_store,general_contractor,service,store,point_of_interest,establishment",Flooring contractor,Middleton
ChIJAQAQCBJMrlQRmYwHMTgmpZk,Jaspen Construction,"12014 Vine St, Middleton, ID 83644, USA",(208) 505-4808,https://www.jaspenconstruction.com/contact,5,1,https://maps.google.com/?cid=11071297281742834841&g_mp=Cidnb29nbGUubWFwcy5wbGFjZXMudjEuUGxhY2VzLlNlYXJjaFRleHQQAhgEIAA,OPERATIONAL,"service,point_of_interest,establishment",Flooring contractor,Middleton
ChIJH0a9A-_DYVMRgonE1ckaGHs,TAC Tile installation,"4448 N Connery Loop, Post Falls, ID 83854, USA",(208) 660-4373,http://tactileandstone.com/,5,4,https://maps.google.com/?cid=8869868920283367810&g_mp=Cidnb29nbGUubWFwcy5wbGFjZXMudjEuUGxhY2VzLlNlYXJjaFRleHQQAhgEIAA,OPERATIONAL,"general_contractor,home_goods_store,service,store,point_of_interest,establishment",Tile contractor,Middleton
ChIJdVlhGwClr1QRDxo95YnMKiQ,The Cabinet Shop,"27773 Cemetery Rd, Middleton, ID 83644, USA",,http://groundhog-mauve-cct7.squarespace.com/,,0,https://maps.google.com/?cid=2606120227015825935&g_mp=Cidnb29nbGUubWFwcy5wbGFjZXMudjEuUGxhY2VzLlNlYXJjaFRleHQQAhgEIAA,OPERATIONAL,"manufacturer,service,point_of_interest,establishment",Cabinet maker,Middleton
ChIJiQfZ-G2vr1QRHUSibqjX2qc,"Ashby's Cabinetry, Inc","10865 Goodson Rd, Middleton, ID 83644, USA",(208) 590-3403,,,0,https://maps.google.com/?cid=12095216867667493917&g_mp=Cidnb29nbGUubWFwcy5wbGFjZXMudjEuUGxhY2VzLlNlYXJjaFRleHQQAhgEIAA,OPERATIONAL,"manufacturer,service,point_of_interest,establishment",Cabinet maker,Middleton
ChIJffLu0wtdPWIRKDKz_X71VEE,BDF Built,"22918 Duff Ln, Middleton, ID 83644, USA",(208) 914-3618,http://bdfbuilt.com/,5,6,https://maps.google.com/?cid=4707657436280074792&g_mp=Cidnb29nbGUubWFwcy5wbGFjZXMudjEuUGxhY2VzLlNlYXJjaFRleHQQAhgEIAA,OPERATIONAL,"general_contractor,point_of_interest,service,establishment",Kitchen remodel,Middleton
ChIJu2kONh4LVFMRw0SDHV7hHj0,Teton Repair & Remodel,"3563 ID-33, Rexburg, ID 83440, USA",(907) 252-3128,https://tetonremodel.com/?utm_source=gmb,4.9,11,https://maps.google.com/?cid=4404205279953241283&g_mp=Cidnb29nbGUubWFwcy5wbGFjZXMudjEuUGxhY2VzLlNlYXJjaFRleHQQAhgEIAA,OPERATIONAL,"general_contractor,point_of_interest,service,establishment",Kitchen remodel,Middleton
ChIJbeMTlENYG2MRqxeOVJsunVY,Delco Construction,"152 Voyager St, Middleton, ID 83644, USA",(208) 800-2433,http://www.delcocustomhomes.com/,5,3,https://maps.google.com/?cid=6241195903278782379&g_mp=Cidnb29nbGUubWFwcy5wbGFjZXMudjEuUGxhY2VzLlNlYXJjaFRleHQQAhgEIAA,OPERATIONAL,"general_contractor,point_of_interest,service,establishment",Kitchen remodel,Middleton
ChIJe-oB75mKj4ARAjmzK_MmIUQ,MARLENE DESIGN + CO.,"1706 Mary Hl Ave, Middleton, ID 83644, USA",(925) 818-7328,http://www.marlenedesignco.com/,5,1,https://maps.google.com/?cid=4909247894662625538&g_mp=Cidnb29nbGUubWFwcy5wbGFjZXMudjEuUGxhY2VzLlNlYXJjaFRleHQQAhgEIAA,OPERATIONAL,"general_contractor,point_of_interest,service,establishment",Bathroom remodel,Middleton
ChIJ8436cs2xr1QRfHG56mnGOkc,Modern Construction LLC,"1394 White Cliffs St, Middleton, ID 83644, USA",(541) 212-7905,,,0,https://maps.google.com/?cid=5132632883553988988&g_mp=Cidnb29nbGUubWFwcy5wbGFjZXMudjEuUGxhY2VzLlNlYXJjaFRleHQQAhgEIAA,OPERATIONAL,"general_contractor,point_of_interest,service,establishment",Bathroom remodel,Middleton
ChIJCzXSntmxr1QRxlwlAf3izEo,CJC Construction,"Middleton, ID 83644, USA",(208) 870-2905,,5,1,https://maps.google.com/?cid=5389932430329470150&g_mp=Cidnb29nbGUubWFwcy5wbGFjZXMudjEuUGxhY2VzLlNlYXJjaFRleHQQAhgEIAA,OPERATIONAL,"general_contractor,point_of_interest,service,establishment",General contractor,Middleton
ChIJ3Yob-Ai3ooYRsL_W4-Bql7A,Alder Ridge Homes,"402 Bard Ave, Middleton, ID 83644, USA",(208) 914-4411,http://www.alderridgehomes.com/,5,12,https://maps.google.com/?cid=12724756786286346160&g_mp=Cidnb29nbGUubWFwcy5wbGFjZXMudjEuUGxhY2VzLlNlYXJjaFRleHQQAhgEIAA,OPERATIONAL,"general_contractor,point_of_interest,service,establishment",General contractor,Middleton
ChIJpYVrHhGxr1QRaorYI3sA_YE,Empire Special Homes LLC.,"312 Maple Ave, Middleton, ID 83644, USA",(208) 941-2968,,5,1,https://maps.google.com/?cid=9366643328882870890&g_mp=Cidnb29nbGUubWFwcy5wbGFjZXMudjEuUGxhY2VzLlNlYXJjaFRleHQQAhgEIAA,OPERATIONAL,"general_contractor,point_of_interest,service,establishment",General contractor,Middleton
ChIJYxc31-etr1QRymXnFTISlWU,Clark Construction,"8244 ID-44, Middleton, ID 83644, USA",(208) 409-2222,https://www.clarkconstruction.com/,5,1,https://maps.google.com/?cid=7319776775685760458&g_mp=Cidnb29nbGUubWFwcy5wbGFjZXMudjEuUGxhY2VzLlNlYXJjaFRleHQQAhgEIAA,OPERATIONAL,"general_contractor,point_of_interest,service,establishment",General contractor,Middleton
ChIJhRjJPVtUrlQRxskw1TBLMh8,"Western Specialty Structures, LLC","8314 ID-44, Middleton, ID 83644, USA",(208) 919-2948,http://www.westernspecialtystructures.com/,4.5,16,https://maps.google.com/?cid=2247941837118556614&g_mp=Cidnb29nbGUubWFwcy5wbGFjZXMudjEuUGxhY2VzLlNlYXJjaFRleHQQAhgEIAA,OPERATIONAL,"general_contractor,point_of_interest,service,establishment",General contractor,Middleton
ChIJycvogUxfVFMRR-wNqH9HNKI,Guardian Gutters,"3800 Taylorview Ln, Idaho Falls, ID 83406, USA",(208) 269-2101,http://guardianguttersco.com/,5,104,https://maps.google.com/?cid=11688045546539183175&g_mp=Cidnb29nbGUubWFwcy5wbGFjZXMudjEuUGxhY2VzLlNlYXJjaFRleHQQAhgEIAA,OPERATIONAL,"service,point_of_interest,establishment",Gutter installation,Middleton
ChIJ3WhzL-nBYVMRz-uKqR_Ea88,Precision Gutters & Roofing,"11863 N Tracey Rd, Hayden, ID 83835, USA",(208) 755-2320,http://precisiongutterscda.com/,4.8,122,https://maps.google.com/?cid=14946255428626607055&g_mp=Cidnb29nbGUubWFwcy5wbGFjZXMudjEuUGxhY2VzLlNlYXJjaFRleHQQAhgEIAA,OPERATIONAL,"roofing_contractor,service,point_of_interest,establishment",Gutter installation,Middleton
ChIJfaMTZ5opYFMRq_3j4najEgY,Troyer's Seamless Rain Gutters,"1000 Ellis Ln, Plummer, ID 83851, USA",(208) 987-0414,https://www.troyersseamlessraingutters.com/,5,7,https://maps.google.com/?cid=437591844816420267&g_mp=Cidnb29nbGUubWFwcy5wbGFjZXMudjEuUGxhY2VzLlNlYXJjaFRleHQQAhgEIAA,OPERATIONAL,"service,point_of_interest,establishment",Gutter installation,Middleton
ChIJQ86ZUX4JVFMRBCLmvslzXQ0,Shirley Insulation,"1051 W 14th N, Rexburg, ID 83440, USA",(208) 356-7000,http://shirleyinsulation.com/,5,6,https://maps.google.com/?cid=963053205655527940&g_mp=Cidnb29nbGUubWFwcy5wbGFjZXMudjEuUGxhY2VzLlNlYXJjaFRleHQQAhgEIAA,OPERATIONAL,"general_contractor,point_of_interest,service,establishment",Insulation contractor,Middleton
ChIJ_SIB1Y7zU1MR2Rei5VddZDI,Moody Creek Insulation Inc,"2466 N 7000 E, Teton, ID 83451, USA",(208) 458-4406,https://www.moodycreekinsulationinc.com/,5,1,https://maps.google.com/?cid=3631129831663605721&g_mp=Cidnb29nbGUubWFwcy5wbGFjZXMudjEuUGxhY2VzLlNlYXJjaFRleHQQAhgEIAA,OPERATIONAL,"general_contractor,point_of_interest,service,establishment",Insulation contractor,Middleton
ChIJRSNsNMAaQkMRgnQVDTstg1s,Wood Outdoor Living,"12405 W Renshaw Ave, Post Falls, ID 83854, USA",(208) 546-9663,https://www.woodoutdoorliving.com/,5,5,https://maps.google.com/?cid=6594164011046368386&g_mp=Cidnb29nbGUubWFwcy5wbGFjZXMudjEuUGxhY2VzLlNlYXJjaFRleHQQAhgEIAA,OPERATIONAL,"general_contractor,point_of_interest,service,establishment",Deck builder,Middleton
ChIJAQZzo6-xr1QRFWes7sYgfbI,DKB Construction LLC,"23458 Freezeout Rd, Caldwell, ID 83607, USA",(208) 789-6309,,,0,https://maps.google.com/?cid=12861472149619894037&g_mp=Cidnb29nbGUubWFwcy5wbGFjZXMudjEuUGxhY2VzLlNlYXJjaFRleHQQAhgEIAA,OPERATIONAL,"point_of_interest,service,establishment",Deck builder,Middleton
ChIJ3bDsrpf0OIgRSo5ftXqNVsw,Custom Deck & Porch,"1346 Worthington Woods Blvd, Columbus, OH 43085, USA",(614) 847-5681,http://www.customdecksandporch.com/,4.9,83,https://maps.google.com/?cid=14724111589902880330&g_mp=Cidnb29nbGUubWFwcy5wbGFjZXMudjEuUGxhY2VzLlNlYXJjaFRleHQQAhgEIAA,OPERATIONAL,"general_contractor,point_of_interest,service,establishment",Deck builder,Middleton
ChIJe_RDKHULVFMRlrYXmVsuCVM,Manly Moving Company,"411 Business Loop A1, Sugar City, ID 83448, USA",(208) 987-7197,https://manlymoving.com/movers/sugar-city-id/?utm_source=google&utm_medium=organic&utm_campaign=SugarCityGBP,4.7,157,https://maps.google.com/?cid=5983364550883784342&g_mp=Cidnb29nbGUubWFwcy5wbGFjZXMudjEuUGxhY2VzLlNlYXJjaFRleHQQAhgEIAA,OPERATIONAL,"moving_company,shipping_service,storage,transportation_service,service,point_of_interest,establishment",Moving company,Middleton
ChIJAW50rrKkcEgRVMiJMLOgOgY,Middleton Moving,"Unit 4 & 5, Garretts Green Industrial Estate, Valepits Rd, Garrett's Green, Birmingham B33 0TD, UK",0121 377 7349,https://middleton-moving.co.uk/,4.9,119,https://maps.google.com/?cid=448847804350711892&g_mp=Cidnb29nbGUubWFwcy5wbGFjZXMudjEuUGxhY2VzLlNlYXJjaFRleHQQAhgEIAA,OPERATIONAL,"moving_company,shipping_service,storage,transportation_service,service,point_of_interest,establishment",Moving company,Middleton
ChIJEzx5deyxr1QRQFGH1FTvgsk,Foote Dirtworks LLC,"304 N Dewey Ave, Middleton, ID 83644, USA",(208) 869-7512,,3.7,3,https://maps.google.com/?cid=14520431296217829696&g_mp=Cidnb29nbGUubWFwcy5wbGFjZXMudjEuUGxhY2VzLlNlYXJjaFRleHQQAhgEIAA,OPERATIONAL,"moving_company,shipping_service,transportation_service,service,point_of_interest,establishment",Moving company,Middleton
ChIJVwiW85CjCIgRhY4NJaUWt2E,Middleton Brothers Moving Inc,"116 N Center St, Rockton, IL 61072, USA",(815) 624-7200,http://middletonmovers.com/,,0,https://maps.google.com/?cid=7041121440964120197&g_mp=Cidnb29nbGUubWFwcy5wbGFjZXMudjEuUGxhY2VzLlNlYXJjaFRleHQQAhgEIAA,OPERATIONAL,"moving_company,transportation_service,service,point_of_interest,establishment",Moving company,Middleton
ChIJC40d3hcsrFQREIhetx2_Ie4,Whitney Transfer & Storage Inc.,"505 N 14th E St, Mountain Home, ID 83647, USA",(208) 587-3366,http://www.whitneytransfer.com/,4.8,64,https://maps.google.com/?cid=17159206189609682960&g_mp=Cidnb29nbGUubWFwcy5wbGFjZXMudjEuUGxhY2VzLlNlYXJjaFRleHQQAhgEIAA,OPERATIONAL,"moving_company,transportation_service,service,point_of_interest,establishment",Moving company,Middleton
ChIJAzBWGCqur1QRO1umqXYBCOo,Danny Wade Davis Trucking,"24625 Middleton Rd, Middleton, ID 83644, USA",(208) 585-3048,,,0,https://maps.google.com/?cid=16863730413852842811&g_mp=Cidnb29nbGUubWFwcy5wbGFjZXMudjEuUGxhY2VzLlNlYXJjaFRleHQQAhgEIAA,OPERATIONAL,"moving_company,shipping_service,transportation_service,service,point_of_interest,establishment",Moving company,Middleton
ChIJhUCIFeetr1QRIbRe-zC968M,Mcj Trucking Inc,"22797 Conrad Ct, Middleton, ID 83644, USA",(208) 863-2157,,,0,https://maps.google.com/?cid=14117585474996319265&g_mp=Cidnb29nbGUubWFwcy5wbGFjZXMudjEuUGxhY2VzLlNlYXJjaFRleHQQAhgEIAA,OPERATIONAL,"moving_company,shipping_service,transportation_service,service,point_of_interest,establishment",Moving company,Middleton
ChIJkYIBjyStr1QRooIHtEoYEr8,Boise River Logistics LLC,"8638 Legacy Ct, Middleton, ID 83644, USA",(661) 618-1078,,5,2,https://maps.google.com/?cid=13768093719952065186&g_mp=Cidnb29nbGUubWFwcy5wbGFjZXMudjEuUGxhY2VzLlNlYXJjaFRleHQQAhgEIAA,OPERATIONAL,"store,service,point_of_interest,establishment",Moving company,Middleton
ChIJr9P5QKIZnlQRcPHQYB1pvHY,Movher,"6010 E Broadway Ave, Spokane Valley, WA 99212, USA",(509) 954-4777,http://www.movher.com/?utm_source=google&utm_medium=organic&utm_campaign=gbp,4.8,733,https://maps.google.com/?cid=8555828966996373872&g_mp=Cidnb29nbGUubWFwcy5wbGFjZXMudjEuUGxhY2VzLlNlYXJjaFRleHQQAhgEIAA,OPERATIONAL,"moving_company,shipping_service,storage,transportation_service,service,point_of_interest,establishment",Moving company,Middleton
ChIJmZmoZG2xr1QRkSdqQihRcc8,Hwy 44 Storage,"14875 ID-44, Caldwell, ID 83607, USA",(208) 565-0445,https://hwy44storage.com/,4.8,46,https://maps.google.com/?cid=14947817871574181777&g_mp=Cidnb29nbGUubWFwcy5wbGFjZXMudjEuUGxhY2VzLlNlYXJjaFRleHQQAhgEIAA,OPERATIONAL,"moving_company,shipping_service,storage,transportation_service,service,point_of_interest,establishment",Moving company,Middleton
ChIJYUFELt6zr1QRj4ciTNbBr1c,Extra Space Storage,"21892 Cobalt Ave, Caldwell, ID 83605, USA",(208) 563-6111,https://www.extraspace.com/storage/facilities/us/idaho/caldwell/7818/?cid=org::maps&utm_source=google&utm_medium=organic&utm_campaign=org::maps,4.8,282,https://maps.google.com/?cid=6318481928368588687&g_mp=Cidnb29nbGUubWFwcy5wbGFjZXMudjEuUGxhY2VzLlNlYXJjaFRleHQQAhgEIAA,OPERATIONAL,"moving_company,shipping_service,storage,transportation_service,store,service,point_of_interest,establishment",Moving company,Middleton
ChIJAWzC7PGxr1QRY8ubOsv-NQk,WP Organizational Design,"1162 Peregrine Dr, Middleton, ID 83644, USA",(208) 908-9270,http://wporganizationaldesign.com/,,0,https://maps.google.com/?cid=663716668922121059&g_mp=Cidnb29nbGUubWFwcy5wbGFjZXMudjEuUGxhY2VzLlNlYXJjaFRleHQQAhgEIAA,OPERATIONAL,"moving_company,consultant,transportation_service,service,point_of_interest,establishment",Moving company,Middleton
ChIJj0AHyZmxr1QRxVmlyhSyE_U,U-Haul Neighborhood Dealer,"1663 W Main St, Middleton, ID 83644, USA",(208) 629-3412,https://www.uhaul.com/Locations/Truck-Rentals-near-Middleton-ID-83644/039201/?utm_source=gmb&utm_medium=primary&utm_campaign=uhaulsmlm&utm_content=039201,4.6,18,https://maps.google.com/?cid=17659654366218770885&g_mp=Cidnb29nbGUubWFwcy5wbGFjZXMudjEuUGxhY2VzLlNlYXJjaFRleHQQAhgEIAA,OPERATIONAL,"service,point_of_interest,establishment",Moving company,Middleton
ChIJRaSnziBnplQRshWRzwtkS9A,Heartland Chimney Sweeps,"McCall, ID 83638, USA",(208) 634-3636,http://www.heartlandchimneysweepsid.com/,4.5,4,https://maps.google.com/?cid=15009200185032119730&g_mp=Cidnb29nbGUubWFwcy5wbGFjZXMudjEuUGxhY2VzLlNlYXJjaFRleHQQAhgEIAA,OPERATIONAL,"service,point_of_interest,establishment",Chimney sweep,Middleton
ChIJ6aTTd6FFVVMRWVVhOxNdzJs,Chimneys R Us,"Nixon Rd &, Pole Line Rd, Pocatello, ID 83201, USA",(208) 654-6993,https://www.chimneysrusidaho.com/,4.8,44,https://maps.google.com/?cid=11226450308309800281&g_mp=Cidnb29nbGUubWFwcy5wbGFjZXMudjEuUGxhY2VzLlNlYXJjaFRleHQQAhgEIAA,OPERATIONAL,"general_contractor,service,point_of_interest,establishment",Chimney sweep,Middleton
ChIJc5N1H1avqlQRTy2OAslx9E0,Idaho Chimney Life,"1750 Flandro Dr Box 2461, Pocatello, ID 83206, USA",(208) 705-4981,http://www.idahochimneylife.com/?utm_source=google&utm_medium=wix_google_business_profile&utm_campaign=16920429631673754465,4.5,36,https://maps.google.com/?cid=5617239743383088463&g_mp=Cidnb29nbGUubWFwcy5wbGFjZXMudjEuUGxhY2VzLlNlYXJjaFRleHQQAhgEIAA,OPERATIONAL,"service,point_of_interest,establishment",Chimney sweep,Middleton
ChIJDUo3OrSCqVQRGC27UmDvx_E,Fireplace Outfitters,"515 N River St, Hailey, ID 83333, USA",(208) 578-2184,https://fireplaceoutfitters.com/,4.7,23,https://maps.google.com/?cid=17422156880489950488&g_mp=Cidnb29nbGUubWFwcy5wbGFjZXMudjEuUGxhY2VzLlNlYXJjaFRleHQQAhgEIAA,OPERATIONAL,"furniture_store,home_improvement_store,spa,home_goods_store,store,point_of_interest,establishment",Chimney sweep,Middleton
ChIJlW34puOxr1QREyJnAcIuKCs,"Complete Check Inspections, LLC","1789 Windmill Springs Ct, Middleton, ID 83644, USA",(208) 703-2227,https://www.completecheckinspections.com/,5,926,https://maps.google.com/?cid=3109786953481396755&g_mp=Cidnb29nbGUubWFwcy5wbGFjZXMudjEuUGxhY2VzLlNlYXJjaFRleHQQAhgEIAA,OPERATIONAL,"service,point_of_interest,establishment",Chimney sweep,Middleton
ChIJqWcXM7QT44kROiYKPW99toA,Chimcare Peabody,"9 Centennial Dr Suite 237, Peabody, MA 01960, USA",(617) 958-2113,https://www.chimcare.com/location/chimney-sweep-repair-in-peabody-ma/,5,314,https://maps.google.com/?cid=9274738399335032378&g_mp=Cidnb29nbGUubWFwcy5wbGFjZXMudjEuUGxhY2VzLlNlYXJjaFRleHQQAhgEIAA,OPERATIONAL,"service,point_of_interest,establishment",Chimney sweep,Middleton
ChIJEermZEOxr1QRzDyuqhVj7wA,Tractor Supply Co.,"1500 W Main St, Middleton, ID 83644, USA",(208) 585-9800,https://www.tractorsupply.com/tsc/store_Middleton-ID-83644_2331,4.4,244,https://maps.google.com/?cid=67381464142855372&g_mp=Cidnb29nbGUubWFwcy5wbGFjZXMudjEuUGxhY2VzLlNlYXJjaFRleHQQAhgEIAA,OPERATIONAL,"garden_center,hardware_store,pet_store,home_improvement_store,pet_care,home_goods_store,food_store,building_materials_store,manufacturer,supplier,food,store,service,point_of_interest,establishment",Chimney sweep,Middleton
ChIJ6_10-kBPVVMRYgT8i4Km49U,"Nicks Fireplace, BBQ, & Hot Tub Store","408 E Oak St, Pocatello, ID 83201, USA",(208) 232-2240,https://nicksfireplaceoutfitters.com/,4.6,92,https://maps.google.com/?cid=15412345429416477794&g_mp=Cidnb29nbGUubWFwcy5wbGFjZXMudjEuUGxhY2VzLlNlYXJjaFRleHQQAhgEIAA,OPERATIONAL,"home_improvement_store,home_goods_store,store,point_of_interest,establishment",Chimney sweep,Middleton
ChIJ2SKvMI1ckFQRfMpPSdUdy_s,Chimcare,"19110 66th Ave S Suite G100, Kent, WA 98032, USA",(206) 488-0212,https://chimcare.com/,5,207,https://maps.google.com/?cid=18143628325687380604&g_mp=Cidnb29nbGUubWFwcy5wbGFjZXMudjEuUGxhY2VzLlNlYXJjaFRleHQQAhgEIAA,OPERATIONAL,"service,point_of_interest,establishment",Chimney sweep,Middleton
ChIJuwfj1_Gxr1QRl7DwWrXWVPU,Metalworks By LIFE,"710 E Main St, Middleton, ID 83644, USA",(208) 514-0054,http://www.metalbylife.com/,5,7,https://maps.google.com/?cid=17677990511739187351&g_mp=Cidnb29nbGUubWFwcy5wbGFjZXMudjEuUGxhY2VzLlNlYXJjaFRleHQQAhgEIAA,OPERATIONAL,"manufacturer,point_of_interest,establishment",Welding service,Middleton
ChIJX1Yx53mxr1QR7fw4tD7lVWc,Patriot Excavation LLC.,"1959 Yellow Pine Dr, Middleton, ID 83644, USA",(208) 576-8911,,,0,https://maps.google.com/?cid=7446109616401349869&g_mp=Cidnb29nbGUubWFwcy5wbGFjZXMudjEuUGxhY2VzLlNlYXJjaFRleHQQAhgEIAA,OPERATIONAL,"general_contractor,service,point_of_interest,establishment",Excavation contractor,Middleton
ChIJ7VGyIuqvr1QRA4Cka1uGcc0,MWCompany Excavation LLC,"8116 Foothill Rd, Middleton, ID 83644, USA",(208) 953-7334,,,0,https://maps.google.com/?cid=14803761177349619715&g_mp=Cidnb29nbGUubWFwcy5wbGFjZXMudjEuUGxhY2VzLlNlYXJjaFRleHQQAhgEIAA,OPERATIONAL,"general_contractor,service,point_of_interest,establishment",Excavation contractor,Middleton
ChIJMbdgOZUPoFQRRq0lrUlhFsM,Three Bear Contracting LLC,"1011 Smokey Bear Ln, Kendrick, ID 83537, USA",(208) 791-1572,https://3bearcontracting.com/,5,47,https://maps.google.com/?cid=14057530255949016390&g_mp=Cidnb29nbGUubWFwcy5wbGFjZXMudjEuUGxhY2VzLlNlYXJjaFRleHQQAhgEIAA,OPERATIONAL,"manufacturer,general_contractor,service,supplier,point_of_interest,establishment",Excavation contractor,Middleton
ChIJFX08CieVoFQRQsNBmO2h4sA,Groundwork Excavation,"1207 Lukes Gulch Rd, Grangeville, ID 83530, USA",(208) 507-8054,https://idahoexcavationcompany.com/,5,11,https://maps.google.com/?cid=13898849441852539714&g_mp=Cidnb29nbGUubWFwcy5wbGFjZXMudjEuUGxhY2VzLlNlYXJjaFRleHQQAhgEIAA,OPERATIONAL,"general_contractor,service,point_of_interest,establishment",Excavation contractor,Middleton
ChIJKxuLoNVyBUgR0UeNuHGraq0,Liddil Paving LLC,"12354 W Tyhee Rd, Pocatello, ID 83202, USA",,http://liddilpaving.com/,4.8,21,https://maps.google.com/?cid=12495988621008783313&g_mp=Cidnb29nbGUubWFwcy5wbGFjZXMudjEuUGxhY2VzLlNlYXJjaFRleHQQAhgEIAA,OPERATIONAL,"parking_lot,parking,general_contractor,transportation_service,service,point_of_interest,establishment",Paving contractor,Middleton
ChIJd2mhluvAYVMRp-cTb1UGIrY,North West Road And Drive,"7704 E Aqua Cir suite a, Dalton Gardens, ID 83815, USA",(208) 664-9677,http://nwroadanddrive.com/,4.6,11,https://maps.google.com/?cid=13124059228116608935&g_mp=Cidnb29nbGUubWFwcy5wbGFjZXMudjEuUGxhY2VzLlNlYXJjaFRleHQQAhgEIAA,OPERATIONAL,"general_contractor,service,point_of_interest,establishment",Paving contractor,Middleton
ChIJ7a3y9xOxr1QRXN7G7WvZ7N4,Eden Landscape Construction LLC,"21565 Chicago St, Caldwell, ID 83607, USA",(208) 459-3579,https://edenlandscaping-asphalt.com/,4.5,12,https://maps.google.com/?cid=16063453028497677916&g_mp=Cidnb29nbGUubWFwcy5wbGFjZXMudjEuUGxhY2VzLlNlYXJjaFRleHQQAhgEIAA,OPERATIONAL,"general_contractor,service,point_of_interest,establishment",Paving contractor,Middleton
ChIJbRPk16sZnlQRiZ8PhkaGBYM,Black Diamond Asphalt Paving LLC,"306 N Lake Rd, Spokane Valley, WA 99212, USA",(509) 202-4342,http://www.bdasphaltpaving.com/,5,52,https://maps.google.com/?cid=9441099831307116425&g_mp=Cidnb29nbGUubWFwcy5wbGFjZXMudjEuUGxhY2VzLlNlYXJjaFRleHQQAhgEIAA,OPERATIONAL,"general_contractor,service,point_of_interest,establishment",Paving contractor,Middleton
ChIJOfytLdKnr1QRyo8lJv3OGa8,Johns Plumbing,"141 Enterprise St, Emmett, ID 83617, USA",(208) 365-4168,https://www.johnsplumbing.us/,4.3,61,https://maps.google.com/?cid=12617343417717198794&g_mp=Cidnb29nbGUubWFwcy5wbGFjZXMudjEuUGxhY2VzLlNlYXJjaFRleHQQAhgEIAA,OPERATIONAL,"plumber,supplier,store,point_of_interest,service,manufacturer,establishment",Plumber,Emmett
ChIJYSPC8xsKr1QRqKfOz548abY,Affordable Plumbing Inc,"889 Sunset Dr, Emmett, ID 83617, USA",(208) 365-6737,http://affordableplumbinginc.yolasite.com/,4.5,8,https://maps.google.com/?cid=13144103640246429608&g_mp=Cidnb29nbGUubWFwcy5wbGFjZXMudjEuUGxhY2VzLlNlYXJjaFRleHQQAhgEIAA,OPERATIONAL,"plumber,point_of_interest,service,establishment",Plumber,Emmett
ChIJm_UvmMzTAYkR5FC353oj7FI,AW Plumbing LLC,"1740 Castle Wy, Emmett, ID 83617, USA",(208) 365-8276,http://www.awplumbingllc.com/,5,6,https://maps.google.com/?cid=5975189816394338532&g_mp=Cidnb29nbGUubWFwcy5wbGFjZXMudjEuUGxhY2VzLlNlYXJjaFRleHQQAhgEIAA,OPERATIONAL,"plumber,point_of_interest,service,establishment",Plumber,Emmett
ChIJAcF_i5Kgr1QRw5iwuvHa0vQ,Rocky Mountain Mechanical,"132 S Washington Ave, Emmett, ID 83617, USA",(208) 365-7473,https://www.rockymountainplumbingandheating.com/?utm_source=google+business+listing&utm_medium=organic&utm_campaign=website+button,4.8,252,https://maps.google.com/?cid=17641403422117763267&g_mp=Cidnb29nbGUubWFwcy5wbGFjZXMudjEuUGxhY2VzLlNlYXJjaFRleHQQAhgEIAA,OPERATIONAL,"plumber,home_improvement_store,home_goods_store,general_contractor,store,point_of_interest,service,establishment",Plumber,Emmett
ChIJh7fZSTGnr1QRCgxpmZjwu7s,Goff's Plumbing Inc.,"1235 Allen Ln, Emmett, ID 83617, USA",(208) 365-4257,,3.6,9,https://maps.google.com/?cid=13527670443936910346&g_mp=Cidnb29nbGUubWFwcy5wbGFjZXMudjEuUGxhY2VzLlNlYXJjaFRleHQQAhgEIAA,OPERATIONAL,"plumber,point_of_interest,service,establishment",Plumber,Emmett
ChIJIYvkMe4Jr1QR7zCt0s0TAFo,Best Emmett ID Plumber,"135 S Washington Ave, Emmett, ID 83617, USA",(208) 369-9011,https://bestemmettidplumber.com/,,0,https://maps.google.com/?cid=6485205238137303279&g_mp=Cidnb29nbGUubWFwcy5wbGFjZXMudjEuUGxhY2VzLlNlYXJjaFRleHQQAhgEIAA,OPERATIONAL,"plumber,point_of_interest,service,establishment",Plumber,Emmett
ChIJy4h-a3cKr1QRYk1ClPcdvFI,Mackey Electric,"405 N Washington Ave, Emmett, ID 83617, USA",(208) 412-6796,,4.3,16,https://maps.google.com/?cid=5961672955913194850&g_mp=Cidnb29nbGUubWFwcy5wbGFjZXMudjEuUGxhY2VzLlNlYXJjaFRleHQQAhgEIAA,OPERATIONAL,"electrician,point_of_interest,service,establishment",Plumber,Emmett
ChIJK32vrPsJr1QRty9jcYQjRSQ,Colburn Plumbing,"PO Box 174, Emmett, ID 83617, USA",(208) 365-5939,,,0,https://maps.google.com/?cid=2613534210503421879&g_mp=Cidnb29nbGUubWFwcy5wbGFjZXMudjEuUGxhY2VzLlNlYXJjaFRleHQQAhgEIAA,OPERATIONAL,"plumber,point_of_interest,service,establishment",Plumber,Emmett
ChIJgTgQl54Jr1QRaUBQNrg47Go,Delta Electric LLC.,"1106 Royalty Ave, Emmett, ID 83617, USA",(208) 369-3008,,5,14,https://maps.google.com/?cid=7704595426360442985&g_mp=Cidnb29nbGUubWFwcy5wbGFjZXMudjEuUGxhY2VzLlNlYXJjaFRleHQQAhgEIAA,OPERATIONAL,"electrician,service,point_of_interest,establishment",Electrician,Emmett
ChIJ63E3p5wJr1QRGhc0wHa0jJc,Ray Pattan Electrical,"2675 E Locust St, Emmett, ID 83617, USA",(208) 365-2122,,5,4,https://maps.google.com/?cid=10920301618590390042&g_mp=Cidnb29nbGUubWFwcy5wbGFjZXMudjEuUGxhY2VzLlNlYXJjaFRleHQQAhgEIAA,OPERATIONAL,"electrician,service,point_of_interest,establishment",Electrician,Emmett
ChIJK32vrPsJr1QRXRf8VAC8JYA,Cornerstone Electric,"Emmett, ID 83617, USA",(208) 870-7135,https://usmapiqs.org/details/cornerstone-electric-ChIJK32,5,1,https://maps.google.com/?cid=9233993320604899165&g_mp=Cidnb29nbGUubWFwcy5wbGFjZXMudjEuUGxhY2VzLlNlYXJjaFRleHQQAhgEIAA,OPERATIONAL,"electrician,service,point_of_interest,establishment",Electrician,Emmett
ChIJSaTEFvMJr1QRDtTErJbhtK4,Dick Howard Electrician,"1140 E Park St, Emmett, ID 83617, USA",(208) 365-3957,,1,1,https://maps.google.com/?cid=12588934895667303438&g_mp=Cidnb29nbGUubWFwcy5wbGFjZXMudjEuUGxhY2VzLlNlYXJjaFRleHQQAhgEIAA,OPERATIONAL,"electrician,service,point_of_interest,establishment",Electrician,Emmett
ChIJvVECbfynr1QRgtLWYg1i32o,"Electric One Industries, Inc","1422 Penny Ln, Emmett, ID 83617, USA",(208) 398-3058,https://www.facebook.com/idahoelectrician,5,3,https://maps.google.com/?cid=7700981697459180162&g_mp=Cidnb29nbGUubWFwcy5wbGFjZXMudjEuUGxhY2VzLlNlYXJjaFRleHQQAhgEIAA,OPERATIONAL,"service,point_of_interest,establishment",Electrician,Emmett
ChIJ1aUb3cYJr1QRAxqIEsXB-7k,"Wise Roofing, LLC","2120 Service Ave, Emmett, ID 83617, USA",(208) 230-2358,http://www.wiseroofingboise.com/,4.6,19,https://maps.google.com/?cid=13401518168334670339&g_mp=Cidnb29nbGUubWFwcy5wbGFjZXMudjEuUGxhY2VzLlNlYXJjaFRleHQQAhgEIAA,OPERATIONAL,"roofing_contractor,service,point_of_interest,establishment",Roofer,Emmett
ChIJVetKr2f_UIgRvF9hRm47Xjs,High Country Roofing LLC,"3260 Wilson Ln, Emmett, ID 83617, USA",(208) 907-3624,https://www.highcountryroofing.org/,5,4,https://maps.google.com/?cid=4277922040861777852&g_mp=Cidnb29nbGUubWFwcy5wbGFjZXMudjEuUGxhY2VzLlNlYXJjaFRleHQQAhgEIAA,OPERATIONAL,"roofing_contractor,service,point_of_interest,establishment",Roofer,Emmett
ChIJXVqxykGpZlMRSGOFUl-Uqxs,Complete Roofing Systems,"4213 Beacon Ave, Emmett, ID 83617, USA",(208) 369-7175,,5,2,https://maps.google.com/?cid=1993850397168853832&g_mp=Cidnb29nbGUubWFwcy5wbGFjZXMudjEuUGxhY2VzLlNlYXJjaFRleHQQAhgEIAA,OPERATIONAL,"roofing_contractor,service,point_of_interest,establishment",Roofer,Emmett
ChIJldxWkumnr1QR4y8TkY8nIZY,L H Heating and Cooling Inc.,"2309 S Mill Rd, Emmett, ID 83617, USA",(208) 398-9382,,1,2,https://maps.google.com/?cid=10817971277488402403&g_mp=Cidnb29nbGUubWFwcy5wbGFjZXMudjEuUGxhY2VzLlNlYXJjaFRleHQQAhgEIAA,OPERATIONAL,"general_contractor,point_of_interest,service,establishment",HVAC,Emmett
ChIJaaBkIowJr1QR9hMEkOtY8Q4,Altus Home Services,"3014 Mimosa Ln, Emmett, ID 83617, USA",(208) 813-9991,http://www.altuspest.com/,5,652,https://maps.google.com/?cid=1076739554675004406&g_mp=Cidnb29nbGUubWFwcy5wbGFjZXMudjEuUGxhY2VzLlNlYXJjaFRleHQQAhgEIAA,OPERATIONAL,"general_contractor,point_of_interest,service,establishment",Pest control,Emmett
ChIJZ-FanBP_rlQR4aJjwieYKNg,Custom Bedbug Inc,"3014 Mimosa Ln, Emmett, ID 83617, USA",(208) 957-5511,http://www.custombedbug.com/,4.6,7,https://maps.google.com/?cid=15575866607793316577&g_mp=Cidnb29nbGUubWFwcy5wbGFjZXMudjEuUGxhY2VzLlNlYXJjaFRleHQQAhgEIAA,OPERATIONAL,"point_of_interest,service,establishment",Pest control,Emmett
ChIJq_zep78Lr1QREJKS0asREMk,Rodenator,"2447 ID-52, Emmett, ID 83617, USA",(800) 750-4553,http://rodenator.eu/,5,1,https://maps.google.com/?cid=14488099430904009232&g_mp=Cidnb29nbGUubWFwcy5wbGFjZXMudjEuUGxhY2VzLlNlYXJjaFRleHQQAhgEIAA,OPERATIONAL,"point_of_interest,service,establishment",Pest control,Emmett
ChIJS1HJjvKmr1QRvgv6S23_0QM,Greenlynn Lawn & Landscape Co,"2800 W South Slope Rd, Emmett, ID 83617, USA",(208) 365-5401,,5,3,https://maps.google.com/?cid=275281897137507262&g_mp=Cidnb29nbGUubWFwcy5wbGFjZXMudjEuUGxhY2VzLlNlYXJjaFRleHQQAhgEIAA,OPERATIONAL,"general_contractor,point_of_interest,service,establishment",Landscaping,Emmett
ChIJq5b7XwjrqaURfaO9Ozrewa0,ElkHorn Hardscapes,"2885 Cherry Cir, Emmett, ID 83617, USA",(208) 230-7555,,5,15,https://maps.google.com/?cid=12520532780758442877&g_mp=Cidnb29nbGUubWFwcy5wbGFjZXMudjEuUGxhY2VzLlNlYXJjaFRleHQQAhgEIAA,OPERATIONAL,"general_contractor,point_of_interest,service,establishment",Landscaping,Emmett
ChIJZXz0XUcKr1QRBuw__S7MyFM,Al's Lawn Services,"411 E Central Rd, Emmett, ID 83617, USA",(208) 365-3798,,5,1,https://maps.google.com/?cid=6037299802679536646&g_mp=Cidnb29nbGUubWFwcy5wbGFjZXMudjEuUGxhY2VzLlNlYXJjaFRleHQQAhgEIAA,OPERATIONAL,"general_contractor,point_of_interest,service,establishment",Landscaping,Emmett
ChIJsQLgecwJr1QRbdYgjoUyusw,A & A Lawn Care,"709 W Main St, Emmett, ID 83617, USA",(208) 505-7505,,5,2,https://maps.google.com/?cid=14752159078602036845&g_mp=Cidnb29nbGUubWFwcy5wbGFjZXMudjEuUGxhY2VzLlNlYXJjaFRleHQQAhgEIAA,OPERATIONAL,"point_of_interest,service,establishment",Landscaping,Emmett
ChIJeb9KJxEF64sRSjVP_cWhRYg,Green Up Landscaping,"805 S Commercial Ave, Emmett, ID 83617, USA",(509) 209-7882,https://emmettlawncare.com/,,0,https://maps.google.com/?cid=9819432434281690442&g_mp=Cidnb29nbGUubWFwcy5wbGFjZXMudjEuUGxhY2VzLlNlYXJjaFRleHQQAhgEIAA,OPERATIONAL,"general_contractor,point_of_interest,service,establishment",Landscaping,Emmett
ChIJIRa_9Zunr1QRebnpHY0-EYo,Gem Rock and Trucking,"2710 W Success Wy, Emmett, ID 83617, USA",(208) 917-7450,http://gemrockandtrucking.com/,5,8,https://maps.google.com/?cid=9948801827651303801&g_mp=Cidnb29nbGUubWFwcy5wbGFjZXMudjEuUGxhY2VzLlNlYXJjaFRleHQQAhgEIAA,OPERATIONAL,"supplier,point_of_interest,store,establishment",Landscaping,Emmett
ChIJQYgAss0Jr1QRSX_-z8cC6Dk,Affordable Rock & Landscaping,"2815 Cherry Cir, Emmett, ID 83617, USA",(208) 484-6460,,,0,https://maps.google.com/?cid=4172588111970074441&g_mp=Cidnb29nbGUubWFwcy5wbGFjZXMudjEuUGxhY2VzLlNlYXJjaFRleHQQAhgEIAA,OPERATIONAL,"general_contractor,point_of_interest,service,establishment",Landscaping,Emmett
ChIJB3oe6iYJr1QR4c52lSb3H4g,Ivy League Lawncare,"629 E 2nd St, Emmett, ID 83617, USA",(208) 586-1627,http://ivyleaguelawns.com/,,0,https://maps.google.com/?cid=9808830258524638945&g_mp=Cidnb29nbGUubWFwcy5wbGFjZXMudjEuUGxhY2VzLlNlYXJjaFRleHQQAhgEIAA,OPERATIONAL,"general_contractor,point_of_interest,service,establishment",Landscaping,Emmett
ChIJ9_Y8Qxinr1QRKz2bTaoKFqs,Premier Aggregates,"2215 W Sales Yard Rd, Emmett, ID 83617, USA",(208) 901-8189,http://www.premierllc.net/,4.6,51,https://maps.google.com/?cid=12328052756536048939&g_mp=Cidnb29nbGUubWFwcy5wbGFjZXMudjEuUGxhY2VzLlNlYXJjaFRleHQQAhgEIAA,OPERATIONAL,"moving_company,building_materials_store,shipping_service,supplier,transportation_service,general_contractor,point_of_interest,store,service,establishment",Landscaping,Emmett
ChIJkVes650Jr1QRbeMOerH_1bs,Mountain Air Landscape Company,"210 E 12th St, Emmett, ID 83617, USA",,https://mountain-air-landscape-company.ueniweb.com/,,0,https://maps.google.com/?cid=13535005392853984109&g_mp=Cidnb29nbGUubWFwcy5wbGFjZXMudjEuUGxhY2VzLlNlYXJjaFRleHQQAhgEIAA,OPERATIONAL,"point_of_interest,service,establishment",Landscaping,Emmett
ChIJ7Zc58UCnr1QRA5Y5YlM832U,Intermountain Turf Supply,"2622 W Success Wy, Emmett, ID 83617, USA",(888) 970-8873,https://www.intermountainturf.com/,4.6,11,https://maps.google.com/?cid=7340652246465091075&g_mp=Cidnb29nbGUubWFwcy5wbGFjZXMudjEuUGxhY2VzLlNlYXJjaFRleHQQAhgEIAA,OPERATIONAL,"building_materials_store,supplier,general_contractor,point_of_interest,store,food,service,establishment",Landscaping,Emmett
ChIJy64pmLvg9I8RFUa9L8sAzmE,Evans Earthworks,"4701 W Idaho Blvd, Emmett, ID 83617, USA",(208) 405-6371,https://evansearthworks.com/,5,3,https://maps.google.com/?cid=7047571339560699413&g_mp=Cidnb29nbGUubWFwcy5wbGFjZXMudjEuUGxhY2VzLlNlYXJjaFRleHQQAhgEIAA,OPERATIONAL,"general_contractor,point_of_interest,service,establishment",Landscaping,Emmett
ChIJx9eTPgCPr1QRcpendCOCW9U,Hernestos Lawncare LLC,"666 SE 4th St, Ontario, OR 97914, USA",(541) 709-7671,http://hernestoslawncarellc.com/,5,1,https://maps.google.com/?cid=15374024841751926642&g_mp=Cidnb29nbGUubWFwcy5wbGFjZXMudjEuUGxhY2VzLlNlYXJjaFRleHQQAhgEIAA,OPERATIONAL,"point_of_interest,service,establishment",Lawn care,Emmett
ChIJ-3LAQfkJr1QRnKHYtARylUQ,All Right Auto Repair,"315 W Main St, Emmett, ID 83617, USA",(208) 365-7229,http://allrightautorepair.com/,4.8,299,https://maps.google.com/?cid=4941981530648519068&g_mp=Cidnb29nbGUubWFwcy5wbGFjZXMudjEuUGxhY2VzLlNlYXJjaFRleHQQAhgEIAA,OPERATIONAL,"car_repair,service,point_of_interest,establishment",Auto repair,Emmett
ChIJS-IvzWGnr1QRVkNKReiTPXQ,Emmett Automotive & Diesel Repair,"101 Enterprise St, Emmett, ID 83617, USA",(208) 432-1236,http://emmettautomotive.com/,4.5,84,https://maps.google.com/?cid=8376013507783181142&g_mp=Cidnb29nbGUubWFwcy5wbGFjZXMudjEuUGxhY2VzLlNlYXJjaFRleHQQAhgEIAA,OPERATIONAL,"car_repair,service,point_of_interest,establishment",Auto repair,Emmett
ChIJncEGBPoJr1QRF2XLp1-f2_A,Main Street Auto,"245 E Main St, Emmett, ID 83617, USA",(208) 365-4181,,4.9,30,https://maps.google.com/?cid=17355640822188172567&g_mp=Cidnb29nbGUubWFwcy5wbGFjZXMudjEuUGxhY2VzLlNlYXJjaFRleHQQAhgEIAA,OPERATIONAL,"car_repair,service,point_of_interest,establishment",Auto repair,Emmett
ChIJ88ZMfP0Lr1QRcirxRvKVfzc,Chance’s 24/7 mobile repair,"565 E Black Canyon Hwy, Emmett, ID 83617, USA",(208) 724-6948,,4.7,13,https://maps.google.com/?cid=3999079861933124210&g_mp=Cidnb29nbGUubWFwcy5wbGFjZXMudjEuUGxhY2VzLlNlYXJjaFRleHQQAhgEIAA,OPERATIONAL,"service,point_of_interest,establishment",Auto repair,Emmett
ChIJTSoKgBOnr1QR2yZFulmHcgU,Gem County Auto & Truck,"1517 W Sales Yard Rd, Emmett, ID 83617, USA",(208) 365-7773,https://www.gcatauto.com/,4,106,https://maps.google.com/?cid=392524936981587675&g_mp=Cidnb29nbGUubWFwcy5wbGFjZXMudjEuUGxhY2VzLlNlYXJjaFRleHQQAhgEIAA,OPERATIONAL,"car_repair,service,point_of_interest,establishment",Auto repair,Emmett
ChIJ5b32O_6nr1QRo50UIx82y-A,Kings Knockout Repair LLC,"1150 W 12th St, Emmett, ID 83617, USA",(208) 369-6935,,5,7,https://maps.google.com/?cid=16198099992128560547&g_mp=Cidnb29nbGUubWFwcy5wbGFjZXMudjEuUGxhY2VzLlNlYXJjaFRleHQQAhgEIAA,OPERATIONAL,"car_repair,service,point_of_interest,establishment",Auto repair,Emmett
ChIJgSKd498Jr1QR9SZE0kSkbmU,Ed's Automotive Repair,"2050 S Washington Ave, Emmett, ID 83617, USA",(208) 365-3216,,4.3,16,https://maps.google.com/?cid=7308959860761306869&g_mp=Cidnb29nbGUubWFwcy5wbGFjZXMudjEuUGxhY2VzLlNlYXJjaFRleHQQAhgEIAA,OPERATIONAL,"car_repair,service,point_of_interest,establishment",Auto repair,Emmett
ChIJPTT20fkJr1QRMxeRWwq2F-E,Dan's Auto Body Shop,"115 Canal St, Emmett, ID 83617, USA",(208) 365-2174,,4.8,14,https://maps.google.com/?cid=16219632738600294195&g_mp=Cidnb29nbGUubWFwcy5wbGFjZXMudjEuUGxhY2VzLlNlYXJjaFRleHQQAhgEIAA,OPERATIONAL,"car_repair,service,point_of_interest,establishment",Auto repair,Emmett
ChIJkcXRiV-nr1QRPtlz-IjKMx8,Hanigan Auto Sales and Repair,"1550 S Washington Ave, Emmett, ID 83617, USA",(208) 365-5050,https://haniganautosales.com/,4.2,173,https://maps.google.com/?cid=2248363328620714302&g_mp=Cidnb29nbGUubWFwcy5wbGFjZXMudjEuUGxhY2VzLlNlYXJjaFRleHQQAhgEIAA,OPERATIONAL,"car_dealer,tire_shop,auto_parts_store,car_repair,service,store,point_of_interest,establishment",Auto repair,Emmett
ChIJgUXWUrMhVG0RkXjalZ3p5nM,TM Mobile Repair LLC,"998 N Plz Rd, Emmett, ID 83617, USA",(208) 609-8439,http://mobilemechanicid.com/,5,3,https://maps.google.com/?cid=8351619422038423697&g_mp=Cidnb29nbGUubWFwcy5wbGFjZXMudjEuUGxhY2VzLlNlYXJjaFRleHQQAhgEIAA,OPERATIONAL,"truck_dealer,car_repair,service,store,point_of_interest,establishment",Auto repair,Emmett
ChIJhTylwe8Jr1QRXQsByP9T7fU,KCE Repair,"2547 W Success Wy Suite B, Emmett, ID 83617, USA",(208) 477-5099,http://www.kcerepair.com/,4.8,74,https://maps.google.com/?cid=17720912466810047325&g_mp=Cidnb29nbGUubWFwcy5wbGFjZXMudjEuUGxhY2VzLlNlYXJjaFRleHQQAhgEIAA,OPERATIONAL,"auto_parts_store,car_repair,service,car_dealer,clothing_store,store,point_of_interest,establishment",Auto repair,Emmett
ChIJ94OT0_kJr1QRsYizn5q3HOs,Commercial Tire,"309 N Washington Ave, Emmett, ID 83617, USA",(208) 721-9233,https://commercialtire.com/locations/emmett?utm_source=Local&utm_medium=Listings&utm_campaign=Brand,4.6,300,https://maps.google.com/?cid=16941617772993153201&g_mp=Cidnb29nbGUubWFwcy5wbGFjZXMudjEuUGxhY2VzLlNlYXJjaFRleHQQAhgEIAA,OPERATIONAL,"tire_shop,auto_parts_store,car_repair,service,store,point_of_interest,establishment",Auto repair,Emmett
ChIJg69F2uIJr1QRM-rejUSkuk4,Brutsman Repair,"1813 S Substation Rd, Emmett, ID 83617, USA",(208) 996-4781,,5,1,https://maps.google.com/?cid=5673027294971488819&g_mp=Cidnb29nbGUubWFwcy5wbGFjZXMudjEuUGxhY2VzLlNlYXJjaFRleHQQAhgEIAA,OPERATIONAL,"car_repair,service,point_of_interest,establishment",Auto repair,Emmett
ChIJVZevoHL3moARk1_BUM7U5c4,AED Racing LLC,"2599 W Success Wy, Emmett, ID 83617, USA",(208) 794-7856,http://aedracing.com/,5,23,https://maps.google.com/?cid=14908556124063096723&g_mp=Cidnb29nbGUubWFwcy5wbGFjZXMudjEuUGxhY2VzLlNlYXJjaFRleHQQAhgEIAA,OPERATIONAL,"car_repair,service,point_of_interest,establishment",Auto repair,Emmett
ChIJmdQ9qfAJr1QRdqKpd9i86f4,Kims Paint Center LLC,"110 N Wardwell Ave, Emmett, ID 83617, USA",(208) 365-5211,,4.7,32,https://maps.google.com/?cid=18368420193113842294&g_mp=Cidnb29nbGUubWFwcy5wbGFjZXMudjEuUGxhY2VzLlNlYXJjaFRleHQQAhgEIAA,OPERATIONAL,"car_repair,service,point_of_interest,establishment",Auto repair,Emmett
ChIJsf_qNPoJr1QR22-lS0PUmBs,Lube-One,"216 ID-52, Emmett, ID 83617, USA",(208) 365-7231,,4.3,124,https://maps.google.com/?cid=1988572620981104603&g_mp=Cidnb29nbGUubWFwcy5wbGFjZXMudjEuUGxhY2VzLlNlYXJjaFRleHQQAhgEIAA,OPERATIONAL,"car_repair,service,point_of_interest,establishment",Auto repair,Emmett
ChIJtfGp1t8Jr1QROsovTLYarOI,Wright Diesel,"444 ID-16 #112, Emmett, ID 83617, USA",(208) 891-3587,,5,8,https://maps.google.com/?cid=16333459318830516794&g_mp=Cidnb29nbGUubWFwcy5wbGFjZXMudjEuUGxhY2VzLlNlYXJjaFRleHQQAhgEIAA,OPERATIONAL,"car_repair,medical_clinic,service,point_of_interest,health,establishment",Auto repair,Emmett
ChIJVehGM2Cnr1QREgw1Aq3KNk4,Bork's Body & Paint Center LLC,"121 Enterprise St, Emmett, ID 83617, USA",(208) 365-2213,,4,4,https://maps.google.com/?cid=5635914828115938322&g_mp=Cidnb29nbGUubWFwcy5wbGFjZXMudjEuUGxhY2VzLlNlYXJjaFRleHQQAhgEIAA,OPERATIONAL,"car_repair,service,point_of_interest,establishment",Auto repair,Emmett
ChIJK32vrPsJr1QRdKlpMm4PXOI,Edgar L Youngstrom Jr Inc,"2050 S Washington Ave, Emmett, ID 83617, USA",(208) 365-9010,,,0,https://maps.google.com/?cid=16310928916395698548&g_mp=Cidnb29nbGUubWFwcy5wbGFjZXMudjEuUGxhY2VzLlNlYXJjaFRleHQQAhgEIAA,OPERATIONAL,"car_repair,service,point_of_interest,establishment",Auto repair,Emmett
ChIJ9QzExcinr1QR0S0Z0skWpV0,Cascade Auto Glass,"2570 W Success Wy Suite 2B, Emmett, ID 83617, USA",(208) 575-0221,https://www.cascadeautoglass.com/,5,2,https://maps.google.com/?cid=6747824672753659345&g_mp=Cidnb29nbGUubWFwcy5wbGFjZXMudjEuUGxhY2VzLlNlYXJjaFRleHQQAhgEIAA,OPERATIONAL,"car_repair,service,point_of_interest,establishment",Auto repair,Emmett
ChIJKetBBpULr1QRmOjsg9mgRHA,CC'S Cleaning Services LLC,"300 Scenic Dr, Emmett, ID 83617, USA",(208) 315-5568,,5,1,https://maps.google.com/?cid=8089767686745942168&g_mp=Cidnb29nbGUubWFwcy5wbGFjZXMudjEuUGxhY2VzLlNlYXJjaFRleHQQAhgEIAA,OPERATIONAL,"service,point_of_interest,establishment",Cleaning service,Emmett
ChIJiTvHj5pTrlQRvq0dGYVXQOo,Fresh Start Cleaning Services LLC,"1399 W South Slope Rd, Emmett, ID 83617, USA",(208) 297-4292,,4.7,15,https://maps.google.com/?cid=16879587632548261310&g_mp=Cidnb29nbGUubWFwcy5wbGFjZXMudjEuUGxhY2VzLlNlYXJjaFRleHQQAhgEIAA,OPERATIONAL,"service,point_of_interest,establishment",Cleaning service,Emmett
ChIJj5fLRiudk08RcFKiG274GjI,NDSolution,"190 S Fuji Ave, Emmett, ID 83617, USA",(208) 369-9344,http://id.sonnywindows.com/,5,77,https://maps.google.com/?cid=3610471203084587632&g_mp=Cidnb29nbGUubWFwcy5wbGFjZXMudjEuUGxhY2VzLlNlYXJjaFRleHQQAhgEIAA,OPERATIONAL,"service,point_of_interest,establishment",Cleaning service,Emmett
ChIJIfV8oiIKr1QRD29GzASd6f4,M&M Carpet Cleaning,"1877 Fenton Dr, Emmett, ID 83617, USA",(208) 398-8770,http://mmcarpet.net/,4.8,15,https://maps.google.com/?cid=18368385199139876623&g_mp=Cidnb29nbGUubWFwcy5wbGFjZXMudjEuUGxhY2VzLlNlYXJjaFRleHQQAhgEIAA,OPERATIONAL,"laundry,service,point_of_interest,establishment",Cleaning service,Emmett
ChIJk4lYLgEJr1QRWu4bou1cStA,Laundry on Hayes Laundromat,"115 N Hayes Ave, Emmett, ID 83617, USA",(208) 609-9292,http://laundryonhayes.com/,4.9,129,https://maps.google.com/?cid=15008910883862343258&g_mp=Cidnb29nbGUubWFwcy5wbGFjZXMudjEuUGxhY2VzLlNlYXJjaFRleHQQAhgEIAA,OPERATIONAL,"laundry,service,point_of_interest,establishment",Cleaning service,Emmett
ChIJ_0HpdgyFvIERLolQb51xmdQ,CDA Home Cleaning,"1940 W Riverstone Dr, Coeur d'Alene, ID 83814, USA",(208) 966-1413,http://www.cdahomecleaning.com/,5,112,https://maps.google.com/?cid=15319400528468805934&g_mp=Cidnb29nbGUubWFwcy5wbGFjZXMudjEuUGxhY2VzLlNlYXJjaFRleHQQAhgEIAA,OPERATIONAL,"point_of_interest,service,establishment",House cleaning,Emmett
ChIJEzjCU-nGYVMRurvYAmaYAvc,"Mrs. Clean - CDA Cleaning Services, LLC","532 W Lacrosse Ave, Coeur d'Alene, ID 83814, USA",(208) 660-0617,http://www.mrscleancda.com/,4.9,245,https://maps.google.com/?cid=17798956241223465914&g_mp=Cidnb29nbGUubWFwcy5wbGFjZXMudjEuUGxhY2VzLlNlYXJjaFRleHQQAhgEIAA,OPERATIONAL,"travel_agency,real_estate_agency,point_of_interest,service,establishment",House cleaning,Emmett
ChIJHXau8Ainr1QRdB2FkeNitJE,Ace's & 8's construction LLC,"541 Tyler Rd, Emmett, ID 83617, USA",(208) 801-1840,,,0,https://maps.google.com/?cid=10499125360845987188&g_mp=Cidnb29nbGUubWFwcy5wbGFjZXMudjEuUGxhY2VzLlNlYXJjaFRleHQQAhgEIAA,OPERATIONAL,"general_contractor,service,point_of_interest,establishment",Handyman,Emmett
ChIJpefBDEuhr1QR3FJsWyENv3o,JGW Painting and Home Repair,"410 W 4th St, Emmett, ID 83617, USA",(208) 570-4077,,5,2,https://maps.google.com/?cid=8844802630097851100&g_mp=Cidnb29nbGUubWFwcy5wbGFjZXMudjEuUGxhY2VzLlNlYXJjaFRleHQQAhgEIAA,OPERATIONAL,"painter,general_contractor,manufacturer,service,point_of_interest,establishment",Handyman,Emmett
ChIJBcP6tE-Qr1QR4uW8D-WoWSM,The Fix It Guy,"1883 NW 1st Ave, Fruitland, ID 83619, USA",(208) 739-6489,http://www.idahohandymen.com/,4.7,19,https://maps.google.com/?cid=2547252766019741154&g_mp=Cidnb29nbGUubWFwcy5wbGFjZXMudjEuUGxhY2VzLlNlYXJjaFRleHQQAhgEIAA,OPERATIONAL,"general_contractor,service,point_of_interest,establishment",Handyman,Emmett
ChIJm5JcXB0Jr1QRTiA0XrSs41A,Devaul Construction LLC,"249 McAuliffe Ave, Emmett, ID 83617, USA",(208) 240-8752,https://www.devaulconstruction.com/,4.7,25,https://maps.google.com/?cid=5828692233422118990&g_mp=Cidnb29nbGUubWFwcy5wbGFjZXMudjEuUGxhY2VzLlNlYXJjaFRleHQQAhgEIAA,OPERATIONAL,"general_contractor,service,point_of_interest,establishment",Handyman,Emmett
ChIJmZtjz5MJr1QRFZjgDdjnGlg,Bristle and tine painting,"805 S Commercial Ave, Emmett, ID 83617, USA",(208) 544-5333,http://bristleandtinepainting.com/,,0,https://maps.google.com/?cid=6348641539863910421&g_mp=Cidnb29nbGUubWFwcy5wbGFjZXMudjEuUGxhY2VzLlNlYXJjaFRleHQQAhgEIAA,OPERATIONAL,"painter,point_of_interest,service,establishment",Painter,Emmett
ChIJ_b7kjpUJr1QRVM6nmlXRDwg,Paint It Green,"3012 Gala Trail, Emmett, ID 83617, USA",(208) 571-4749,http://paintitgreen.net/,4.3,12,https://maps.google.com/?cid=580913042551197268&g_mp=Cidnb29nbGUubWFwcy5wbGFjZXMudjEuUGxhY2VzLlNlYXJjaFRleHQQAhgEIAA,OPERATIONAL,"painter,point_of_interest,service,establishment",Painter,Emmett
ChIJJdfXVwsJr1QRywVAdKtrqOE,Am/Pm painting llc,"107 Murray Ave, Emmett, ID 83617, USA",(208) 616-8126,https://www.am-pm-painting.com/,,0,https://maps.google.com/?cid=16260364838755108299&g_mp=Cidnb29nbGUubWFwcy5wbGFjZXMudjEuUGxhY2VzLlNlYXJjaFRleHQQAhgEIAA,OPERATIONAL,"point_of_interest,establishment",Painter,Emmett
ChIJFeiRsOMJr1QRfh5BYo9f-ek,Rodda Paint Co. - Emmett,"1010 S Washington Ave, Emmett, ID 83617, USA",(208) 365-3771,https://roddapaint.com/,4.8,36,https://maps.google.com/?cid=16859611749471559294&g_mp=Cidnb29nbGUubWFwcy5wbGFjZXMudjEuUGxhY2VzLlNlYXJjaFRleHQQAhgEIAA,OPERATIONAL,"building_materials_store,home_goods_store,store,point_of_interest,establishment",Painter,Emmett
ChIJmX6YifkJr1QRSYpHvvha0K8,RW Painting,"3740 Gem Ave, Emmett, ID 83617, USA",(208) 859-4775,,5,2,https://maps.google.com/?cid=12668725776183953993&g_mp=Cidnb29nbGUubWFwcy5wbGFjZXMudjEuUGxhY2VzLlNlYXJjaFRleHQQAhgEIAA,OPERATIONAL,"painter,point_of_interest,service,establishment",Painting contractor,Emmett
ChIJIYQffuf5rlQRGqcqM8cLY4Q,Sand & Air Sandblasting and Coating,"843 N Washington Ave, Emmett, ID 83617, USA",(208) 871-4502,http://sandandair.com/,5,2,https://maps.google.com/?cid=9539481385885673242&g_mp=Cidnb29nbGUubWFwcy5wbGFjZXMudjEuUGxhY2VzLlNlYXJjaFRleHQQAhgEIAA,OPERATIONAL,"car_repair,point_of_interest,service,establishment",Painting contractor,Emmett
ChIJK7VVSncJr1QRk8kd1GPswfQ,Innovative Concrete Construction INC,"1714 E Main St, Emmett, ID 83617, USA",(208) 369-3517,https://www.facebook.com/Innovativeconcreteconstructioninc/,5,1,https://maps.google.com/?cid=17636637529264212371&g_mp=Cidnb29nbGUubWFwcy5wbGFjZXMudjEuUGxhY2VzLlNlYXJjaFRleHQQAhgEIAA,OPERATIONAL,"general_contractor,service,point_of_interest,establishment",Concrete contractor,Emmett
ChIJVVXF_PAJr1QR9uQM1P7Zxu8,Emmett Concrete Contractors,"521 E Main St, Emmett, ID 83617, USA",(208) 353-1319,,5,6,https://maps.google.com/?cid=17277736708956022006&g_mp=Cidnb29nbGUubWFwcy5wbGFjZXMudjEuUGxhY2VzLlNlYXJjaFRleHQQAhgEIAA,OPERATIONAL,"general_contractor,service,point_of_interest,establishment",Concrete contractor,Emmett
ChIJ3XN6hW0Jr1QREqSBqUY7GjI,Rolling Stone Concrete Pumping,"1103 N Plz Rd, Emmett, ID 83617, USA",(208) 369-4276,https://www.facebook.com/pg/RoliingStonePumping/about/,5,9,https://maps.google.com/?cid=3610263225968469010&g_mp=Cidnb29nbGUubWFwcy5wbGFjZXMudjEuUGxhY2VzLlNlYXJjaFRleHQQAhgEIAA,OPERATIONAL,"general_contractor,service,point_of_interest,establishment",Concrete contractor,Emmett
ChIJ4zJpxgkJr1QRlZa4TqkfIcY,A-1 Quality Concrete,"850 Santa Ln, Emmett, ID 83617, USA",(208) 353-1319,,5,1,https://maps.google.com/?cid=14276727105771837077&g_mp=Cidnb29nbGUubWFwcy5wbGFjZXMudjEuUGxhY2VzLlNlYXJjaFRleHQQAhgEIAA,OPERATIONAL,"general_contractor,service,point_of_interest,establishment",Concrete contractor,Emmett
ChIJ6_t6T7UJr1QReMo-7B0MFVs,Black Canyon Concrete LLC,"923 S Hayes Ave, Emmett, ID 83617, USA",(208) 369-7741,,5,2,https://maps.google.com/?cid=6563165354619488888&g_mp=Cidnb29nbGUubWFwcy5wbGFjZXMudjEuUGxhY2VzLlNlYXJjaFRleHQQAhgEIAA,OPERATIONAL,"general_contractor,service,point_of_interest,establishment",Concrete contractor,Emmett
ChIJvdT2L4ynr1QRwnx_K431nrU,"Granite Excavation, Inc","1333 W Sales Yard Rd, Emmett, ID 83617, USA",(208) 229-8535,https://graniteexcavation.com/,4.4,21,https://maps.google.com/?cid=13087167553854209218&g_mp=Cidnb29nbGUubWFwcy5wbGFjZXMudjEuUGxhY2VzLlNlYXJjaFRleHQQAhgEIAA,OPERATIONAL,"general_contractor,service,point_of_interest,establishment",Concrete contractor,Emmett
ChIJBUqo1V8Jr1QRMYStUR4_v38,Bridgecrete Coating Systems LLC,"421 W 1st St, Emmett, ID 83617, USA",(208) 992-7789,,,0,https://maps.google.com/?cid=9205145562820478001&g_mp=Cidnb29nbGUubWFwcy5wbGFjZXMudjEuUGxhY2VzLlNlYXJjaFRleHQQAhgEIAA,OPERATIONAL,"general_contractor,service,point_of_interest,establishment",Concrete contractor,Emmett
ChIJcSaXTKjBYVMRiECzqg7bXfc,Hold Em Fencing LLC,"7233 Coronation Dr, Coeur d'Alene, ID 83815, USA",(208) 765-8133,https://www.holdemfencing.com/,5,20,https://maps.google.com/?cid=17824643756242190472&g_mp=Cidnb29nbGUubWFwcy5wbGFjZXMudjEuUGxhY2VzLlNlYXJjaFRleHQQAhgEIAA,OPERATIONAL,"building_materials_store,general_contractor,service,store,point_of_interest,establishment",Fencing contractor,Emmett
ChIJ0fUWNs2irFQRx1e2Q10Ixf0,"Butte Fence - Kimberly, Idaho","22342 Kimberly Rd #101, Kimberly, ID 83341, USA",(208) 423-5440,https://www.buttefence.com/,4.5,112,https://maps.google.com/?cid=18286031058668771271&g_mp=Cidnb29nbGUubWFwcy5wbGFjZXMudjEuUGxhY2VzLlNlYXJjaFRleHQQAhgEIAA,OPERATIONAL,"general_contractor,service,point_of_interest,establishment",Fencing contractor,Emmett
ChIJqdHJSMcJr1QR4XAoGF7VQeo,AA Tree LLC,"821 S McKinley Ave, Emmett, ID 83617, USA",(208) 720-8834,https://www.facebook.com/aatreeidaho/,5,8,https://maps.google.com/?cid=16880007478470275297&g_mp=Cidnb29nbGUubWFwcy5wbGFjZXMudjEuUGxhY2VzLlNlYXJjaFRleHQQAhgEIAA,OPERATIONAL,"service,point_of_interest,establishment",Tree service,Emmett
ChIJJ8hukvcJr1QRFAxWXAFpUek,Avalanche Glass & Door,"402 N Washington Ave, Emmett, ID 83617, USA",(208) 365-5444,,4.9,54,https://maps.google.com/?cid=16812334338515799060&g_mp=Cidnb29nbGUubWFwcy5wbGFjZXMudjEuUGxhY2VzLlNlYXJjaFRleHQQAhgEIAA,OPERATIONAL,"building_materials_store,car_repair,supplier,store,service,point_of_interest,establishment",Garage door repair,Emmett
ChIJXRzWOPQJr1QRAfRj8P8ZWKU,Emmett Door Inc,"800 E Locust St, Emmett, ID 83617, USA",(208) 398-8900,http://www.emmettdoorinc.com/,4.7,12,https://maps.google.com/?cid=11914301401249084417&g_mp=Cidnb29nbGUubWFwcy5wbGFjZXMudjEuUGxhY2VzLlNlYXJjaFRleHQQAhgEIAA,OPERATIONAL,"supplier,service,point_of_interest,establishment",Garage door repair,Emmett
ChIJEzKLxuCdrFQR8mZ6vzQ0dEU,GCR Pressure Wash LLC,"115 W Ave G, Jerome, ID 83338, USA",(208) 508-5079,,5,1,https://maps.google.com/?cid=5004682487070877426&g_mp=Cidnb29nbGUubWFwcy5wbGFjZXMudjEuUGxhY2VzLlNlYXJjaFRleHQQAhgEIAA,OPERATIONAL,"service,point_of_interest,establishment",Pressure washing,Emmett
ChIJe165YKtKoFQRXruJRg7kH7g,Pressure Dr,"1024 Bryden Ave Ste 1, Lewiston, ID 83501, USA",(208) 790-0365,https://www.thepressuredr.com/,5,4,https://maps.google.com/?cid=13267573777220877150&g_mp=Cidnb29nbGUubWFwcy5wbGFjZXMudjEuUGxhY2VzLlNlYXJjaFRleHQQAhgEIAA,OPERATIONAL,"service,point_of_interest,establishment",Pressure washing,Emmett
ChIJJ3mZyPIJr1QRHbiSLj396Zw,Emmett Car Wash,"116 W 4th St, Emmett, ID 83617, USA",,https://www.carwashllcidaho.com/,4,85,https://maps.google.com/?cid=11306846778706540573&g_mp=Cidnb29nbGUubWFwcy5wbGFjZXMudjEuUGxhY2VzLlNlYXJjaFRleHQQAhgEIAA,OPERATIONAL,"car_wash,service,point_of_interest,establishment",Pressure washing,Emmett
ChIJ9e8nLvoJr1QR9J8ydnoFhXA,Rocky Mountain True Value,"132 S Washington Ave, Emmett, ID 83617, USA",(208) 365-3135,https://www.truevalue.com/rocky-mountain/?utm_source=gbp&utm_medium=organic,4.6,164,https://maps.google.com/?cid=8107892727677624308&g_mp=Cidnb29nbGUubWFwcy5wbGFjZXMudjEuUGxhY2VzLlNlYXJjaFRleHQQAhgEIAA,OPERATIONAL,"hardware_store,locksmith,building_materials_store,home_improvement_store,supplier,home_goods_store,store,service,manufacturer,point_of_interest,establishment",Pressure washing,Emmett
ChIJJ9wse_sJr1QRWBOvBq39TRI,Car Tube,"117 W 4th St, Emmett, ID 83617, USA",,,4.1,28,https://maps.google.com/?cid=1318989185472729944&g_mp=Cidnb29nbGUubWFwcy5wbGFjZXMudjEuUGxhY2VzLlNlYXJjaFRleHQQAhgEIAA,OPERATIONAL,"car_wash,service,point_of_interest,establishment",Pressure washing,Emmett
ChIJ9UtrjeQJr1QR29bzA8A1hvs,Black Canyon Irrigation,"722 S Wardwell Ave, Emmett, ID 83617, USA",(208) 365-3371,,5,1,https://maps.google.com/?cid=18124232849215444699&g_mp=Cidnb29nbGUubWFwcy5wbGFjZXMudjEuUGxhY2VzLlNlYXJjaFRleHQQAhgEIAA,OPERATIONAL,"general_contractor,service,point_of_interest,establishment",Irrigation repair,Emmett
ChIJuZ70LpKgr1QR4j5Xs5dqIxI,Gem Pump Co,"3103 W Idaho Blvd, Emmett, ID 83617, USA",(208) 365-3266,,4.1,8,https://maps.google.com/?cid=1307005516649021154&g_mp=Cidnb29nbGUubWFwcy5wbGFjZXMudjEuUGxhY2VzLlNlYXJjaFRleHQQAhgEIAA,OPERATIONAL,"general_contractor,service,point_of_interest,establishment",Irrigation repair,Emmett
ChIJsxfqYx0Kr1QRYmLg-a6PjR0,Valley Pump & Equipment,"608 N Washington Ave, Emmett, ID 83617, USA",(208) 365-2972,http://valleypump.biz/,4.6,125,https://maps.google.com/?cid=2129516180495426146&g_mp=Cidnb29nbGUubWFwcy5wbGFjZXMudjEuUGxhY2VzLlNlYXJjaFRleHQQAhgEIAA,OPERATIONAL,"general_contractor,service,point_of_interest,establishment",Irrigation repair,Emmett
ChIJxdheWPcJr1QR-w29FxghJ_I,Emmett Irrigation District,"222 E Park St, Emmett, ID 83617, USA",(208) 365-4582,http://www.emmettirrigationdistrict.com/,3.3,3,https://maps.google.com/?cid=17448951668631473659&g_mp=Cidnb29nbGUubWFwcy5wbGFjZXMudjEuUGxhY2VzLlNlYXJjaFRleHQQAhgEIAA,OPERATIONAL,"manufacturer,government_office,service,point_of_interest,establishment",Irrigation repair,Emmett
ChIJqTSnEsynr1QRq5Psgq7x50Y,Cut Above Floor Coverings LLC,"1089 Cascade Rd, Emmett, ID 83617, USA",(208) 515-1889,,5,3,https://maps.google.com/?cid=5109318034098262955&g_mp=Cidnb29nbGUubWFwcy5wbGFjZXMudjEuUGxhY2VzLlNlYXJjaFRleHQQAhgEIAA,OPERATIONAL,"general_contractor,service,point_of_interest,establishment",Flooring contractor,Emmett
ChIJzSVJCNEJr1QRwkEUwbTbLEo,Colpron Custom Floors,"133 E Main St, Emmett, ID 83617, USA",(208) 685-9167,http://www.colproncustomfloors.com/,4.5,2,https://maps.google.com/?cid=5344888427161862594&g_mp=Cidnb29nbGUubWFwcy5wbGFjZXMudjEuUGxhY2VzLlNlYXJjaFRleHQQAhgEIAA,OPERATIONAL,"building_materials_store,home_goods_store,general_contractor,service,store,point_of_interest,establishment",Flooring contractor,Emmett
ChIJZ6dDGb4Jr1QRts8QcLgoIUU,Riteway Builders,"West Success Way, 2599 Union Rd #1, Emmett, ID 83617, USA",(208) 963-0475,https://www.ritewaybldrs.com/,4.9,37,https://maps.google.com/?cid=4981307435467722678&g_mp=Cidnb29nbGUubWFwcy5wbGFjZXMudjEuUGxhY2VzLlNlYXJjaFRleHQQAhgEIAA,OPERATIONAL,"general_contractor,service,point_of_interest,establishment",Flooring contractor,Emmett
ChIJ64Wl-I0Jr1QRyoLIyYj9SBU,Mountain Man Construction LLC,"317 W 3rd St, Emmett, ID 83617, USA",(573) 832-8794,,5,2,https://maps.google.com/?cid=1533754437062394570&g_mp=Cidnb29nbGUubWFwcy5wbGFjZXMudjEuUGxhY2VzLlNlYXJjaFRleHQQAhgEIAA,OPERATIONAL,"general_contractor,service,point_of_interest,establishment",Flooring contractor,Emmett
ChIJ_6IVsHkLr1QRZUob-h6a3k8,Hodgins Stone And Tile,"Unnamed Road, Emmett, ID 83617, USA",(208) 703-8143,,4.6,5,https://maps.google.com/?cid=5755206831661861477&g_mp=Cidnb29nbGUubWFwcy5wbGFjZXMudjEuUGxhY2VzLlNlYXJjaFRleHQQAhgEIAA,OPERATIONAL,"general_contractor,service,point_of_interest,establishment",Tile contractor,Emmett
ChIJO-md_P-mr1QRFCSdHVdiqCE,Creative Cabinets & Furniture,"3995 Ranch Ln, Emmett, ID 83617, USA",(208) 407-2296,http://www.creativecabinetsfurniture.com/,5,1,https://maps.google.com/?cid=2425296525637526548&g_mp=Cidnb29nbGUubWFwcy5wbGFjZXMudjEuUGxhY2VzLlNlYXJjaFRleHQQAhgEIAA,OPERATIONAL,"manufacturer,service,point_of_interest,establishment",Cabinet maker,Emmett
ChIJix1C4JdMrlQRT_OyvPGDVWs,chapman woodworks inc,"204 S Johns Ave, Emmett, ID 83617, USA",(208) 960-9584,http://www.chapmanwoodworksidaho.com/,5,1,https://maps.google.com/?cid=7734233009354896207&g_mp=Cidnb29nbGUubWFwcy5wbGFjZXMudjEuUGxhY2VzLlNlYXJjaFRleHQQAhgEIAA,OPERATIONAL,"general_contractor,manufacturer,service,point_of_interest,establishment",Cabinet maker,Emmett
ChIJMUwkJOenr1QRioXwLtIjiaI,"Dura-Top Industries, Inc","2050 Airport Rd, Emmett, ID 83617, USA",(208) 365-6921,,,0,https://maps.google.com/?cid=11711931691591304586&g_mp=Cidnb29nbGUubWFwcy5wbGFjZXMudjEuUGxhY2VzLlNlYXJjaFRleHQQAhgEIAA,OPERATIONAL,"manufacturer,service,point_of_interest,establishment",Cabinet maker,Emmett
ChIJqXqHzt9VrlQROyNYqg4W42w,Designed Structures and Construction (DSC),"1213 Lower Bluff Rd, Emmett, ID 83617, USA",(208) 985-6642,https://dscboise.com/,5,10,https://maps.google.com/?cid=7846139228052792123&g_mp=Cidnb29nbGUubWFwcy5wbGFjZXMudjEuUGxhY2VzLlNlYXJjaFRleHQQAhgEIAA,OPERATIONAL,"general_contractor,home_goods_store,store,point_of_interest,service,establishment",Kitchen remodel,Emmett
ChIJwTSOr5inr1QRfGi7lxmcU8w,Fiebig Construction,"3150 Grandview Ln, Emmett, ID 83617, USA",(208) 412-1631,,5,2,https://maps.google.com/?cid=14723283240538040444&g_mp=Cidnb29nbGUubWFwcy5wbGFjZXMudjEuUGxhY2VzLlNlYXJjaFRleHQQAhgEIAA,OPERATIONAL,"point_of_interest,service,establishment",Kitchen remodel,Emmett
ChIJXQ369ZSnr1QRSiqML_eLhbc,Better Budget Builders LLC,"3989 Ranch Ln, Emmett, ID 83617, USA",(208) 608-9240,https://betterbudgetbuilders.com/,,0,https://maps.google.com/?cid=13224129774614227530&g_mp=Cidnb29nbGUubWFwcy5wbGFjZXMudjEuUGxhY2VzLlNlYXJjaFRleHQQAhgEIAA,OPERATIONAL,"general_contractor,home_goods_store,consultant,store,point_of_interest,service,establishment",Kitchen remodel,Emmett
ChIJ3eI3YkCETU0Ri6fox3Tid6k,"Renovate It, Inc.","3320 E 17th St, Ammon, ID 83406, USA",(208) 270-9425,https://www.renovateit.com/,5,44,https://maps.google.com/?cid=12211477905836386187&g_mp=Cidnb29nbGUubWFwcy5wbGFjZXMudjEuUGxhY2VzLlNlYXJjaFRleHQQAhgEIAA,OPERATIONAL,"general_contractor,home_goods_store,manufacturer,store,point_of_interest,service,establishment",Kitchen remodel,Emmett
ChIJ49bQp78Lr1QRH6ybG-tLsjA,Mountain West Building Supply,"2449 ID-52, Emmett, ID 83617, USA",(208) 365-7580,http://mwbs.net/,4.6,94,https://maps.google.com/?cid=3508950532827622431&g_mp=Cidnb29nbGUubWFwcy5wbGFjZXMudjEuUGxhY2VzLlNlYXJjaFRleHQQAhgEIAA,OPERATIONAL,"building_materials_store,hardware_store,home_improvement_store,home_goods_store,manufacturer,store,supplier,point_of_interest,service,establishment",Kitchen remodel,Emmett
ChIJm54gAV8Jr1QRCh7s11Pty7E,WillCo Building LLC,"2006 Queen Anne Dr, Emmett, ID 83617, USA",(208) 800-9282,http://www.willcobuilding.work/,5,22,https://maps.google.com/?cid=12811594509346151946&g_mp=Cidnb29nbGUubWFwcy5wbGFjZXMudjEuUGxhY2VzLlNlYXJjaFRleHQQAhgEIAA,OPERATIONAL,"general_contractor,service,point_of_interest,establishment",Bathroom remodel,Emmett
ChIJnbsi8nmggy4RSdCFgOmkN_E,Canyon Side Construction,"502 4th Ave W, Twin Falls, ID 83301, USA",(208) 420-8510,http://www.canyonsideconstructions.com/,4.7,38,https://maps.google.com/?cid=17381542609650307145&g_mp=Cidnb29nbGUubWFwcy5wbGFjZXMudjEuUGxhY2VzLlNlYXJjaFRleHQQAhgEIAA,OPERATIONAL,"home_goods_store,store,general_contractor,service,point_of_interest,establishment",Bathroom remodel,Emmett
ChIJfeB7ttoJr1QRh39cJjxoLLU,Brown Brothers Construction,"1075 Cherry Ln, Emmett, ID 83617, USA",(208) 365-3905,http://www.brownbrotherslogging.com/,5,8,https://maps.google.com/?cid=13054924027391147911&g_mp=Cidnb29nbGUubWFwcy5wbGFjZXMudjEuUGxhY2VzLlNlYXJjaFRleHQQAhgEIAA,OPERATIONAL,"general_contractor,service,point_of_interest,establishment",General contractor,Emmett
ChIJRwaA98MJr1QR_yXZe8vYCFo,Perpetua Builders,"2022 S Johns Ave Suite A, Emmett, ID 83617, USA",(208) 477-3056,https://perpetuabuilders.com/,,0,https://maps.google.com/?cid=6487673631694988799&g_mp=Cidnb29nbGUubWFwcy5wbGFjZXMudjEuUGxhY2VzLlNlYXJjaFRleHQQAhgEIAA,OPERATIONAL,"general_contractor,service,point_of_interest,establishment",General contractor,Emmett
ChIJjTBqePkJr1QRu6pGatcMTI4,Diamond Contractors LLC,"203 W Main St, Emmett, ID 83617, USA",(208) 898-4330,http://www.diamondidaho.com/,,0,https://maps.google.com/?cid=10253584570956294843&g_mp=Cidnb29nbGUubWFwcy5wbGFjZXMudjEuUGxhY2VzLlNlYXJjaFRleHQQAhgEIAA,OPERATIONAL,"general_contractor,service,point_of_interest,establishment",General contractor,Emmett
ChIJx_oTJ6MJr1QRhBEV1XJnOAs,Idaho Custom Excavation INC.,"860 E 12th St, Emmett, ID 83617, USA",(208) 315-3739,,5,1,https://maps.google.com/?cid=808509876011864452&g_mp=Cidnb29nbGUubWFwcy5wbGFjZXMudjEuUGxhY2VzLlNlYXJjaFRleHQQAhgEIAA,OPERATIONAL,"general_contractor,service,point_of_interest,establishment",General contractor,Emmett
ChIJr9WBgSCnr1QRQdqEHaM0TgA,Gentry Civil Corp,"2536 W Success Wy, Emmett, ID 83617, USA",(208) 590-4082,https://www.gentrycivilcorp.com/,3,2,https://maps.google.com/?cid=22012923362990657&g_mp=Cidnb29nbGUubWFwcy5wbGFjZXMudjEuUGxhY2VzLlNlYXJjaFRleHQQAhgEIAA,OPERATIONAL,"general_contractor,service,point_of_interest,establishment",General contractor,Emmett
ChIJEdJkQ-gJr1QR488wmx2d1-0,Empire Financial,"1101 Blane St, Emmett, ID 83617, USA",(208) 369-7585,,5,1,https://maps.google.com/?cid=17138339657464991715&g_mp=Cidnb29nbGUubWFwcy5wbGFjZXMudjEuUGxhY2VzLlNlYXJjaFRleHQQAhgEIAA,OPERATIONAL,"general_contractor,service,point_of_interest,establishment",General contractor,Emmett
ChIJ41MGLMSnr1QRgZqKPTHtwIA,Payette River Rain Gutters,"3370 Kings Ln, Emmett, ID 83617, USA",(208) 793-1864,,5,6,https://maps.google.com/?cid=9277676028124895873&g_mp=Cidnb29nbGUubWFwcy5wbGFjZXMudjEuUGxhY2VzLlNlYXJjaFRleHQQAhgEIAA,OPERATIONAL,"point_of_interest,service,establishment",Gutter cleaning,Emmett
ChIJ4bKR_bFkRVMR2oLS-7yVsRg,DB Drywall Finishing,"3958 E 100 Rd N, Rigby, ID 83442, USA",(406) 580-0298,http://www.dbdrywallfinishing.net/,5,21,https://maps.google.com/?cid=1779367966699324122&g_mp=Cidnb29nbGUubWFwcy5wbGFjZXMudjEuUGxhY2VzLlNlYXJjaFRleHQQAhgEIAA,OPERATIONAL,"general_contractor,point_of_interest,service,establishment",Drywall contractor,Emmett
ChIJRQ7715MJr1QRORdRIydB50E,GW Building,"824 S Washington Ave, Emmett, ID 83617, USA",,,,0,https://maps.google.com/?cid=4748835968437524281&g_mp=Cidnb29nbGUubWFwcy5wbGFjZXMudjEuUGxhY2VzLlNlYXJjaFRleHQQAhgEIAA,OPERATIONAL,"general_contractor,point_of_interest,service,establishment",Drywall contractor,Emmett
ChIJJRY9c-AJr1QR_r4LF61JP84,H LLC,"704 E 7th St, Emmett, ID 83617, USA",(208) 800-9334,,,0,https://maps.google.com/?cid=14861678303110741758&g_mp=Cidnb29nbGUubWFwcy5wbGFjZXMudjEuUGxhY2VzLlNlYXJjaFRleHQQAhgEIAA,OPERATIONAL,"point_of_interest,service,establishment",Drywall contractor,Emmett
ChIJF3pyGZ5fVFMRS4bhMTp_sAQ,Summit Insulation & Garage Doors LLC,"5440 Rammell Rd, Idaho Falls, ID 83401, USA",(208) 521-3439,https://summitinsulationllc.com/,5,24,https://maps.google.com/?cid=337909859974481483&g_mp=Cidnb29nbGUubWFwcy5wbGFjZXMudjEuUGxhY2VzLlNlYXJjaFRleHQQAhgEIAA,OPERATIONAL,"general_contractor,service,point_of_interest,establishment",Insulation contractor,Emmett
ChIJgyKVKS9NrlQR0CrrO_OfIJg,Abstract Residential Design + Build,"7536 E Santa Anita St, Nampa, ID 83687, USA",(208) 906-1650,https://www.abstractrd.com/,5,20,https://maps.google.com/?cid=10961937360050924240&g_mp=Cidnb29nbGUubWFwcy5wbGFjZXMudjEuUGxhY2VzLlNlYXJjaFRleHQQAhgEIAA,OPERATIONAL,"general_contractor,service,point_of_interest,establishment",Deck builder,Emmett
ChIJ0ZIv2Kenr1QRJDNKew9VfYE,Love's Hot Tubs,"2370 Mill Rd, Emmett, ID 83617, USA",(208) 353-2170,https://loveshottubs.com/,5,90,https://maps.google.com/?cid=9330707527962866468&g_mp=Cidnb29nbGUubWFwcy5wbGFjZXMudjEuUGxhY2VzLlNlYXJjaFRleHQQAhgEIAA,OPERATIONAL,"store,point_of_interest,establishment",Pool cleaning,Emmett
ChIJAalwr_cJr1QREQ3Tgj5vqTU,Wilson Trucking Inc,"427 N Wardwell Ave, Emmett, ID 83617, USA",(208) 365-5701,,4.4,14,https://maps.google.com/?cid=3866744069347806481&g_mp=Cidnb29nbGUubWFwcy5wbGFjZXMudjEuUGxhY2VzLlNlYXJjaFRleHQQAhgEIAA,OPERATIONAL,"shipping_service,moving_company,transportation_service,service,point_of_interest,establishment",Moving company,Emmett
ChIJ-XyLJD0Kr1QReO6ZRmZ1lME,J L Brinkerhoff,"1951 Fenton Dr, Emmett, ID 83617, USA",(208) 365-4652,,5,5,https://maps.google.com/?cid=13948903028004875896&g_mp=Cidnb29nbGUubWFwcy5wbGFjZXMudjEuUGxhY2VzLlNlYXJjaFRleHQQAhgEIAA,OPERATIONAL,"shipping_service,moving_company,transportation_service,service,point_of_interest,establishment",Moving company,Emmett
ChIJZXBtkfEJr1QRb-Y97ogxgck,Gene Kelly Trucking,"807 E 1st St, Emmett, ID 83617, USA",(208) 398-8201,,3,1,https://maps.google.com/?cid=14519941137801537135&g_mp=Cidnb29nbGUubWFwcy5wbGFjZXMudjEuUGxhY2VzLlNlYXJjaFRleHQQAhgEIAA,OPERATIONAL,"shipping_service,moving_company,transportation_service,service,point_of_interest,establishment",Moving company,Emmett
ChIJBWeQNB0Kr1QRivm2sHEdHxM,Canaday Trucking Inc,"218 Carson St, Emmett, ID 83617, USA",(208) 365-3878,,2.3,3,https://maps.google.com/?cid=1377852385131952522&g_mp=Cidnb29nbGUubWFwcy5wbGFjZXMudjEuUGxhY2VzLlNlYXJjaFRleHQQAhgEIAA,OPERATIONAL,"shipping_service,moving_company,transportation_service,service,point_of_interest,establishment",Moving company,Emmett
ChIJ47AyT_amr1QRwpytBHfI3gQ,Rising Star Trucking Inc,"2343 W South Slope Rd, Emmett, ID 83617, USA",(208) 365-4627,,,0,https://maps.google.com/?cid=350938234486627522&g_mp=Cidnb29nbGUubWFwcy5wbGFjZXMudjEuUGxhY2VzLlNlYXJjaFRleHQQAhgEIAA,OPERATIONAL,"shipping_service,moving_company,transportation_service,service,point_of_interest,establishment",Moving company,Emmett
ChIJ98I1ai6nr1QR_-MRSU26NIs,Ideal Demolition Services,"2473 W Success Wy, Emmett, ID 83617, USA",(208) 365-1514,http://idealdemolitionservices.com/,4.6,9,https://maps.google.com/?cid=10030847111162094591&g_mp=Cidnb29nbGUubWFwcy5wbGFjZXMudjEuUGxhY2VzLlNlYXJjaFRleHQQAhgEIAA,OPERATIONAL,"general_contractor,point_of_interest,service,establishment",Junk removal,Emmett
ChIJp5SVRW3HYVMRIliUnevF5R4,Fleur De Lis Junk Removal,"2115 E Sherman Ave STE 103, Coeur d'Alene, ID 83814, USA",(208) 797-1327,https://cdajunkremovalservices.com/,5,130,https://maps.google.com/?cid=2226403206556309538&g_mp=Cidnb29nbGUubWFwcy5wbGFjZXMudjEuUGxhY2VzLlNlYXJjaFRleHQQAhgEIAA,OPERATIONAL,"point_of_interest,service,establishment",Junk removal,Emmett
ChIJ62hyOgCnr1QRBRKQisnQPWA,Emmett Sanitation Reycling Center,"2200 S Boise Ave, Emmett, ID 83617, USA",(208) 365-6103,https://www.republicservices.com/customer-support/facilities?utm_medium=reputation&utm_source=rslistings,1,1,https://maps.google.com/?cid=6934928565252133381&g_mp=Cidnb29nbGUubWFwcy5wbGFjZXMudjEuUGxhY2VzLlNlYXJjaFRleHQQAhgEIAA,OPERATIONAL,"point_of_interest,service,establishment",Junk removal,Emmett
ChIJK6aBxb6FYVMRJJ08v-KnO5E,Panhandle Junk Removal,"1600 Cider Rd, Athol, ID 83801, USA",(208) 771-3272,http://panhandlejunk.com/,5,20,https://maps.google.com/?cid=10465142751438347556&g_mp=Cidnb29nbGUubWFwcy5wbGFjZXMudjEuUGxhY2VzLlNlYXJjaFRleHQQAhgEIAA,OPERATIONAL,"general_contractor,point_of_interest,service,establishment",Junk removal,Emmett
ChIJg6Hy0cvBYVMR02KnFuYUn_8,Fleur De Lis Junk Removal,"9898 N Memory Ln, Rathdrum, ID 83858, USA",(208) 797-1327,http://www.cdajunkremovalservices.com/,5,35,https://maps.google.com/?cid=18419463979423720147&g_mp=Cidnb29nbGUubWFwcy5wbGFjZXMudjEuUGxhY2VzLlNlYXJjaFRleHQQAhgEIAA,OPERATIONAL,"point_of_interest,service,establishment",Junk removal,Emmett
ChIJ5wZKvYQWr1QR1bnh5a0DNJQ,Miller Enterprises,"28 Cook Gulch Rd, Horseshoe Bend, ID 83629, USA",(208) 793-2561,,4,8,https://maps.google.com/?cid=10679164661823289813&g_mp=Cidnb29nbGUubWFwcy5wbGFjZXMudjEuUGxhY2VzLlNlYXJjaFRleHQQAhgEIAA,OPERATIONAL,"point_of_interest,service,establishment",Junk removal,Emmett
ChIJWTJ6N29eVFMRMKC7sebDo90,Dump IT | Garbage Services | East Idaho,"2504 25th E Suite 1, Idaho Falls, ID 83401, USA",(208) 681-5020,http://dumpitidaho.com/,4.9,303,https://maps.google.com/?cid=15970824099177668656&g_mp=Cidnb29nbGUubWFwcy5wbGFjZXMudjEuUGxhY2VzLlNlYXJjaFRleHQQAhgEIAA,OPERATIONAL,"point_of_interest,service,establishment",Junk removal,Emmett
ChIJu_hUrbQJr1QRI4VzlYCwgFs,RayTech Abatement & Demolition,"314 S Johns Ave, Emmett, ID 83617, USA",(208) 901-0639,https://www.facebook.com/RaytechAbate,,0,https://maps.google.com/?cid=6593463920780084515&g_mp=Cidnb29nbGUubWFwcy5wbGFjZXMudjEuUGxhY2VzLlNlYXJjaFRleHQQAhgEIAA,OPERATIONAL,"general_contractor,point_of_interest,service,establishment",Junk removal,Emmett
ChIJ8wf37Sz-rlQRZfSMud2QiJQ,Ada County Landfill,"10319 N. Seaman's Gulch Road, Boise, ID 83714, USA",(208) 577-4725,https://adacounty.id.gov/landfill/,3.7,86,https://maps.google.com/?cid=10702963796421178469&g_mp=Cidnb29nbGUubWFwcy5wbGFjZXMudjEuUGxhY2VzLlNlYXJjaFRleHQQAhgEIAA,OPERATIONAL,"government_office,point_of_interest,service,establishment",Junk removal,Emmett
ChIJE5wiYmCnr1QRsK6GRpLj5PM,JMH Construction and Excavation Services,"1530 W Sales Yard Rd, Emmett, ID 83617, USA",(208) 919-4869,https://www.jmhservicesexcavation.com/,,0,https://maps.google.com/?cid=17574421863294480048&g_mp=Cidnb29nbGUubWFwcy5wbGFjZXMudjEuUGxhY2VzLlNlYXJjaFRleHQQAhgEIAA,OPERATIONAL,"general_contractor,point_of_interest,service,establishment",Junk removal,Emmett
ChIJ5bCSM5sJr1QR_U172rh5_Rs,Banducci’s Excavation,"2607 E Locust St, Emmett, ID 83617, USA",(208) 859-2514,,,0,https://maps.google.com/?cid=2016902042978307581&g_mp=Cidnb29nbGUubWFwcy5wbGFjZXMudjEuUGxhY2VzLlNlYXJjaFRleHQQAhgEIAA,OPERATIONAL,"general_contractor,point_of_interest,service,establishment",Junk removal,Emmett
ChIJAaHdQfkJr1QRU0UpX3mIZaU,emmett valley glass,"310 W Main St, Emmett, ID 83617, USA",(208) 365-2261,,4.4,41,https://maps.google.com/?cid=11918082043774846291&g_mp=Cidnb29nbGUubWFwcy5wbGFjZXMudjEuUGxhY2VzLlNlYXJjaFRleHQQAhgEIAA,OPERATIONAL,"car_repair,service,point_of_interest,establishment",Glass repair,Emmett
ChIJLywEAWenr1QR5BTba4oIqJw,Fords Fabrication LLC,"889 Sunset Dr, Emmett, ID 83617, USA",(208) 369-4753,,5,12,https://maps.google.com/?cid=11288281856612177124&g_mp=Cidnb29nbGUubWFwcy5wbGFjZXMudjEuUGxhY2VzLlNlYXJjaFRleHQQAhgEIAA,OPERATIONAL,"manufacturer,service,point_of_interest,establishment",Welding service,Emmett
ChIJ_7RoPx0Kr1QRTTHY2SBt544,Bill's Machine Shop llc,"713 N Commercial Ave, Emmett, ID 83617, USA",(208) 365-5631,,5,13,https://maps.google.com/?cid=10297319060867133773&g_mp=Cidnb29nbGUubWFwcy5wbGFjZXMudjEuUGxhY2VzLlNlYXJjaFRleHQQAhgEIAA,OPERATIONAL,"general_contractor,car_repair,manufacturer,service,point_of_interest,establishment",Welding service,Emmett
ChIJU26VDi8Jr1QR-x4TLSCKktQ,DIGGIN IT EXCAVATION & GRADING,"3528 Waterwheel Rd, Emmett, ID 83617, USA",(208) 817-1726,,,0,https://maps.google.com/?cid=15317457153440292603&g_mp=Cidnb29nbGUubWFwcy5wbGFjZXMudjEuUGxhY2VzLlNlYXJjaFRleHQQAhgEIAA,OPERATIONAL,"service,point_of_interest,establishment",Excavation contractor,Emmett
ChIJP6bOHUEJr1QRtfpHtNZMGes,"CW Development,Inc","215 E Park St, Emmett, ID 83617, USA",(208) 963-2182,https://cwdevelopmentinc.com/,3.7,3,https://maps.google.com/?cid=16940655958362159797&g_mp=Cidnb29nbGUubWFwcy5wbGFjZXMudjEuUGxhY2VzLlNlYXJjaFRleHQQAhgEIAA,OPERATIONAL,"general_contractor,service,point_of_interest,establishment",Excavation contractor,Emmett
ChIJtdAYERenr1QRhgy659frOXE,"Taylor-Morgan, Inc.","2710 W Success Wy, Emmett, ID 83617, USA",(208) 917-7450,https://taylor-morgangov.com/,3,3,https://maps.google.com/?cid=8158811512496589958&g_mp=Cidnb29nbGUubWFwcy5wbGFjZXMudjEuUGxhY2VzLlNlYXJjaFRleHQQAhgEIAA,OPERATIONAL,"service,point_of_interest,establishment",Excavation contractor,Emmett
ChIJSRwt_pMJr1QRcbGHd-E795E,Gem State Asphalt,"406 W Musser St, Emmett, ID 83617, USA",(208) 740-8350,https://gem-stateasphalt.com/,5,3,https://maps.google.com/?cid=10517941294306144625&g_mp=Cidnb29nbGUubWFwcy5wbGFjZXMudjEuUGxhY2VzLlNlYXJjaFRleHQQAhgEIAA,OPERATIONAL,"general_contractor,point_of_interest,service,establishment",Paving contractor,Emmett
ChIJWSOpsJcJr1QR11aPWnScMW8,Gem Asphalt,"Cascade Rd, Emmett, ID 83617, USA",(208) 559-5241,https://www.gemasphaltidaho.com/,,0,https://maps.google.com/?cid=8012357235618305751&g_mp=Cidnb29nbGUubWFwcy5wbGFjZXMudjEuUGxhY2VzLlNlYXJjaFRleHQQAhgEIAA,OPERATIONAL,"general_contractor,point_of_interest,service,establishment",Paving contractor,Emmett
ChIJHV4ozcygr1QR6ftCLIgPlUo,Covia Plant,"4601 Cascade Rd, Emmett, ID 83617, USA",(208) 365-7153,,4.5,22,https://maps.google.com/?cid=5374218807869111273&g_mp=Cidnb29nbGUubWFwcy5wbGFjZXMudjEuUGxhY2VzLlNlYXJjaFRleHQQAhgEIAA,OPERATIONAL,"point_of_interest,service,establishment",Paving contractor,Emmett
ChIJAa7rSfcJr1QRuqlkc1GCo4o,Emmett Public Works Department,"316 E Park St, Emmett, ID 83617, USA",(208) 365-9569,https://www.cityofemmett.org/publicworks,3,1,https://maps.google.com/?cid=9989971684777830842&g_mp=Cidnb29nbGUubWFwcy5wbGFjZXMudjEuUGxhY2VzLlNlYXJjaFRleHQQAhgEIAA,OPERATIONAL,"general_contractor,point_of_interest,service,establishment",Paving contractor,Emmett
ChIJ_2kGnvcJr1QRoUTRn4eC4KQ,Road Department,"402 N Hayes Ave, Emmett, ID 83617, USA",(208) 365-3305,,1.7,3,https://maps.google.com/?cid=11880639336016856225&g_mp=Cidnb29nbGUubWFwcy5wbGFjZXMudjEuUGxhY2VzLlNlYXJjaFRleHQQAhgEIAA,OPERATIONAL,"general_contractor,point_of_interest,service,establishment",Paving contractor,Emmett
