place_id,business_name,category,search_category,phone,address,city,rating,review_count,google_maps_url,website_url,business_status,types
ChIJrYarZ0j_rlQRqJWOmg8sH50,Goodson Plumbing Services,plumber,Plumber,(208) 629-4278,"5103 W Bethel St STE 120, Boise, ID 83706, USA",Boise,4.9,567,https://maps.google.com/?cid=11321816433761883560&g_mp=Cidnb29nbGUubWFwcy5wbGFjZXMudjEuUGxhY2VzLlNlYXJjaFRleHQQAhgEIAA,https://www.robgoodsonplumbing.com/,OPERATIONAL,plumber|point_of_interest|service|establishment
ChIJH94r9eT4rlQRpv0QckvrUYc,Express Plumbing Heating & Air,plumber,Plumber,(208) 398-0309,"7863 W Mossy Cup St Suite C, Boise, ID 83709, USA",Boise,4.8,1893,https://maps.google.com/?cid=9750833377502625190&g_mp=Cidnb29nbGUubWFwcy5wbGFjZXMudjEuUGxhY2VzLlNlYXJjaFRleHQQAhgEIAA,https://expressplumbingidaho.com/,OPERATIONAL,plumber|general_contractor|point_of_interest|service|establishment
ChIJOYdyPd75rlQR89K-gfC0GfU,"Beacon Plumbing, Heating, Air-Conditioning, and Electrical, Inc",plumber,Plumber,(208) 516-2061,"1310 S Vista Ave #25, Boise, ID 83705, USA",Boise,5,1482,https://maps.google.com/?cid=17661346358772028147&g_mp=Cidnb29nbGUubWFwcy5wbGFjZXMudjEuUGxhY2VzLlNlYXJjaFRleHQQAhgEIAA,https://www.beaconplumbing.com/,OPERATIONAL,plumber|electrician|building_materials_store|general_contractor|store|point_of_interest|service|establishment
ChIJYUSysEz_rlQRWNa-4oELciM,Perfect Plumbing Heating & Air,plumber,Plumber,(208) 231-1936,"109 W 44th St, Garden City, ID 83714, USA",,4.8,5457,https://maps.google.com/?cid=2554116591155336792&g_mp=Cidnb29nbGUubWFwcy5wbGFjZXMudjEuUGxhY2VzLlNlYXJjaFRleHQQAhgEIAA,https://perfectplumbingheatingair.com/,OPERATIONAL,plumber|supplier|general_contractor|point_of_interest|service|establishment
ChIJM5-XKixUrlQRYiQqOwgK124,Cloverdale Plumbing,plumber,Plumber,(208) 376-1901,"11627 W Fairview Ave, Boise, ID 83713, USA",Boise,4.7,602,https://maps.google.com/?cid=7986863494633497698&g_mp=Cidnb29nbGUubWFwcy5wbGFjZXMudjEuUGxhY2VzLlNlYXJjaFRleHQQAhgEIAA,http://cloverdaleplumbing.com/,OPERATIONAL,plumber|point_of_interest|service|establishment
ChIJH8WheTD_rlQRu99-OKX75f0,Wickstrom Plumbing Heating & Cooling,plumber,Plumber,(208) 214-4269,"4090 W State St STE 214, Boise, ID 83703, USA",Boise,4.9,1324,https://maps.google.com/?cid=18295305748298522555&g_mp=Cidnb29nbGUubWFwcy5wbGFjZXMudjEuUGxhY2VzLlNlYXJjaFRleHQQAhgEIAA,https://www.wickstromphc.com/,OPERATIONAL,plumber|general_contractor|point_of_interest|service|establishment
ChIJpXvkWltTrlQRR01YEekDkzw,Plumbing Solutions of Idaho,plumber,Plumber,(208) 606-4515,"870 E Franklin Rd Suite 506, Meridian, ID 83642, USA",Meridian,4.9,1327,https://maps.google.com/?cid=4364836763405405511&g_mp=Cidnb29nbGUubWFwcy5wbGFjZXMudjEuUGxhY2VzLlNlYXJjaFRleHQQAhgEIAA,https://plumbingsolutionsofidaho.com/,OPERATIONAL,plumber|supplier|general_contractor|store|point_of_interest|service|establishment
ChIJi2U-Jh5VrlQRVqo0tbpJFwA,Master Plumbing,plumber,Plumbing,(208) 939-7515,"9446 W Fairview Ave Suite B, Boise, ID 83704, USA",Boise,4.9,565,https://maps.google.com/?cid=6554990717217366&g_mp=Cidnb29nbGUubWFwcy5wbGFjZXMudjEuUGxhY2VzLlNlYXJjaFRleHQQAhgEIAA,https://masterrooter.com/boise-plumbing-services/,OPERATIONAL,plumber|service|point_of_interest|establishment
ChIJKVK0Gk3_rlQR7HTGDRH88_4,Same Day Electric,electrician,Electrician,(208) 377-3278,"4684 W Chinden Blvd, Boise, ID 83714, USA",Boise,4.9,2356,https://maps.google.com/?cid=18371304455150138604&g_mp=Cidnb29nbGUubWFwcy5wbGFjZXMudjEuUGxhY2VzLlNlYXJjaFRleHQQAhgEIAA,https://samedayelectric.net/?utm_source=google-gbp&utm_medium=organic&utm_campaign=*247*same-day-electric-boise,OPERATIONAL,electrician|general_contractor|wholesaler|point_of_interest|service|establishment
ChIJdYeGBZchnlQR04XjjTHEeQM,All 4 You Electrical,electrician,Electrician,(208) 794-7431,"518 S Eagleson Rd, Boise, ID 83705, USA",Boise,5,112,https://maps.google.com/?cid=250446971408713171&g_mp=Cidnb29nbGUubWFwcy5wbGFjZXMudjEuUGxhY2VzLlNlYXJjaFRleHQQAhgEIAA,http://www.all4youelectrical.com/,OPERATIONAL,electrician|point_of_interest|service|establishment
ChIJTeL7LLj4rlQRL6BSu75xgUg,High Ground Electric,electrician,Electrician,(208) 344-0605,"5015 W Fairmont Pl, Boise, ID 83706, USA",Boise,4.7,88,https://maps.google.com/?cid=5224582106726965295&g_mp=Cidnb29nbGUubWFwcy5wbGFjZXMudjEuUGxhY2VzLlNlYXJjaFRleHQQAhgEIAA,https://electricianboiseid.com/,OPERATIONAL,electrician|point_of_interest|service|establishment
ChIJe9bV5uBTrlQRkHyO1WWXlp4,"Magic Electric, Plumbing, Heating + Air",plumber,Electrician,(208) 207-9870,"7255 W Franklin Rd, Boise, ID 83709, USA",Boise,4.9,1362,https://maps.google.com/?cid=11427487568129588368&g_mp=Cidnb29nbGUubWFwcy5wbGFjZXMudjEuUGxhY2VzLlNlYXJjaFRleHQQAhgEIAA,https://www.themagicteam.com/boise/,OPERATIONAL,plumber|electrician|general_contractor|supplier|point_of_interest|service|store|establishment
ChIJdSpj9ID4rlQRHKVPRHYaSZM,Sublime Electric,electrician,Electrician,(208) 609-9052,"616 S Roosevelt St, Boise, ID 83705, USA",Boise,4.9,677,https://maps.google.com/?cid=10613043092129817884&g_mp=Cidnb29nbGUubWFwcy5wbGFjZXMudjEuUGxhY2VzLlNlYXJjaFRleHQQAhgEIAA,http://sublimeelectricid.net/?utm_source=gmb,OPERATIONAL,electrician|point_of_interest|service|establishment
ChIJL6cXXNpVrlQR4ab4XWU80fw,Idaho Service Electric,electrician,Electrician,(208) 996-4757,"10847 W Montana Ave, Boise, ID 83713, USA",Boise,4.7,27,https://maps.google.com/?cid=18217408373756307169&g_mp=Cidnb29nbGUubWFwcy5wbGFjZXMudjEuUGxhY2VzLlNlYXJjaFRleHQQAhgEIAA,http://www.idahoserviceelectric.co/,OPERATIONAL,electrician|point_of_interest|service|establishment
ChIJWcZW1IBWrlQRmzWxnP3-16U,Hi-Tech Electric,electrician,Electrical contractor,(208) 271-3076,"94 E 49th St C, Garden City, ID 83714, USA",,4.9,144,https://maps.google.com/?cid=11950300501459940763&g_mp=Cidnb29nbGUubWFwcy5wbGFjZXMudjEuUGxhY2VzLlNlYXJjaFRleHQQAhgEIAA,https://www.hitechelect.com/,OPERATIONAL,electrician|consultant|service|point_of_interest|establishment
ChIJybiFMt9XrlQRVHSvDFhIxh0,Signature Roofing,roofing_contractor,Roofer,(208) 609-9071,"12567 W Franklin Rd, Boise, ID 83709, USA",Boise,4.9,446,https://maps.google.com/?cid=2145481815495767124&g_mp=Cidnb29nbGUubWFwcy5wbGFjZXMudjEuUGxhY2VzLlNlYXJjaFRleHQQAhgEIAA,https://mysignatureroofing.com/,OPERATIONAL,roofing_contractor|manufacturer|point_of_interest|service|establishment
ChIJDV1jJdJXrlQREkgwKq7DkMc,Point Roofing & Restoration,roofing_contractor,Roofer,(208) 595-6302,"4906 W Overland Rd, Boise, ID 83705, USA",Boise,4.9,402,https://maps.google.com/?cid=14380208762993526802&g_mp=Cidnb29nbGUubWFwcy5wbGFjZXMudjEuUGxhY2VzLlNlYXJjaFRleHQQAhgEIAA,https://pointroof.com/?utm_source=gmb&utm_medium=organic,OPERATIONAL,roofing_contractor|point_of_interest|service|establishment
ChIJBcH-uqVNrlQRZAxNdVkSCz8,Idaho Roofing Contractors,roofing_contractor,Roofer,(208) 921-7821,"1565 S Rolling Hl Dr, Meridian, ID 83642, USA",Meridian,4.9,844,https://maps.google.com/?cid=4542744824562650212&g_mp=Cidnb29nbGUubWFwcy5wbGFjZXMudjEuUGxhY2VzLlNlYXJjaFRleHQQAhgEIAA,https://www.idahoroofingcontractors.com/,OPERATIONAL,roofing_contractor|point_of_interest|service|establishment
ChIJnQQSk-5WrlQRXQSoALoXmr0,Blue Goat Roofing,roofing_contractor,Roofer,(208) 999-0775,"10448 W Lockwood St, Boise, ID 83709, USA",Boise,5,258,https://maps.google.com/?cid=13662258507224187997&g_mp=Cidnb29nbGUubWFwcy5wbGFjZXMudjEuUGxhY2VzLlNlYXJjaFRleHQQAhgEIAA,https://bluegoatroofing.com/,OPERATIONAL,roofing_contractor|point_of_interest|service|establishment
ChIJlZURhONXrlQRx4CzQmZRe3Y,Mighty Dog,roofing_contractor,Roofer,(208) 646-9890,"4792 W Overland Rd #200, Boise, ID 83705, USA",Boise,4.8,106,https://maps.google.com/?cid=8537507018258481351&g_mp=Cidnb29nbGUubWFwcy5wbGFjZXMudjEuUGxhY2VzLlNlYXJjaFRleHQQAhgEIAA,https://www.mightydogroofing.com/boise-id/,OPERATIONAL,roofing_contractor|general_contractor|point_of_interest|service|establishment
ChIJCx5LWgOyr1QR9EpWyDr4WWE,Intermountain Roofing Company,roofing_contractor,Roofer,(208) 713-5871,"3261 Spiceland Dr, Boise, ID 83704, USA",Boise,5,48,https://maps.google.com/?cid=7014910825959148276&g_mp=Cidnb29nbGUubWFwcy5wbGFjZXMudjEuUGxhY2VzLlNlYXJjaFRleHQQAhgEIAA,https://intermountainroofingcompany.com/,OPERATIONAL,roofing_contractor|point_of_interest|service|establishment
ChIJR4OdX3BRrlQRhodduA5DZzY,Bartlett Roofing,roofing_contractor,Roofer,(208) 286-4187,"370 N Mitchell St, Boise, ID 83704, USA",Boise,4.6,567,https://maps.google.com/?cid=3920175731151046534&g_mp=Cidnb29nbGUubWFwcy5wbGFjZXMudjEuUGxhY2VzLlNlYXJjaFRleHQQAhgEIAA,https://bartlettroofs.com/service-areas/boise-id/,OPERATIONAL,roofing_contractor|point_of_interest|service|establishment
ChIJfWtDtwj3rlQR2DTaxWQXStI,Boise Roof,roofing_contractor,Roofing contractor,(208) 740-8787,"1687 Pineridge Dr E, Boise, ID 83716, USA",Boise,4.9,67,https://maps.google.com/?cid=15152949617825035480&g_mp=Cidnb29nbGUubWFwcy5wbGFjZXMudjEuUGxhY2VzLlNlYXJjaFRleHQQAhgEIAA,https://boiseroofrepair.co/,OPERATIONAL,roofing_contractor|point_of_interest|service|establishment
ChIJs7gm6Mn_rlQRKUmCB5OqzxU,Western Heating and Air Conditioning,electrician,HVAC,(208) 204-0357,"4980 E Bradley St, Boise, ID 83714, USA",Boise,4.9,3893,https://maps.google.com/?cid=1571662343438485801&g_mp=Cidnb29nbGUubWFwcy5wbGFjZXMudjEuUGxhY2VzLlNlYXJjaFRleHQQAhgEIAA,https://westernhvac.com/?utm_source=gbp-listing&utm_medium=organic&utm_campaign=website-button,OPERATIONAL,electrician|general_contractor|store|service|point_of_interest|establishment
ChIJH5tjRvb3rlQRSEhbD24vay8,Peppy Heating and Cooling Boise,general_contractor,HVAC,(208) 906-6928,"590 N Maple Grove Rd Ste #7, Boise, ID 83704, USA",Boise,5,625,https://maps.google.com/?cid=3416876892041201736&g_mp=Cidnb29nbGUubWFwcy5wbGFjZXMudjEuUGxhY2VzLlNlYXJjaFRleHQQAhgEIAA,https://callpeppy.com/?utm_source=google&utm_medium=organic&utm_campaign=gbp-boise,OPERATIONAL,general_contractor|service|point_of_interest|establishment
ChIJaw1xpp9XrlQRU9RKhvuuQso,Right Now Heating and Air Conditioning,electrician,HVAC,(208) 939-4475,"5100 W Emerald St, Boise, ID 83706, USA",Boise,4.8,8602,https://maps.google.com/?cid=14574403739437421651&g_mp=Cidnb29nbGUubWFwcy5wbGFjZXMudjEuUGxhY2VzLlNlYXJjaFRleHQQAhgEIAA,https://rightnowheatcool.com/?utm_source=google-gbp&utm_medium=organic&utm_campaign=*169*right-now-heating-boise,OPERATIONAL,electrician|plumber|general_contractor|service|point_of_interest|establishment
ChIJD8FcZWlWrlQR4u92H0nE_PY,Ashley Heating Air & Water Systems,general_contractor,HVAC,(208) 378-9445,"8243 W Westpark St, Boise, ID 83704, USA",Boise,4.9,1132,https://maps.google.com/?cid=17797315645800902626&g_mp=Cidnb29nbGUubWFwcy5wbGFjZXMudjEuUGxhY2VzLlNlYXJjaFRleHQQAhgEIAA,http://www.ashleyheating.com/,OPERATIONAL,general_contractor|supplier|store|service|point_of_interest|establishment
ChIJS9PusLn4rlQRMMyFZl534yo,Capital City Heating & Cooling,general_contractor,HVAC,(208) 345-4115,"420 N Curtis Rd, Boise, ID 83706, USA",Boise,4.9,348,https://maps.google.com/?cid=3090445016636967984&g_mp=Cidnb29nbGUubWFwcy5wbGFjZXMudjEuUGxhY2VzLlNlYXJjaFRleHQQAhgEIAA,http://www.capitalcityheating.com/,OPERATIONAL,general_contractor|service|point_of_interest|establishment
ChIJ8SG2bvlPrlQR5yF7uYGhydI,"Ultimate Heating & Air, Inc",plumber,HVAC,(208) 584-8816,"535 N Locust Grove Rd #170, Meridian, ID 83642, USA",Meridian,4.9,2113,https://maps.google.com/?cid=15188848796818416103&g_mp=Cidnb29nbGUubWFwcy5wbGFjZXMudjEuUGxhY2VzLlNlYXJjaFRleHQQAhgEIAA,http://www.ultimateheatingandair.com/?utm_source=GBP&utm_medium=organic,OPERATIONAL,plumber|general_contractor|service|point_of_interest|establishment
ChIJLzfZWqT4rlQRHH7t2fDNVOI,Jim's Heating & Cooling,general_contractor,Heating and cooling,(208) 376-1717,"9237 W State St, Garden City, ID 83714, USA",,4.8,368,https://maps.google.com/?cid=16308886584947473948&g_mp=Cidnb29nbGUubWFwcy5wbGFjZXMudjEuUGxhY2VzLlNlYXJjaFRleHQQAhgEIAA,https://jimsheat.com/,OPERATIONAL,general_contractor|point_of_interest|service|establishment
ChIJ6_2R_4JWrlQRGDnvNRxh5kw,Quality Heating & Cooling,general_contractor,Heating and cooling,(208) 377-3555,"11225 W President Dr, Boise, ID 83713, USA",Boise,4.9,381,https://maps.google.com/?cid=5541223165317822744&g_mp=Cidnb29nbGUubWFwcy5wbGFjZXMudjEuUGxhY2VzLlNlYXJjaFRleHQQAhgEIAA,https://qualityheating.net/?utm_source=gbp&utm_medium=organic&utm_campaign=website-link,OPERATIONAL,general_contractor|supplier|manufacturer|point_of_interest|service|store|establishment
ChIJMQmr7O5WrlQR5ngrU7hHo40,Boise Pest Control,service,Pest control,(208) 254-5000,"3295 W Elder St #209, Boise, ID 83705, USA",Boise,5,712,https://maps.google.com/?cid=10206080037546588390&g_mp=Cidnb29nbGUubWFwcy5wbGFjZXMudjEuUGxhY2VzLlNlYXJjaFRleHQQAhgEIAA,https://www.boisepestcontrol.com/,OPERATIONAL,service|point_of_interest|establishment
ChIJrSPQR4xTrlQRGTuSc0hWjm0,Vertex Pest Control,service,Pest control,(208) 248-4336,"9941 W Emerald St, Boise, ID 83704, USA",Boise,5,2754,https://maps.google.com/?cid=7894342066003655449&g_mp=Cidnb29nbGUubWFwcy5wbGFjZXMudjEuUGxhY2VzLlNlYXJjaFRleHQQAhgEIAA,https://www.vertexpestcontrol.com/pest-control-boise?utm_source=gbp&utm_medium=organic&utm_campaign=gbp-boise,OPERATIONAL,service|point_of_interest|establishment
ChIJMxLV_Fb5rlQR3sPjMkqJ9R0,Boise Elite Pest Control,service,Pest control,(208) 247-0002,"1754 W State St, Boise, ID 83702, USA",Boise,5,44,https://maps.google.com/?cid=2158782548168393694&g_mp=Cidnb29nbGUubWFwcy5wbGFjZXMudjEuUGxhY2VzLlNlYXJjaFRleHQQAhgEIAA,http://boiseelitepestcontrol.site/,OPERATIONAL,service|point_of_interest|establishment
ChIJ8Whaak3_rlQR4H31lP3_sEU,Orkin,service,Pest control,(208) 345-7378,"107 W 43rd St, Boise, ID 83714, USA",Boise,4.9,2180,https://maps.google.com/?cid=5021795049109028320&g_mp=Cidnb29nbGUubWFwcy5wbGFjZXMudjEuUGxhY2VzLlNlYXJjaFRleHQQAhgEIAA,https://www.orkin.com/locations/idaho-id/boise-pest-control/branch-913?utm_source=local&utm_medium=local&utm_campaign=LCL5008,OPERATIONAL,service|point_of_interest|establishment
ChIJnQCDVhBVrlQRSeWpCTQmjTE,Eco Pest Control,service,Pest control,(208) 600-8734,"3799 E Mackay Ct, Meridian, ID 83642, USA",Meridian,4.9,166,https://maps.google.com/?cid=3570552084516955465&g_mp=Cidnb29nbGUubWFwcy5wbGFjZXMudjEuUGxhY2VzLlNlYXJjaFRleHQQAhgEIAA,https://www.ecopestcontrolidaho.com/,OPERATIONAL,service|point_of_interest|establishment
ChIJrzXEoVr_rlQRPDJsg2s5MEc,Western Exterminator,service,Pest control,(208) 591-6203,"345 S Adkins Way Suite 108, Meridian, ID 83642, USA",Meridian,4.8,718,https://maps.google.com/?cid=5129663109504184892&g_mp=Cidnb29nbGUubWFwcy5wbGFjZXMudjEuUGxhY2VzLlNlYXJjaFRleHQQAhgEIAA,https://www.westernexterminator.com/local-branches/idaho/boise?utm_source=google&utm_medium=gbp&utm_campaign=eg_listing_lg,OPERATIONAL,service|association_or_organization|point_of_interest|establishment
ChIJOTQa3AJarlQRtTpF4kyGOsY,Art of the Earth Landscaping,general_contractor,Landscaping,(208) 724-0788,"9777 W Chinden Blvd, Garden City, ID 83714, USA",,4.9,41,https://maps.google.com/?cid=14283876832930773685&g_mp=Cidnb29nbGUubWFwcy5wbGFjZXMudjEuUGxhY2VzLlNlYXJjaFRleHQQAhgEIAA,http://artoftheearthboise.com/,OPERATIONAL,general_contractor|point_of_interest|service|establishment
ChIJXVogfuX_rlQRJni0r1CyymY,"TLC Landscape, LLC",general_contractor,Landscaping,(208) 859-9955,"9755 Shields Ave, Boise, ID 83714, USA",Boise,4.6,167,https://maps.google.com/?cid=7406928596779169830&g_mp=Cidnb29nbGUubWFwcy5wbGFjZXMudjEuUGxhY2VzLlNlYXJjaFRleHQQAhgEIAA,http://www.tlcscape.com/,OPERATIONAL,general_contractor|point_of_interest|service|establishment
ChIJMatTB_P_rlQR3B4_GWskjB8,Boise Landscape Design,general_contractor,Landscaping,(208) 918-2660,"7241 Potomac Dr, Boise, ID 83704, USA",Boise,5,115,https://maps.google.com/?cid=2273231954318925532&g_mp=Cidnb29nbGUubWFwcy5wbGFjZXMudjEuUGxhY2VzLlNlYXJjaFRleHQQAhgEIAA,http://www.boiselandscapedesign.com/landing,OPERATIONAL,general_contractor|point_of_interest|service|establishment
ChIJWzQsxnJ4YG0RJ0HyU4KXdkw,Boise Clean Landscape,general_contractor,Landscaping,(986) 895-3527,"843 N White Barn Rd, Kuna, ID 83634, USA",,5,59,https://maps.google.com/?cid=5509757780144308519&g_mp=Cidnb29nbGUubWFwcy5wbGFjZXMudjEuUGxhY2VzLlNlYXJjaFRleHQQAhgEIAA,https://www.boisecleanlandscape.com/,OPERATIONAL,general_contractor|point_of_interest|service|establishment
ChIJ5brbS7xTrlQR9EOr1XM_mg0,Chamberlain & Sons Landscaping,garden_center,Landscaping,(208) 515-9833,"1922 S McDermott Rd, Nampa, ID 83687, USA",Nampa,5,50,https://maps.google.com/?cid=980165635645064180&g_mp=Cidnb29nbGUubWFwcy5wbGFjZXMudjEuUGxhY2VzLlNlYXJjaFRleHQQAhgEIAA,https://landscapingboise.com/,OPERATIONAL,garden_center|general_contractor|point_of_interest|service|store|establishment
ChIJ2a70hQ3_rlQRgj6ONwjuKcw,FarWest Landscape Company,general_contractor,Landscaping,(208) 853-4057,"5808 W State St, Boise, ID 83703, USA",Boise,4.5,20,https://maps.google.com/?cid=14711551376841653890&g_mp=Cidnb29nbGUubWFwcy5wbGFjZXMudjEuUGxhY2VzLlNlYXJjaFRleHQQAhgEIAA,http://www.farwestlandscape.net/,OPERATIONAL,general_contractor|point_of_interest|service|establishment
ChIJj8F5q7wASgERGtYo5TqtWDY,Boise Landscaping Network,general_contractor,Landscaping,(208) 918-2660,"7633 W Prince St, Boise, ID 83714, USA",Boise,5,37,https://maps.google.com/?cid=3916070344463013402&g_mp=Cidnb29nbGUubWFwcy5wbGFjZXMudjEuUGxhY2VzLlNlYXJjaFRleHQQAhgEIAA,https://www.boiselandscapingnetwork.com/,OPERATIONAL,general_contractor|point_of_interest|service|establishment
ChIJU0ktninUQAkRO45dLpAFWiM,Augusta Lawn Care of Boise,service,Lawn care,(208) 593-3303,"2726 N Chancery Way, Meridian, ID 83646, USA",Meridian,4.6,133,https://maps.google.com/?cid=2547354656042749499&g_mp=Cidnb29nbGUubWFwcy5wbGFjZXMudjEuUGxhY2VzLlNlYXJjaFRleHQQAhgEIAA,http://augustalawncareservices.com/boise,OPERATIONAL,service|point_of_interest|establishment
ChIJdw4gsPdTrlQRV9yTQDXPcZE,Senske Lawn Care Services - Boise,general_contractor,Lawn care,(208) 887-7900,"9700 Bethel Ct Ste. 102, Boise, ID 83709, USA",Boise,4.7,1975,https://maps.google.com/?cid=10480385635491503191&g_mp=Cidnb29nbGUubWFwcy5wbGFjZXMudjEuUGxhY2VzLlNlYXJjaFRleHQQAhgEIAA,https://senske.com/boise/?utm_source=google&utm_medium=organic&utm_campaign=gbp&utm_content=website_link-boise,OPERATIONAL,general_contractor|service|point_of_interest|establishment
ChIJ9Qr6x5xVrlQRNxQII40PpnY,Green Lawn Care & Landscape Inc.,general_contractor,Lawn care,(208) 376-4967,"4580 Henry St, Boise, ID 83709, USA",Boise,4.1,53,https://maps.google.com/?cid=8549538041462002743&g_mp=Cidnb29nbGUubWFwcy5wbGFjZXMudjEuUGxhY2VzLlNlYXJjaFRleHQQAhgEIAA,http://www.greenlawncareinc.com/,OPERATIONAL,general_contractor|service|point_of_interest|establishment
ChIJjXYR5QZUrlQRWVCbFrTLIVQ,Weed Man Lawn Care,service,Lawn care,(208) 888-9911,"2269 E Commercial St, Meridian, ID 83642, USA",Meridian,4.7,1241,https://maps.google.com/?cid=6062350547751227481&g_mp=Cidnb29nbGUubWFwcy5wbGFjZXMudjEuUGxhY2VzLlNlYXJjaFRleHQQAhgEIAA,https://weedman.com/en-us/boise,OPERATIONAL,service|point_of_interest|establishment
ChIJHQVU7a9cdgURYmjHx6VHeDA,Skyline Lawn Care LLC,service,Lawn care,(208) 963-2210,"100 W Ross Ave, Parma, ID 83660, USA",,5,16,https://maps.google.com/?cid=3492620288372729954&g_mp=Cidnb29nbGUubWFwcy5wbGFjZXMudjEuUGxhY2VzLlNlYXJjaFRleHQQAhgEIAA,http://skylinelawncare.net/,OPERATIONAL,service|point_of_interest|establishment
ChIJi4y3HqxXrlQRbP1uUlT38NY,Garry's Automotive,car_repair,Auto repair,(208) 562-1693,"2200 S Cole Rd, Boise, ID 83709, USA",Boise,4.8,1028,https://maps.google.com/?cid=15488151060059454828&g_mp=Cidnb29nbGUubWFwcy5wbGFjZXMudjEuUGxhY2VzLlNlYXJjaFRleHQQAhgEIAA,https://garrysautomotive.com/,OPERATIONAL,car_repair|service|point_of_interest|establishment
ChIJH1jVFpH3rlQR51uEDEJ6aiY,208 Mobile Mechanic Boise,locksmith,Auto repair,(208) 985-3284,"1183 Exchange St, Boise, ID 83716, USA",Boise,4.6,165,https://maps.google.com/?cid=2768159345069022183&g_mp=Cidnb29nbGUubWFwcy5wbGFjZXMudjEuUGxhY2VzLlNlYXJjaFRleHQQAhgEIAA,http://onsiterepairtech.net/,OPERATIONAL,locksmith|auto_parts_store|car_repair|service|store|point_of_interest|establishment
ChIJT1U9Y-FVrlQRhhsxYGWdQ4I,DIY Auto Repair,car_repair,Auto repair,(208) 202-8838,"10250 W Fairview Ave, Boise, ID 83704, USA",Boise,5,86,https://maps.google.com/?cid=9386519107101334406&g_mp=Cidnb29nbGUubWFwcy5wbGFjZXMudjEuUGxhY2VzLlNlYXJjaFRleHQQAhgEIAA,https://diyautorepair.shop/,OPERATIONAL,car_repair|service|point_of_interest|establishment
ChIJX_5uNgD5rlQR584BCxm_ZIA,66 Mobile Auto Repair,car_repair,Auto repair,(208) 971-3005,"1116 S Vista Ave #252, Boise, ID 83705, USA",Boise,4.5,52,https://maps.google.com/?cid=9251729648805596903&g_mp=Cidnb29nbGUubWFwcy5wbGFjZXMudjEuUGxhY2VzLlNlYXJjaFRleHQQAhgEIAA,http://www.66mobileautorepair.com/,OPERATIONAL,car_repair|service|point_of_interest|establishment
ChIJId3jgQ5VrlQRZzHghIR6plc,Mountain Peak Auto Repair,car_repair,Auto repair,(208) 971-8620,"9688 W Fairview Ave, Boise, ID 83704, USA",Boise,4.9,36,https://maps.google.com/?cid=6315870237017256295&g_mp=Cidnb29nbGUubWFwcy5wbGFjZXMudjEuUGxhY2VzLlNlYXJjaFRleHQQAhgEIAA,https://www.mountainpeakautorepair.com/,OPERATIONAL,car_repair|service|point_of_interest|establishment
ChIJoQM5xwv4rlQRyA5gghMXqfA,Dale's Auto Care,chauffeur_service,Auto repair,(208) 278-7856,"2602 S Vista Ave, Boise, ID 83705, USA",Boise,4.9,526,https://maps.google.com/?cid=17341417212725956296&g_mp=Cidnb29nbGUubWFwcy5wbGFjZXMudjEuUGxhY2VzLlNlYXJjaFRleHQQAhgEIAA,https://dalesautocare.com/,OPERATIONAL,chauffeur_service|car_repair|transportation_service|service|point_of_interest|establishment
ChIJA_hNzdH4rlQRwAgnzKaNaNE,27th St. Automotive,car_repair,Auto repair,(208) 890-8739,"1105 N 27th St, Boise, ID 83702, USA",Boise,4.8,649,https://maps.google.com/?cid=15089466299034044608&g_mp=Cidnb29nbGUubWFwcy5wbGFjZXMudjEuUGxhY2VzLlNlYXJjaFRleHQQAhgEIAA,https://27thstauto.com/?utm_source=google&utm_medium=organic&utm_campaign=gbp,OPERATIONAL,car_repair|service|point_of_interest|establishment
ChIJ5TiG0BX_rlQRQhENhc0-kGk,Meineke Car Care Center,car_repair,Mechanic,(208) 391-4687,"5115 W State St, Boise, ID 83703, USA",Boise,4.6,867,https://maps.google.com/?cid=7606648823050211650&g_mp=Cidnb29nbGUubWFwcy5wbGFjZXMudjEuUGxhY2VzLlNlYXJjaFRleHQQAhgEIAA,https://www.meineke.com/locations/id/boise-4251/?utm_source=google&utm_medium=organic&utm_campaign=gbp_website,OPERATIONAL,car_repair|store|service|point_of_interest|establishment
ChIJEWxOkLhVrlQRTBRI_G5z91I,Fabulously Clean House Cleaning,point_of_interest,Cleaning service,(208) 608-4648,"10448 W Garverdale Dr Ste 604, Boise, ID 83704, USA",Boise,4.9,405,https://maps.google.com/?cid=5978373950873801804&g_mp=Cidnb29nbGUubWFwcy5wbGFjZXMudjEuUGxhY2VzLlNlYXJjaFRleHQQAhgEIAA,https://www.fabulouslycleanboise.com/?utm_source=google&utm_medium=organic&utm_campaign=gmb,OPERATIONAL,point_of_interest|service|establishment
ChIJX8BQOCJWrlQRHFsv9G3ZPHs,The Cleaning Authority - Boise,point_of_interest,Cleaning service,(208) 647-3137,"6069 Corporal Ln, Boise, ID 83704, USA",Boise,4.9,859,https://maps.google.com/?cid=8880211631539182364&g_mp=Cidnb29nbGUubWFwcy5wbGFjZXMudjEuUGxhY2VzLlNlYXJjaFRleHQQAhgEIAA,https://www.thecleaningauthority.com/boise,OPERATIONAL,point_of_interest|service|establishment
ChIJ_e-T8XtcZg8R4jSwHhUAAfk,Boise House Cleaning Co.,point_of_interest,Cleaning service,(208) 361-1027,"800 W Main St, Boise, ID 83702, USA",Boise,4.9,109,https://maps.google.com/?cid=17942622481129944290&g_mp=Cidnb29nbGUubWFwcy5wbGFjZXMudjEuUGxhY2VzLlNlYXJjaFRleHQQAhgEIAA,https://www.boisehousecleaningco.com/,OPERATIONAL,point_of_interest|service|establishment
ChIJNVL9eBxNrlQRIWPlDPKbDFE,ProTouch Cleaners,point_of_interest,Cleaning service,(208) 994-1525,"554 N Steelhead Wy Ste 180, Boise, ID 83704, USA",Boise,4.8,456,https://maps.google.com/?cid=5840214280693441313&g_mp=Cidnb29nbGUubWFwcy5wbGFjZXMudjEuUGxhY2VzLlNlYXJjaFRleHQQAhgEIAA,https://www.protouchcleaners.com/,OPERATIONAL,point_of_interest|service|establishment
ChIJFbBcN1YStAMRqaAnu7Yx9-Q,UpKeep LLC Cleaning,point_of_interest,Cleaning service,(208) 519-6292,"1111 S Orchard St, Boise, ID 83705, USA",Boise,5,88,https://maps.google.com/?cid=16498710420788846761&g_mp=Cidnb29nbGUubWFwcy5wbGFjZXMudjEuUGxhY2VzLlNlYXJjaFRleHQQAhgEIAA,https://upkeepcleaning.net/,OPERATIONAL,point_of_interest|service|establishment
ChIJLfKY707_rlQRxuCgpmVfGrI,Boise Clean Pro,point_of_interest,Cleaning service,(208) 377-7100,"5979 W Overland Rd, Boise, ID 83709, USA",Boise,4.8,136,https://maps.google.com/?cid=12833674978337546438&g_mp=Cidnb29nbGUubWFwcy5wbGFjZXMudjEuUGxhY2VzLlNlYXJjaFRleHQQAhgEIAA,http://www.boiseclean.pro/,OPERATIONAL,point_of_interest|service|establishment
ChIJizpeoDarr1QR03Tz-C6F7LE,Aloha House Cleaning,point_of_interest,Cleaning service,(208) 912-4543,"6820 W Biathlon St, Eagle, ID 83616, USA",Eagle,5,13,https://maps.google.com/?cid=12820768676008654035&g_mp=Cidnb29nbGUubWFwcy5wbGFjZXMudjEuUGxhY2VzLlNlYXJjaFRleHQQAhgEIAA,https://alohahousecleaning.com/,OPERATIONAL,point_of_interest|service|establishment
ChIJUcGuB6n5rlQRMN37ajAJVk8,Earth Home Eco Cleaning,point_of_interest,House cleaning,(208) 559-6636,"1728 S Annett St, Boise, ID 83705, USA",Boise,4.8,125,https://maps.google.com/?cid=5716766880551394608&g_mp=Cidnb29nbGUubWFwcy5wbGFjZXMudjEuUGxhY2VzLlNlYXJjaFRleHQQAhgEIAA,http://www.earthhomecleaning.com/,OPERATIONAL,point_of_interest|service|establishment
ChIJ6XImD41TrlQRKgBmXxbnrS0,Molly Maid of Boise and the Treasure Valley,point_of_interest,House cleaning,(208) 261-7202,"1519 N Main St #100, Meridian, ID 83642, USA",Meridian,4.8,446,https://maps.google.com/?cid=3291540985953517610&g_mp=Cidnb29nbGUubWFwcy5wbGFjZXMudjEuUGxhY2VzLlNlYXJjaFRleHQQAhgEIAA,https://www.mollymaid.com/boise-treasure-valley/?utm_source=google&utm_medium=organic&utm_campaign=gbplisting,OPERATIONAL,point_of_interest|service|establishment
ChIJVyyITU1XrlQRlrhfbD_IUak,Noble Clean,service,Janitorial,(208) 738-6559,"7512 Lemhi St Suite 3A, Boise, ID 83709, USA",Boise,5,3,https://maps.google.com/?cid=12200753040250091670&g_mp=Cidnb29nbGUubWFwcy5wbGFjZXMudjEuUGxhY2VzLlNlYXJjaFRleHQQAhgEIAA,https://www.noblecleanco.com/,OPERATIONAL,service|point_of_interest|establishment
ChIJMXZFpeRWrlQRAIwvvySdd9Y,IMC Idaho Maintenance & Cleaning,laundry,Janitorial,(208) 760-5418,"7235 W Franklin Rd, Boise, ID 83709, USA",Boise,4.7,69,https://maps.google.com/?cid=15453993427497094144&g_mp=Cidnb29nbGUubWFwcy5wbGFjZXMudjEuUGxhY2VzLlNlYXJjaFRleHQQAhgEIAA,https://imc.cleaning/boise/,OPERATIONAL,laundry|service|point_of_interest|establishment
ChIJG4SVfa-FbmERk-dU6UHHhqU,Night Owl Janitorial,service,Janitorial,(208) 380-4133,"515 S Vista Ave, Boise, ID 83705, USA",Boise,5,4,https://maps.google.com/?cid=11927439749038794643&g_mp=Cidnb29nbGUubWFwcy5wbGFjZXMudjEuUGxhY2VzLlNlYXJjaFRleHQQAhgEIAA,http://nightowljanitorialidaho.com/,OPERATIONAL,service|point_of_interest|establishment
ChIJ0_JmiFz4rlQRsr9_Rxe-AlM,Altius Office Cleaning and Janitorial,laundry,Janitorial,(208) 917-8080,"1220 S Vermont Ave, Boise, ID 83706, USA",Boise,4.7,15,https://maps.google.com/?cid=5981552262294519730&g_mp=Cidnb29nbGUubWFwcy5wbGFjZXMudjEuUGxhY2VzLlNlYXJjaFRleHQQAhgEIAA,http://www.altiusclean.com/,OPERATIONAL,laundry|service|point_of_interest|establishment
ChIJg6zf0Pr4rlQRMVez2m7qg2A,American Cleaning,laundry,Janitorial,(208) 248-3456,"616 W Front St, Boise, ID 83702, USA",Boise,4.7,134,https://maps.google.com/?cid=6954660011426666289&g_mp=Cidnb29nbGUubWFwcy5wbGFjZXMudjEuUGxhY2VzLlNlYXJjaFRleHQQAhgEIAA,https://www.americancleaning.com/?utm_source=gmb&utm_medium=main&utm_campaign=organic,OPERATIONAL,laundry|general_contractor|service|point_of_interest|establishment
ChIJhwQhEI9VrlQRg2gHgCCJWNk,ultimate maintenance & cleaning,service,Janitorial,(208) 984-9263,"1811 N Maple Grove Rd, Boise, ID 83704, USA",Boise,,0,https://maps.google.com/?cid=15661418476860827779&g_mp=Cidnb29nbGUubWFwcy5wbGFjZXMudjEuUGxhY2VzLlNlYXJjaFRleHQQAhgEIAA,https://www.ultimatemaintenanceandcleaning.com/,OPERATIONAL,service|point_of_interest|establishment
ChIJceRk1k75rlQR83h7MYxsUGg,Montano Cleaning and Janitorial LLC,service,Janitorial,(208) 921-7899,"709 W Hale St, Boise, ID 83706, USA",Boise,5,3,https://maps.google.com/?cid=7516627127462754547&g_mp=Cidnb29nbGUubWFwcy5wbGFjZXMudjEuUGxhY2VzLlNlYXJjaFRleHQQAhgEIAA,http://www.montanocleaning.com/,OPERATIONAL,service|point_of_interest|establishment
ChIJp61I453_rlQR8Ro0ABnQEdM,Hillside Handyman,general_contractor,Handyman,(208) 918-1844,"4611 W Clearview Dr, Boise, ID 83703, USA",Boise,4.9,58,https://maps.google.com/?cid=15209166222403050225&g_mp=Cidnb29nbGUubWFwcy5wbGFjZXMudjEuUGxhY2VzLlNlYXJjaFRleHQQAhgEIAA,https://www.hillsidehandymanidaho.com/,OPERATIONAL,general_contractor|service|point_of_interest|establishment
ChIJqfPyuha5_yARrrKHHQ4vtto,All Your Home Needs Handyman,general_contractor,Handyman,(208) 637-5829,"3501 N North St, Boise, ID 83703, USA",Boise,5,29,https://maps.google.com/?cid=15759835683701109422&g_mp=Cidnb29nbGUubWFwcy5wbGFjZXMudjEuUGxhY2VzLlNlYXJjaFRleHQQAhgEIAA,https://boisehandyman.net/,OPERATIONAL,general_contractor|service|point_of_interest|establishment
ChIJ0d8R5PT3rlQRMHMsm5kHxu0,A1 Handyman Boise,plumber,Handyman,(208) 995-6457,"3761 S Gekeler Ln APT 172, Boise, ID 83706, USA",Boise,4.7,80,https://maps.google.com/?cid=17133390188692402992&g_mp=Cidnb29nbGUubWFwcy5wbGFjZXMudjEuUGxhY2VzLlNlYXJjaFRleHQQAhgEIAA,https://www.handyman-boise.com/,OPERATIONAL,plumber|electrician|home_goods_store|manufacturer|store|general_contractor|service|point_of_interest|establishment
ChIJ78ON4o3_rlQRpleUTS451Go,"House Doctors Handyman of Boise, ID",home_goods_store,Handyman,(208) 505-9976,"5537 N Glenwood St, Garden City, ID 83714, USA",,4.9,175,https://maps.google.com/?cid=7697840534115866534&g_mp=Cidnb29nbGUubWFwcy5wbGFjZXMudjEuUGxhY2VzLlNlYXJjaFRleHQQAhgEIAA,https://housedoctors.com/boise/,OPERATIONAL,home_goods_store|manufacturer|store|general_contractor|service|point_of_interest|establishment
ChIJZXvFkDNRrlQRfqXI2IIofgk,Get 'er Done Home services/Handyman,general_contractor,Handyman,(208) 861-5243,"463 E Boardwalk Row Dr, Meridian, ID 83642, USA",Meridian,5,78,https://maps.google.com/?cid=684028735854781822&g_mp=Cidnb29nbGUubWFwcy5wbGFjZXMudjEuUGxhY2VzLlNlYXJjaFRleHQQAhgEIAA,https://letsgeterdone.com/,OPERATIONAL,general_contractor|service|point_of_interest|establishment
ChIJ83W3JztcNmkRILXviphoi-4,Handyman in Idaho,general_contractor,Handyman,(510) 299-8101,"5777 N Gary Ln, Boise, ID 83714, USA",Boise,5,12,https://maps.google.com/?cid=17188947407164912928&g_mp=Cidnb29nbGUubWFwcy5wbGFjZXMudjEuUGxhY2VzLlNlYXJjaFRleHQQAhgEIAA,https://handymaninidaho.com/,OPERATIONAL,general_contractor|service|point_of_interest|establishment
ChIJh0JWyvj_rlQR3xyE9uMbztM,B&K Painting,point_of_interest,Painter,(208) 939-2278,"12586 W Bridger St #114, Boise, ID 83713, USA",Boise,5,246,https://maps.google.com/?cid=15262166853112569055&g_mp=Cidnb29nbGUubWFwcy5wbGFjZXMudjEuUGxhY2VzLlNlYXJjaFRleHQQAhgEIAA,https://bnkpainting.com/,OPERATIONAL,point_of_interest|establishment
ChIJo8f_bv9UrlQR73SM4nH0_jU,Spray 'n Coat Painting,painter,Painter,(208) 615-5432,"1213 3rd Ave N, Nampa, ID 83687, USA",Nampa,4.9,356,https://maps.google.com/?cid=3890815898064024815&g_mp=Cidnb29nbGUubWFwcy5wbGFjZXMudjEuUGxhY2VzLlNlYXJjaFRleHQQAhgEIAA,https://sprayncoat.com/nampa,OPERATIONAL,painter|general_contractor|point_of_interest|service|establishment
ChIJAwgVyd_4rlQRbc0ctYI6_t4,Roe Painting,painter,Painter,(208) 991-0567,"703 E 44th St #8, Garden City, ID 83714, USA",,4.9,391,https://maps.google.com/?cid=16068344853563231597&g_mp=Cidnb29nbGUubWFwcy5wbGFjZXMudjEuUGxhY2VzLlNlYXJjaFRleHQQAhgEIAA,http://roepaint.com/boise/,OPERATIONAL,painter|general_contractor|point_of_interest|service|establishment
ChIJVVVx3BWzr1QRugE9HNdLX14,Top Tier Painting,point_of_interest,Painter,(208) 440-9907,"3600 N Maple Grove Rd, Boise, ID 83704, USA",Boise,5,46,https://maps.google.com/?cid=6800237349616550330&g_mp=Cidnb29nbGUubWFwcy5wbGFjZXMudjEuUGxhY2VzLlNlYXJjaFRleHQQAhgEIAA,http://toptierpaintingidaho.com/,OPERATIONAL,point_of_interest|establishment
ChIJ3U8L-cb5rlQREjmgRH4Kk8g,Boise Commercial & Residential Painting,painter,Painter,(208) 254-6615,"999 W Main St STE 100, Boise, ID 83702, USA",Boise,5,30,https://maps.google.com/?cid=14452907166595561746&g_mp=Cidnb29nbGUubWFwcy5wbGFjZXMudjEuUGxhY2VzLlNlYXJjaFRleHQQAhgEIAA,https://paintboise.com/,OPERATIONAL,painter|store|point_of_interest|service|establishment
ChIJxzCgUVxVrlQRvCCqXJNNEk0,Boise Home Painting,painter,Painter,(208) 724-9542,"850 E Franklin Rd STE 408, Meridian, ID 83642, USA",Meridian,4.9,148,https://maps.google.com/?cid=5553586585811427516&g_mp=Cidnb29nbGUubWFwcy5wbGFjZXMudjEuUGxhY2VzLlNlYXJjaFRleHQQAhgEIAA,http://boisehomepainting.com/?utm_source=google&utm_medium=organic&utm_campaign=google_my_business,OPERATIONAL,painter|home_goods_store|general_contractor|store|point_of_interest|service|establishment
ChIJqaiGFYH3rlQRIXMevpQyMes,Paul's Precision Painting,painter,Painter,(208) 985-4041,"3203 S Maze Ave, Boise, ID 83706, USA",Boise,4.7,50,https://maps.google.com/?cid=16947382487198102305&g_mp=Cidnb29nbGUubWFwcy5wbGFjZXMudjEuUGxhY2VzLlNlYXJjaFRleHQQAhgEIAA,https://paulsprecisionpaintingllc.com/,OPERATIONAL,painter|point_of_interest|service|establishment
ChIJAQAAAHBLrlQRWS5nH89Lo-Q,Global Painting Inc,painter,Painting contractor,(208) 395-0100,"1251 N Five Mile Rd, Boise, ID 83713, USA",Boise,5,13,https://maps.google.com/?cid=16475095214808575577&g_mp=Cidnb29nbGUubWFwcy5wbGFjZXMudjEuUGxhY2VzLlNlYXJjaFRleHQQAhgEIAA,https://globalpainting.com/,OPERATIONAL,painter|service|point_of_interest|establishment
ChIJm-0NXYNVrlQRUSOp7U8NqZc,Boise Concrete Contractors,general_contractor,Concrete contractor,(208) 547-5836,"511 N Meadowland Dr, Boise, ID 83713, USA",Boise,5,62,https://maps.google.com/?cid=10928280607732081489&g_mp=Cidnb29nbGUubWFwcy5wbGFjZXMudjEuUGxhY2VzLlNlYXJjaFRleHQQAhgEIAA,https://www.boiseconcretecontractor.com/,OPERATIONAL,general_contractor|service|point_of_interest|establishment
ChIJv43SSpb_rlQRuQQBy7yzAv8,Mr. Mudd Concrete,manufacturer,Concrete contractor,(208) 861-7833,"400 E 52nd St, Garden City, ID 83714, USA",,4.9,1410,https://maps.google.com/?cid=18375447053066110137&g_mp=Cidnb29nbGUubWFwcy5wbGFjZXMudjEuUGxhY2VzLlNlYXJjaFRleHQQAhgEIAA,https://www.mrmuddconcrete.com/,OPERATIONAL,manufacturer|general_contractor|service|point_of_interest|establishment
ChIJZd9vNtZrpSURH8MU4nthkuk,Catalpa Concrete Company,manufacturer,Concrete contractor,(208) 519-2504,"1102 Dawn Dr, Boise, ID 83713, USA",Boise,5,31,https://maps.google.com/?cid=16830621942138848031&g_mp=Cidnb29nbGUubWFwcy5wbGFjZXMudjEuUGxhY2VzLlNlYXJjaFRleHQQAhgEIAA,https://www.catalpaconcrete.com/,OPERATIONAL,manufacturer|general_contractor|service|point_of_interest|establishment
ChIJ5TGUZN74rlQRm8dB_zJkJ-Y,Lenz Concrete,general_contractor,Concrete contractor,(208) 989-6119,"1520 W Washington St, Boise, ID 83702, USA",Boise,4.8,34,https://maps.google.com/?cid=16584334323008784283&g_mp=Cidnb29nbGUubWFwcy5wbGFjZXMudjEuUGxhY2VzLlNlYXJjaFRleHQQAhgEIAA,http://www.boisecustomconcrete.com/,OPERATIONAL,general_contractor|service|point_of_interest|establishment
ChIJASUOwHZXrlQRqtK3_C5OI6Q,Modern Concrete and Design,general_contractor,Concrete contractor,(208) 631-7056,"11532 Joplin Rd, Garden City, ID 83714, USA",,4.4,28,https://maps.google.com/?cid=11827383010120422058&g_mp=Cidnb29nbGUubWFwcy5wbGFjZXMudjEuUGxhY2VzLlNlYXJjaFRleHQQAhgEIAA,http://www.modernconcreteidaho.com/,OPERATIONAL,general_contractor|service|point_of_interest|establishment
ChIJP6Fd7JD3rlQRruhypNsu3zo,Sam The Concrete Man Boise,general_contractor,Concrete contractor,(208) 768-6028,"3046 S Honeycomb Way, Boise, ID 83716, USA",Boise,4.7,23,https://maps.google.com/?cid=4242160894898006190&g_mp=Cidnb29nbGUubWFwcy5wbGFjZXMudjEuUGxhY2VzLlNlYXJjaFRleHQQAhgEIAA,https://boise.samtheconcreteman.com/?utm_source=Google&utm_medium=Listings&utm_campaign=GBP,OPERATIONAL,general_contractor|service|point_of_interest|establishment
ChIJvcXlX7BXrlQRdU96EU_enq8,ELEMENT FENCING,general_contractor,Fencing contractor,(208) 631-2790,"6655 W Victory Rd, Boise, ID 83709, USA",Boise,4.8,135,https://maps.google.com/?cid=12654796434134683509&g_mp=Cidnb29nbGUubWFwcy5wbGFjZXMudjEuUGxhY2VzLlNlYXJjaFRleHQQAhgEIAA,http://elementfencing.com/,OPERATIONAL,general_contractor|service|point_of_interest|establishment
ChIJ1V7G02OVH20Rl0GXLXsCAUI,Equinox Fence,general_contractor,Fencing contractor,(208) 908-1175,"5821 W Elmer St, Boise, ID 83703, USA",Boise,5,49,https://maps.google.com/?cid=4756085409549074839&g_mp=Cidnb29nbGUubWFwcy5wbGFjZXMudjEuUGxhY2VzLlNlYXJjaFRleHQQAhgEIAA,https://www.equinoxfence.com/,OPERATIONAL,general_contractor|service|point_of_interest|establishment
ChIJDSVuX1ZXrlQRo3ECVLwBUzA,"Certified Fencing, LLC",general_contractor,Fencing contractor,(208) 449-2040,"9601 W State St STE 112, Garden City, ID 83714, USA",,4.8,152,https://maps.google.com/?cid=3482128845262451107&g_mp=Cidnb29nbGUubWFwcy5wbGFjZXMudjEuUGxhY2VzLlNlYXJjaFRleHQQAhgEIAA,https://certifiedfencing.com/,OPERATIONAL,general_contractor|building_materials_store|store|service|point_of_interest|establishment
ChIJBVKX20r_rlQRvqg3cmkBRI0,Frontier Fence Company,general_contractor,Fencing contractor,(208) 546-5752,"405 E 41st St, Garden City, ID 83714, USA",,4.4,86,https://maps.google.com/?cid=10179262610163607742&g_mp=Cidnb29nbGUubWFwcy5wbGFjZXMudjEuUGxhY2VzLlNlYXJjaFRleHQQAhgEIAA,https://www.frontierfencecompany.com/,OPERATIONAL,general_contractor|service|point_of_interest|establishment
ChIJw5DgCBRVrlQR5V5RF_u_Sqo,Anvil Fence Company,general_contractor,Fencing contractor,(208) 375-6767,"106 E 46th Pl, Garden City, ID 83714, USA",,4.8,129,https://maps.google.com/?cid=12270831219873242853&g_mp=Cidnb29nbGUubWFwcy5wbGFjZXMudjEuUGxhY2VzLlNlYXJjaFRleHQQAhgEIAA,https://anvilfence.com/,OPERATIONAL,general_contractor|service|point_of_interest|establishment
ChIJdzfSVFGl8GwRcdsJT9Oejus,iD Fence Company,general_contractor,Fencing contractor,(208) 994-7855,"16345 Midway Rd, Nampa, ID 83651, USA",Nampa,5,54,https://maps.google.com/?cid=16973678676007312241&g_mp=Cidnb29nbGUubWFwcy5wbGFjZXMudjEuUGxhY2VzLlNlYXJjaFRleHQQAhgEIAA,https://idfencecompany.com/,OPERATIONAL,general_contractor|service|point_of_interest|establishment
ChIJy9uOMdIWc0oRy1lTEI9baIo,ZD Fencing LLC,general_contractor,Fencing contractor,(208) 991-0915,"3660 N Falcon Ridge Ln, Eagle, ID 83616, USA",Eagle,5,93,https://maps.google.com/?cid=9973322044824312267&g_mp=Cidnb29nbGUubWFwcy5wbGFjZXMudjEuUGxhY2VzLlNlYXJjaFRleHQQAhgEIAA,https://www.zdfencing.com/,OPERATIONAL,general_contractor|service|point_of_interest|establishment
ChIJ_Uch4P4Br1QRZrcMKSH9vzs,Arborman Tree Care,service,Tree service,(208) 286-6875,"8020 W King St, Boise, ID 83704, USA",Boise,4.9,244,https://maps.google.com/?cid=4305438087653930854&g_mp=Cidnb29nbGUubWFwcy5wbGFjZXMudjEuUGxhY2VzLlNlYXJjaFRleHQQAhgEIAA,https://www.arbormantreecare.net/,OPERATIONAL,service|point_of_interest|establishment
ChIJT3oXQ11XrlQRm6N4j1YgTbI,A Cut Above Tree Service,service,Tree service,(208) 898-4286,"8401 W Desert Ave, Boise, ID 83709, USA",Boise,4.9,208,https://maps.google.com/?cid=12847960868104217499&g_mp=Cidnb29nbGUubWFwcy5wbGFjZXMudjEuUGxhY2VzLlNlYXJjaFRleHQQAhgEIAA,https://www.acutabovetrees.com/,OPERATIONAL,service|point_of_interest|establishment
ChIJux3OKa_5rlQRniSkDrh1RH8,Sawtooth Tree Service,service,Tree service,(208) 268-8199,"5892 S Horseshoe Pl, Boise, ID 83716, USA",Boise,5,385,https://maps.google.com/?cid=9170584174613243038&g_mp=Cidnb29nbGUubWFwcy5wbGFjZXMudjEuUGxhY2VzLlNlYXJjaFRleHQQAhgEIAA,https://www.sawtoothboise.com/,OPERATIONAL,service|point_of_interest|establishment
ChIJvRJQocr4rlQRfa011eLaYrU,Timberline Tree Service,service,Tree service,(208) 377-5663,"6217 S Latigo Dr, Boise, ID 83709, USA",Boise,5,321,https://maps.google.com/?cid=13070249736357129597&g_mp=Cidnb29nbGUubWFwcy5wbGFjZXMudjEuUGxhY2VzLlNlYXJjaFRleHQQAhgEIAA,http://timberlinetreeandshrub.com/,OPERATIONAL,service|point_of_interest|establishment
ChIJHbOSCAn_rlQRwWtjPsHbJ30,Boise Tree - SavATree,general_contractor,Tree service,(208) 473-8223,"6126 W State St #401, Boise, ID 83703, USA",Boise,5,470,https://maps.google.com/?cid=9018418401854581697&g_mp=Cidnb29nbGUubWFwcy5wbGFjZXMudjEuUGxhY2VzLlNlYXJjaFRleHQQAhgEIAA,https://www.savatree.com/locations/boise-idaho/?utm_source=GMB&utm_medium=organic&utm_campaign=boise,OPERATIONAL,general_contractor|service|point_of_interest|establishment
ChIJc2fXGwL_rlQRjt7s1vBg3Qs,Tapson's Tree Service LLC,service,Tree service,(208) 398-3217,"10832 W Edna St, Boise, ID 83713, USA",Boise,4.8,63,https://maps.google.com/?cid=854946091784527502&g_mp=Cidnb29nbGUubWFwcy5wbGFjZXMudjEuUGxhY2VzLlNlYXJjaFRleHQQAhgEIAA,https://tapsonstreeservice.com/,OPERATIONAL,service|point_of_interest|establishment
ChIJORWmNi7g8kYRrSgbfuOZCZQ,Skyline Tree Service LLC,service,Tree service,(208) 369-2054,"8532 Colt Dr, Boise, ID 83709, USA",Boise,5,28,https://maps.google.com/?cid=10667226394756065453&g_mp=Cidnb29nbGUubWFwcy5wbGFjZXMudjEuUGxhY2VzLlNlYXJjaFRleHQQAhgEIAA,https://www.skyline-tree-service.com/,OPERATIONAL,service|point_of_interest|establishment
ChIJ9-xEQmpXrlQRoZiKxL7Fp3o,"Parker Tree Service, Inc.",service,Tree removal,(208) 461-8733,"3713 W Greenbrier Dr, Boise, ID 83705, USA",Boise,5,147,https://maps.google.com/?cid=8838250216869763233&g_mp=Cidnb29nbGUubWFwcy5wbGFjZXMudjEuUGxhY2VzLlNlYXJjaFRleHQQAhgEIAA,https://parkertreeservice.com/,OPERATIONAL,service|point_of_interest|establishment
ChIJ1dKjV1NXrlQRpFgZj5bQgEs,D&L Garage Doors - Garage Door Repair Experts!,store,Garage door repair,(208) 261-3700,"3800 W Chinden Blvd, Boise, ID 83714, USA",Boise,4.9,968,https://maps.google.com/?cid=5440577694928033956&g_mp=Cidnb29nbGUubWFwcy5wbGFjZXMudjEuUGxhY2VzLlNlYXJjaFRleHQQAhgEIAA,https://garagedoorrepairinboise.com/?utm_campaign=gmb,OPERATIONAL,store|supplier|point_of_interest|service|establishment
ChIJI-Wm4tZXrlQRvnTbuZIMtRo,Precision Garage Door of Boise,supplier,Garage door repair,(208) 252-6535,"6144 W Clinton St, Boise, ID 83704, USA",Boise,4.9,1123,https://maps.google.com/?cid=1924458240093680830&g_mp=Cidnb29nbGUubWFwcy5wbGFjZXMudjEuUGxhY2VzLlNlYXJjaFRleHQQAhgEIAA,https://garagedoorboise.com/?utm_source=gmb&utm_medium=location_boise&utm_campaign=website&camp=GMB,OPERATIONAL,supplier|point_of_interest|service|establishment
ChIJE4Jt6jhTrlQRWSdcAVrdBz4,A1 Garage Door Service,supplier,Garage door repair,(208) 417-2283,"9543 W Emerald St Suite 103, Boise, ID 83704, USA",Boise,4.8,2718,https://maps.google.com/?cid=4469784533828118361&g_mp=Cidnb29nbGUubWFwcy5wbGFjZXMudjEuUGxhY2VzLlNlYXJjaFRleHQQAhgEIAA,https://a1garage.com/locations/idaho/boise/garage-door-repair-and-installation-83704-p.html?utm_source=google&utm_medium=organic&utm_campaign=gbpwebsite[boise],OPERATIONAL,supplier|point_of_interest|service|establishment
ChIJ4S8pM_2tlVQRbgMDF7ztJ7M,Legacy Garage Doors,supplier,Garage door repair,(208) 575-7117,"7151 W Emerald St Suite #2, Boise, ID 83704, USA",Boise,5,369,https://maps.google.com/?cid=12909548248976524142&g_mp=Cidnb29nbGUubWFwcy5wbGFjZXMudjEuUGxhY2VzLlNlYXJjaFRleHQQAhgEIAA,https://www.legacygaragedoorservices.com/?utm_source=google&utm_medium=organic&utm_campaign=GMBListing-Boise-ID,OPERATIONAL,supplier|point_of_interest|service|establishment
ChIJURDishdXrlQRaPiuxAG3DMM,Action Garage Door of Boise,supplier,Garage door repair,(208) 261-2949,"7269 Potomac Dr suite 210, Boise, ID 83704, USA",Boise,4.9,72,https://maps.google.com/?cid=14054809755339126888&g_mp=Cidnb29nbGUubWFwcy5wbGFjZXMudjEuUGxhY2VzLlNlYXJjaFRleHQQAhgEIAA,https://actiongaragedoor.net/service-area/boise/?utm_source=google&utm_medium=gmb&utm_campaign=gbp%20boise,OPERATIONAL,supplier|point_of_interest|service|establishment
ChIJA7VgKzb_rlQRhhA3eaMNA00,Garage Door Store Boise,general_contractor,Garage door repair,(208) 514-2871,"9075 W Hackamore Dr, Boise, ID 83709, USA",Boise,5,1049,https://maps.google.com/?cid=5549294161615065222&g_mp=Cidnb29nbGUubWFwcy5wbGFjZXMudjEuUGxhY2VzLlNlYXJjaFRleHQQAhgEIAA,https://www.garagedoorstoreboise.com/,OPERATIONAL,general_contractor|supplier|point_of_interest|service|establishment
ChIJ9x0-20z_rlQR843y2NeG7bI,Ex-Cello Overhead Door Company,store,Garage door repair,(208) 584-1402,"106 E 42nd St, Boise, ID 83714, USA",Boise,4.9,433,https://maps.google.com/?cid=12893109569847463411&g_mp=Cidnb29nbGUubWFwcy5wbGFjZXMudjEuUGxhY2VzLlNlYXJjaFRleHQQAhgEIAA,http://excellodoor.com/,OPERATIONAL,store|supplier|point_of_interest|service|establishment
ChIJFTrA9_5UrlQRaOscnoNY38Y,Western Appliance Repair,point_of_interest,Appliance repair,(208) 863-3702,"13601 W McMillan Rd, Boise, ID 83713, USA",Boise,4.9,94,https://maps.google.com/?cid=14330269861632863080&g_mp=Cidnb29nbGUubWFwcy5wbGFjZXMudjEuUGxhY2VzLlNlYXJjaFRleHQQAhgEIAA,https://westernappliancerepairboise.com/,OPERATIONAL,point_of_interest|service|establishment
ChIJFX0874P4rlQRtu4MapWh_Bc,Western Boise Appliance Repair,point_of_interest,Appliance repair,(208) 344-4893,"4346 Rose Hill St, Boise, ID 83705, USA",Boise,4.9,84,https://maps.google.com/?cid=1728434020104859318&g_mp=Cidnb29nbGUubWFwcy5wbGFjZXMudjEuUGxhY2VzLlNlYXJjaFRleHQQAhgEIAA,https://appliancerepairboise.com/,OPERATIONAL,point_of_interest|service|establishment
ChIJI3nV6d74rlQRwH5UvkrN6to,Murf's Appliance Repair,point_of_interest,Appliance repair,(208) 696-1349,"1615 W Hays St, Boise, ID 83702, USA",Boise,4.5,85,https://maps.google.com/?cid=15774646365723066048&g_mp=Cidnb29nbGUubWFwcy5wbGFjZXMudjEuUGxhY2VzLlNlYXJjaFRleHQQAhgEIAA,http://www.murfsappliancerepair.com/,OPERATIONAL,point_of_interest|service|establishment
ChIJiYrPJ6yqr1QR3xRAZhdxLqw,Cody's Appliance Repair Eagle ID,point_of_interest,Appliance repair,(208) 938-1066,"1117 E Plaza Dr, Eagle, ID 83616, USA",Eagle,4.9,1296,https://maps.google.com/?cid=12406978368765957343&g_mp=Cidnb29nbGUubWFwcy5wbGFjZXMudjEuUGxhY2VzLlNlYXJjaFRleHQQAhgEIAA,https://codysappliancerepair.com/,OPERATIONAL,point_of_interest|service|establishment
ChIJMVNPbTbKvqMRc52KcrN1DU0,Gem State Appliance Repair,point_of_interest,Appliance repair,(208) 701-4142,"1553 N Milwaukee St #111, Boise, ID 83704, USA",Boise,5,144,https://maps.google.com/?cid=5552223329198972275&g_mp=Cidnb29nbGUubWFwcy5wbGFjZXMudjEuUGxhY2VzLlNlYXJjaFRleHQQAhgEIAA,https://gemstateappliancerepair.com/,OPERATIONAL,point_of_interest|service|establishment
ChIJS0HIe_P4rlQR6ouxl0OAJrs,Easy's Appliance Repair Services,point_of_interest,Appliance repair,(208) 342-7768,"8291 W Northview St, Boise, ID 83704, USA",Boise,4.6,113,https://maps.google.com/?cid=13485607162003688426&g_mp=Cidnb29nbGUubWFwcy5wbGFjZXMudjEuUGxhY2VzLlNlYXJjaFRleHQQAhgEIAA,https://www.easysappliance.com/,OPERATIONAL,point_of_interest|service|establishment
ChIJUZ_QFKdRrlQRAOESECilIcY,Murf's Appliance Repair,supplier,Appliance repair,(208) 696-1349,"Murf's Appliance Repair, 3761 S Peoria Way, Meridian, ID 83642, USA",Meridian,4.8,68,https://maps.google.com/?cid=14276873885228130560&g_mp=Cidnb29nbGUubWFwcy5wbGFjZXMudjEuUGxhY2VzLlNlYXJjaFRleHQQAhgEIAA,http://www.murfsappliancerepair.com/,OPERATIONAL,supplier|store|manufacturer|point_of_interest|service|establishment
ChIJ2YqsGYJMrlQRm3poFy5CPeQ,Safe N Soft Carpet Cleaning Boise ID,laundry,Carpet cleaning,(208) 695-4013,"121 E 38th St #107, Garden City, ID 83714, USA",,5,1353,https://maps.google.com/?cid=16446374179955571355&g_mp=Cidnb29nbGUubWFwcy5wbGFjZXMudjEuUGxhY2VzLlNlYXJjaFRleHQQAhgEIAA,https://carpetcleaningboise.com/,OPERATIONAL,laundry|point_of_interest|service|establishment
ChIJr3vPJaxXrlQRDOB2LfrcZLc,Zerorez Carpet Cleaning Boise,laundry,Carpet cleaning,(208) 383-1000,"8744 W Fairview Ave, Boise, ID 83704, USA",Boise,4.9,5245,https://maps.google.com/?cid=13214930173674577932&g_mp=Cidnb29nbGUubWFwcy5wbGFjZXMudjEuUGxhY2VzLlNlYXJjaFRleHQQAhgEIAA,https://www.zerorez.com/boise,OPERATIONAL,laundry|point_of_interest|service|establishment
ChIJVT2yZdVVrlQReYKxrXPea2w,Ultimate Carpet Cleaning,laundry,Carpet cleaning,(208) 336-9858,"590 N Maple Grove Rd #6, Boise, ID 83704, USA",Boise,4.8,112,https://maps.google.com/?cid=7812582567020954233&g_mp=Cidnb29nbGUubWFwcy5wbGFjZXMudjEuUGxhY2VzLlNlYXJjaFRleHQQAhgEIAA,https://ultimatecarpetcleaning.com/,OPERATIONAL,laundry|point_of_interest|service|store|establishment
ChIJt9s5ITewr1QRwy6Sueri1wc,Steam Master,laundry,Carpet cleaning,(208) 371-8399,"4759 N Adams St, Garden City, ID 83714, USA",,4.9,216,https://maps.google.com/?cid=565169776021876419&g_mp=Cidnb29nbGUubWFwcy5wbGFjZXMudjEuUGxhY2VzLlNlYXJjaFRleHQQAhgEIAA,http://www.steammasterboise.com/,OPERATIONAL,laundry|point_of_interest|service|establishment
ChIJP7edmlZFrlQR1LaqMFLwiQg,"Eco Clean Carpet Cleaning Boise, Idaho",laundry,Carpet cleaning,(208) 571-9934,"1577 N Linder Ave MB 203, Kuna, ID 83634, USA",,5,61,https://maps.google.com/?cid=615287059907262164&g_mp=Cidnb29nbGUubWFwcy5wbGFjZXMudjEuUGxhY2VzLlNlYXJjaFRleHQQAhgEIAA,http://ecocleanboise.com/,OPERATIONAL,laundry|point_of_interest|service|establishment
ChIJ2zepeHlWrlQRPThhjTTilD8,Miro's Carpet Care,laundry,Carpet cleaning,(208) 230-0537,"9706 W Cascade St, Boise, ID 83704, USA",Boise,5,138,https://maps.google.com/?cid=4581535436280772669&g_mp=Cidnb29nbGUubWFwcy5wbGFjZXMudjEuUGxhY2VzLlNlYXJjaFRleHQQAhgEIAA,http://miroscarpetcare.com/,OPERATIONAL,laundry|point_of_interest|service|establishment
ChIJYZlKYIv_rlQRrXnKf61ywTg,SuperShine Carpet Cleaning,laundry,Carpet cleaning,(208) 891-9221,"9580 Umpque River Ct, Garden City, ID 83714, USA",,5,458,https://maps.google.com/?cid=4089676026128005549&g_mp=Cidnb29nbGUubWFwcy5wbGFjZXMudjEuUGxhY2VzLlNlYXJjaFRleHQQAhgEIAA,https://supershinecc.com/,OPERATIONAL,laundry|point_of_interest|service|establishment
ChIJndTWBnr_rlQR-CAqUwjKimc,Sunshine Window Cleaning,laundry,Window cleaning,(208) 461-9685,"3132 Brown St, Boise, ID 83714, USA",Boise,4.9,914,https://maps.google.com/?cid=7460997869796466936&g_mp=Cidnb29nbGUubWFwcy5wbGFjZXMudjEuUGxhY2VzLlNlYXJjaFRleHQQAhgEIAA,http://www.pleasecleanmywindows.com/,OPERATIONAL,laundry|point_of_interest|service|establishment
ChIJAQAAAFBXrlQRJynFZdDNdoE,Dean's Window Cleaning,point_of_interest,Window cleaning,(208) 213-8880,"5555 W Kendall St, Boise, ID 83706, USA",Boise,5,1059,https://maps.google.com/?cid=9328869973088872743&g_mp=Cidnb29nbGUubWFwcy5wbGFjZXMudjEuUGxhY2VzLlNlYXJjaFRleHQQAhgEIAA,http://www.deanswindowcleaning.com/?utm_campaign=gmb,OPERATIONAL,point_of_interest|service|establishment
ChIJh8D5l_lOiqwRCasyoQ-Zz4c,Seymour's Window Washing,consultant,Window cleaning,(208) 581-7061,"1634 Martha St, Boise, ID 83706, USA",Boise,5,363,https://maps.google.com/?cid=9786208807707388681&g_mp=Cidnb29nbGUubWFwcy5wbGFjZXMudjEuUGxhY2VzLlNlYXJjaFRleHQQAhgEIAA,https://www.seymourswindows.com/,OPERATIONAL,consultant|store|point_of_interest|general_contractor|service|establishment
ChIJHf_dBUJRrlQR6_xGZSCyMFM,Blue Gander,point_of_interest,Window cleaning,(208) 724-1830,"6065 Corporal Ln, Boise, ID 83704, USA",Boise,4.9,1229,https://maps.google.com/?cid=5994486956237978859&g_mp=Cidnb29nbGUubWFwcy5wbGFjZXMudjEuUGxhY2VzLlNlYXJjaFRleHQQAhgEIAA,https://callbluegander.com/,OPERATIONAL,point_of_interest|general_contractor|service|establishment
ChIJZ9XbYjfRMoQRV3NJAQGbB8U,Advanced Window Cleaning,point_of_interest,Window cleaning,(208) 908-8549,"13489 W Persimmon St, Boise, ID 83713, USA",Boise,5,42,https://maps.google.com/?cid=14197486778927641431&g_mp=Cidnb29nbGUubWFwcy5wbGFjZXMudjEuUGxhY2VzLlNlYXJjaFRleHQQAhgEIAA,https://advancedwindowid.com/,OPERATIONAL,point_of_interest|service|establishment
ChIJVVV5-ND4rlQRHFEoYQ45iCg,Tree City,point_of_interest,Window cleaning,(208) 514-1841,"4336 W Rose Hl St, Boise, ID 83705, USA",Boise,5,187,https://maps.google.com/?cid=2920647092272124188&g_mp=Cidnb29nbGUubWFwcy5wbGFjZXMudjEuUGxhY2VzLlNlYXJjaFRleHQQAhgEIAA,http://www.treecitywindowcleaners.com/,OPERATIONAL,point_of_interest|service|establishment
ChIJ1YnujFz4rlQRN5bq7GCtfI4,Enlightened Views Window Cleaning,point_of_interest,Window cleaning,(208) 949-0815,"4810 W Chinden Blvd, Boise, ID 83714, USA",Boise,5,41,https://maps.google.com/?cid=10267271882301150775&g_mp=Cidnb29nbGUubWFwcy5wbGFjZXMudjEuUGxhY2VzLlNlYXJjaFRleHQQAhgEIAA,https://enlightenedviewsidaho.com/,OPERATIONAL,point_of_interest|service|establishment
ChIJuXeTXsNYWGcRQRSEw3poeRE,Rolling Suds of Boise-Meridian,point_of_interest,Pressure washing,(208) 904-9348,"6400 W Contractor St #103, Boise, ID 83709, USA",Boise,5,12,https://maps.google.com/?cid=1259152447302276161&g_mp=Cidnb29nbGUubWFwcy5wbGFjZXMudjEuUGxhY2VzLlNlYXJjaFRleHQQAhgEIAA,https://www.rollingsudspowerwashing.com/boise-meridian/,OPERATIONAL,point_of_interest|service|establishment
ChIJif0OOoxTrlQRmaSzqKi3aEw,Star Brite Window Cleaning & Pressure Washing,point_of_interest,Pressure washing,(208) 800-2054,"1740 E Fairview Ave, Meridian, ID 83642, USA",Meridian,4.9,19,https://maps.google.com/?cid=5505852479473165465&g_mp=Cidnb29nbGUubWFwcy5wbGFjZXMudjEuUGxhY2VzLlNlYXJjaFRleHQQAhgEIAA,http://www.208windowcleaning.com/,OPERATIONAL,point_of_interest|service|establishment
ChIJqUXdwPRVrlQRC-ClRJ9ykGo,Advanced Lock & Key Locksmith Boise,locksmith,Locksmith,(208) 891-8950,"10804 W Fairview Ave #102, Boise, ID 83713, USA",Boise,4.7,1562,https://maps.google.com/?cid=7678763393043783691&g_mp=Cidnb29nbGUubWFwcy5wbGFjZXMudjEuUGxhY2VzLlNlYXJjaFRleHQQAhgEIAA,https://www.unlockidaho.com/,OPERATIONAL,locksmith|service|point_of_interest|establishment
ChIJf4EKmxb_rlQRWo8J0_qAk8g,Discount Locksmith of Idaho,locksmith,Locksmith,(208) 213-2221,"4747 N Glenwood St Bldg A, Suite 201, Boise, ID 83714, USA",Boise,4.9,1274,https://maps.google.com/?cid=14453037443932852058&g_mp=Cidnb29nbGUubWFwcy5wbGFjZXMudjEuUGxhY2VzLlNlYXJjaFRleHQQAhgEIAA,https://discount-locksmith-idaho.com/,OPERATIONAL,locksmith|service|point_of_interest|establishment
ChIJ0yA-TB1WrlQRDO6T134J0aA,Anytime Lock & Key,locksmith,Locksmith,(208) 375-3120,"6216 W Fairview Ave, Boise, ID 83704, USA",Boise,4.5,438,https://maps.google.com/?cid=11588053756588322316&g_mp=Cidnb29nbGUubWFwcy5wbGFjZXMudjEuUGxhY2VzLlNlYXJjaFRleHQQAhgEIAA,https://www.anytimelockandkey.com/,OPERATIONAL,locksmith|service|point_of_interest|establishment
ChIJ950Isu_5rlQR91Yhp4SsAJo,Baldwin Lock & Key,locksmith,Locksmith,(208) 343-5625,"3155 W Chinden Blvd, Garden City, ID 83714, USA",,4.8,93,https://maps.google.com/?cid=11097059167580542711&g_mp=Cidnb29nbGUubWFwcy5wbGFjZXMudjEuUGxhY2VzLlNlYXJjaFRleHQQAhgEIAA,http://www.baldwinlockandkey.com/,OPERATIONAL,locksmith|service|point_of_interest|establishment
ChIJ2aGxIkRRrlQRnEMwGwN-Ybk,Discount Locksmith of Idaho,locksmith,Locksmith,(208) 213-8900,"943 W Overland Rd Suite 118, Meridian, ID 83642, USA",Meridian,4.9,167,https://maps.google.com/?cid=13358096521563751324&g_mp=Cidnb29nbGUubWFwcy5wbGFjZXMudjEuUGxhY2VzLlNlYXJjaFRleHQQAhgEIAA,https://discount-locksmith-id.com/,OPERATIONAL,locksmith|service|point_of_interest|establishment
ChIJIRqYyfL_rlQRyKprfxM0v2k,A & B Lock and Key,locksmith,Locksmith,(208) 343-3100,"4106 W State St, Boise, ID 83703, USA",Boise,5,9,https://maps.google.com/?cid=7619866352880954056&g_mp=Cidnb29nbGUubWFwcy5wbGFjZXMudjEuUGxhY2VzLlNlYXJjaFRleHQQAhgEIAA,https://aandblockandkey.com/,OPERATIONAL,locksmith|service|point_of_interest|establishment
ChIJL297fO1XrlQR5_ugT3Xhu7E,Express Septic & Drain Cleaning,service,Septic service,(208) 254-1217,"6003 W Overland Rd l107, Boise, ID 83709, USA",Boise,4.9,524,https://maps.google.com/?cid=12807077859321510887&g_mp=Cidnb29nbGUubWFwcy5wbGFjZXMudjEuUGxhY2VzLlNlYXJjaFRleHQQAhgEIAA,https://septicsystempumping.com/,OPERATIONAL,service|point_of_interest|establishment
ChIJu7f-TLFNrlQRM2sFZQGoCAM,ABC Pumping Service,manufacturer,Septic service,(208) 515-2474,"281 N Baltic Pl, Meridian, ID 83642, USA",Meridian,5,774,https://maps.google.com/?cid=218609305870756659&g_mp=Cidnb29nbGUubWFwcy5wbGFjZXMudjEuUGxhY2VzLlNlYXJjaFRleHQQAhgEIAA,https://abc-septic.com/locations/meridian-pumping-services/,OPERATIONAL,manufacturer|service|supplier|point_of_interest|establishment
ChIJlyNKa7NNrlQR3KhCRIVV4ok,Express Septic & Drain Cleaning,service,Septic service,(208) 254-1217,"3206 Airport Rd, Nampa, ID 83687, USA",Nampa,4.9,556,https://maps.google.com/?cid=9935597758796966108&g_mp=Cidnb29nbGUubWFwcy5wbGFjZXMudjEuUGxhY2VzLlNlYXJjaFRleHQQAhgEIAA,https://septicsystempumping.com/,OPERATIONAL,service|point_of_interest|establishment
ChIJl_wk70-tr1QRtiz8_mtVS_g,ABC Pumping Services,service,Septic service,(208) 954-5339,"393 W State St f, Eagle, ID 83616, USA",Eagle,5,9,https://maps.google.com/?cid=17891487866987228342&g_mp=Cidnb29nbGUubWFwcy5wbGFjZXMudjEuUGxhY2VzLlNlYXJjaFRleHQQAhgEIAA,https://abc-septic.com/locations/eagle-pumping-service/,OPERATIONAL,service|point_of_interest|establishment
ChIJq4ykQAZNrlQRhQJh0pJuwQ8,Idaho Septic Solutions,service,Septic service,(208) 249-9364,"1219 Industrial Rd, Nampa, ID 83687, USA",Nampa,4.6,9,https://maps.google.com/?cid=1135310157947929221&g_mp=Cidnb29nbGUubWFwcy5wbGFjZXMudjEuUGxhY2VzLlNlYXJjaFRleHQQAhgEIAA,https://www.idahosepticsolutions.com/,OPERATIONAL,service|point_of_interest|establishment
ChIJ1c1e77v4rlQRSgewfkhXcCE,Evergreen Sprinkler Supply Co,supplier,Irrigation,(208) 342-1771,"107 W 32nd St, Garden City, ID 83714, USA",,4.8,195,https://maps.google.com/?cid=2409521769517942602&g_mp=Cidnb29nbGUubWFwcy5wbGFjZXMudjEuUGxhY2VzLlNlYXJjaFRleHQQAhgEIAA,http://www.evergreensprinklersupply.com/,OPERATIONAL,supplier|food|store|point_of_interest|establishment
ChIJay6Oajv5rlQRhpVw32ZWS8s,Conserva Irrigation of Greater Boise,general_contractor,Irrigation,(208) 369-9783,"5301 W Emerald St Suite C, Boise, ID 83706, USA",Boise,4.7,122,https://maps.google.com/?cid=14648897212788020614&g_mp=Cidnb29nbGUubWFwcy5wbGFjZXMudjEuUGxhY2VzLlNlYXJjaFRleHQQAhgEIAA,https://www.conservairrigation.com/greater-boise/?utm_source=GMrB&utm_medium=organic&utm_campaign=Boise,OPERATIONAL,general_contractor|supplier|food|service|point_of_interest|establishment
ChIJO-EYsZxWrlQRdR9_AfFtCjI,Silver Creek Supply,building_materials_store,Irrigation,(208) 327-0519,"11427 W Executive Dr, Boise, ID 83713, USA",Boise,4.8,45,https://maps.google.com/?cid=3605815333543157621&g_mp=Cidnb29nbGUubWFwcy5wbGFjZXMudjEuUGxhY2VzLlNlYXJjaFRleHQQAhgEIAA,https://www.heritagelandscapesupplygroup.com/en/distributor-network/SCSBOIS/,OPERATIONAL,building_materials_store|supplier|food|manufacturer|store|service|point_of_interest|establishment
ChIJqWGh-Hz_rlQRw0DCIhCq0X0,Pipeco Irrigation Supply Boise,general_contractor,Irrigation,(208) 336-5777,"8550 W Chinden Blvd, Garden City, ID 83714, USA",,4.8,103,https://maps.google.com/?cid=9066214511152873667&g_mp=Cidnb29nbGUubWFwcy5wbGFjZXMudjEuUGxhY2VzLlNlYXJjaFRleHQQAhgEIAA,http://www.pipecoidaho.com/,OPERATIONAL,general_contractor|building_materials_store|supplier|food|home_improvement_store|home_goods_store|store|service|point_of_interest|establishment
ChIJyfHTHb_4rlQRk0s1OAuIbVM,Settler's Irrigation District,manufacturer,Irrigation,(208) 344-2471,"1910 N Garden St, Boise, ID 83706, USA",Boise,2.1,8,https://maps.google.com/?cid=6011610659378514835&g_mp=Cidnb29nbGUubWFwcy5wbGFjZXMudjEuUGxhY2VzLlNlYXJjaFRleHQQAhgEIAA,http://www.settlersirrigation.org/,OPERATIONAL,manufacturer|government_office|service|point_of_interest|establishment
ChIJLTQ0MPT3rlQRbhUW_KfxXm0,New York Irrigation District,manufacturer,Irrigation,(208) 378-1023,"6616 W Overland Rd, Boise, ID 83709, USA",Boise,2.4,8,https://maps.google.com/?cid=7881002101736084846&g_mp=Cidnb29nbGUubWFwcy5wbGFjZXMudjEuUGxhY2VzLlNlYXJjaFRleHQQAhgEIAA,http://www.nyid.org/,OPERATIONAL,manufacturer|government_office|service|point_of_interest|establishment
ChIJq6rmSyFNrlQRXjY-MMIdL8g,Idaho Sprinkler Repair,general_contractor,Irrigation,(208) 513-6947,"5106 W Fairview Ave, Boise, ID 83706, USA",Boise,4.8,288,https://maps.google.com/?cid=14424780851361232478&g_mp=Cidnb29nbGUubWFwcy5wbGFjZXMudjEuUGxhY2VzLlNlYXJjaFRleHQQAhgEIAA,https://idahosprinklerrepair.net/,OPERATIONAL,general_contractor|supplier|food|service|point_of_interest|establishment
ChIJJ5FfzqBVrlQRQtbfSHp289Y,JFT Lawn Sprinkler SERVICES,point_of_interest,Sprinkler repair,(208) 609-8602,"9724 W Linstock Ln, Boise, ID 83704, USA",Boise,4.8,21,https://maps.google.com/?cid=15488853811037984322&g_mp=Cidnb29nbGUubWFwcy5wbGFjZXMudjEuUGxhY2VzLlNlYXJjaFRleHQQAhgEIAA,http://jftlawnandsprinkler.com/,OPERATIONAL,point_of_interest|general_contractor|service|establishment
ChIJVVURnBxMrlQRq05-DPDGAaY,Beeline Sprinkler Repair,point_of_interest,Sprinkler repair,(208) 880-2712,"5606 W Amity Rd, Nampa, ID 83687, USA",Nampa,5,117,https://maps.google.com/?cid=11962060819576802987&g_mp=Cidnb29nbGUubWFwcy5wbGFjZXMudjEuUGxhY2VzLlNlYXJjaFRleHQQAhgEIAA,https://www.beelinesprinklerrepair.com/,OPERATIONAL,point_of_interest|general_contractor|service|establishment
ChIJXymGRedTrlQR0mV9WGvmv54,JAE Services,point_of_interest,Sprinkler repair,(208) 631-7878,"342 E 3rd St, Meridian, ID 83642, USA",Meridian,4.7,89,https://maps.google.com/?cid=11439114927264851410&g_mp=Cidnb29nbGUubWFwcy5wbGFjZXMudjEuUGxhY2VzLlNlYXJjaFRleHQQAhgEIAA,https://jaesprinklerservices.com/,OPERATIONAL,point_of_interest|general_contractor|service|establishment
ChIJ1deTTij3rlQR2ASzrPrA7Xk,A Perfect,point_of_interest,Sprinkler repair,(208) 323-8587,"4246 S Redhawk Pl, Boise, ID 83716, USA",Boise,4.8,25,https://maps.google.com/?cid=8785890630941476056&g_mp=Cidnb29nbGUubWFwcy5wbGFjZXMudjEuUGxhY2VzLlNlYXJjaFRleHQQAhgEIAA,http://aperfectrepair.com/6222.html,OPERATIONAL,point_of_interest|general_contractor|service|establishment
ChIJTWfr6whVrlQRY0ks-ujm5Po,"Classic Hardwood Floors, Inc",general_contractor,Flooring contractor,(208) 314-7470,"12276 W Hickory Dr, Boise, ID 83713, USA",Boise,5,68,https://maps.google.com/?cid=18078828692476021091&g_mp=Cidnb29nbGUubWFwcy5wbGFjZXMudjEuUGxhY2VzLlNlYXJjaFRleHQQAhgEIAA,https://208hardwood.com/,OPERATIONAL,general_contractor|point_of_interest|service|establishment
ChIJOZkvpbv4rlQRG5TqGcMkZF4,Idaho Floor Supply Inc.,general_contractor,Flooring contractor,(208) 321-9090,"3313 Brown St #1, Garden City, ID 83714, USA",,4.8,167,https://maps.google.com/?cid=6801601757608317979&g_mp=Cidnb29nbGUubWFwcy5wbGFjZXMudjEuUGxhY2VzLlNlYXJjaFRleHQQAhgEIAA,http://www.idahofloorsupply.com/,OPERATIONAL,general_contractor|furniture_store|home_improvement_store|home_goods_store|building_materials_store|point_of_interest|service|store|establishment
ChIJ4WA_BfxQrlQRIO3r-roiKPE,Capell Flooring and Interiors,general_contractor,Flooring contractor,(208) 288-0151,"1763 W Marcon Ln #100, Meridian, ID 83642, USA",Meridian,5,489,https://maps.google.com/?cid=17377177348678085920&g_mp=Cidnb29nbGUubWFwcy5wbGFjZXMudjEuUGxhY2VzLlNlYXJjaFRleHQQAhgEIAA,https://www.capellflooring.com/,OPERATIONAL,general_contractor|home_goods_store|building_materials_store|point_of_interest|service|store|establishment
ChIJc4WYQxr4rlQR9OWnQ-ZZ6ps,Dillabaugh's Flooring America,general_contractor,Flooring contractor,(208) 995-2449,"2895 S Federal Way, Boise, ID 83705, USA",Boise,4.8,463,https://maps.google.com/?cid=11234891065941550580&g_mp=Cidnb29nbGUubWFwcy5wbGFjZXMudjEuUGxhY2VzLlNlYXJjaFRleHQQAhgEIAA,https://www.dillabaughsflooringamerica.com/,OPERATIONAL,general_contractor|furniture_store|home_improvement_store|home_goods_store|building_materials_store|supplier|point_of_interest|service|store|establishment
ChIJ5ZY-YmH4rlQR3EuL6Y9u_LI,Beford Flooring,general_contractor,Flooring contractor,(208) 283-1602,"622 Opal St, Boise, ID 83705, USA",Boise,5,14,https://maps.google.com/?cid=12897304997259856860&g_mp=Cidnb29nbGUubWFwcy5wbGFjZXMudjEuUGxhY2VzLlNlYXJjaFRleHQQAhgEIAA,https://www.befordflooring.com/,OPERATIONAL,general_contractor|point_of_interest|service|establishment
ChIJz3oRfKdbrlQRisgc-pJQSb4,Matthews Hardwood Floors,general_contractor,Flooring contractor,(208) 314-9913,"9798 W Stonewood Dr, Boise, ID 83709, USA",Boise,4.8,44,https://maps.google.com/?cid=13711579132697823370&g_mp=Cidnb29nbGUubWFwcy5wbGFjZXMudjEuUGxhY2VzLlNlYXJjaFRleHQQAhgEIAA,https://matthewshardwoodfloors.com/,OPERATIONAL,general_contractor|point_of_interest|service|establishment
ChIJZWNc2mhWrlQRKvQmTIxkdR4,Treasure Valley Floor Coverings & Designs,general_contractor,Flooring contractor,(208) 322-9240,"121 N Benjamin Ln, Boise, ID 83704, USA",Boise,4.8,25,https://maps.google.com/?cid=2194770947148805162&g_mp=Cidnb29nbGUubWFwcy5wbGFjZXMudjEuUGxhY2VzLlNlYXJjaFRleHQQAhgEIAA,https://www.treasurevalleyfloorcoverings.com/,OPERATIONAL,general_contractor|furniture_store|home_improvement_store|home_goods_store|building_materials_store|manufacturer|point_of_interest|service|store|establishment
ChIJl4QtSnpFrlQRjC8S9oyUj5U,Boise Tile Pros,home_goods_store,Tile contractor,(208) 994-4450,"1846 N Meadowfield Ave, Kuna, ID 83634, USA",,4.9,37,https://maps.google.com/?cid=10776995766465605516&g_mp=Cidnb29nbGUubWFwcy5wbGFjZXMudjEuUGxhY2VzLlNlYXJjaFRleHQQAhgEIAA,https://www.boisetilepros.com/,OPERATIONAL,home_goods_store|general_contractor|point_of_interest|store|service|establishment
ChIJzZIQtk5o02gRKB-L3b5dpLg,Elevation Tile,general_contractor,Tile contractor,(208) 845-3208,"1690 N Prestwick Way, Eagle, ID 83616, USA",Eagle,5,8,https://maps.google.com/?cid=13304862273501339432&g_mp=Cidnb29nbGUubWFwcy5wbGFjZXMudjEuUGxhY2VzLlNlYXJjaFRleHQQAhgEIAA,https://elevationtile.com/,OPERATIONAL,general_contractor|point_of_interest|service|establishment
ChIJzRRZipn5rlQR-6_f6T2LgCI,The Tile House,building_materials_store,Tile contractor,(208) 314-7505,"3203 W Chinden Blvd Suite 3, Garden City, ID 83714, USA",,4.2,22,https://maps.google.com/?cid=2486140092341530619&g_mp=Cidnb29nbGUubWFwcy5wbGFjZXMudjEuUGxhY2VzLlNlYXJjaFRleHQQAhgEIAA,https://thetilehouse.com/,OPERATIONAL,building_materials_store|home_goods_store|point_of_interest|store|establishment
ChIJwSEQsDdRrlQRWeSR5gvnlPM,Boise Tile Pros,point_of_interest,Tile contractor,(208) 994-4450,"2949 E Copper Point Dr, Meridian, ID 83642, USA",Meridian,,0,https://maps.google.com/?cid=17551907686068642905&g_mp=Cidnb29nbGUubWFwcy5wbGFjZXMudjEuUGxhY2VzLlNlYXJjaFRleHQQAhgEIAA,https://boisetilepros.com/contact,OPERATIONAL,point_of_interest|service|establishment
ChIJzcyxkK1XrlQRXF9KXc-GqyQ,Boise River Cabinets,manufacturer,Cabinet maker,(208) 453-6975,"2418 S Liberty St, Boise, ID 83709, USA",Boise,4.9,90,https://maps.google.com/?cid=2642353831564435292&g_mp=Cidnb29nbGUubWFwcy5wbGFjZXMudjEuUGxhY2VzLlNlYXJjaFRleHQQAhgEIAA,http://www.boiserivercabinets.com/,OPERATIONAL,manufacturer|service|point_of_interest|establishment
ChIJi5Czfk7_rlQRdNgJYic4CdY,Sweetwood Custom Cabinets,general_contractor,Cabinet maker,(208) 375-8425,"508 E 46th St, Boise, ID 83714, USA",Boise,4.7,51,https://maps.google.com/?cid=15422920140706666612&g_mp=Cidnb29nbGUubWFwcy5wbGFjZXMudjEuUGxhY2VzLlNlYXJjaFRleHQQAhgEIAA,http://www.sweetwoodcabinets.com/,OPERATIONAL,general_contractor|manufacturer|furniture_store|home_improvement_store|home_goods_store|store|service|point_of_interest|establishment
ChIJXSgfU934rlQRXD8W5pdJLiI,Foothills Cabinet Company,manufacturer,Cabinet maker,(208) 614-2134,"102 S 17th St Suite 302, Boise, ID 83702, USA",Boise,4.9,27,https://maps.google.com/?cid=2462986962967347036&g_mp=Cidnb29nbGUubWFwcy5wbGFjZXMudjEuUGxhY2VzLlNlYXJjaFRleHQQAhgEIAA,http://foothillscabinets.com/,OPERATIONAL,manufacturer|furniture_store|home_improvement_store|home_goods_store|store|service|point_of_interest|establishment
ChIJvZdHVtFTrlQR0RxZMVUwL8w,Revive Cabinetry,painter,Cabinet maker,(208) 866-0427,"119 N Garden St, Boise, ID 83706, USA",Boise,4.8,35,https://maps.google.com/?cid=14713031650100976849&g_mp=Cidnb29nbGUubWFwcy5wbGFjZXMudjEuUGxhY2VzLlNlYXJjaFRleHQQAhgEIAA,http://www.revivecabinetry.com/,OPERATIONAL,painter|manufacturer|service|point_of_interest|establishment
ChIJB-JFJfhTrlQRIGQiLP4NTXA,Big Wood Cabinets,manufacturer,Cabinet maker,(208) 895-1515,"1530 E Commercial St # 109, Meridian, ID 83642, USA",Meridian,4.9,34,https://maps.google.com/?cid=8092139490767954976&g_mp=Cidnb29nbGUubWFwcy5wbGFjZXMudjEuUGxhY2VzLlNlYXJjaFRleHQQAhgEIAA,http://www.bigwoodcabinets.com/,OPERATIONAL,manufacturer|furniture_store|home_improvement_store|home_goods_store|store|service|point_of_interest|establishment
ChIJXViyqKhXrlQRnXFXK9k3nv4,KC's Custom Cabinetry,manufacturer,Cabinet maker,(208) 207-9605,"2756 S Cole Rd #130, Boise, ID 83709, USA",Boise,5,5,https://maps.google.com/?cid=18347163337828561309&g_mp=Cidnb29nbGUubWFwcy5wbGFjZXMudjEuUGxhY2VzLlNlYXJjaFRleHQQAhgEIAA,https://www.kcscabinetryid.com/,OPERATIONAL,manufacturer|service|point_of_interest|establishment
ChIJZWkspoFMrlQRAmAim0XNkoE,Boyd Remodeling and Construction,home_goods_store,Kitchen remodel,(208) 406-0253,"6126 W State St Suite 504, Boise, ID 83703, USA",Boise,5,32,https://maps.google.com/?cid=9336750676331618306&g_mp=Cidnb29nbGUubWFwcy5wbGFjZXMudjEuUGxhY2VzLlNlYXJjaFRleHQQAhgEIAA,https://www.boydrc.com/,OPERATIONAL,home_goods_store|general_contractor|store|point_of_interest|service|establishment
ChIJ7XWx5rP4rlQRxlJZ9QzNkaQ,Cutting Edge Kitchens of Idaho,building_materials_store,Kitchen remodel,(208) 344-3404,"5032 W State St, Boise, ID 83703, USA",Boise,4.9,166,https://maps.google.com/?cid=11858484749382800070&g_mp=Cidnb29nbGUubWFwcy5wbGFjZXMudjEuUGxhY2VzLlNlYXJjaFRleHQQAhgEIAA,https://cuttingedge.kitchen/,OPERATIONAL,building_materials_store|supplier|manufacturer|furniture_store|home_improvement_store|home_goods_store|general_contractor|store|point_of_interest|service|establishment
ChIJUWyFCF8trFQRos39JjPpqz0,Pristine Kitchen & Bath,home_goods_store,Kitchen remodel,(425) 367-8780,"5815 E Orchard Ave, Nampa, ID 83687, USA",Nampa,5,48,https://maps.google.com/?cid=4443901863237897634&g_mp=Cidnb29nbGUubWFwcy5wbGFjZXMudjEuUGxhY2VzLlNlYXJjaFRleHQQAhgEIAA,https://www.pristinekitchenandbath.com/,OPERATIONAL,home_goods_store|general_contractor|store|point_of_interest|service|establishment
ChIJxfXUNdD4rlQRArsKhHaOHzU,Renaissance Remodeling,home_goods_store,Kitchen remodel,(208) 384-0591,"4220 Osage St, Garden City, ID 83714, USA",,4.6,73,https://maps.google.com/?cid=3827934847960791810&g_mp=Cidnb29nbGUubWFwcy5wbGFjZXMudjEuUGxhY2VzLlNlYXJjaFRleHQQAhgEIAA,https://www.remodelboise.com/,OPERATIONAL,home_goods_store|general_contractor|store|point_of_interest|service|establishment
ChIJjeK-_stVrlQRbhiGqVDlt78,Jones Quality Remodeling LLC,home_goods_store,Kitchen remodel,(208) 447-0766,"3345 N Campton Way, Boise, ID 83713, USA",Boise,5,46,https://maps.google.com/?cid=13814762516586567790&g_mp=Cidnb29nbGUubWFwcy5wbGFjZXMudjEuUGxhY2VzLlNlYXJjaFRleHQQAhgEIAA,http://www.jonesqualityremodeling.com/,OPERATIONAL,home_goods_store|general_contractor|store|point_of_interest|service|establishment
ChIJz5qKuWH4rlQR_gOeAoYmvdU,STRITE design + remodel,home_goods_store,Kitchen remodel,(208) 336-9176,"2650 Grover Ct, Boise, ID 83705, USA",Boise,4.6,27,https://maps.google.com/?cid=15401508657688347646&g_mp=Cidnb29nbGUubWFwcy5wbGFjZXMudjEuUGxhY2VzLlNlYXJjaFRleHQQAhgEIAA,http://www.stritedr.com/,OPERATIONAL,home_goods_store|general_contractor|store|point_of_interest|service|establishment
ChIJ8YM7-ND5rlQRKIUoyNBoShc,North Star Kitchen and Bath Remodels,home_goods_store,Kitchen remodel,(208) 487-8990,"999 W Main St STE 100, Boise, ID 83702, USA",Boise,4.4,28,https://maps.google.com/?cid=1678269057069516072&g_mp=Cidnb29nbGUubWFwcy5wbGFjZXMudjEuUGxhY2VzLlNlYXJjaFRleHQQAhgEIAA,https://northstarkitchenandbath.com/,OPERATIONAL,home_goods_store|general_contractor|store|point_of_interest|service|establishment
ChIJjbUt3LL4rlQRUcDECp6k7Qs,Bath Fitter of Idaho,building_materials_store,Bathroom remodel,(208) 917-2220,"4141 W Chinden Blvd, Boise, ID 83714, USA",Boise,4.9,926,https://maps.google.com/?cid=859524102590087249&g_mp=Cidnb29nbGUubWFwcy5wbGFjZXMudjEuUGxhY2VzLlNlYXJjaFRleHQQAhgEIAA,https://www.bathfitteridaho.com/,OPERATIONAL,building_materials_store|home_goods_store|general_contractor|store|point_of_interest|service|establishment
ChIJW9MEIHX5rlQRGk1msaYMJiY,Boise Bathroom Bro's,home_goods_store,Bathroom remodel,(208) 999-2064,"3008 W Overland Rd Unit 3A, Boise, ID 83705, USA",Boise,5,15,https://maps.google.com/?cid=2748898532636642586&g_mp=Cidnb29nbGUubWFwcy5wbGFjZXMudjEuUGxhY2VzLlNlYXJjaFRleHQQAhgEIAA,https://boisebathroombros.com/,OPERATIONAL,home_goods_store|general_contractor|store|point_of_interest|service|establishment
ChIJfw9iHfBXrlQR4YBaZUDmZ9Y,Apple Plumbing & Bath,plumber,Bathroom remodel,(208) 505-6760,"6017 W Franklin St, Boise, ID 83709, USA",Boise,4.9,241,https://maps.google.com/?cid=15449570210970501345&g_mp=Cidnb29nbGUubWFwcy5wbGFjZXMudjEuUGxhY2VzLlNlYXJjaFRleHQQAhgEIAA,https://www.appleidaho.com/,OPERATIONAL,plumber|home_goods_store|general_contractor|store|point_of_interest|service|establishment
ChIJ-6IrhP9XrlQRJpbmxy0IYFs,Jacuzzi Bath Remodel of Boise,home_goods_store,Bathroom remodel,(208) 656-1998,"4242 S Eagleson Rd, Boise, ID 83705, USA",Boise,4.8,107,https://maps.google.com/?cid=6584271647935993382&g_mp=Cidnb29nbGUubWFwcy5wbGFjZXMudjEuUGxhY2VzLlNlYXJjaFRleHQQAhgEIAA,https://boisebaths.com/,OPERATIONAL,home_goods_store|general_contractor|store|point_of_interest|service|establishment
ChIJowjx1_lXrlQRJM4tQPcWEg0,Idaho Custom Bath,home_goods_store,Bathroom remodel,(208) 703-7262,"7213 Cedarwood Dr, Boise, ID 83709, USA",Boise,5,10,https://maps.google.com/?cid=941840523263331876&g_mp=Cidnb29nbGUubWFwcy5wbGFjZXMudjEuUGxhY2VzLlNlYXJjaFRleHQQAhgEIAA,https://www.idcustombath.com/?utm_source=google&utm_medium=wix_google_business_profile&utm_campaign=18219558368293540991,OPERATIONAL,home_goods_store|general_contractor|store|point_of_interest|service|establishment
ChIJkaTowR01y2wRegYZ8qmvFg0,Northend Construction,general_contractor,General contractor,(208) 695-5263,"5262 S Chinook Ave, Boise, ID 83709, USA",Boise,5,23,https://maps.google.com/?cid=943134316426757754&g_mp=Cidnb29nbGUubWFwcy5wbGFjZXMudjEuUGxhY2VzLlNlYXJjaFRleHQQAhgEIAA,https://www.northendconstruction.com/,OPERATIONAL,general_contractor|home_goods_store|point_of_interest|service|store|establishment
ChIJo0uHBVdNrlQRx1tfv09L1j4,Apex General Contracting,general_contractor,General contractor,(208) 817-3061,"1331 11th Ave N, Nampa, ID 83687, USA",Nampa,5,17,https://maps.google.com/?cid=4527889281252809671&g_mp=Cidnb29nbGUubWFwcy5wbGFjZXMudjEuUGxhY2VzLlNlYXJjaFRleHQQAhgEIAA,https://apexgcid.com/,OPERATIONAL,general_contractor|point_of_interest|service|establishment
ChIJf_cveL1NrlQRdGUE-KqZvgE,Freeman's Construction,general_contractor,General contractor,(208) 296-7516,"950 W Bannock St Suite 1100, Boise, ID 83702, USA",Boise,5,10,https://maps.google.com/?cid=125706799197480308&g_mp=Cidnb29nbGUubWFwcy5wbGFjZXMudjEuUGxhY2VzLlNlYXJjaFRleHQQAhgEIAA,https://freemansconstruction.com/?utm_source=GMB&utm_medium=organic&utm_campaign=Boise,OPERATIONAL,general_contractor|point_of_interest|service|establishment
ChIJpWhWWcH4rlQRmWbvqNoTxi4,Idaho Associated General Contractors (AGC),association_or_organization,General contractor,(208) 344-2531,"1649 Shoreline Dr STE 100, Boise, ID 83702, USA",Boise,4.9,17,https://maps.google.com/?cid=3370403200991454873&g_mp=Cidnb29nbGUubWFwcy5wbGFjZXMudjEuUGxhY2VzLlNlYXJjaFRleHQQAhgEIAA,http://www.idahoagc.org/,OPERATIONAL,association_or_organization|general_contractor|non_profit_organization|point_of_interest|service|establishment
ChIJ0RTKiMD4rlQREYeO-kjJIbA,TIMBER AND LOVE,general_contractor,General contractor,(208) 995-9516,"3024 W Fairview Ave, Boise, ID 83702, USA",Boise,4.9,46,https://maps.google.com/?cid=12691646540185241361&g_mp=Cidnb29nbGUubWFwcy5wbGFjZXMudjEuUGxhY2VzLlNlYXJjaFRleHQQAhgEIAA,https://www.timberandlove.com/,OPERATIONAL,general_contractor|home_goods_store|point_of_interest|service|store|establishment
ChIJ8S9r_4r3rlQRLrnJQVRm-YU,Conner Construction LLC,general_contractor,General contractor,(208) 794-7621,"1118 E Chardie Ct, Boise, ID 83702, USA",Boise,5,7,https://maps.google.com/?cid=9653859788312394030&g_mp=Cidnb29nbGUubWFwcy5wbGFjZXMudjEuUGxhY2VzLlNlYXJjaFRleHQQAhgEIAA,https://www.connerconstructionidaho.com/,OPERATIONAL,general_contractor|point_of_interest|service|establishment
ChIJWwlVbCxVrlQRtNufU9bOMGE,Foundation and Crawl Space Repair of Idaho,general_contractor,Foundation repair,(208) 437-8848,"368 E Franklin Rd, Meridian, ID 83642, USA",Meridian,4.5,145,https://maps.google.com/?cid=7003324840482429876&g_mp=Cidnb29nbGUubWFwcy5wbGFjZXMudjEuUGxhY2VzLlNlYXJjaFRleHQQAhgEIAA,https://www.foundationrepairidaho.com/?utm_source=google&utm_medium=organic&utm_campaign=gmb-ldaho&utm_content=website,OPERATIONAL,general_contractor|service|association_or_organization|point_of_interest|establishment
ChIJwUaxLeBTrlQRmy8nogHzVYE,Foundations First Idaho,general_contractor,Foundation repair,(986) 213-4245,"160 N Linder Rd Suite 150, Meridian, ID 83642, USA",Meridian,5,9,https://maps.google.com/?cid=9319622192254103451&g_mp=Cidnb29nbGUubWFwcy5wbGFjZXMudjEuUGxhY2VzLlNlYXJjaFRleHQQAhgEIAA,https://foundationsfirstidaho.com/,OPERATIONAL,general_contractor|service|point_of_interest|establishment
ChIJm3llNQX5u2ARWDrwSxFrSpg,Idaho Concrete Lifting,general_contractor,Foundation repair,(208) 912-0027,"505 W Columbia Rd, Meridian, ID 83642, USA",Meridian,4.8,41,https://maps.google.com/?cid=10973701164074285656&g_mp=Cidnb29nbGUubWFwcy5wbGFjZXMudjEuUGxhY2VzLlNlYXJjaFRleHQQAhgEIAA,http://www.idahoconcretelifting.com/,OPERATIONAL,general_contractor|service|point_of_interest|establishment
ChIJWcy3Az1WrlQRKJTYwiQO6AY,Magic Raising Concrete Repair LLC,general_contractor,Foundation repair,(208) 602-2530,"174 N Raymond St, Boise, ID 83704, USA",Boise,4.9,82,https://maps.google.com/?cid=497663309875024936&g_mp=Cidnb29nbGUubWFwcy5wbGFjZXMudjEuUGxhY2VzLlNlYXJjaFRleHQQAhgEIAA,https://www.concreterepairboiseid.com/,OPERATIONAL,general_contractor|service|point_of_interest|establishment
ChIJ6ZxcTaRTrlQRx-aw7sKNOg8,Idaho Drainage Solutions,general_contractor,Foundation repair,,"1510 E Watertower St #100, Meridian, ID 83642, USA",Meridian,5,373,https://maps.google.com/?cid=1097345327585879751&g_mp=Cidnb29nbGUubWFwcy5wbGFjZXMudjEuUGxhY2VzLlNlYXJjaFRleHQQAhgEIAA,https://drainageboise.com/,OPERATIONAL,general_contractor|service|association_or_organization|point_of_interest|establishment
ChIJCW-wKQH5rlQRopw8Qf_4u5g,Copper Cloud Rain Gutters,roofing_contractor,Gutter cleaning,(208) 724-4339,"6000 W Overland Rd, Boise, ID 83709, USA",Boise,5,861,https://maps.google.com/?cid=11005663889604779170&g_mp=Cidnb29nbGUubWFwcy5wbGFjZXMudjEuUGxhY2VzLlNlYXJjaFRleHQQAhgEIAA,http://coppercloudraingutters.com/,OPERATIONAL,roofing_contractor|service|point_of_interest|establishment
ChIJC2tsRcYHr1QR27T64VnONNs,Hunter Rain Gutters Boise Idaho,service,Gutter cleaning,(208) 747-0641,"4810 W Chinden Blvd, Boise, ID 83714, USA",Boise,4.9,202,https://maps.google.com/?cid=15795476678533887195&g_mp=Cidnb29nbGUubWFwcy5wbGFjZXMudjEuUGxhY2VzLlNlYXJjaFRleHQQAhgEIAA,https://www.hunterraingutters.com/,OPERATIONAL,service|point_of_interest|establishment
ChIJvT0aEuT5rlQRd_m-_gwHY28,The Brothers That Just Do Gutters,service,Gutter cleaning,(208) 228-8747,"1014 N 28th St, Boise, ID 83702, USA",Boise,5,171,https://maps.google.com/?cid=8026266713299286391&g_mp=Cidnb29nbGUubWFwcy5wbGFjZXMudjEuUGxhY2VzLlNlYXJjaFRleHQQAhgEIAA,https://boise.brothersgutters.com/,OPERATIONAL,service|point_of_interest|establishment
ChIJH3fTR7lWrlQRyw1hKXcPH20,Idaho Custom Rain Gutters,service,Gutter cleaning,(208) 991-6733,"1855 E Lanark St STE 100, Meridian, ID 83642, USA",Meridian,4.9,1030,https://maps.google.com/?cid=7863020478881926603&g_mp=Cidnb29nbGUubWFwcy5wbGFjZXMudjEuUGxhY2VzLlNlYXJjaFRleHQQAhgEIAA,https://www.idahoguttercompany.com/,OPERATIONAL,service|point_of_interest|establishment
ChIJiYcFKbf4rlQRJFFgojlhlfk,Gutters R Us Boise,service,Gutter cleaning,(208) 941-4641,"10279 Calico St, Boise, ID 83709, USA",Boise,4.9,124,https://maps.google.com/?cid=17984387587139195172&g_mp=Cidnb29nbGUubWFwcy5wbGFjZXMudjEuUGxhY2VzLlNlYXJjaFRleHQQAhgEIAA,https://www.guttersrusboise.net/,OPERATIONAL,service|point_of_interest|establishment
ChIJT99mMtJXrlQRXujJ-cqhICs,Gutters Near Me,service,Gutter cleaning,(208) 999-7528,"4747 N Glenwood St STE 202, Bldg A, Boise, ID 83714, USA",Boise,5,96,https://maps.google.com/?cid=3107661636031866974&g_mp=Cidnb29nbGUubWFwcy5wbGFjZXMudjEuUGxhY2VzLlNlYXJjaFRleHQQAhgEIAA,http://www.idguttersnearme.com/,OPERATIONAL,service|point_of_interest|establishment
ChIJw847P7H4rlQR9t_wu73Y4xw,Boise Gutter,roofing_contractor,Gutter cleaning,(208) 343-8607,"5248 W Chinden Blvd, Boise, ID 83714, USA",Boise,4.7,172,https://maps.google.com/?cid=2081745762188845046&g_mp=Cidnb29nbGUubWFwcy5wbGFjZXMudjEuUGxhY2VzLlNlYXJjaFRleHQQAhgEIAA,https://www.boisegutter.net/,OPERATIONAL,roofing_contractor|building_materials_store|store|general_contractor|service|point_of_interest|establishment
ChIJy9WOqwRMrlQRJshiXPWmCLo,Superior Gutter and Roofing,roofing_contractor,Gutter installation,(208) 837-7755,"515 S Vista Ave STE #2C, Boise, ID 83705, USA",Boise,4.8,77,https://maps.google.com/?cid=13405147863615457318&g_mp=Cidnb29nbGUubWFwcy5wbGFjZXMudjEuUGxhY2VzLlNlYXJjaFRleHQQAhgEIAA,https://superiorguttercompany.com/locations/boise-id/?utm_source=gmb,OPERATIONAL,roofing_contractor|service|point_of_interest|establishment
ChIJXyDTeKZXrlQRZXepr10Tw0k,Gutter Kings,roofing_contractor,Gutter installation,(208) 985-9600,"9755 W Overland Rd, Boise, ID 83709, USA",Boise,4.8,64,https://maps.google.com/?cid=5315113278327322469&g_mp=Cidnb29nbGUubWFwcy5wbGFjZXMudjEuUGxhY2VzLlNlYXJjaFRleHQQAhgEIAA,http://raingutterkings.com/,OPERATIONAL,roofing_contractor|service|point_of_interest|establishment
ChIJ_wZdyFdRrlQRAnb-4Y0cmXs,Mike's Drywall Construction LLC,general_contractor,Drywall contractor,(208) 320-2616,"3660 S Antler Ridge Ave, Boise, ID 83709, USA",Boise,5,86,https://maps.google.com/?cid=8906181133809382914&g_mp=Cidnb29nbGUubWFwcy5wbGFjZXMudjEuUGxhY2VzLlNlYXJjaFRleHQQAhgEIAA,http://www.mikesdrywallidaho.com/,OPERATIONAL,general_contractor|point_of_interest|service|establishment
ChIJ29o_MxpXrlQRh3KYhwfy7Cg,iFOAM Insulation of Boise,general_contractor,Insulation contractor,(208) 423-1964,"9947 W Emerald St, Boise, ID 83704, USA",Boise,5,36,https://maps.google.com/?cid=2948997970174440071&g_mp=Cidnb29nbGUubWFwcy5wbGFjZXMudjEuUGxhY2VzLlNlYXJjaFRleHQQAhgEIAA,https://www.ifoam.com/boise-id/,OPERATIONAL,general_contractor|point_of_interest|service|establishment
ChIJpWTbvgNUrlQRbo0wDn0GoP0,Marv's Insulation,general_contractor,Insulation contractor,(208) 898-9400,"2790 E Lanark St, Meridian, ID 83642, USA",Meridian,4.9,52,https://maps.google.com/?cid=18275614422048214382&g_mp=Cidnb29nbGUubWFwcy5wbGFjZXMudjEuUGxhY2VzLlNlYXJjaFRleHQQAhgEIAA,https://www.marvsinsulation.com/?utm_source=google&utm_medium=organic&utm_campaign=listings,OPERATIONAL,general_contractor|supplier|point_of_interest|service|establishment
ChIJd75Qc4NWrlQR0snGNybJmeQ,"Acme Insulation, Inc.",general_contractor,Insulation contractor,(208) 376-5449,"11252 W Executive Dr Suite #H, Boise, ID 83713, USA",Boise,4.8,17,https://maps.google.com/?cid=16472418278066014674&g_mp=Cidnb29nbGUubWFwcy5wbGFjZXMudjEuUGxhY2VzLlNlYXJjaFRleHQQAhgEIAA,http://acmeinsulationboise.com/,OPERATIONAL,general_contractor|point_of_interest|service|establishment
ChIJH8oieff5rlQRo6ahpPrUPmk,Partners Insulation LLC,general_contractor,Insulation contractor,(208) 898-8716,"2611 S Fry St, Boise, ID 83709, USA",Boise,3.6,12,https://maps.google.com/?cid=7583732995507463843&g_mp=Cidnb29nbGUubWFwcy5wbGFjZXMudjEuUGxhY2VzLlNlYXJjaFRleHQQAhgEIAA,https://www.piinsulation.com/,OPERATIONAL,general_contractor|point_of_interest|service|establishment
ChIJ6c-jsL1mrC0RUUf9NY2pjkw,Bronco Company,general_contractor,Insulation contractor,(208) 803-5607,"383 W Valentino St, Meridian, ID 83646, USA",Meridian,5,44,https://maps.google.com/?cid=5516533017536710481&g_mp=Cidnb29nbGUubWFwcy5wbGFjZXMudjEuUGxhY2VzLlNlYXJjaFRleHQQAhgEIAA,https://www.broncoinsulation.com/,OPERATIONAL,general_contractor|point_of_interest|service|establishment
ChIJzQvxjehTrlQRP4CO290-jKg,G & G Insulation,general_contractor,Insulation contractor,(208) 377-8781,"75 W Taylor Ave #800, Meridian, ID 83642, USA",Meridian,4.5,25,https://maps.google.com/?cid=12145151417703628863&g_mp=Cidnb29nbGUubWFwcy5wbGFjZXMudjEuUGxhY2VzLlNlYXJjaFRleHQQAhgEIAA,http://www.gandginsulation.com/,OPERATIONAL,general_contractor|point_of_interest|service|establishment
ChIJ1VKMSTP1WYgRZcYEcs3wl4U,3e Insulation,general_contractor,Insulation contractor,(208) 477-4547,"5899 N Lakeshore Way, Garden City, ID 83714, USA",,5,98,https://maps.google.com/?cid=9626427493699602021&g_mp=Cidnb29nbGUubWFwcy5wbGFjZXMudjEuUGxhY2VzLlNlYXJjaFRleHQQAhgEIAA,http://www.3einsulation.com/,OPERATIONAL,general_contractor|point_of_interest|service|establishment
ChIJr9pswgxTrlQRProVv_xn8GY,Ideal Siding Boise,point_of_interest,Siding contractor,(208) 510-0771,"3828 N Twin Eagles Way, Meridian, ID 83646, USA",Meridian,4.9,12,https://maps.google.com/?cid=7417542921514498622&g_mp=Cidnb29nbGUubWFwcy5wbGFjZXMudjEuUGxhY2VzLlNlYXJjaFRleHQQAhgEIAA,https://idealsiding.com/us/locations/siding-boise/,OPERATIONAL,point_of_interest|service|establishment
ChIJU8XMhvxTrlQRmMOG4WnipXs,Siding Pros Of Idaho,point_of_interest,Siding contractor,(208) 672-1697,"1311 E Franklin Rd Suite 105, Meridian, ID 83642, USA",Meridian,5,100,https://maps.google.com/?cid=8909776382205543320&g_mp=Cidnb29nbGUubWFwcy5wbGFjZXMudjEuUGxhY2VzLlNlYXJjaFRleHQQAhgEIAA,https://www.sidingprosofidaho.com/,OPERATIONAL,point_of_interest|service|establishment
ChIJceruNxdWrlQRdrmynig4iZk,DaBella,roofing_contractor,Siding contractor,(208) 856-7195,"10095 W Emerald St, Boise, ID 83704, USA",Boise,4.5,1811,https://maps.google.com/?cid=11063435706724694390&g_mp=Cidnb29nbGUubWFwcy5wbGFjZXMudjEuUGxhY2VzLlNlYXJjaFRleHQQAhgEIAA,https://dabella.us/location/boise/?utm_source=GBP&utm_medium=link&utm_campaign=boiseGBP&utm_id=Google+Business+Profile+Clicks,OPERATIONAL,roofing_contractor|general_contractor|home_goods_store|store|point_of_interest|service|establishment
ChIJz5dSbrr4rlQR09WQPcLL9cM,Treasure Valley Seamless Siding Company LLC,roofing_contractor,Siding contractor,(208) 363-0056,"113 W 36th St, Boise, ID 83714, USA",Boise,5,7,https://maps.google.com/?cid=14120416241807054291&g_mp=Cidnb29nbGUubWFwcy5wbGFjZXMudjEuUGxhY2VzLlNlYXJjaFRleHQQAhgEIAA,https://www.treasurevalleyseamlesssiding.com/,OPERATIONAL,roofing_contractor|general_contractor|point_of_interest|service|establishment
ChIJU9FLdPhVrlQRQHHtqGD8N_I,HBSI,roofing_contractor,Siding contractor,(208) 376-3521,"269 E 5th St # 107, Meridian, ID 83642, USA",Meridian,4.8,49,https://maps.google.com/?cid=17453696372978839872&g_mp=Cidnb29nbGUubWFwcy5wbGFjZXMudjEuUGxhY2VzLlNlYXJjaFRleHQQAhgEIAA,https://hbsiding.com/?utm_source=google&utm_medium=organic&utm_campaign=gbp_website,OPERATIONAL,roofing_contractor|general_contractor|point_of_interest|service|establishment
ChIJwQ3XT2b4rlQRNs-HVzenk8k,Idaho Home Exteriors LLC,roofing_contractor,Siding contractor,(208) 957-7114,"999 S Federal Way Ste 8, Boise, ID 83705, USA",Boise,3.5,26,https://maps.google.com/?cid=14525137079333539638&g_mp=Cidnb29nbGUubWFwcy5wbGFjZXMudjEuUGxhY2VzLlNlYXJjaFRleHQQAhgEIAA,http://idahohomeexteriors.com/,OPERATIONAL,roofing_contractor|general_contractor|point_of_interest|service|establishment
ChIJFbsM2DpVrlQRZHzqzQqOy_Y,208 Roofing - Roofing Contractor Boise,roofing_contractor,Siding contractor,(208) 591-8997,"6706 W Fairview Ave, Boise, ID 83704, USA",Boise,5,50,https://maps.google.com/?cid=17783463730658049124&g_mp=Cidnb29nbGUubWFwcy5wbGFjZXMudjEuUGxhY2VzLlNlYXJjaFRleHQQAhgEIAA,https://www.208roofing.com/,OPERATIONAL,roofing_contractor|point_of_interest|service|establishment
ChIJsxH_v0dXrlQRBkXSJbBI5AE,Boise Deck Creations,point_of_interest,Deck builder,(208) 268-5764,"4062 W Dorian St, Boise, ID 83705, USA",Boise,5,18,https://maps.google.com/?cid=136313810113938694&g_mp=Cidnb29nbGUubWFwcy5wbGFjZXMudjEuUGxhY2VzLlNlYXJjaFRleHQQAhgEIAA,https://www.boisedeck.com/,OPERATIONAL,point_of_interest|general_contractor|service|establishment
ChIJGzTFjAJg9yARKMnpvhlx6wU,Sunset decks Idaho,point_of_interest,Deck builder,(208) 739-6778,"2385 NE 16th St, Fruitland, ID 83619, USA",,5,32,https://maps.google.com/?cid=426558945107757352&g_mp=Cidnb29nbGUubWFwcy5wbGFjZXMudjEuUGxhY2VzLlNlYXJjaFRleHQQAhgEIAA,https://sunsetdecksidaho.com/,OPERATIONAL,point_of_interest|general_contractor|service|establishment
ChIJyxTa6QFVrlQRRiiEYeA5uxo,Alpha Boise,point_of_interest,Deck builder,(208) 584-8743,"10134 W Garverdale Ln APT 102, Boise, ID 83704, USA",Boise,4.9,15,https://maps.google.com/?cid=1926196901502527558&g_mp=Cidnb29nbGUubWFwcy5wbGFjZXMudjEuUGxhY2VzLlNlYXJjaFRleHQQAhgEIAA,https://www.alphadecksboise.com/,OPERATIONAL,point_of_interest|general_contractor|service|establishment
ChIJ8yHYQHqt2YgRH8nZIRXcW6I,Precision Custom Deck Builders,point_of_interest,Deck builder,(208) 812-5105,"1311 4th St S, Nampa, ID 83651, USA",Nampa,5,12,https://maps.google.com/?cid=11699186440345340191&g_mp=Cidnb29nbGUubWFwcy5wbGFjZXMudjEuUGxhY2VzLlNlYXJjaFRleHQQAhgEIAA,https://deckbuildersmeridianid.com/our-services/,OPERATIONAL,point_of_interest|general_contractor|service|establishment
ChIJr9SgdNNTrlQR_vaqv9icygU,All Pro Meridian Deck Builders,point_of_interest,Deck builder,(208) 536-8966,"113 E Idaho Ave, Meridian, ID 83642, USA",Meridian,5,12,https://maps.google.com/?cid=417318370227713790&g_mp=Cidnb29nbGUubWFwcy5wbGFjZXMudjEuUGxhY2VzLlNlYXJjaFRleHQQAhgEIAA,https://deckbuildersmeridianid.com/,OPERATIONAL,point_of_interest|general_contractor|service|establishment
ChIJoxKfQAFRrlQRPYr_NXojXn8,Idaho Decking & Outdoor Living,point_of_interest,Deck builder,(208) 409-7931,"6986 S Valley Heights Dr, Boise, ID 83709, USA",Boise,5,2,https://maps.google.com/?cid=9177812098426571325&g_mp=Cidnb29nbGUubWFwcy5wbGFjZXMudjEuUGxhY2VzLlNlYXJjaFRleHQQAhgEIAA,https://www.idahodecking.com/,OPERATIONAL,point_of_interest|general_contractor|service|establishment
ChIJb-GctwX_rlQRhjfNODLp7t4,Clearwater Home Services,general_contractor,Deck builder,(208) 994-8862,"4951 E Bradley St, Boise, ID 83714, USA",Boise,4.9,64,https://maps.google.com/?cid=16064033322787747718&g_mp=Cidnb29nbGUubWFwcy5wbGFjZXMudjEuUGxhY2VzLlNlYXJjaFRleHQQAhgEIAA,http://www.idahomeremodel.com/,OPERATIONAL,general_contractor|roofing_contractor|home_goods_store|store|point_of_interest|service|establishment
ChIJ4wZNfgFVrlQRMuGoUVbw-4M,Absolute Pool Care,point_of_interest,Pool service,(208) 841-0388,"7953 W Mossy Cup St, Boise, ID 83709, USA",Boise,4.7,48,https://maps.google.com/?cid=9510459291650810162&g_mp=Cidnb29nbGUubWFwcy5wbGFjZXMudjEuUGxhY2VzLlNlYXJjaFRleHQQAhgEIAA,http://www.absolutepoolcare.us/,OPERATIONAL,point_of_interest|service|establishment
ChIJ_82RpWb3rlQRLetQ-waHIQ4,Ben's Pool Care,point_of_interest,Pool service,(208) 449-2448,"1561 E Wright St, Boise, ID 83706, USA",Boise,5,3,https://maps.google.com/?cid=1018243454818380589&g_mp=Cidnb29nbGUubWFwcy5wbGFjZXMudjEuUGxhY2VzLlNlYXJjaFRleHQQAhgEIAA,http://www.benspoolcare.com/,OPERATIONAL,point_of_interest|service|establishment
ChIJcUeFzMWvr1QRTqGtHSCgFL4,Secoma Pools- Boise Pool Construction & Maintenance,swimming_pool,Pool service,(208) 960-4652,"408 S Eagle Rd Suite 205, Eagle, ID 83616, USA",Eagle,5,56,https://maps.google.com/?cid=13696748426537836878&g_mp=Cidnb29nbGUubWFwcy5wbGFjZXMudjEuUGxhY2VzLlNlYXJjaFRleHQQAhgEIAA,http://secomapoolsidaho.com/,OPERATIONAL,swimming_pool|general_contractor|sports_activity_location|point_of_interest|service|establishment
ChIJKyVagRhVrlQRulUHYR9pWTE,Family Pool & Spa LLC,sporting_goods_store,Pool service,(208) 939-7665,"4902 W Chinden Blvd, Boise, ID 83714, USA",Boise,4.8,135,https://maps.google.com/?cid=3555988964278490554&g_mp=Cidnb29nbGUubWFwcy5wbGFjZXMudjEuUGxhY2VzLlNlYXJjaFRleHQQAhgEIAA,http://familypoolandspaid.com/,OPERATIONAL,sporting_goods_store|store|point_of_interest|establishment
ChIJseq7ROz4rlQR8N3Sv4FJ_ZY,Briva Pool and Spa,general_contractor,Pool service,(208) 891-1462,"1618 N Orchard St, Boise, ID 83706, USA",Boise,4.8,104,https://maps.google.com/?cid=10879933096414862832&g_mp=Cidnb29nbGUubWFwcy5wbGFjZXMudjEuUGxhY2VzLlNlYXJjaFRleHQQAhgEIAA,https://brivapools.com/,OPERATIONAL,general_contractor|point_of_interest|service|establishment
ChIJPd_oneX_rlQRiH0f5Fldwgc,Pool DoctoRx and Spa,general_contractor,Pool service,(208) 287-3747 ext. 3,"5213 W Chinden Blvd, Boise, ID 83714, USA",Boise,4.7,240,https://maps.google.com/?cid=559111944408104328&g_mp=Cidnb29nbGUubWFwcy5wbGFjZXMudjEuUGxhY2VzLlNlYXJjaFRleHQQAhgEIAA,https://pooldoctorandspa.com/,OPERATIONAL,general_contractor|sporting_goods_store|store|point_of_interest|service|establishment
ChIJ9z5_8ixVrlQRj3rUsTrJhnU,Boise Pool Pros,general_contractor,Pool cleaning,(208) 475-4344,"8670 W Pembrook Dr, Boise, ID 83704, USA",Boise,4.8,20,https://maps.google.com/?cid=8468677403245574799&g_mp=Cidnb29nbGUubWFwcy5wbGFjZXMudjEuUGxhY2VzLlNlYXJjaFRleHQQAhgEIAA,https://www.boisepoolpros.com/,OPERATIONAL,general_contractor|point_of_interest|service|establishment
ChIJ-e8UJC1XrlQRS64_RDoXcv0,Superior Pools,sporting_goods_store,Pool cleaning,(208) 971-6644,"11880 W President Dr Suite H, Boise, ID 83713, USA",Boise,4,49,https://maps.google.com/?cid=18262684977961348683&g_mp=Cidnb29nbGUubWFwcy5wbGFjZXMudjEuUGxhY2VzLlNlYXJjaFRleHQQAhgEIAA,https://superiorpoolsofidaho.com/,OPERATIONAL,sporting_goods_store|general_contractor|store|point_of_interest|service|establishment
ChIJ4UKEjx9WrlQR3C5Hzb6jgtQ,Twin Dolphin Pool & Spa,sporting_goods_store,Pool cleaning,(208) 375-2163,"5657 W Emerald St, Boise, ID 83706, USA",Boise,4.8,203,https://maps.google.com/?cid=15312981722896215772&g_mp=Cidnb29nbGUubWFwcy5wbGFjZXMudjEuUGxhY2VzLlNlYXJjaFRleHQQAhgEIAA,https://twindolphinpools.com/,OPERATIONAL,sporting_goods_store|store|point_of_interest|establishment
ChIJq6qqqvpVrlQROWuebI6xjqM,Delicate Touch Moving,moving_company,Moving company,(208) 713-4216,"4931 N Parkwood St, Boise, ID 83704, USA",Boise,4.8,257,https://maps.google.com/?cid=11785552500140960569&g_mp=Cidnb29nbGUubWFwcy5wbGFjZXMudjEuUGxhY2VzLlNlYXJjaFRleHQQAhgEIAA,http://delicatetouchmoving.com/,OPERATIONAL,moving_company|shipping_service|storage|manufacturer|transportation_service|point_of_interest|service|establishment
ChIJ6dLTRiJWrlQRomVibi6Mv3Q,208 Moving Company,moving_company,Moving company,(208) 841-5993,"4744 Fenton St, Garden City, ID 83714, USA",,4.9,993,https://maps.google.com/?cid=8412596759999702434&g_mp=Cidnb29nbGUubWFwcy5wbGFjZXMudjEuUGxhY2VzLlNlYXJjaFRleHQQAhgEIAA,https://208moving.com/,OPERATIONAL,moving_company|transportation_service|point_of_interest|service|establishment
ChIJjUNSEwVWrlQRpUXF9Ic83Ws,Cross Town Movers,moving_company,Moving company,(208) 378-0226,"1419 N Eldorado St, Boise, ID 83704, USA",Boise,4.9,1372,https://maps.google.com/?cid=7772435086536164773&g_mp=Cidnb29nbGUubWFwcy5wbGFjZXMudjEuUGxhY2VzLlNlYXJjaFRleHQQAhgEIAA,http://crosstownmovers.net/,OPERATIONAL,moving_company|transportation_service|point_of_interest|service|establishment
ChIJT3KmWDH5rlQR4RY26t2jPhE,Bluebird Moving,moving_company,Moving company,(208) 600-1953,"5325 W Kendall St, Boise, ID 83706, USA",Boise,5,335,https://maps.google.com/?cid=1242610720713348833&g_mp=Cidnb29nbGUubWFwcy5wbGFjZXMudjEuUGxhY2VzLlNlYXJjaFRleHQQAhgEIAA,http://www.bluebirdmoving.com/,OPERATIONAL,moving_company|transportation_service|point_of_interest|service|establishment
ChIJeZviMPj3rlQRf-6df0SKjnY,All My Sons Moving & Storage,moving_company,Moving company,(208) 494-9819,"3987 W Chinden Blvd, Garden City, ID 83714, USA",,4.7,2163,https://maps.google.com/?cid=8542917569971875455&g_mp=Cidnb29nbGUubWFwcy5wbGFjZXMudjEuUGxhY2VzLlNlYXJjaFRleHQQAhgEIAA,https://www.allmysons.com/idaho/boise/index.aspx?utm_source=GMBlisting&utm_medium=organic&phone=208-494-9819,OPERATIONAL,moving_company|shipping_service|storage|transportation_service|store|point_of_interest|service|establishment
ChIJWzaADbH3rlQRzdWqCZlKaKg,Idaho Premier Moving,moving_company,Moving company,(208) 248-6006,"262 E Lake Rim Ln, Boise, ID 83716, USA",Boise,5,161,https://maps.google.com/?cid=12135031217102443981&g_mp=Cidnb29nbGUubWFwcy5wbGFjZXMudjEuUGxhY2VzLlNlYXJjaFRleHQQAhgEIAA,http://boiselocalmoving.com/?utm_source=gmb&utm_medium=organic&utm_campaign=boise,OPERATIONAL,moving_company|transportation_service|point_of_interest|service|establishment
ChIJ73Ll54P5rlQROwtiGpBEkkA,Treasure Valley Movers,moving_company,Moving company,(208) 261-4228,"7202 W Victory Rd, Boise, ID 83709, USA",Boise,4.8,89,https://maps.google.com/?cid=4652856750735756091&g_mp=Cidnb29nbGUubWFwcy5wbGFjZXMudjEuUGxhY2VzLlNlYXJjaFRleHQQAhgEIAA,https://treasurevalleymoverz.com/,OPERATIONAL,moving_company|transportation_service|point_of_interest|service|establishment
ChIJtTWIf0L_rlQRqdulYqKr950,Junk King Boise,point_of_interest,Junk removal,(208) 495-4607,"5107 Alworth St, Boise, ID 83714, USA",Boise,4.9,1397,https://maps.google.com/?cid=11382755297130306473&g_mp=Cidnb29nbGUubWFwcy5wbGFjZXMudjEuUGxhY2VzLlNlYXJjaFRleHQQAhgEIAA,https://www.junk-king.com/locations/boise?cid=LSTL_JKG-US000187&utm_source=gmb&utm_campaign=local&utm_medium=organic,OPERATIONAL,point_of_interest|service|establishment
ChIJa8gLm-P4rlQRyVtBgBhK8UM,Junk Holler,point_of_interest,Junk removal,(208) 899-4000,"1111 S Orchard St Ste 216, Boise, ID 83705, USA",Boise,5,792,https://maps.google.com/?cid=4895775739019877321&g_mp=Cidnb29nbGUubWFwcy5wbGFjZXMudjEuUGxhY2VzLlNlYXJjaFRleHQQAhgEIAA,https://junkholler.com/?utm_source=Google&utm_medium=GMB,OPERATIONAL,point_of_interest|service|establishment
ChIJSc-xsx03QqARHfHxXUD9TqU,Junk Man Treasure Valley,point_of_interest,Junk removal,(208) 204-6431,"3463 N Tradewind Ave, Meridian, ID 83646, USA",Meridian,5,200,https://maps.google.com/?cid=11911736517337411869&g_mp=Cidnb29nbGUubWFwcy5wbGFjZXMudjEuUGxhY2VzLlNlYXJjaFRleHQQAhgEIAA,https://www.junkmantreasurevalley.com/,OPERATIONAL,point_of_interest|service|establishment
ChIJ6wQuk6Wqr1QRI0fk-m2x67s,Junk Bros.,point_of_interest,Junk removal,(208) 297-8720,"4110 W State St, Boise, ID 83703, USA",Boise,5,365,https://maps.google.com/?cid=13541111790538344227&g_mp=Cidnb29nbGUubWFwcy5wbGFjZXMudjEuUGxhY2VzLlNlYXJjaFRleHQQAhgEIAA,http://www.junk-bros.com/,OPERATIONAL,point_of_interest|service|establishment
ChIJT8W5Iqitr1QRK2Zf6Bdu16o,Full House Junk Removal & Demolition,general_contractor,Junk removal,(208) 994-2429,"950 W Bannock St Suite 1100, Boise, ID 83702, USA",Boise,5,136,https://maps.google.com/?cid=12310429155402409515&g_mp=Cidnb29nbGUubWFwcy5wbGFjZXMudjEuUGxhY2VzLlNlYXJjaFRleHQQAhgEIAA,https://fullhousejunkremoval.com/,OPERATIONAL,general_contractor|point_of_interest|service|establishment
ChIJZ3gLv6WLUAoRi2gC68Iopq0,Boise River Junk Removal,point_of_interest,Junk removal,(208) 563-3103,"607 Empress St, Boise, ID 83713, USA",Boise,4.9,96,https://maps.google.com/?cid=12512733432327071883&g_mp=Cidnb29nbGUubWFwcy5wbGFjZXMudjEuUGxhY2VzLlNlYXJjaFRleHQQAhgEIAA,https://www.boiseriverjunkremoval.com/,OPERATIONAL,point_of_interest|service|establishment
ChIJS9mqfppVrlQRxrG7gwERTQU,We Haul Boise,moving_company,Junk removal,(208) 242-3039,"2875 N Camden Pl, Boise, ID 83704, USA",Boise,5,429,https://maps.google.com/?cid=381980241599115718&g_mp=Cidnb29nbGUubWFwcy5wbGFjZXMudjEuUGxhY2VzLlNlYXJjaFRleHQQAhgEIAA,https://www.wehaulboise.com/,OPERATIONAL,moving_company|transportation_service|point_of_interest|service|establishment
ChIJ05jae32IRiARbjfX0-obNts,Boise Chimney Company,service,Chimney sweep,(208) 296-4247,"219 N 27th St STE 16, Boise, ID 83702, USA",Boise,5,144,https://maps.google.com/?cid=15795843438438987630&g_mp=Cidnb29nbGUubWFwcy5wbGFjZXMudjEuUGxhY2VzLlNlYXJjaFRleHQQAhgEIAA,https://www.boisechimney.com/,OPERATIONAL,service|point_of_interest|establishment
ChIJFS1eL6JQrlQRTQrvDwNAgBk,Capitol Chimney Sweep,service,Chimney sweep,(208) 362-1989,"11844 W Hidden Valley Rim Rd, Boise, ID 83709, USA",Boise,5,28,https://maps.google.com/?cid=1837539029863565901&g_mp=Cidnb29nbGUubWFwcy5wbGFjZXMudjEuUGxhY2VzLlNlYXJjaFRleHQQAhgEIAA,http://capitolchimneysweeps.com/,OPERATIONAL,service|point_of_interest|establishment
ChIJZ7wGzRf_rlQRLIQzy6_mW4A,All Valley Fireplace,home_improvement_store,Chimney sweep,(208) 586-3473,"5123 N Sawyer Ave, Garden City, ID 83714, USA",,4.9,361,https://maps.google.com/?cid=9249239902438261804&g_mp=Cidnb29nbGUubWFwcy5wbGFjZXMudjEuUGxhY2VzLlNlYXJjaFRleHQQAhgEIAA,https://www.allvalleyfp.com/,OPERATIONAL,home_improvement_store|home_goods_store|store|point_of_interest|establishment
ChIJA3cMq0pWrlQR5pSOcZkJ7B8,Safelite AutoGlass,point_of_interest,Glass repair,(208) 922-6611,"6310 W Overland Rd, Boise, ID 83709, USA",Boise,4.3,206,https://maps.google.com/?cid=2300224064319296742&g_mp=Cidnb29nbGUubWFwcy5wbGFjZXMudjEuUGxhY2VzLlNlYXJjaFRleHQQAhgEIAA,https://www.safelite.com/stores/Boise-Overland?utm_source=yext&utm_medium=list&utm_campaign=local&y_source=1_MTc4Njg1OS03MTUtbG9jYXRpb24ud2Vic2l0ZQ%3D%3D,OPERATIONAL,point_of_interest|establishment
ChIJVcyDkKZVrlQRC1l_qvf1OtQ,Boise Glass Repair,car_repair,Glass repair,(208) 901-5888,"3832 N Elgin Way, Boise, ID 83713, USA",Boise,4.9,28,https://maps.google.com/?cid=15292805928756140299&g_mp=Cidnb29nbGUubWFwcy5wbGFjZXMudjEuUGxhY2VzLlNlYXJjaFRleHQQAhgEIAA,https://www.boiseglassrepair.com/,OPERATIONAL,car_repair|point_of_interest|service|establishment
ChIJEc1_CRRVrlQR50rSG6TmncY,Safelite AutoGlass,point_of_interest,Glass repair,(208) 813-6481,"11575 W President Dr, Boise, ID 83713, USA",Boise,4.4,509,https://maps.google.com/?cid=14311848783369095911&g_mp=Cidnb29nbGUubWFwcy5wbGFjZXMudjEuUGxhY2VzLlNlYXJjaFRleHQQAhgEIAA,https://www.safelite.com/stores/Boise?utm_source=yext&utm_medium=list&utm_campaign=local&y_source=1_MTc4Njg1OC03MTUtbG9jYXRpb24ud2Vic2l0ZQ%3D%3D,OPERATIONAL,point_of_interest|establishment
ChIJcXu6l5_4rlQRr4ZqRxIdJmk,The Windshield Guy,building_materials_store,Glass repair,(208) 344-5566,"5373 W Emerald St, Boise, ID 83706, USA",Boise,4.9,673,https://maps.google.com/?cid=7576775387442218671&g_mp=Cidnb29nbGUubWFwcy5wbGFjZXMudjEuUGxhY2VzLlNlYXJjaFRleHQQAhgEIAA,http://www.thewindshieldguy.com/,OPERATIONAL,building_materials_store|car_repair|store|point_of_interest|service|establishment
ChIJTw4dqkpWrlQR5TwfdhZUN1g,Glass Monkey,car_repair,Glass repair,(208) 320-6650,"7646 Lemhi St, Boise, ID 83709, USA",Boise,4.9,403,https://maps.google.com/?cid=6356641854504516837&g_mp=Cidnb29nbGUubWFwcy5wbGFjZXMudjEuUGxhY2VzLlNlYXJjaFRleHQQAhgEIAA,http://www.glassmonkeywindshields.com/,OPERATIONAL,car_repair|point_of_interest|service|establishment
ChIJl7k-VgZUrlQRbE_JKobhJRM,Glass Doctor of Southwest Idaho,general_contractor,Glass repair,(208) 957-5326,"44 S Meridian Rd, Meridian, ID 83642, USA",Meridian,4.9,1511,https://maps.google.com/?cid=1379756827218628460&g_mp=Cidnb29nbGUubWFwcy5wbGFjZXMudjEuUGxhY2VzLlNlYXJjaFRleHQQAhgEIAA,https://glassdoctor.com/boise?cid=LSTL_MGD000191&utm_source=gmb&utm_campaign=local&utm_medium=organic,OPERATIONAL,general_contractor|building_materials_store|car_repair|store|point_of_interest|service|establishment
ChIJYwYApa5XrlQRf6RWTx4F4-0,Fast Glass,general_contractor,Glass repair,(208) 384-1336,"2222 S Cole Rd, Boise, ID 83709, USA",Boise,4.6,438,https://maps.google.com/?cid=17141550234440475775&g_mp=Cidnb29nbGUubWFwcy5wbGFjZXMudjEuUGxhY2VzLlNlYXJjaFRleHQQAhgEIAA,http://www.fastglassinc.com/locations/boise,OPERATIONAL,general_contractor|building_materials_store|car_repair|store|point_of_interest|service|establishment
ChIJ638UssP4rlQR5LgCZaRp4X4,Valley Glass - Boise,general_contractor,Window repair,(208) 344-6518,"105 N 24th St, Boise, ID 83702, USA",Boise,4.7,138,https://maps.google.com/?cid=9142704873329047780&g_mp=Cidnb29nbGUubWFwcy5wbGFjZXMudjEuUGxhY2VzLlNlYXJjaFRleHQQAhgEIAA,https://www.valleyglass.com/boise,OPERATIONAL,general_contractor|building_materials_store|car_repair|manufacturer|store|service|point_of_interest|establishment
ChIJm8L1xLBXrlQRai1-G23q3lM,Kiwi's Welding & Repair,point_of_interest,Welding service,(208) 362-4788,"2267 S Liberty St, Boise, ID 83709, USA",Boise,4.9,35,https://maps.google.com/?cid=6043525504311373162&g_mp=Cidnb29nbGUubWFwcy5wbGFjZXMudjEuUGxhY2VzLlNlYXJjaFRleHQQAhgEIAA,https://kiwiswelding.com/,OPERATIONAL,point_of_interest|service|establishment
ChIJhZzzW5ahbaYRV2yKnQxb8FY,Conley Welding LLC,point_of_interest,Welding service,(208) 576-4679,"8265 S Danskin Ln, Meridian, ID 83642, USA",Meridian,5,28,https://maps.google.com/?cid=6264607191413189719&g_mp=Cidnb29nbGUubWFwcy5wbGFjZXMudjEuUGxhY2VzLlNlYXJjaFRleHQQAhgEIAA,http://conleyweld.com/,OPERATIONAL,point_of_interest|service|establishment
ChIJvxnunWW3r1QRgUV1NL9Biho,83-MetalCraft-LLC-Metal Fabrication-Boise,general_contractor,Welding service,(208) 948-2114,"514 E 45th St unit #12, Garden City, ID 83714, USA",,5,41,https://maps.google.com/?cid=1912413281246856577&g_mp=Cidnb29nbGUubWFwcy5wbGFjZXMudjEuUGxhY2VzLlNlYXJjaFRleHQQAhgEIAA,http://www.83metalcraftboise.com/,OPERATIONAL,general_contractor|manufacturer|point_of_interest|service|establishment
ChIJhb1Gr2ZWrlQRVWazm1Nlvng,Weld Pro,manufacturer,Welding service,(208) 323-9353,"9222 Franklin Rd, Boise, ID 83709, USA",Boise,4,11,https://maps.google.com/?cid=8700502939895293525&g_mp=Cidnb29nbGUubWFwcy5wbGFjZXMudjEuUGxhY2VzLlNlYXJjaFRleHQQAhgEIAA,http://www.weldproinc.com/,OPERATIONAL,manufacturer|point_of_interest|service|establishment
ChIJLx2jFUIRr1QRmPGXR20SPHk,"FabCo Welding, LLC",point_of_interest,Welding service,(208) 617-0925,"108 Depot St, Horseshoe Bend, ID 83629, USA",,4.7,23,https://maps.google.com/?cid=8735877637753794968&g_mp=Cidnb29nbGUubWFwcy5wbGFjZXMudjEuUGxhY2VzLlNlYXJjaFRleHQQAhgEIAA,https://fabcoweldingidaho.com/,OPERATIONAL,point_of_interest|service|establishment
ChIJKVko3JBOKYcRkoI7CLQevwU,Boise Excavating,general_contractor,Excavation contractor,(208) 972-7277,"212 N Flume St, Boise, ID 83712, USA",Boise,5,3,https://maps.google.com/?cid=414083449322439314&g_mp=Cidnb29nbGUubWFwcy5wbGFjZXMudjEuUGxhY2VzLlNlYXJjaFRleHQQAhgEIAA,https://www.boiseexcavating.com/,OPERATIONAL,general_contractor|service|point_of_interest|establishment
ChIJxQLiwVewr1QRuDrMLAQA7ng,"Shamrock Construction & Excavating, LLC",moving_company,Excavation contractor,(208) 919-4260,"2267 S Liberty St, Boise, ID 83709, USA",Boise,4.5,10,https://maps.google.com/?cid=8713902346939939512&g_mp=Cidnb29nbGUubWFwcy5wbGFjZXMudjEuUGxhY2VzLlNlYXJjaFRleHQQAhgEIAA,https://shamrockboise.com/,OPERATIONAL,moving_company|shipping_service|transportation_service|general_contractor|supplier|service|point_of_interest|establishment
ChIJgZ2RNgIAr1QRPMvCNQLS548,Granite Excavation Inc,general_contractor,Excavation contractor,(208) 382-4188,"152 S Kestrel Pl UNIT 102, Eagle, ID 83616, USA",Eagle,3.9,23,https://maps.google.com/?cid=10369487573977582396&g_mp=Cidnb29nbGUubWFwcy5wbGFjZXMudjEuUGxhY2VzLlNlYXJjaFRleHQQAhgEIAA,http://www.graniteexcavation.com/,OPERATIONAL,general_contractor|service|point_of_interest|establishment
ChIJbWySdAdRrlQR1EyrYVoi1oY,Idaho Dirt Co.,general_contractor,Excavation contractor,(208) 870-4412,"321 W Harris St, Meridian, ID 83642, USA",Meridian,5,8,https://maps.google.com/?cid=9715991017679441108&g_mp=Cidnb29nbGUubWFwcy5wbGFjZXMudjEuUGxhY2VzLlNlYXJjaFRleHQQAhgEIAA,https://dirtcoinc.com/,OPERATIONAL,general_contractor|service|point_of_interest|establishment
ChIJp1w8ZCJYrlQRL6M5hHnF2hI,Iron Horse Excavation,general_contractor,Excavation contractor,(208) 472-5292,"875 W Gowen Rd, Boise, ID 83705, USA",Boise,4,4,https://maps.google.com/?cid=1358615363305710383&g_mp=Cidnb29nbGUubWFwcy5wbGFjZXMudjEuUGxhY2VzLlNlYXJjaFRleHQQAhgEIAA,http://www.ironhorseexcavation.com/,OPERATIONAL,general_contractor|service|point_of_interest|establishment
ChIJqaKTP61NrlQRPCvasmsYrCI,L2 Excavation LLC,general_contractor,Excavation contractor,(208) 800-0330,"2817 Brandt Ave, Nampa, ID 83687, USA",Nampa,5,5,https://maps.google.com/?cid=2498398744124992316&g_mp=Cidnb29nbGUubWFwcy5wbGFjZXMudjEuUGxhY2VzLlNlYXJjaFRleHQQAhgEIAA,https://l2excavation.com/,OPERATIONAL,general_contractor|service|point_of_interest|establishment
ChIJZURH_apXrlQRtfu7R9QmOo4,Earth Energy Inc.,service,Excavation contractor,(208) 375-0532,"6418 W Gowen Rd, Boise, ID 83709, USA",Boise,4,9,https://maps.google.com/?cid=10248546595213409205&g_mp=Cidnb29nbGUubWFwcy5wbGFjZXMudjEuUGxhY2VzLlNlYXJjaFRleHQQAhgEIAA,http://earthenergyinc.com/,OPERATIONAL,service|point_of_interest|establishment
ChIJwYrihIRXrlQRPcNtbrPXREM,Pavement Specialties Of Idaho,general_contractor,Paving contractor,(208) 322-7000,"4850 Henry St, Boise, ID 83709, USA",Boise,4.3,48,https://maps.google.com/?cid=4847236264609301309&g_mp=Cidnb29nbGUubWFwcy5wbGFjZXMudjEuUGxhY2VzLlNlYXJjaFRleHQQAhgEIAA,http://pavementspecialties.com/,OPERATIONAL,general_contractor|service|point_of_interest|establishment
ChIJ2-tAVuxXrlQRDNmQge1o3hM,Boise Asphalt Creations,general_contractor,Paving contractor,(208) 742-4990,"4062 W Dorian St, Boise, ID 83705, USA",Boise,4.8,29,https://maps.google.com/?cid=1431697100840687884&g_mp=Cidnb29nbGUubWFwcy5wbGFjZXMudjEuUGxhY2VzLlNlYXJjaFRleHQQAhgEIAA,https://www.boiseasphalt.com/,OPERATIONAL,general_contractor|service|point_of_interest|establishment
ChIJS7FRFSgT_oYRZQhtqMTSaeQ,Bobo Asphalt Solutions,general_contractor,Paving contractor,(208) 858-5546,"7109 W Overland Rd #33, Boise, ID 83709, USA",Boise,4.3,6,https://maps.google.com/?cid=16458918055283329125&g_mp=Cidnb29nbGUubWFwcy5wbGFjZXMudjEuUGxhY2VzLlNlYXJjaFRleHQQAhgEIAA,http://www.asphaltboise.com/,OPERATIONAL,general_contractor|service|point_of_interest|establishment
ChIJYy3MD2n_rlQRoSX2Vt8myNE,Asphalt Maintenance & Paving,general_contractor,Paving contractor,(208) 338-9318,"2645 N Cole Rd Ste M, Boise, ID 83704, USA",Boise,5,1,https://maps.google.com/?cid=15116374889947604385&g_mp=Cidnb29nbGUubWFwcy5wbGFjZXMudjEuUGxhY2VzLlNlYXJjaFRleHQQAhgEIAA,http://asphaltmaintenanceidaho.com/,OPERATIONAL,general_contractor|service|point_of_interest|establishment
ChIJuWEU3_ZMrlQRY8zS5-YuCp4,Asphalt Driveways & Patching,general_contractor,Paving contractor,(208) 467-5368,"6472 Cherry Ln, Nampa, ID 83687, USA",Nampa,4.2,52,https://maps.google.com/?cid=11387966177026428003&g_mp=Cidnb29nbGUubWFwcy5wbGFjZXMudjEuUGxhY2VzLlNlYXJjaFRleHQQAhgEIAA,https://www.asphaltdrivewaysandpatching.com/,OPERATIONAL,general_contractor|service|point_of_interest|establishment
ChIJPzfyYm5VrlQRO8NcKg9C8OQ,Central Paving Co. Inc.,general_contractor,Paving contractor,(208) 338-4316,"21283 Pinto Ln, Caldwell, ID 83607, USA",Caldwell,4,7,https://maps.google.com/?cid=16496758067960791867&g_mp=Cidnb29nbGUubWFwcy5wbGFjZXMudjEuUGxhY2VzLlNlYXJjaFRleHQQAhgEIAA,https://centralpaving.com/,OPERATIONAL,general_contractor|service|point_of_interest|establishment
ChIJx4DMq-VTrlQReGxRqYP32VM,"Meridian Plumbing, Heating and Air",plumber,Plumber,(208) 888-7555,"480 E Franklin Rd # 100, Meridian, ID 83642, USA",Meridian,4.9,1471,https://maps.google.com/?cid=6042132519947693176&g_mp=Cidnb29nbGUubWFwcy5wbGFjZXMudjEuUGxhY2VzLlNlYXJjaFRleHQQAhgEIAA,https://www.meridian-plumbing.com/,OPERATIONAL,plumber|general_contractor|manufacturer|service|point_of_interest|establishment
ChIJ34QaafpTrlQRD7X2mDxn2Bg,Master Plumbing,plumber,Plumber,(208) 922-6686,"280 N Baltic Pl, Meridian, ID 83642, USA",Meridian,4.9,1337,https://maps.google.com/?cid=1790294361841775887&g_mp=Cidnb29nbGUubWFwcy5wbGFjZXMudjEuUGxhY2VzLlNlYXJjaFRleHQQAhgEIAA,https://masterrooter.com/meridian-plumbing-services/,OPERATIONAL,plumber|service|point_of_interest|establishment
ChIJt69ubK1TrlQRv-ruoQdgOCc,Reliable Plumbers Meridian ID,plumber,Plumber,(208) 279-2559,"1855 E Lanark St, Meridian, ID 83642, USA",Meridian,5,23,https://maps.google.com/?cid=2826114352072813247&g_mp=Cidnb29nbGUubWFwcy5wbGFjZXMudjEuUGxhY2VzLlNlYXJjaFRleHQQAhgEIAA,https://masterplumbersmeridian.com/,OPERATIONAL,plumber|service|point_of_interest|establishment
ChIJJ446fd5TrlQRmA-0Y9NA58I,Premier Meridian Emergency Plumber,plumber,Plumber,(208) 247-5002,"1576 W Deer Crst Dr, Meridian, ID 83646, USA",Meridian,5,10,https://maps.google.com/?cid=14044265239633203096&g_mp=Cidnb29nbGUubWFwcy5wbGFjZXMudjEuUGxhY2VzLlNlYXJjaFRleHQQAhgEIAA,https://premiermeridianemergencyplumber.com/,OPERATIONAL,plumber|service|point_of_interest|establishment
ChIJe1aNb8JTrlQRRxSLEJsSdjc,Wickstrom Plumbing Heating & Cooling,plumber,Plumber,(208) 213-8635,"125 W Taylor Ave #100, Meridian, ID 83642, USA",Meridian,5,349,https://maps.google.com/?cid=3996402176544674887&g_mp=Cidnb29nbGUubWFwcy5wbGFjZXMudjEuUGxhY2VzLlNlYXJjaFRleHQQAhgEIAA,https://www.wickstromphc.com/,OPERATIONAL,plumber|general_contractor|service|point_of_interest|establishment
ChIJnVTTqJxTrlQR24xlEgHsph4,"Beacon Home Services - Plumbing, Heating, Air-Conditioning, and Electrical, Inc",plumber,Plumber,(208) 693-2761,"303 E Franklin Rd, Meridian, ID 83642, USA",Meridian,5,333,https://maps.google.com/?cid=2208712156619574491&g_mp=Cidnb29nbGUubWFwcy5wbGFjZXMudjEuUGxhY2VzLlNlYXJjaFRleHQQAhgEIAA,https://www.beaconplumbing.com/meridian-plumbing,OPERATIONAL,plumber|electrician|general_contractor|service|point_of_interest|establishment
ChIJ4RuZ_ve2syUR3p_rJZg9T_Q,"Meridian Plumbing, Heating and Air",plumber,Plumbing,(208) 888-7555,"1883 N Wildwood St, Boise, ID 83713, USA",Boise,5,231,https://maps.google.com/?cid=17604357192095080414&g_mp=Cidnb29nbGUubWFwcy5wbGFjZXMudjEuUGxhY2VzLlNlYXJjaFRleHQQAhgEIAA,https://www.meridian-plumbing.com/,OPERATIONAL,plumber|manufacturer|general_contractor|point_of_interest|service|establishment
ChIJDTuEy5P_rlQR7p_r-ieWpnw,Rocky Mountain Electric,electrician,Electrician,(208) 853-2968,"2860 E Lanark St, Meridian, ID 83642, USA",Meridian,4.8,219,https://maps.google.com/?cid=8982031605294669806&g_mp=Cidnb29nbGUubWFwcy5wbGFjZXMudjEuUGxhY2VzLlNlYXJjaFRleHQQAhgEIAA,http://www.rmeinc.net/,OPERATIONAL,electrician|service|point_of_interest|establishment
ChIJ9Wgc1Un_rlQRRSf_J0YpwME,Eco Electric,electrician,Electrician,(208) 392-1470,"749 N Ralstin St, Meridian, ID 83642, USA",Meridian,4.9,134,https://maps.google.com/?cid=13961204226144020293&g_mp=Cidnb29nbGUubWFwcy5wbGFjZXMudjEuUGxhY2VzLlNlYXJjaFRleHQQAhgEIAA,http://ecoelectricid.com/,OPERATIONAL,electrician|service|point_of_interest|establishment
ChIJvV9DNsZTrlQR1dMIfsAq4xQ,"A-1 Heating, Air Conditioning & Electric",electrician,Electrician,(208) 343-4445,"327 N Linder Rd, Meridian, ID 83642, USA",Meridian,4.9,3531,https://maps.google.com/?cid=1505093706708472789&g_mp=Cidnb29nbGUubWFwcy5wbGFjZXMudjEuUGxhY2VzLlNlYXJjaFRleHQQAhgEIAA,https://a1heating.com/?utm_source=google&utm_medium=organic&utm_campaign=gbp-profile,OPERATIONAL,electrician|general_contractor|manufacturer|service|point_of_interest|establishment
ChIJpW__iy1TrlQRN6w05GDnlyY,Black Diamond Electric,electrician,Electrician,(208) 278-6743,"850 E Franklin Rd Suite 414, Meridian, ID 83642, USA",Meridian,5,61,https://maps.google.com/?cid=2780945698256104503&g_mp=Cidnb29nbGUubWFwcy5wbGFjZXMudjEuUGxhY2VzLlNlYXJjaFRleHQQAhgEIAA,http://bdeidaho.com/,OPERATIONAL,electrician|general_contractor|service|point_of_interest|establishment
ChIJW5CtCS9Sx6cRhqUhuR_bB64,"Manning Electrical Services, LLC",electrician,Electrician,(208) 909-0905,"5892 S Nordean Ave, Meridian, ID 83642, USA",Meridian,5,15,https://maps.google.com/?cid=12540232616732894598&g_mp=Cidnb29nbGUubWFwcy5wbGFjZXMudjEuUGxhY2VzLlNlYXJjaFRleHQQAhgEIAA,https://manningelectricalservices.com/,OPERATIONAL,electrician|service|point_of_interest|establishment
ChIJMTScdKRVrlQReinsltnDMaM,Silver Lining Roofing & Exteriors,roofing_contractor,Roofer,(208) 250-9784,"850 E Franklin Rd #403, Meridian, ID 83642, USA",Meridian,4.9,229,https://maps.google.com/?cid=11759395441348454778&g_mp=Cidnb29nbGUubWFwcy5wbGFjZXMudjEuUGxhY2VzLlNlYXJjaFRleHQQAhgEIAA,https://silverliningroofing.com/,OPERATIONAL,roofing_contractor|general_contractor|point_of_interest|service|establishment
ChIJe_nwQu5TrlQRUYVjL38NmHg,"Northwest Roof, LLC",roofing_contractor,Roofer,(208) 440-2205,"1028 E Cayman Dr, Meridian, ID 83642, USA",Meridian,5,158,https://maps.google.com/?cid=8689710320918431057&g_mp=Cidnb29nbGUubWFwcy5wbGFjZXMudjEuUGxhY2VzLlNlYXJjaFRleHQQAhgEIAA,http://www.nwroof.net/,OPERATIONAL,roofing_contractor|point_of_interest|service|establishment
ChIJUzcsWDBVrlQRcwBwmpKVl4o,Bulletproof Roofing LLC,roofing_contractor,Roofer,(208) 724-4348,"3597 E Monarch Sky Ln Suite 240, Meridian, ID 83646, USA",Meridian,4.9,55,https://maps.google.com/?cid=9986615155606159475&g_mp=Cidnb29nbGUubWFwcy5wbGFjZXMudjEuUGxhY2VzLlNlYXJjaFRleHQQAhgEIAA,https://www.bulletproofroofingllc.com/?utm_source=google&utm_medium=organic&utm_campaign=gbp,OPERATIONAL,roofing_contractor|point_of_interest|service|establishment
ChIJqW1TwxHDMg0RFNhWozh_DJg,Dodd Exteriors,roofing_contractor,Roofer,(208) 295-9421,"1711 S Millennium Way # 130, Meridian, ID 83642, USA",Meridian,5,279,https://maps.google.com/?cid=10956271874720847892&g_mp=Cidnb29nbGUubWFwcy5wbGFjZXMudjEuUGxhY2VzLlNlYXJjaFRleHQQAhgEIAA,https://www.doddroofs.com/,OPERATIONAL,roofing_contractor|point_of_interest|service|establishment
ChIJ-ey4I11RrlQRbKx9Fat9lqk,K D Roofing Inc,roofing_contractor,Roofing contractor,(208) 887-1775,"1100 E Overland Rd, Meridian, ID 83642, USA",Meridian,4.5,87,https://maps.google.com/?cid=12220092812669856876&g_mp=Cidnb29nbGUubWFwcy5wbGFjZXMudjEuUGxhY2VzLlNlYXJjaFRleHQQAhgEIAA,http://kdroofing.com/,OPERATIONAL,roofing_contractor|point_of_interest|service|establishment
ChIJb6cqMKdTrlQRjC4KIN6yV_8,Right Now Heating and Air Conditioning & Plumbing,plumber,HVAC,(208) 812-4443,"737 N Ralstin St, Meridian, ID 83642, USA",Meridian,5,1861,https://maps.google.com/?cid=18399371469735472780&g_mp=Cidnb29nbGUubWFwcy5wbGFjZXMudjEuUGxhY2VzLlNlYXJjaFRleHQQAhgEIAA,https://rightnowheatcool.com/?utm_source=google-gbp&utm_medium=organic&utm_campaign=*353*right-now-meridian,OPERATIONAL,plumber|general_contractor|store|service|point_of_interest|establishment
ChIJt8Qe0iBVrlQRLKLgvbGTssI,Top Shelf Heating and Cooling,general_contractor,HVAC,(208) 572-9016,"2251 W Chinden Blvd, Meridian, ID 83646, USA",Meridian,5,511,https://maps.google.com/?cid=14029438180816626220&g_mp=Cidnb29nbGUubWFwcy5wbGFjZXMudjEuUGxhY2VzLlNlYXJjaFRleHQQAhgEIAA,http://www.topshelfheating.com/,OPERATIONAL,general_contractor|supplier|manufacturer|store|service|point_of_interest|establishment
ChIJM90hKypXrlQR95VGWPvt3C0,Bill's Heating & A/C,plumber,HVAC,(208) 962-4557,"3920 E Lanark St STE 100, Meridian, ID 83642, USA",Meridian,5,1304,https://maps.google.com/?cid=3304777890356696567&g_mp=Cidnb29nbGUubWFwcy5wbGFjZXMudjEuUGxhY2VzLlNlYXJjaFRleHQQAhgEIAA,https://callbills.com/boise,OPERATIONAL,plumber|electrician|general_contractor|service|point_of_interest|establishment
ChIJ-xSgw1RSrlQRkZiL2RzKF18,"Polar Heating & Air Conditioning, Inc",general_contractor,HVAC,(208) 884-0334,"4045 W Cherry Ln, Meridian, ID 83642, USA",Meridian,4.8,160,https://maps.google.com/?cid=6852167583325198481&g_mp=Cidnb29nbGUubWFwcy5wbGFjZXMudjEuUGxhY2VzLlNlYXJjaFRleHQQAhgEIAA,http://polarheatair.com/,OPERATIONAL,general_contractor|service|point_of_interest|establishment
ChIJ477ctwNVrlQRMSsycSwAofs,"Saint Tonys Heating and Cooling, LLC",general_contractor,Heating and cooling,(208) 995-6891,"192 W White Sands Dr, Meridian, ID 83646, USA",Meridian,5,28,https://maps.google.com/?cid=18131773765648001841&g_mp=Cidnb29nbGUubWFwcy5wbGFjZXMudjEuUGxhY2VzLlNlYXJjaFRleHQQAhgEIAA,http://sainttonysheatingandcooling.com/,OPERATIONAL,general_contractor|service|point_of_interest|establishment
ChIJ81GbrV9RrlQR9TY985YKaPM,Meridian Pest Defense Services,service,Pest control,(208) 361-3474,"265 W Overland Rd, Meridian, ID 83642, USA",Meridian,5,33,https://maps.google.com/?cid=17539280392236644085&g_mp=Cidnb29nbGUubWFwcy5wbGFjZXMudjEuUGxhY2VzLlNlYXJjaFRleHQQAhgEIAA,http://meridianpestdefenseservices.site/,OPERATIONAL,service|point_of_interest|establishment
ChIJgX-XAtBRrlQRVDq5BEFRY8Q,Bigfoot Pest Control,service,Pest control,(208) 696-3141,"100 W Overland Rd STE 204, Meridian, ID 83642, USA",Meridian,5,1051,https://maps.google.com/?cid=14151243793822202452&g_mp=Cidnb29nbGUubWFwcy5wbGFjZXMudjEuUGxhY2VzLlNlYXJjaFRleHQQAhgEIAA,https://www.gobigfootpest.com/idaho/meridian,OPERATIONAL,service|point_of_interest|establishment
ChIJ77vAWrhTrlQRVG-gqIolGIA,Armis Pest Management,service,Pest control,(208) 650-7378,"3487 Dixon Ave N, Meridian, ID 83646, USA",Meridian,5,435,https://maps.google.com/?cid=9230168713760632660&g_mp=Cidnb29nbGUubWFwcy5wbGFjZXMudjEuUGxhY2VzLlNlYXJjaFRleHQQAhgEIAA,http://www.armispestmanagement.com/,OPERATIONAL,service|point_of_interest|establishment
ChIJmfLGpjBVrlQRbEgv2c8zrYA,All Natural Pest Elimination,service,Pest control,(877) 662-8449,"643 E Painted Hills Dr, Meridian, ID 83646, USA",Meridian,4.8,173,https://maps.google.com/?cid=9272124175620720748&g_mp=Cidnb29nbGUubWFwcy5wbGFjZXMudjEuUGxhY2VzLlNlYXJjaFRleHQQAhgEIAA,https://allnaturalpestcontrol.com/,OPERATIONAL,service|point_of_interest|establishment
ChIJr1puOTTe9gUR1SuNIw7K5No,Candor Pest Control,service,Pest control,(208) 996-3146,"2566 E Madrigal St, Meridian, ID 83642, USA",Meridian,5,441,https://maps.google.com/?cid=15772953957033126869&g_mp=Cidnb29nbGUubWFwcy5wbGFjZXMudjEuUGxhY2VzLlNlYXJjaFRleHQQAhgEIAA,https://candorpestcontrol.com/meridian-pest-control/?utm_source=gbp&utm_medium=organic&utm_campaign=gbp-meridian,OPERATIONAL,service|point_of_interest|establishment
ChIJHf4WbQD_rlQRY0bNUEzb-Lk,Owyhee Environmental,service,Pest control,(208) 391-5153,"1940 S Bonito Way STE 130, Meridian, ID 83642, USA",Meridian,5,1845,https://maps.google.com/?cid=13400701812060538467&g_mp=Cidnb29nbGUubWFwcy5wbGFjZXMudjEuUGxhY2VzLlNlYXJjaFRleHQQAhgEIAA,https://www.owyheeenvironmental.com/?utm_source=google&utm_medium=organic&utm_campaign=local-seo&utm_term=meridian-website,OPERATIONAL,service|point_of_interest|establishment
ChIJFQ5bgVdTrlQR2ZG8AFA7Vvc,Valley Curb & Landscape,point_of_interest,Landscaping,(208) 899-6637,"6270 N Spurwing Way, Meridian, ID 83646, USA",Meridian,4.9,61,https://maps.google.com/?cid=17822497790161097177&g_mp=Cidnb29nbGUubWFwcy5wbGFjZXMudjEuUGxhY2VzLlNlYXJjaFRleHQQAhgEIAA,http://valleycurb.com/,OPERATIONAL,point_of_interest|general_contractor|service|establishment
ChIJORbsvrPyzYERvwJqACQyq6k,Well Grounded LLC,point_of_interest,Landscaping,(573) 301-7339,"4639 S Cochees Ave, Boise, ID 83709, USA",Boise,4.9,39,https://maps.google.com/?cid=12225920743634502335&g_mp=Cidnb29nbGUubWFwcy5wbGFjZXMudjEuUGxhY2VzLlNlYXJjaFRleHQQAhgEIAA,https://wellgroundedlandscaping.com/,OPERATIONAL,point_of_interest|general_contractor|service|establishment
ChIJmbx657Wsr1QRd98ya-aHOh0,Jon C Irby Landscaping LLC,garden_center,Landscaping,(208) 887-1456,"5415 W Chinden Blvd, Meridian, ID 83646, USA",Meridian,3.7,51,https://maps.google.com/?cid=2106145199459852151&g_mp=Cidnb29nbGUubWFwcy5wbGFjZXMudjEuUGxhY2VzLlNlYXJjaFRleHQQAhgEIAA,http://joncirby.com/,OPERATIONAL,garden_center|farm|wholesaler|store|point_of_interest|general_contractor|service|establishment
ChIJG7JVAFhTrlQR-ORrpRV_61Q,Salmon River Landscape and Hardscape LLC,point_of_interest,Landscaping,(208) 901-8120,"600 N Scotney Ave, Meridian, ID 83642, USA",Meridian,4.9,29,https://maps.google.com/?cid=6119124249659303160&g_mp=Cidnb29nbGUubWFwcy5wbGFjZXMudjEuUGxhY2VzLlNlYXJjaFRleHQQAhgEIAA,http://salmonriverlandscape.com/,OPERATIONAL,point_of_interest|general_contractor|service|establishment
ChIJiXYVZ0pRrlQRJuwJhDh2IR0,Century Lawn Care,service,Lawn care,(208) 713-7164,"3393 E Murchison St, Meridian, ID 83642, USA",Meridian,4.5,44,https://maps.google.com/?cid=2099088886436850726&g_mp=Cidnb29nbGUubWFwcy5wbGFjZXMudjEuUGxhY2VzLlNlYXJjaFRleHQQAhgEIAA,http://www.centurylawns.com/,OPERATIONAL,service|point_of_interest|establishment
ChIJI7YUlgZUrlQRP2zfp7vWhoE,TruGreen Lawn Care,service,Lawn care,(833) 418-5004,"2393 E Commercial St, Meridian, ID 83642, USA",Meridian,3.8,621,https://maps.google.com/?cid=9333383379235597375&g_mp=Cidnb29nbGUubWFwcy5wbGFjZXMudjEuUGxhY2VzLlNlYXJjaFRleHQQAhgEIAA,https://www.trugreen.com/local-lawn-care/idaho/meridian/?utm_source=gmb&utm_channel=organic,OPERATIONAL,service|point_of_interest|establishment
ChIJNf9DsxKF0akRRbEXWnghA4o,The Sod Squad - Lawn Care,supplier,Lawn care,(208) 629-7456,"4247 E Grayson Dr, Meridian, ID 83642, USA",Meridian,5,3,https://maps.google.com/?cid=9944829202955481413&g_mp=Cidnb29nbGUubWFwcy5wbGFjZXMudjEuUGxhY2VzLlNlYXJjaFRleHQQAhgEIAA,https://www.sodsquadlawns.com/,OPERATIONAL,supplier|general_contractor|food|service|point_of_interest|establishment
ChIJKUCATY1UrlQRpXj8e_F-rcQ,Diamond Lawns,service,Lawn care,(208) 484-5568,"3520 W Amity Rd, Meridian, ID 83642, USA",Meridian,4.6,383,https://maps.google.com/?cid=14172123178037180581&g_mp=Cidnb29nbGUubWFwcy5wbGFjZXMudjEuUGxhY2VzLlNlYXJjaFRleHQQAhgEIAA,https://diamondlawns.com/,OPERATIONAL,service|point_of_interest|establishment
ChIJ_4oTsbZWrlQR0cWZ1vhpUX8,Carefree Lawns,general_contractor,Lawn care,(208) 344-5334,"1295 S Topaz Ave, Meridian, ID 83642, USA",Meridian,5,7,https://maps.google.com/?cid=9174230433403618769&g_mp=Cidnb29nbGUubWFwcy5wbGFjZXMudjEuUGxhY2VzLlNlYXJjaFRleHQQAhgEIAA,https://carefreelawnsboise.com/,OPERATIONAL,general_contractor|service|point_of_interest|establishment
ChIJxzNpJu9TrlQRiWUjq1Hu4pI,Meridian Automotive,tire_shop,Auto repair,(208) 888-3797,"505 N Main St, Meridian, ID 83642, USA",Meridian,4.6,666,https://maps.google.com/?cid=10584284108805072265&g_mp=Cidnb29nbGUubWFwcy5wbGFjZXMudjEuUGxhY2VzLlNlYXJjaFRleHQQAhgEIAA,https://meridianautocare.com/,OPERATIONAL,tire_shop|auto_parts_store|store|car_repair|service|point_of_interest|establishment
ChIJlzC7Bd5TrlQRm4gD1X1_VnU,John's Auto Care Center,tire_shop,Auto repair,(208) 314-1622,"499 S Meridian Rd, Meridian, ID 83642, USA",Meridian,4.6,676,https://maps.google.com/?cid=8455085528856103067&g_mp=Cidnb29nbGUubWFwcy5wbGFjZXMudjEuUGxhY2VzLlNlYXJjaFRleHQQAhgEIAA,https://johnsautocare.com/?utm_campaign=gmb&utm_medium=gmb&utm_source=google,OPERATIONAL,tire_shop|auto_parts_store|store|car_repair|service|point_of_interest|establishment
ChIJ85SH4gxUrlQRR_Yb7aC9fkQ,Meineke Car Care Center,store,Auto repair,(208) 391-4169,"1975 E Fairview Ave, Meridian, ID 83642, USA",Meridian,4.5,1078,https://maps.google.com/?cid=4935590740515092039&g_mp=Cidnb29nbGUubWFwcy5wbGFjZXMudjEuUGxhY2VzLlNlYXJjaFRleHQQAhgEIAA,https://www.meineke.com/locations/id/meridian-4305/?utm_source=google&utm_medium=organic&utm_campaign=gbp_website,OPERATIONAL,store|car_repair|service|point_of_interest|establishment
ChIJP9ABn8hTrlQRcME7Pd3N3-Q,Heritage Auto Repair,tire_shop,Auto repair,(208) 887-1442,"175 N Linder Rd, Meridian, ID 83642, USA",Meridian,4.7,729,https://maps.google.com/?cid=16492126710552838512&g_mp=Cidnb29nbGUubWFwcy5wbGFjZXMudjEuUGxhY2VzLlNlYXJjaFRleHQQAhgEIAA,http://www.heritageautorepair.com/,OPERATIONAL,tire_shop|auto_parts_store|store|car_repair|service|point_of_interest|establishment
ChIJ67ZoOOVTrlQRqbpLxCx05Mw,Driven Automotive,car_repair,Auto repair,(208) 888-7464,"1850 E Franklin Rd, Meridian, ID 83642, USA",Meridian,4.9,445,https://maps.google.com/?cid=14764053214048008873&g_mp=Cidnb29nbGUubWFwcy5wbGFjZXMudjEuUGxhY2VzLlNlYXJjaFRleHQQAhgEIAA,https://drivenautomotivemeridian.com/,OPERATIONAL,car_repair|service|point_of_interest|establishment
ChIJuVTSFmBTrlQRmg42hcysrwI,Christian Brothers Automotive Meridian,car_repair,Mechanic,(208) 751-8830,"1402 W McMillan Rd, Meridian, ID 83646, USA",Meridian,4.7,872,https://maps.google.com/?cid=193563303408438938&g_mp=Cidnb29nbGUubWFwcy5wbGFjZXMudjEuUGxhY2VzLlNlYXJjaFRleHQQAhgEIAA,https://www.cbac.com/meridian/?utm_source=GMB&utm_medium=organic&utm_campaign=meridian&utm_content=website-cta,OPERATIONAL,car_repair|service|point_of_interest|establishment
ChIJlYaKcLJUrlQRUGf6zOG1edo,Dream Clean Maid Services,point_of_interest,Cleaning service,(208) 562-9012,"6700 N Linder Rd STE150 210, Meridian, ID 83646, USA",Meridian,4.8,209,https://maps.google.com/?cid=15742813953861510992&g_mp=Cidnb29nbGUubWFwcy5wbGFjZXMudjEuUGxhY2VzLlNlYXJjaFRleHQQAhgEIAA,http://dreamcleanidaho.com/,OPERATIONAL,point_of_interest|service|establishment
ChIJq4zAacCIQ2oRkxyQOG6DJXg,Luxe Cleaning Co.,point_of_interest,Cleaning service,(208) 728-7448,"1350 N Webb Wy, Meridian, ID 83642, USA",Meridian,5,34,https://maps.google.com/?cid=8657470368108256403&g_mp=Cidnb29nbGUubWFwcy5wbGFjZXMudjEuUGxhY2VzLlNlYXJjaFRleHQQAhgEIAA,http://luxecleaningco.net/,OPERATIONAL,point_of_interest|service|establishment
ChIJT08X5yj_rlQRZBuHVVwcR1A,"Cascade Cleaning Services - Meridian, ID",laundry,Cleaning service,(208) 407-8999,"707 N Ralstin St, Meridian, ID 83642, USA",Meridian,4.9,390,https://maps.google.com/?cid=5784623429278178148&g_mp=Cidnb29nbGUubWFwcy5wbGFjZXMudjEuUGxhY2VzLlNlYXJjaFRleHQQAhgEIAA,http://cascadecleaningservices.net/,OPERATIONAL,laundry|store|point_of_interest|service|establishment
ChIJJZuq6fxTrlQRvmTMMLGPSvA,Merry Maids of Boise,point_of_interest,Cleaning service,(208) 262-3446,"800 S Industry Way Suite 310, Meridian, ID 83642, USA",Meridian,4.7,314,https://maps.google.com/?cid=17314809708569978046&g_mp=Cidnb29nbGUubWFwcy5wbGFjZXMudjEuUGxhY2VzLlNlYXJjaFRleHQQAhgEIAA,https://merrymaids.com/home-cleaners-meridian-id?utm_source=google&utm_medium=organic&utm_campaign=gmb,OPERATIONAL,point_of_interest|service|establishment
ChIJjYq0hrVTrlQRPoK_iHCX7RM,Sunshine Cleaning Services,laundry,Cleaning service,(208) 461-9685,"202 W Franklin Rd, Meridian, ID 83642, USA",Meridian,4.9,117,https://maps.google.com/?cid=1435970365787439678&g_mp=Cidnb29nbGUubWFwcy5wbGFjZXMudjEuUGxhY2VzLlNlYXJjaFRleHQQAhgEIAA,http://pleasecleanmywindows.com/,OPERATIONAL,laundry|point_of_interest|service|establishment
ChIJOwq-aVuXlocRW6dXSDKruTk,Abby's Maids llc,point_of_interest,House cleaning,(208) 286-1558,"2512 N Stokesberry Pl #101, Meridian, ID 83646, USA",Meridian,4.9,59,https://maps.google.com/?cid=4159543963303782235&g_mp=Cidnb29nbGUubWFwcy5wbGFjZXMudjEuUGxhY2VzLlNlYXJjaFRleHQQAhgEIAA,http://www.abbysmaids.com/,OPERATIONAL,point_of_interest|service|establishment
ChIJzW8utm9TrlQRNWzdhG6ExFI,Anago Commercial Cleaning,laundry,Janitorial,(208) 514-4786,"114 E Idaho Ave # 200, Meridian, ID 83642, USA",Meridian,4.7,26,https://maps.google.com/?cid=5964037416755751989&g_mp=Cidnb29nbGUubWFwcy5wbGFjZXMudjEuUGxhY2VzLlNlYXJjaFRleHQQAhgEIAA,https://anagocleaning.com/boise/?utm_source=gbp+listing&utm_medium=organic,OPERATIONAL,laundry|point_of_interest|service|establishment
ChIJg9_5T9VNrlQREYojDi1S6KM,IMC Janitorial Services Nampa,point_of_interest,Janitorial,(208) 760-5418,"1105 2nd St S STE 100, Nampa, ID 83651, USA",Nampa,5,2,https://maps.google.com/?cid=11810780376243341841&g_mp=Cidnb29nbGUubWFwcy5wbGFjZXMudjEuUGxhY2VzLlNlYXJjaFRleHQQAhgEIAA,https://imc.cleaning/nampa/,OPERATIONAL,point_of_interest|service|establishment
ChIJ6ylkn3NUrlQRadnf0EkJEZw,A1 Handyman Meridian,electrician,Handyman,(208) 887-9999,"1925 N Locust Grove Rd, Meridian, ID 83646, USA",Meridian,4.7,10,https://maps.google.com/?cid=11245779957162432873&g_mp=Cidnb29nbGUubWFwcy5wbGFjZXMudjEuUGxhY2VzLlNlYXJjaFRleHQQAhgEIAA,https://www.handyman-boise.com/meridian-handyman-services,OPERATIONAL,electrician|plumber|manufacturer|home_goods_store|general_contractor|store|point_of_interest|service|establishment
ChIJqYtxTiv_rlQRCjGsbHSUwzo,"Idaho Property Maintenance Meridian, ID",general_contractor,Handyman,(208) 344-1743,"880 E Franklin Rd STE 311, Meridian, ID 83642, USA",Meridian,4.9,356,https://maps.google.com/?cid=4234391302418739466&g_mp=Cidnb29nbGUubWFwcy5wbGFjZXMudjEuUGxhY2VzLlNlYXJjaFRleHQQAhgEIAA,https://idahopropertymaintenance.com/,OPERATIONAL,general_contractor|point_of_interest|service|establishment
ChIJw3v_r2VTrlQRAH-kJ7hAv6s,Bearded Hammer,plumber,Handyman,(208) 391-6371,"3597 E Monarch Sky Ln Suite 240, Meridian, ID 83646, USA",Meridian,5,41,https://maps.google.com/?cid=12375681460720664320&g_mp=Cidnb29nbGUubWFwcy5wbGFjZXMudjEuUGxhY2VzLlNlYXJjaFRleHQQAhgEIAA,http://www.beardedhammerid.com/,OPERATIONAL,plumber|general_contractor|point_of_interest|service|establishment
ChIJQwulyUVTrlQRf9OBElgXX4U,The Huckleberry Handyman,general_contractor,Handyman,(208) 912-9598,"744 N Oxwich Ave, Meridian, ID 83642, USA",Meridian,5,12,https://maps.google.com/?cid=9610425796866986879&g_mp=Cidnb29nbGUubWFwcy5wbGFjZXMudjEuUGxhY2VzLlNlYXJjaFRleHQQAhgEIAA,https://www.huckleberryhandyman.com/,OPERATIONAL,general_contractor|point_of_interest|service|establishment
ChIJtWlNe374rlQRWYqUDBLy0XE,Handyman Connection of Boise,electrician,Handyman,(208) 901-3999,"3597 E Monarch Sky Ln Suite 240, Meridian, ID 83646, USA",Meridian,4.5,177,https://maps.google.com/?cid=8201602555752778329&g_mp=Cidnb29nbGUubWFwcy5wbGFjZXMudjEuUGxhY2VzLlNlYXJjaFRleHQQAhgEIAA,https://handymanconnection.com/boise/?utm_source=gbp&utm_medium=organic&utm_campaign=GBP-Website-Link,OPERATIONAL,electrician|plumber|manufacturer|home_goods_store|general_contractor|store|point_of_interest|service|establishment
ChIJsXIGZ9hRrlQRqYRMEXrdtno,First Choice House Painters of Meridian,painter,Painter,(208) 644-8395,"1272 E Shepherd St, Meridian, ID 83642, USA",Meridian,5,50,https://maps.google.com/?cid=8842498434734523561&g_mp=Cidnb29nbGUubWFwcy5wbGFjZXMudjEuUGxhY2VzLlNlYXJjaFRleHQQAhgEIAA,https://firstchoicehousepainters.com/,OPERATIONAL,painter|point_of_interest|service|establishment
ChIJ52JuVOlTrlQRrt8jc8F3Ydw,Signature Painting,painter,Painter,(208) 870-7236,"631 W 1st St, Meridian, ID 83642, USA",Meridian,4.7,40,https://maps.google.com/?cid=15880105433829203886&g_mp=Cidnb29nbGUubWFwcy5wbGFjZXMudjEuUGxhY2VzLlNlYXJjaFRleHQQAhgEIAA,http://www.signaturepaintingidaho.com/,OPERATIONAL,painter|point_of_interest|service|establishment
ChIJHXyCXmUFR0wRONMg6Ivkjuw,Salmeron Treasure Valley Painter LLC,painter,Painter,(619) 678-9193,"3403 W Acarrera Ct, Meridian, ID 83642, USA",Meridian,5,25,https://maps.google.com/?cid=17045812929189958456&g_mp=Cidnb29nbGUubWFwcy5wbGFjZXMudjEuUGxhY2VzLlNlYXJjaFRleHQQAhgEIAA,https://salmerontreasurevalleypainterllc.com/,OPERATIONAL,painter|general_contractor|point_of_interest|service|establishment
ChIJtwkSUmVJAywR5cslQsvtq38,Spray 'n Coat Painting and Epoxy Flooring,painter,Painter,(208) 254-4149,"2972 E Leslie Dr, Meridian, ID 83646, USA",Meridian,5,187,https://maps.google.com/?cid=9199708121078287333&g_mp=Cidnb29nbGUubWFwcy5wbGFjZXMudjEuUGxhY2VzLlNlYXJjaFRleHQQAhgEIAA,https://www.sprayncoat.com/garage-floor-coating,OPERATIONAL,painter|general_contractor|point_of_interest|service|establishment
ChIJmY8IRkGtwaoROBGdk3thG48,Montenegro's Painting & Construction LLC,general_contractor,Painter,(208) 831-0280,"357 E Watertower St, Meridian, ID 83642, USA",Meridian,5,92,https://maps.google.com/?cid=10311942955180298552&g_mp=Cidnb29nbGUubWFwcy5wbGFjZXMudjEuUGxhY2VzLlNlYXJjaFRleHQQAhgEIAA,http://www.montenegrosllc.com/,OPERATIONAL,general_contractor|point_of_interest|service|establishment
ChIJa21xs8xTrlQRfNFmhND3MGI,Andrus Painting,painter,Painter,(208) 297-9332,"3597 E Monarch Sky Ln Suite 240 - 6878, Meridian, ID 83646, USA",Meridian,5,82,https://maps.google.com/?cid=7075427489545638268&g_mp=Cidnb29nbGUubWFwcy5wbGFjZXMudjEuUGxhY2VzLlNlYXJjaFRleHQQAhgEIAA,http://www.andruspainting.com/,OPERATIONAL,painter|point_of_interest|service|establishment
ChIJd5BrNuhNrlQRtEbmZz8aZl4,JDS CONCRETE LLC,general_contractor,Concrete contractor,(208) 571-8851,"811 N Jasper Pl, Nampa, ID 83687, USA",Nampa,4.9,55,https://maps.google.com/?cid=6802153146818119348&g_mp=Cidnb29nbGUubWFwcy5wbGFjZXMudjEuUGxhY2VzLlNlYXJjaFRleHQQAhgEIAA,http://jdsconcreteidaho.com/,OPERATIONAL,general_contractor|service|point_of_interest|establishment
ChIJEUS4iQ1VrlQRx3CZ3PM2uSQ,Boden Concrete LLC,general_contractor,Concrete contractor,(208) 713-9661,"11785 W Jenilyn Ct, Boise, ID 83713, USA",Boise,4.5,17,https://maps.google.com/?cid=2646206677062873287&g_mp=Cidnb29nbGUubWFwcy5wbGFjZXMudjEuUGxhY2VzLlNlYXJjaFRleHQQAhgEIAA,https://bodenconcrete.com/,OPERATIONAL,general_contractor|service|point_of_interest|establishment
ChIJCYGK9ZOjGmIR7vgosNJmkVY,DaVinci Concrete Coatings,general_contractor,Concrete contractor,(208) 563-5630,"1200 N Main St Unit 1589, Meridian, ID 83680, USA",Meridian,4.9,31,https://maps.google.com/?cid=6237880013969488110&g_mp=Cidnb29nbGUubWFwcy5wbGFjZXMudjEuUGxhY2VzLlNlYXJjaFRleHQQAhgEIAA,http://www.davinciconcretecoatings.com/,OPERATIONAL,general_contractor|service|point_of_interest|establishment
ChIJ-7WE-MJTrlQRaCbZSMg_7fU,Meridian Fence,general_contractor,Fencing contractor,(208) 888-6131,"702 W Franklin Rd, Meridian, ID 83642, USA",Meridian,4.5,356,https://maps.google.com/?cid=17720890238220969576&g_mp=Cidnb29nbGUubWFwcy5wbGFjZXMudjEuUGxhY2VzLlNlYXJjaFRleHQQAhgEIAA,http://www.meridianfence.net/,OPERATIONAL,general_contractor|service|point_of_interest|establishment
ChIJL4Y7OQxUrlQRj-cPhQtvBUM,Butte Fence Inc,general_contractor,Fencing contractor,(208) 884-0203,"5233 W Franklin Rd, Meridian, ID 83642, USA",Meridian,4.6,510,https://maps.google.com/?cid=4829388270692460431&g_mp=Cidnb29nbGUubWFwcy5wbGFjZXMudjEuUGxhY2VzLlNlYXJjaFRleHQQAhgEIAA,https://www.buttefence.com/,OPERATIONAL,general_contractor|service|point_of_interest|establishment
ChIJUTzHWUtTrlQRBJ9eCDTD7X8,Sonrise Fence Company,general_contractor,Fencing contractor,(208) 906-2100,"3330 N Meridian Rd, Meridian, ID 83646, USA",Meridian,5,17,https://maps.google.com/?cid=9218238640543407876&g_mp=Cidnb29nbGUubWFwcy5wbGFjZXMudjEuUGxhY2VzLlNlYXJjaFRleHQQAhgEIAA,http://www.sonrisefence.com/,OPERATIONAL,general_contractor|service|point_of_interest|establishment
ChIJyYECqHtRrlQRqKwZxTN-M4M,B & W Fence,general_contractor,Fencing contractor,(208) 999-7272,"7208 S Meridian Rd, Meridian, ID 83642, USA",Meridian,5,6,https://maps.google.com/?cid=9454038803596029096&g_mp=Cidnb29nbGUubWFwcy5wbGFjZXMudjEuUGxhY2VzLlNlYXJjaFRleHQQAhgEIAA,http://www.bandwfence.com/,OPERATIONAL,general_contractor|service|point_of_interest|establishment
ChIJGVggiMlVrlQRYL1D7dzXIcw,Majestic Tree Care LLC,supplier,Tree service,(208) 856-6088,"2467 N Arrowwood Wy, Meridian, ID 83646, USA",Meridian,4.9,91,https://maps.google.com/?cid=14709275201842167136&g_mp=Cidnb29nbGUubWFwcy5wbGFjZXMudjEuUGxhY2VzLlNlYXJjaFRleHQQAhgEIAA,http://mtcidaho.com/,OPERATIONAL,supplier|general_contractor|service|point_of_interest|establishment
ChIJH_87hyBRrlQRmK2G7ySCBSQ,"Parker Tree Service, Inc.",service,Tree service,(208) 461-8733,"2205 E Cadillac Dr, Meridian, ID 83642, USA",Meridian,5,193,https://maps.google.com/?cid=2595623855397973400&g_mp=Cidnb29nbGUubWFwcy5wbGFjZXMudjEuUGxhY2VzLlNlYXJjaFRleHQQAhgEIAA,https://parkertreeservice.com/,OPERATIONAL,service|point_of_interest|establishment
ChIJ35FDqR7Ab0kR2Jok5PoRX-w,Trees All Day Tree Service,service,Tree service,(208) 872-6614,"6412 E Sherryanna Ln, Nampa, ID 83687, USA",Nampa,5,85,https://maps.google.com/?cid=17032352085005605592&g_mp=Cidnb29nbGUubWFwcy5wbGFjZXMudjEuUGxhY2VzLlNlYXJjaFRleHQQAhgEIAA,https://www.treesallday.com/,OPERATIONAL,service|point_of_interest|establishment
ChIJTa3aExdVrlQR4nQaIjzjvJE,Eden Tree Works,service,Tree removal,(208) 860-3683,"10722 W Excalibur St, Boise, ID 83713, USA",Boise,5,38,https://maps.google.com/?cid=10501518278530856162&g_mp=Cidnb29nbGUubWFwcy5wbGFjZXMudjEuUGxhY2VzLlNlYXJjaFRleHQQAhgEIAA,http://edentreeworks.com/,OPERATIONAL,service|point_of_interest|establishment
ChIJq52kp6dbrlQR5m_glGISoTk,2 Rivers Tree Service & Hardscapes,service,Tree removal,(208) 861-1203,"8200 S Stewart Rd, Meridian, ID 83642, USA",Meridian,4.8,78,https://maps.google.com/?cid=4152620546026139622&g_mp=Cidnb29nbGUubWFwcy5wbGFjZXMudjEuUGxhY2VzLlNlYXJjaFRleHQQAhgEIAA,https://2riverstreeremoval.com/,OPERATIONAL,service|point_of_interest|establishment
ChIJg86XOMZTrlQRZI0fpI3H-T8,Precision Garage Door of Meridian,point_of_interest,Garage door repair,(208) 510-5520,"1260 E Kalispell St Suite 100, Meridian, ID 83642, USA",Meridian,4.9,645,https://maps.google.com/?cid=4609935104748260708&g_mp=Cidnb29nbGUubWFwcy5wbGFjZXMudjEuUGxhY2VzLlNlYXJjaFRleHQQAhgEIAA,https://www.garagedoorboise.com/?utm_source=gmb&utm_medium=location_meridian&utm_campaign=website?camp=GMBM,OPERATIONAL,point_of_interest|supplier|service|establishment
ChIJ51b3RZ1WrlQRZroMFMt-Mqg,Action Garage Door,point_of_interest,Garage door repair,(208) 425-4668,"65 N Linder Rd, Meridian, ID 83642, USA",Meridian,4.7,1043,https://maps.google.com/?cid=12119888957887265382&g_mp=Cidnb29nbGUubWFwcy5wbGFjZXMudjEuUGxhY2VzLlNlYXJjaFRleHQQAhgEIAA,https://actiongaragedoor.net/?utm_source=google&utm_medium=gmb&utm_campaign=gbp%20meridian,OPERATIONAL,point_of_interest|supplier|service|establishment
ChIJ-USunLS-q40RFYDDjmW9i2c,Idaho Garage Repairs,point_of_interest,Garage door repair,(208) 278-2775,"1740 E Fairview Ave, Meridian, ID 83642, USA",Meridian,5,6,https://maps.google.com/?cid=7461265451553882133&g_mp=Cidnb29nbGUubWFwcy5wbGFjZXMudjEuUGxhY2VzLlNlYXJjaFRleHQQAhgEIAA,https://idahogaragerepairs.com/,OPERATIONAL,point_of_interest|service|establishment
ChIJg7kexlVVrlQRfaXxTgfobY0,Garage Door Team,point_of_interest,Garage door repair,(208) 565-8548,"2355 E Meadow Wood Dr, Meridian, ID 83646, USA",Meridian,5,162,https://maps.google.com/?cid=10191056649896174973&g_mp=Cidnb29nbGUubWFwcy5wbGFjZXMudjEuUGxhY2VzLlNlYXJjaFRleHQQAhgEIAA,https://garagedoorteam.net/,OPERATIONAL,point_of_interest|supplier|service|establishment
ChIJW_q-pVpTrlQRqYMrSmEdLOI,Lake Appliance Repair,point_of_interest,Appliance repair,(208) 900-5253,"MAIL ONLY, 82 S Baltic Pl, Meridian, ID 83642, USA",Meridian,4.6,415,https://maps.google.com/?cid=16297433455240381353&g_mp=Cidnb29nbGUubWFwcy5wbGFjZXMudjEuUGxhY2VzLlNlYXJjaFRleHQQAhgEIAA,https://lakeappliancerepair.com/meridian-id/,OPERATIONAL,point_of_interest|service|establishment
ChIJebED8JpTrlQRVxgJv9hn0As,Quality Appliance,point_of_interest,Appliance repair,(208) 714-4237,"1524 8th St NW, Meridian, ID 83642, USA",Meridian,4.8,820,https://maps.google.com/?cid=851294510188664919&g_mp=Cidnb29nbGUubWFwcy5wbGFjZXMudjEuUGxhY2VzLlNlYXJjaFRleHQQAhgEIAA,https://www.qualityapplianceserviceandrepair.com/,OPERATIONAL,point_of_interest|service|establishment
ChIJqeGv14ZWrlQR7gs799uhAdY,Home Appliance Service,supplier,Appliance repair,(208) 376-0031,"357 E Watertower Ln # G, Meridian, ID 83642, USA",Meridian,4.9,111,https://maps.google.com/?cid=15420784565211040750&g_mp=Cidnb29nbGUubWFwcy5wbGFjZXMudjEuUGxhY2VzLlNlYXJjaFRleHQQAhgEIAA,http://www.homeappl.net/,OPERATIONAL,supplier|manufacturer|point_of_interest|service|store|establishment
ChIJEVOX0g1MrlQR372zDjEEZbQ,Mr. Appliance of Southwest Idaho,point_of_interest,Appliance repair,(208) 260-5075,"1106 W Finch Dr, Nampa, ID 83651, USA",Nampa,4.9,1121,https://maps.google.com/?cid=12998800508221373919&g_mp=Cidnb29nbGUubWFwcy5wbGFjZXMudjEuUGxhY2VzLlNlYXJjaFRleHQQAhgEIAA,https://www.mrappliance.com/meridian/?cid=LSTL_MRA-US000194&utm_source=gmb&utm_campaign=local&utm_medium=organic,OPERATIONAL,point_of_interest|service|establishment
ChIJ4frG_uNTrlQRYDvOtsN5GlY,Stanley Steemer,laundry,Carpet cleaning,(208) 895-7877,"490 E Schiller Ln # 130, Meridian, ID 83642, USA",Meridian,4.7,444,https://maps.google.com/?cid=6204405318148832096&g_mp=Cidnb29nbGUubWFwcy5wbGFjZXMudjEuUGxhY2VzLlNlYXJjaFRleHQQAhgEIAA,https://www.stanleysteemer.com/locations/ID/Boise/967,OPERATIONAL,laundry|general_contractor|point_of_interest|service|establishment
ChIJEw-UOb1LrlQRWf3p1CtIzZw,Blue Bird Home Services LLC,laundry,Carpet cleaning,(208) 861-6335,"520 W Waltman Ln, Meridian, ID 83642, USA",Meridian,4.9,247,https://maps.google.com/?cid=11298766393235340633&g_mp=Cidnb29nbGUubWFwcy5wbGFjZXMudjEuUGxhY2VzLlNlYXJjaFRleHQQAhgEIAA,http://bluebirdidaho.com/,OPERATIONAL,laundry|general_contractor|point_of_interest|service|establishment
ChIJoWNZGaRUrlQRWKzrFe13Wrg,All Seasons Carpet Cleaning,laundry,Carpet cleaning,(208) 936-8197,"1283 W Hitchcock St, Meridian, ID 83646, USA",Meridian,5,60,https://maps.google.com/?cid=13284061911041420376&g_mp=Cidnb29nbGUubWFwcy5wbGFjZXMudjEuUGxhY2VzLlNlYXJjaFRleHQQAhgEIAA,http://www.welovecleancarpet.com/,OPERATIONAL,laundry|point_of_interest|service|establishment
ChIJTfP0FepTrlQRuR1u0GUtuGY,System Kleen,laundry,Carpet cleaning,(208) 884-3300,"521 W Broadway Ave, Meridian, ID 83642, USA",Meridian,4.8,204,https://maps.google.com/?cid=7401715902895234489&g_mp=Cidnb29nbGUubWFwcy5wbGFjZXMudjEuUGxhY2VzLlNlYXJjaFRleHQQAhgEIAA,https://www.systemkleen.com/,OPERATIONAL,laundry|general_contractor|point_of_interest|service|establishment
ChIJbUggJzrLIaQR0Jl0q8e42Vw,Reflekt Window Cleaning Meridian,point_of_interest,Window cleaning,(208) 617-4965,"6242 N Sweet Vly Pl, Meridian, ID 83646, USA",Meridian,4.9,56,https://maps.google.com/?cid=6690581889150130640&g_mp=Cidnb29nbGUubWFwcy5wbGFjZXMudjEuUGxhY2VzLlNlYXJjaFRleHQQAhgEIAA,https://reflektwindows.jobbersites.com/,OPERATIONAL,point_of_interest|service|establishment
ChIJf5puLeVTrlQRFp6sYFSMbCs,Window Wizard Window & Blind Cleaning,point_of_interest,Window cleaning,(208) 288-4458,"655 E King St, Meridian, ID 83642, USA",Meridian,4.8,238,https://maps.google.com/?cid=3129030135142718998&g_mp=Cidnb29nbGUubWFwcy5wbGFjZXMudjEuUGxhY2VzLlNlYXJjaFRleHQQAhgEIAA,https://www.mywindowwizard.com/,OPERATIONAL,point_of_interest|service|establishment
ChIJ4Ruu0EdXrlQR51bjkN-KtSs,"Action, LLC",electrician,Window cleaning,(208) 866-8585,"1580 N Santa Rosa Pl, Meridian, ID 83642, USA",Meridian,4.8,88,https://maps.google.com/?cid=3149576207228688103&g_mp=Cidnb29nbGUubWFwcy5wbGFjZXMudjEuUGxhY2VzLlNlYXJjaFRleHQQAhgEIAA,http://actionwindow.co/,OPERATIONAL,electrician|roofing_contractor|point_of_interest|service|establishment
ChIJx0f5P75VrlQRE6n1XOKt0Hg,R-1 Powerwash,point_of_interest,Pressure washing,(208) 602-8095,"1875 Suzan Dr, Meridian, ID 83642, USA",Meridian,5,67,https://maps.google.com/?cid=8705649267440986387&g_mp=Cidnb29nbGUubWFwcy5wbGFjZXMudjEuUGxhY2VzLlNlYXJjaFRleHQQAhgEIAA,http://www.r1powerwash.com/,OPERATIONAL,point_of_interest|service|establishment
ChIJiQFGKOlXrlQR8eeC15KDmug,Premier Cleaning Pro,point_of_interest,Pressure washing,(208) 965-4285,"1560 S Rolling Hl Dr, Meridian, ID 83642, USA",Meridian,5,5,https://maps.google.com/?cid=16760853629916866545&g_mp=Cidnb29nbGUubWFwcy5wbGFjZXMudjEuUGxhY2VzLlNlYXJjaFRleHQQAhgEIAA,http://premiercleaningpro.com/,OPERATIONAL,point_of_interest|service|establishment
ChIJJSi1cxwA3KAR5ldKsGVIWtc,Power LLC.,point_of_interest,Pressure washing,(208) 899-9960,"5271 N Fox Run Way, Meridian, ID 83646, USA",Meridian,5,18,https://maps.google.com/?cid=15517795067645024230&g_mp=Cidnb29nbGUubWFwcy5wbGFjZXMudjEuUGxhY2VzLlNlYXJjaFRleHQQAhgEIAA,https://www.powerwashidaho.com/,OPERATIONAL,point_of_interest|service|establishment
ChIJYw0yKIdTrlQRjhlKdaiYpQk,"All Panes Window Cleaning, Painting, & Pressure Washing LLC.",point_of_interest,Pressure washing,(208) 703-6806,"64 W Indian Rocks St, Meridian, ID 83646, USA",Meridian,5,34,https://maps.google.com/?cid=695129566788327822&g_mp=Cidnb29nbGUubWFwcy5wbGFjZXMudjEuUGxhY2VzLlNlYXJjaFRleHQQAhgEIAA,http://www.allpanes.com/,OPERATIONAL,point_of_interest|service|establishment
ChIJNwmRBuZTrlQRusD4zZkQzgQ,Minuteman Lock & Security,locksmith,Locksmith,(208) 888-2159,"230 N Main St, Meridian, ID 83642, USA",Meridian,4.7,164,https://maps.google.com/?cid=346232474125779130&g_mp=Cidnb29nbGUubWFwcy5wbGFjZXMudjEuUGxhY2VzLlNlYXJjaFRleHQQAhgEIAA,http://www.minutemanlock.com/,OPERATIONAL,locksmith|service|point_of_interest|establishment
ChIJzwgE78JVrlQRJfKAAwQdpm4,KeyMe Locksmiths,locksmith,Locksmith,(208) 469-4781,"1850 E Fairview Ave, Meridian, ID 83642, USA",Meridian,3.8,19,https://maps.google.com/?cid=7973092093381898789&g_mp=Cidnb29nbGUubWFwcy5wbGFjZXMudjEuUGxhY2VzLlNlYXJjaFRleHQQAhgEIAA,https://key.me/kiosks/idaho/meridian/meridian/locksmith-key-copy-meridian-fred-meyer-83642-idaho,OPERATIONAL,locksmith|service|point_of_interest|establishment
ChIJr85Y3WtVrlQRLyRG3GOOu_k,KeyMe Locksmiths,locksmith,Locksmith,(208) 494-8409,"1400 W Chinden Blvd, Meridian, ID 83686, USA",Meridian,4.6,31,https://maps.google.com/?cid=17995133295637439535&g_mp=Cidnb29nbGUubWFwcy5wbGFjZXMudjEuUGxhY2VzLlNlYXJjaFRleHQQAhgEIAA,https://key.me/kiosks/idaho/meridian/meridian/locksmith-key-copy-meridian-fred-meyer-83686-idaho,OPERATIONAL,locksmith|service|point_of_interest|establishment
ChIJiztGZRtxGAYR6dfwcPL_FKc,Qube Septic,service,Septic service,(208) 656-5355,"810 S. Quiet Creek Ln, Nampa, ID 83687, USA",Nampa,5,32,https://maps.google.com/?cid=12039529120610179049&g_mp=Cidnb29nbGUubWFwcy5wbGFjZXMudjEuUGxhY2VzLlNlYXJjaFRleHQQAhgEIAA,https://qubeseptic.com/,OPERATIONAL,service|point_of_interest|establishment
ChIJE1wNLLdNrlQR_k7gVqw1WDQ,ABC Pumping Service,service,Septic service,(208) 546-9994,"3716 Airport Rd, Nampa, ID 83687, USA",Nampa,4.8,20,https://maps.google.com/?cid=3771823702230978302&g_mp=Cidnb29nbGUubWFwcy5wbGFjZXMudjEuUGxhY2VzLlNlYXJjaFRleHQQAhgEIAA,https://abc-septic.com/locations/nampa-pumping-service/,OPERATIONAL,service|point_of_interest|establishment
ChIJ9xeKofFOrlQRrHbi0WSO9OU,Nampa & Meridian Irrigation District,supplier,Irrigation,(208) 466-0663,"5525 E Greenhurst Rd, Nampa, ID 83686, USA",Nampa,4.3,6,https://maps.google.com/?cid=16570025492672050860&g_mp=Cidnb29nbGUubWFwcy5wbGFjZXMudjEuUGxhY2VzLlNlYXJjaFRleHQQAhgEIAA,http://www.nmid.org/,OPERATIONAL,supplier|food|point_of_interest|establishment
ChIJNSqa5WpMrlQRemlMu9U4EyQ,Nampa & Meridian Irrigation District,manufacturer,Irrigation,(208) 466-7861,"1503 1st St S, Nampa, ID 83651, USA",Nampa,2.5,14,https://maps.google.com/?cid=2599483900544444794&g_mp=Cidnb29nbGUubWFwcy5wbGFjZXMudjEuUGxhY2VzLlNlYXJjaFRleHQQAhgEIAA,http://www.nmid.org,OPERATIONAL,manufacturer|government_office|point_of_interest|service|establishment
ChIJ7aENzQNUrlQRCgE05J5gkpI,SiteOne Landscape Supply,building_materials_store,Irrigation,(208) 288-2102,"2755 E Lanark St, Meridian, ID 83642, USA",Meridian,4.5,53,https://maps.google.com/?cid=10561610311686947082&g_mp=Cidnb29nbGUubWFwcy5wbGFjZXMudjEuUGxhY2VzLlNlYXJjaFRleHQQAhgEIAA,https://www.siteone.com/en/store/119,OPERATIONAL,building_materials_store|general_contractor|store|supplier|food|point_of_interest|service|establishment
ChIJH8dflUhVrlQRzq-ml7WiNTU,Water Marshals Llc dba,general_contractor,Sprinkler repair,,"5862 N Cougar Flat Ave, Meridian, ID 83646, USA",Meridian,5,14,https://maps.google.com/?cid=3834149558592909262&g_mp=Cidnb29nbGUubWFwcy5wbGFjZXMudjEuUGxhY2VzLlNlYXJjaFRleHQQAhgEIAA,https://www.auroralandscapeswm.com/,OPERATIONAL,general_contractor|service|point_of_interest|establishment
ChIJO8jVKItTrlQRGnf6YQv-aOU,Factory Direct Flooring,building_materials_store,Flooring contractor,(208) 871-3311,"910 E Franklin Rd #105, Meridian, ID 83642, USA",Meridian,4.7,68,https://maps.google.com/?cid=16530741757105305370&g_mp=Cidnb29nbGUubWFwcy5wbGFjZXMudjEuUGxhY2VzLlNlYXJjaFRleHQQAhgEIAA,http://factorydirectflooring.com/,OPERATIONAL,building_materials_store|furniture_store|home_improvement_store|home_goods_store|store|general_contractor|service|point_of_interest|establishment
ChIJGwxOyuz5rlQRvdVDdD4ZfGY,Floor Coverings International Boise,building_materials_store,Flooring contractor,(208) 803-0990,"880 E Franklin Rd #308, Meridian, ID 83642, USA",Meridian,4.9,210,https://maps.google.com/?cid=7384805245010040253&g_mp=Cidnb29nbGUubWFwcy5wbGFjZXMudjEuUGxhY2VzLlNlYXJjaFRleHQQAhgEIAA,https://floorcoveringsinternational.com/locations/us/id/boise/,OPERATIONAL,building_materials_store|furniture_store|home_improvement_store|home_goods_store|store|general_contractor|service|point_of_interest|establishment
ChIJm3YMMeZTrlQRc1fy8Gdbb-U,Meridian Floor Covering,building_materials_store,Flooring contractor,(208) 888-9103,"30 E Franklin Rd STE 70, Meridian, ID 83642, USA",Meridian,4.5,33,https://maps.google.com/?cid=16532533259082553203&g_mp=Cidnb29nbGUubWFwcy5wbGFjZXMudjEuUGxhY2VzLlNlYXJjaFRleHQQAhgEIAA,https://meridian.abbeycarpetandfloor.com/,OPERATIONAL,building_materials_store|home_goods_store|store|general_contractor|service|point_of_interest|establishment
ChIJPUacWJxTrlQRxXglYCm_pvY,Quality Flooring LLC,building_materials_store,Flooring contractor,,"3806 E Newby St Ste #105, Nampa, ID 83687, USA",Nampa,4.4,20,https://maps.google.com/?cid=17773103163891873989&g_mp=Cidnb29nbGUubWFwcy5wbGFjZXMudjEuUGxhY2VzLlNlYXJjaFRleHQQAhgEIAA,https://qualityflooringmeridian.com/,OPERATIONAL,building_materials_store|home_goods_store|store|general_contractor|service|point_of_interest|establishment
ChIJNRDQB3JUrlQRTndbuarvDR4,Meridian Tile & Stone LLC,general_contractor,Tile contractor,(208) 703-1543,"2215 N Meadowrose Pl, Meridian, ID 83646, USA",Meridian,5,21,https://maps.google.com/?cid=2165650512368334670&g_mp=Cidnb29nbGUubWFwcy5wbGFjZXMudjEuUGxhY2VzLlNlYXJjaFRleHQQAhgEIAA,http://meridiantileandstone.com/,OPERATIONAL,general_contractor|point_of_interest|service|establishment
ChIJK5ipuyhRrlQR1zB25E2bGZw,The Tile Geek LLC,general_contractor,Tile contractor,(208) 353-5745,"3540 S Falconers Pl, Meridian, ID 83642, USA",Meridian,4.7,25,https://maps.google.com/?cid=11248192303182262487&g_mp=Cidnb29nbGUubWFwcy5wbGFjZXMudjEuUGxhY2VzLlNlYXJjaFRleHQQAhgEIAA,http://www.facebook.com/thetilegeek,OPERATIONAL,general_contractor|point_of_interest|service|establishment
ChIJTc62eDndpG4Rhkzc_gteifU,Timeless Creations Tile & Remodeling,general_contractor,Tile contractor,(208) 306-4004,"10400 W Overland Rd #253, Boise, ID 83709, USA",Boise,5,59,https://maps.google.com/?cid=17692776016715205766&g_mp=Cidnb29nbGUubWFwcy5wbGFjZXMudjEuUGxhY2VzLlNlYXJjaFRleHQQAhgEIAA,http://timelesscreationstiling.com/,OPERATIONAL,general_contractor|point_of_interest|service|establishment
ChIJk7iyzyjN0S4RB6SZFXjCB9U,GC Tile and Stone,general_contractor,Tile contractor,(208) 225-4003,"764 N Oxwich Ave, Meridian, ID 83642, USA",Meridian,5,2,https://maps.google.com/?cid=15350451675929879559&g_mp=Cidnb29nbGUubWFwcy5wbGFjZXMudjEuUGxhY2VzLlNlYXJjaFRleHQQAhgEIAA,https://www.gctileandstoneid.com/,OPERATIONAL,general_contractor|point_of_interest|service|establishment
ChIJRR1DD-9TrlQRvxFQD6T9THM,Classic Kitchen Doors Inc,manufacturer,Cabinet maker,(208) 888-4774,"208 E Bower St, Meridian, ID 83642, USA",Meridian,5,14,https://maps.google.com/?cid=8308294293665092031&g_mp=Cidnb29nbGUubWFwcy5wbGFjZXMudjEuUGxhY2VzLlNlYXJjaFRleHQQAhgEIAA,http://ckdidaho.com/,OPERATIONAL,manufacturer|supplier|furniture_store|home_improvement_store|home_goods_store|store|service|point_of_interest|establishment
ChIJNRjwjehTrlQR494Kyj0BA9Y,Legacy Craft,manufacturer,Cabinet maker,(208) 223-3863,"75 W Taylor Ave Ste 300, Meridian, ID 83642, USA",Meridian,5,1,https://maps.google.com/?cid=15421170913941053155&g_mp=Cidnb29nbGUubWFwcy5wbGFjZXMudjEuUGxhY2VzLlNlYXJjaFRleHQQAhgEIAA,http://www.legacycraft.co/,OPERATIONAL,manufacturer|furniture_store|home_improvement_store|home_goods_store|store|general_contractor|service|point_of_interest|establishment
ChIJ0czkRnWRbIcRlE_EovCvM90,Crane Customs,painter,Cabinet maker,(208) 713-6313,"2121 S Woodhouse Ave, Meridian, ID 83642, USA",Meridian,5,7,https://maps.google.com/?cid=15939276954252103572&g_mp=Cidnb29nbGUubWFwcy5wbGFjZXMudjEuUGxhY2VzLlNlYXJjaFRleHQQAhgEIAA,http://cranecustom.com/,OPERATIONAL,painter|manufacturer|general_contractor|service|point_of_interest|establishment
ChIJR1LiNcJTrlQRM1hPr26U8dQ,"Distinctive Millwork & Specialties, Inc.",manufacturer,Cabinet maker,(208) 375-8848,"721 Taylor Ave, Meridian, ID 83642, USA",Meridian,5,3,https://maps.google.com/?cid=15344208608536516659&g_mp=Cidnb29nbGUubWFwcy5wbGFjZXMudjEuUGxhY2VzLlNlYXJjaFRleHQQAhgEIAA,http://www.distinctivemillwork.com/,OPERATIONAL,manufacturer|service|point_of_interest|establishment
ChIJtW5GD4FWrlQRlTLhaLYay1U,Kyles Custom Wood Shop,manufacturer,Cabinet maker,(208) 375-7776,"10849 W Emerald St, Boise, ID 83713, USA",Boise,4.1,24,https://maps.google.com/?cid=6182064284242096789&g_mp=Cidnb29nbGUubWFwcy5wbGFjZXMudjEuUGxhY2VzLlNlYXJjaFRleHQQAhgEIAA,http://www.kylescabinets.com/,OPERATIONAL,manufacturer|furniture_store|home_improvement_store|home_goods_store|store|service|point_of_interest|establishment
ChIJS2ZHr6uO2GMRopaQi6EgGqk,Eagle Fine Cabinetry,manufacturer,Cabinet maker,(208) 985-2672,"2976 E State St Ste. 120 #41, Eagle, ID 83616, USA",Eagle,5,15,https://maps.google.com/?cid=12185087620007630498&g_mp=Cidnb29nbGUubWFwcy5wbGFjZXMudjEuUGxhY2VzLlNlYXJjaFRleHQQAhgEIAA,http://eaglefinecabinetry.com/,OPERATIONAL,manufacturer|service|point_of_interest|establishment
ChIJVS4OkWVWrlQRw37-TR5z5pA,Treasure Valley Kitchen & Bath,building_materials_store,Kitchen remodel,(208) 375-7881,"272 SW 5th Ave Suite 300, Meridian, ID 83642, USA",Meridian,4.2,40,https://maps.google.com/?cid=10441159360099811011&g_mp=Cidnb29nbGUubWFwcy5wbGFjZXMudjEuUGxhY2VzLlNlYXJjaFRleHQQAhgEIAA,https://treasurevalleykitchenandbath.com/,OPERATIONAL,building_materials_store|furniture_store|home_improvement_store|home_goods_store|general_contractor|store|point_of_interest|service|establishment
ChIJe5180o9UrlQRunrfVXuLxoI,CCH Design | Remodel,home_goods_store,Kitchen remodel,(208) 573-1037,"2230 W Everest Ln #150, Meridian, ID 83646, USA",Meridian,4.8,24,https://maps.google.com/?cid=9423372632157289146&g_mp=Cidnb29nbGUubWFwcy5wbGFjZXMudjEuUGxhY2VzLlNlYXJjaFRleHQQAhgEIAA,https://www.yourhomeremodeled.com/,OPERATIONAL,home_goods_store|general_contractor|store|point_of_interest|service|establishment
ChIJWRd1xchVrlQRujSD42_WbhA,1st Choice Kitchen & Bath,building_materials_store,Kitchen remodel,(208) 955-0083,"687 N Five Mile Rd, Boise, ID 83713, USA",Boise,4.9,45,https://maps.google.com/?cid=1184119528091759802&g_mp=Cidnb29nbGUubWFwcy5wbGFjZXMudjEuUGxhY2VzLlNlYXJjaFRleHQQAhgEIAA,http://www.1stchoicekb.com/,OPERATIONAL,building_materials_store|furniture_store|home_improvement_store|home_goods_store|general_contractor|store|point_of_interest|service|establishment
ChIJf1G9kfdTrlQRrASG-MSI6ok,Apex Home Solutions,building_materials_store,Kitchen remodel,(208) 895-8563,"1994 E Franklin Rd #140, Meridian, ID 83642, USA",Meridian,5,33,https://maps.google.com/?cid=9937905907310920876&g_mp=Cidnb29nbGUubWFwcy5wbGFjZXMudjEuUGxhY2VzLlNlYXJjaFRleHQQAhgEIAA,http://www.apexhomesid.com/,OPERATIONAL,building_materials_store|furniture_store|home_improvement_store|home_goods_store|general_contractor|store|point_of_interest|service|establishment
ChIJW09g8qBVrlQRlh6UFjLLsDM,Meridian Development Group LLC,home_goods_store,Kitchen remodel,(208) 943-5998,"850 E Franklin Rd #411, Meridian, ID 83642, USA",Meridian,5,5,https://maps.google.com/?cid=3724700307823009430&g_mp=Cidnb29nbGUubWFwcy5wbGFjZXMudjEuUGxhY2VzLlNlYXJjaFRleHQQAhgEIAA,https://meridian-development.com/,OPERATIONAL,home_goods_store|general_contractor|store|point_of_interest|service|establishment
ChIJx4DMq-VTrlQRbShS1hHhDl4,Custom Bath Solutions,building_materials_store,Kitchen remodel,(208) 888-7561,"480 E Franklin Rd Suite # 108, Meridian, ID 83642, USA",Meridian,5,48,https://maps.google.com/?cid=6777601955965577325&g_mp=Cidnb29nbGUubWFwcy5wbGFjZXMudjEuUGxhY2VzLlNlYXJjaFRleHQQAhgEIAA,https://www.custombathsolutions.com/,OPERATIONAL,building_materials_store|home_improvement_store|home_goods_store|supplier|general_contractor|store|point_of_interest|service|manufacturer|establishment
ChIJ4Sppj21VrlQR2-PNAVo4v_w,Re-Bath,home_goods_store,Bathroom remodel,(208) 297-7939,"2150 E Fairview Ave suite #150, Meridian, ID 83642, USA",Meridian,4.8,492,https://maps.google.com/?cid=18212337377338057691&g_mp=Cidnb29nbGUubWFwcy5wbGFjZXMudjEuUGxhY2VzLlNlYXJjaFRleHQQAhgEIAA,https://www.rebath.com/location/meridian/?utm_source=google&utm_medium=organic&utm_campaign=gmb,OPERATIONAL,home_goods_store|general_contractor|store|point_of_interest|service|establishment
ChIJaY5xQuVTrlQRr5Mc1Fo-tQk,BathCrest of Idaho,home_goods_store,Bathroom remodel,(208) 343-8000,"272 E 5th St Suite C, Meridian, ID 83642, USA",Meridian,4.9,34,https://maps.google.com/?cid=699533876952601519&g_mp=Cidnb29nbGUubWFwcy5wbGFjZXMudjEuUGxhY2VzLlNlYXJjaFRleHQQAhgEIAA,https://www.bathcrestofidaho.com/,OPERATIONAL,home_goods_store|general_contractor|store|point_of_interest|service|establishment
ChIJd5M_4LCqr1QRMJ0LQ0ux16k,Stack Construction,point_of_interest,General contractor,(208) 899-3726,"2110 W Everest Ln #150, Meridian, ID 83646, USA",Meridian,5,13,https://maps.google.com/?cid=12238445449208110384&g_mp=Cidnb29nbGUubWFwcy5wbGFjZXMudjEuUGxhY2VzLlNlYXJjaFRleHQQAhgEIAA,http://stackconstruction.com/,OPERATIONAL,point_of_interest|general_contractor|service|establishment
ChIJszWs8i3KTSwRAui7Twal6rI,KL Construction & Remodel LLC,point_of_interest,General contractor,(208) 599-7337,"12668 Sunstone St, Nampa, ID 83651, USA",Nampa,5,23,https://maps.google.com/?cid=12892298329827567618&g_mp=Cidnb29nbGUubWFwcy5wbGFjZXMudjEuUGxhY2VzLlNlYXJjaFRleHQQAhgEIAA,https://www.klconstructionidaho.com/,OPERATIONAL,point_of_interest|service|establishment
ChIJ0dxFW9xTrlQRBjk7O_IrufM,Beniton Construction,point_of_interest,General contractor,(208) 884-0027,"389 SW 5th Ave, Meridian, ID 83642, USA",Meridian,5,10,https://maps.google.com/?cid=17562116541283776774&g_mp=Cidnb29nbGUubWFwcy5wbGFjZXMudjEuUGxhY2VzLlNlYXJjaFRleHQQAhgEIAA,http://www.beniton.com/,OPERATIONAL,point_of_interest|general_contractor|service|establishment
ChIJjY66pChNrlQRk9JsfZ-b1gA,Cascade Custom Construction,point_of_interest,General contractor,(877) 208-8843,"100 S Adkins Way STE 101, Meridian, ID 83642, USA",Meridian,4.5,8,https://maps.google.com/?cid=60406754322469523&g_mp=Cidnb29nbGUubWFwcy5wbGFjZXMudjEuUGxhY2VzLlNlYXJjaFRleHQQAhgEIAA,http://cascadecustomconstruction.com/,OPERATIONAL,point_of_interest|general_contractor|service|establishment
ChIJA0VE6vpTrlQRnUmrunZig50,Hall & Hill Construction LLC,general_contractor,General contractor,(208) 898-9910,"760 E King St # 107, Meridian, ID 83642, USA",Meridian,5,3,https://maps.google.com/?cid=11350023747981232541&g_mp=Cidnb29nbGUubWFwcy5wbGFjZXMudjEuUGxhY2VzLlNlYXJjaFRleHQQAhgEIAA,http://hall-hill.com/,OPERATIONAL,general_contractor|point_of_interest|service|establishment
ChIJ5VrGDm1NrlQRiHxVZspAi_Y,Concrete America LLC,general_contractor,Foundation repair,(986) 279-7948,"918 10th Ave N Unit A, Nampa, ID 83687, USA",Nampa,5,51,https://maps.google.com/?cid=17765364393137503368&g_mp=Cidnb29nbGUubWFwcy5wbGFjZXMudjEuUGxhY2VzLlNlYXJjaFRleHQQAhgEIAA,http://www.concreteamerica.us/,OPERATIONAL,general_contractor|service|point_of_interest|establishment
ChIJN_n7cltMrlQRUTl3J1gyDls,Gutter Done,roofing_contractor,Gutter cleaning,(208) 965-0923,"4110 W Franklin Rd, Meridian, ID 83642, USA",Meridian,4.9,235,https://maps.google.com/?cid=6561237061326027089&g_mp=Cidnb29nbGUubWFwcy5wbGFjZXMudjEuUGxhY2VzLlNlYXJjaFRleHQQAhgEIAA,https://gutterdoneidaho.com/,OPERATIONAL,roofing_contractor|point_of_interest|service|establishment
ChIJI_JyOYlVrlQR_7ZeVV1jwG4,"Idaho Seamless Gutter of Meridian, Idaho",point_of_interest,Gutter cleaning,(208) 250-9321,"3597 E Monarch Sky Ln Suite 240, Office 290, Meridian, ID 83642, USA",Meridian,5,248,https://maps.google.com/?cid=7980487792215897855&g_mp=Cidnb29nbGUubWFwcy5wbGFjZXMudjEuUGxhY2VzLlNlYXJjaFRleHQQAhgEIAA,https://www.idahoseamlessgutters.com/,OPERATIONAL,point_of_interest|service|establishment
ChIJ14ehmJcqeYsRdzproZs3pak,Spotless Rain Gutters LLC,point_of_interest,Gutter cleaning,(208) 481-9915,"1737 E Bollman St, Meridian, ID 83642, USA",Meridian,5,77,https://maps.google.com/?cid=12224237905134697079&g_mp=Cidnb29nbGUubWFwcy5wbGFjZXMudjEuUGxhY2VzLlNlYXJjaFRleHQQAhgEIAA,https://spotlessraingutters.com/,OPERATIONAL,point_of_interest|service|establishment
ChIJ7Rx-UgNTrlQRFuK4NxekJSE,Legacy Gutter Pros LLC,point_of_interest,Gutter cleaning,(208) 995-3984,"480 E Franklin Rd #101, Meridian, ID 83642, USA",Meridian,5,48,https://maps.google.com/?cid=2388495597015982614&g_mp=Cidnb29nbGUubWFwcy5wbGFjZXMudjEuUGxhY2VzLlNlYXJjaFRleHQQAhgEIAA,http://www.legacygutterpros.com/,OPERATIONAL,point_of_interest|service|establishment
ChIJzYnVQ2VRrlQRpsvdo9ExVdo,"Meridian Rain Gutters, LLC",point_of_interest,Gutter cleaning,(208) 631-6684,"81 W Bloomington Dr, Meridian, ID 83642, USA",Meridian,5,9,https://maps.google.com/?cid=15732535649755843494&g_mp=Cidnb29nbGUubWFwcy5wbGFjZXMudjEuUGxhY2VzLlNlYXJjaFRleHQQAhgEIAA,https://meridianraingutters.com/,OPERATIONAL,point_of_interest|service|establishment
ChIJOVe99NZNrlQRDC38nApQvHI,Orozco Drywall LLC,general_contractor,Drywall contractor,(208) 906-7317,"234 Smith Ave, Nampa, ID 83651, USA",Nampa,4.9,74,https://maps.google.com/?cid=8267571022459055372&g_mp=Cidnb29nbGUubWFwcy5wbGFjZXMudjEuUGxhY2VzLlNlYXJjaFRleHQQAhgEIAA,http://orozcodrywallllc.com/,OPERATIONAL,general_contractor|point_of_interest|service|establishment
ChIJE0uxOXJVrlQR6qKb6YG_N40,Ada County Drywall,general_contractor,Drywall contractor,(208) 782-7077,"2611 N Wallingford Ave, Meridian, ID 83646, USA",Meridian,5,8,https://maps.google.com/?cid=10175812447757902570&g_mp=Cidnb29nbGUubWFwcy5wbGFjZXMudjEuUGxhY2VzLlNlYXJjaFRleHQQAhgEIAA,https://adacountydrywall.com/,OPERATIONAL,general_contractor|point_of_interest|service|establishment
ChIJKVgw-dxTrlQRrNf89qySN7s,"Summit Wall Systems, Inc.",general_contractor,Drywall contractor,(208) 366-1660,"272 SW 5th Ave, Meridian, ID 83642, USA",Meridian,5,16,https://maps.google.com/?cid=13490412480387405740&g_mp=Cidnb29nbGUubWFwcy5wbGFjZXMudjEuUGxhY2VzLlNlYXJjaFRleHQQAhgEIAA,http://www.summitwall.com/,OPERATIONAL,general_contractor|point_of_interest|service|establishment
ChIJtUEucn9TrlQRL7Cj0IccICI,Energy Pro Solutions,general_contractor,Insulation contractor,(208) 350-0355,"2294 W Windchime Dr, Meridian, ID 83646, USA",Meridian,4.8,22,https://maps.google.com/?cid=2458996766190841903&g_mp=Cidnb29nbGUubWFwcy5wbGFjZXMudjEuUGxhY2VzLlNlYXJjaFRleHQQAhgEIAA,https://www.energyprosolutionsllc.com/,OPERATIONAL,general_contractor|point_of_interest|service|establishment
ChIJAWFG6ApMrlQRVTxcmp5Sh0I,Idaho Insulation,general_contractor,Insulation contractor,(208) 684-1970,"1540 11th Ave N Suite 101, Nampa, ID 83687, USA",Nampa,4.9,52,https://maps.google.com/?cid=4793891169507228757&g_mp=Cidnb29nbGUubWFwcy5wbGFjZXMudjEuUGxhY2VzLlNlYXJjaFRleHQQAhgEIAA,http://idahoinsulation.com/,OPERATIONAL,general_contractor|point_of_interest|service|establishment
ChIJ1QJOrrdTrlQRzYvX-9uDrL0,iDA,general_contractor,Insulation contractor,(208) 248-3626,"2272 W San Remo Dr, Meridian, ID 83646, USA",Meridian,5,70,https://maps.google.com/?cid=13667443950008896461&g_mp=Cidnb29nbGUubWFwcy5wbGFjZXMudjEuUGxhY2VzLlNlYXJjaFRleHQQAhgEIAA,https://idafoam.com/?utm_source=gbp,OPERATIONAL,general_contractor|point_of_interest|service|establishment
ChIJ_ZsfwtxNrlQREJSqGifLVnM,Poly Seal LLC,general_contractor,Insulation contractor,(208) 960-0034,"325 S Kings Rd, Nampa, ID 83687, USA",Nampa,5,44,https://maps.google.com/?cid=8311053531170378768&g_mp=Cidnb29nbGUubWFwcy5wbGFjZXMudjEuUGxhY2VzLlNlYXJjaFRleHQQAhgEIAA,https://poly-seal-id.com/,OPERATIONAL,general_contractor|point_of_interest|service|establishment
ChIJGT064vpTrlQR15nqKfmpQ7U,Treasure Valley Exteriors,roofing_contractor,Siding contractor,(208) 943-7308,"1915 W Cherry Ln, Meridian, ID 83642, USA",Meridian,4.8,643,https://maps.google.com/?cid=13061470231919761879&g_mp=Cidnb29nbGUubWFwcy5wbGFjZXMudjEuUGxhY2VzLlNlYXJjaFRleHQQAhgEIAA,https://www.treasurevalleyexteriors.com/,OPERATIONAL,roofing_contractor|painter|general_contractor|supplier|service|point_of_interest|establishment
ChIJb_8hn8NTrlQRROQfnWcKkck,Western Siding and Windows,supplier,Siding contractor,(208) 855-0100,"850 W Franklin Rd, Meridian, ID 83642, USA",Meridian,4.1,24,https://maps.google.com/?cid=14524401713380582468&g_mp=Cidnb29nbGUubWFwcy5wbGFjZXMudjEuUGxhY2VzLlNlYXJjaFRleHQQAhgEIAA,https://westernsiding.com/?utm_source=cumulus&utm_medium=onlinepresence&utm_campaign=gbp,OPERATIONAL,supplier|service|point_of_interest|establishment
ChIJ2-fVN1NTrlQRJnzuUt_zmFU,RNF Construction LLC,general_contractor,Deck builder,(208) 906-5467,"3313 W Cherry Ln Suite 214, Meridian, ID 83642, USA",Meridian,5,1,https://maps.google.com/?cid=6167947830178511910&g_mp=Cidnb29nbGUubWFwcy5wbGFjZXMudjEuUGxhY2VzLlNlYXJjaFRleHQQAhgEIAA,https://rnfconstructioninc.blogspot.com/,OPERATIONAL,general_contractor|manufacturer|point_of_interest|service|establishment
ChIJre1WVfFVrlQRCPXlsisrIfo,Maddyn Homes,general_contractor,Deck builder,(208) 996-3355,"13863 W Meadowdale Dr, Boise, ID 83713, USA",Boise,5,6,https://maps.google.com/?cid=18023734650398438664&g_mp=Cidnb29nbGUubWFwcy5wbGFjZXMudjEuUGxhY2VzLlNlYXJjaFRleHQQAhgEIAA,https://maddynhomes.com/,OPERATIONAL,general_contractor|point_of_interest|service|establishment
ChIJAYZVXGNTrlQRnMpvuNkVXvs,AMERICAN POOLS OF IDAHO,service,Pool service,(208) 899-9137,"327 S Riggs Spg Ave, Meridian, ID 83642, USA",Meridian,5,1,https://maps.google.com/?cid=18112938776177134236&g_mp=Cidnb29nbGUubWFwcy5wbGFjZXMudjEuUGxhY2VzLlNlYXJjaFRleHQQAhgEIAA,https://americanpoolsofidaho.com/,OPERATIONAL,service|point_of_interest|establishment
ChIJu85f6UNTrlQRdoHwL_TblB4,Four Seasons Spa & Pool,general_contractor,Pool service,(208) 887-8664,"3035 W McMillan Rd #106, Meridian, ID 83646, USA",Meridian,4.4,60,https://maps.google.com/?cid=2203627959513809270&g_mp=Cidnb29nbGUubWFwcy5wbGFjZXMudjEuUGxhY2VzLlNlYXJjaFRleHQQAhgEIAA,http://www.fourseasonsspaandpool.com/,OPERATIONAL,general_contractor|service|store|point_of_interest|establishment
ChIJpTxJqCRXrlQRHGtTdA4jxn4,BustNMoves Moving Company,moving_company,Moving company,(208) 904-0766,"1047 S Wells St #102, Meridian, ID 83642, USA",Meridian,4.9,163,https://maps.google.com/?cid=9135027439155768092&g_mp=Cidnb29nbGUubWFwcy5wbGFjZXMudjEuUGxhY2VzLlNlYXJjaFRleHQQAhgEIAA,https://bustnmoves.com/movers/meridian-id/?utm_source=gmb&utm_medium=organic&utm_campaign=listing&utm_content=meridian,OPERATIONAL,moving_company|shipping_service|storage|transportation_service|manufacturer|point_of_interest|service|store|establishment
ChIJ_Zcx_wyNKCARIYcpxiStR8w,A Moving Company,moving_company,Moving company,(208) 576-4901,"3693 E Florence Dr, Meridian, ID 83642, USA",Meridian,4.9,108,https://maps.google.com/?cid=14719924280538793761&g_mp=Cidnb29nbGUubWFwcy5wbGFjZXMudjEuUGxhY2VzLlNlYXJjaFRleHQQAhgEIAA,https://www.amovingcompanyllc.com/,OPERATIONAL,moving_company|transportation_service|point_of_interest|service|establishment
ChIJn-Opw83NKmIRU2cZe2FU3AE,Electric Monkey Moving,moving_company,Moving company,(208) 803-9122,"1388 W Elias Dr, Meridian, ID 83642, USA",Meridian,4.8,173,https://maps.google.com/?cid=134074866568095571&g_mp=Cidnb29nbGUubWFwcy5wbGFjZXMudjEuUGxhY2VzLlNlYXJjaFRleHQQAhgEIAA,https://www.electricmonkeymoving.com/,OPERATIONAL,moving_company|transportation_service|point_of_interest|service|establishment
ChIJm8M4dLP4rlQR_gTcQsIBY8Y,Two Men and a Truck Moving,moving_company,Moving company,(208) 759-0033,"5414 W Franklin Rd, Meridian, ID 83642, USA",Meridian,4.8,424,https://maps.google.com/?cid=14295271576061084926&g_mp=Cidnb29nbGUubWFwcy5wbGFjZXMudjEuUGxhY2VzLlNlYXJjaFRleHQQAhgEIAA,https://twomenandatruck.com/movers/id/boise?utm_source=google&utm_medium=organic&utm_campaign=gmb,OPERATIONAL,moving_company|shipping_service|storage|transportation_service|point_of_interest|service|store|establishment
ChIJPcEJENxVrlQRAo5l-NtWuKQ,Vantage Moving Solutions,moving_company,Moving company,(208) 740-1291,"3597 E Monarch Sky Ln Ste F-240, Meridian, ID 83646, USA",Meridian,4.9,62,https://maps.google.com/?cid=11869332320700173826&g_mp=Cidnb29nbGUubWFwcy5wbGFjZXMudjEuUGxhY2VzLlNlYXJjaFRleHQQAhgEIAA,https://www.vantagemoving.com/id/meridian-movers/?utm_source=google&utm_medium=organic&utm_campaign=MeridianGBP,OPERATIONAL,moving_company|shipping_service|storage|transportation_service|point_of_interest|service|establishment
ChIJ_0TauQBVrlQRecBIJq5gS_w,Let's Get Moving Boise,moving_company,Moving company,(208) 545-1012,"3597 E Monarch Sky Ln Suite 240, Meridian, ID 83646, USA",Meridian,5,55,https://maps.google.com/?cid=18179730621894017145&g_mp=Cidnb29nbGUubWFwcy5wbGFjZXMudjEuUGxhY2VzLlNlYXJjaFRleHQQAhgEIAA,https://letsgetmovingusa.com/locations/id/boise-movers/?utm_source=GBP&utm_medium=Organic,OPERATIONAL,moving_company|transportation_service|point_of_interest|service|store|establishment
ChIJSUIm2uRVrlQRmxNCPt74xsc,Treasure Valley Haul Away,point_of_interest,Junk removal,(208) 999-0895,"493 W Lockhart Ln, Meridian, ID 83646, USA",Meridian,5,307,https://maps.google.com/?cid=14395466892347315099&g_mp=Cidnb29nbGUubWFwcy5wbGFjZXMudjEuUGxhY2VzLlNlYXJjaFRleHQQAhgEIAA,https://treasurevalleyhaulaway.com/,OPERATIONAL,point_of_interest|service|establishment
ChIJWX894LFTrlQR7CDKpJOLAmU,The Junkluggers of Treasure Valley,point_of_interest,Junk removal,(208) 643-7726,"2873 S Cole Rd, Boise, ID 83709, USA",Boise,5,594,https://maps.google.com/?cid=7278533414025306348&g_mp=Cidnb29nbGUubWFwcy5wbGFjZXMudjEuUGxhY2VzLlNlYXJjaFRleHQQAhgEIAA,https://www.junkluggers.com/treasure-valley/?utm_source=gbp&utm_medium=organic&utm_campaign=632458_-JL0102-,OPERATIONAL,point_of_interest|service|establishment
ChIJLapwUnRNrlQR6u9xN51Q5ns,Dump Guys Junk Removal,point_of_interest,Junk removal,(208) 427-3799,"1224 1st St S Suite 102, Nampa, ID 83651, USA",Nampa,5,19,https://maps.google.com/?cid=8927911947478888426&g_mp=Cidnb29nbGUubWFwcy5wbGFjZXMudjEuUGxhY2VzLlNlYXJjaFRleHQQAhgEIAA,https://canyoncountyjunkremoval.com/,OPERATIONAL,point_of_interest|service|establishment
ChIJz63bo0O3r1QRufHW9IJKKUk,Top Shelf Junk Removal and Demolition,general_contractor,Junk removal,(208) 593-2877,"1755 N Westgate Dr Suite 110, Boise, ID 83704, USA",Boise,5,325,https://maps.google.com/?cid=5271826765127807417&g_mp=Cidnb29nbGUubWFwcy5wbGFjZXMudjEuUGxhY2VzLlNlYXJjaFRleHQQAhgEIAA,https://topshelfpros.com/,OPERATIONAL,general_contractor|point_of_interest|service|establishment
ChIJExHROGxTrlQRqLOnq-4MOJk,Lucid Auto Glass,car_repair,Glass repair,(208) 995-4914,"3506 W Patel Ct, Meridian, ID 83646, USA",Meridian,4.9,142,https://maps.google.com/?cid=11040588705720415144&g_mp=Cidnb29nbGUubWFwcy5wbGFjZXMudjEuUGxhY2VzLlNlYXJjaFRleHQQAhgEIAA,https://www.lucidautoglass.net/,OPERATIONAL,car_repair|service|point_of_interest|establishment
ChIJ12Z2qRHhqm8RMXvWOf00KxE,Shields Auto Glass,car_repair,Glass repair,(208) 996-3386,"3710 N Centrepoint Way, Meridian, ID 83646, USA",Meridian,4.9,40,https://maps.google.com/?cid=1237140784845060913&g_mp=Cidnb29nbGUubWFwcy5wbGFjZXMudjEuUGxhY2VzLlNlYXJjaFRleHQQAhgEIAA,https://shieldsautoglassllc.com/,OPERATIONAL,car_repair|service|point_of_interest|establishment
ChIJ2SQ_-mFTrlQRJqzzW7RgXCA,Integrity Auto Glass,car_repair,Glass repair,(208) 859-2447,"1843 W Franklin Rd, Meridian, ID 83642, USA",Meridian,4.9,89,https://maps.google.com/?cid=2331845034824150054&g_mp=Cidnb29nbGUubWFwcy5wbGFjZXMudjEuUGxhY2VzLlNlYXJjaFRleHQQAhgEIAA,http://www.integrityautoglass.net/,OPERATIONAL,car_repair|service|point_of_interest|establishment
ChIJu-yF5jxTrlQR7r0i-5ujF0E,Glass Now!,building_materials_store,Glass repair,(208) 780-3495,"426 N Main St, Meridian, ID 83642, USA",Meridian,4.9,62,https://maps.google.com/?cid=4690397427258277358&g_mp=Cidnb29nbGUubWFwcy5wbGFjZXMudjEuUGxhY2VzLlNlYXJjaFRleHQQAhgEIAA,https://www.myglassnow.com/,OPERATIONAL,building_materials_store|general_contractor|pet_care|car_repair|service|store|point_of_interest|establishment
ChIJswGRR-9VrlQR7bGRn06nnmY,The Windshield Guy - Meridian Idaho,building_materials_store,Glass repair,(208) 344-5566,"1255 E Fairview Ave, Meridian, ID 83642, USA",Meridian,5,2,https://maps.google.com/?cid=7394531594315346413&g_mp=Cidnb29nbGUubWFwcy5wbGFjZXMudjEuUGxhY2VzLlNlYXJjaFRleHQQAhgEIAA,http://www.thewindshieldguy.com/,OPERATIONAL,building_materials_store|car_repair|service|store|point_of_interest|establishment
ChIJMQtlaff3rlQR_loWQTNyt20,Renewal by Andersen of Boise,general_contractor,Window repair,(208) 639-9960,"3531 E Overland Rd, Meridian, ID 83642, USA",Meridian,4.9,1175,https://maps.google.com/?cid=7905913235333077758&g_mp=Cidnb29nbGUubWFwcy5wbGFjZXMudjEuUGxhY2VzLlNlYXJjaFRleHQQAhgEIAA,https://www.renewalbyandersen.com/locations/boise-id,OPERATIONAL,general_contractor|service|point_of_interest|establishment
ChIJfTTExAQRxKERViOmjZ3VM7o,Hessco Window Installations,general_contractor,Window repair,(208) 965-9783,"116 Arabian Way, Nampa, ID 83687, USA",Nampa,5,51,https://maps.google.com/?cid=13417302587529896790&g_mp=Cidnb29nbGUubWFwcy5wbGFjZXMudjEuUGxhY2VzLlNlYXJjaFRleHQQAhgEIAA,http://www.hesscowindows.com/,OPERATIONAL,general_contractor|service|point_of_interest|establishment
ChIJCT2z4chTrlQRfjYLSC-tTvg,KB Fabrication and Welding LLC,point_of_interest,Welding service,(208) 898-9353,"2675 E Lanark St, Meridian, ID 83642, USA",Meridian,4.5,23,https://maps.google.com/?cid=17892428788173321854&g_mp=Cidnb29nbGUubWFwcy5wbGFjZXMudjEuUGxhY2VzLlNlYXJjaFRleHQQAhgEIAA,https://www.kbwelding.biz/,OPERATIONAL,point_of_interest|manufacturer|general_contractor|service|establishment
ChIJJYZi00FPrlQR0Dm3DYIpaqU,Neukom Welding and Metalworking LLC,point_of_interest,Welding service,(208) 972-4506,"5874 W Lake Hazel Rd, Nampa, ID 83687, USA",Nampa,5,3,https://maps.google.com/?cid=11919385002342037968&g_mp=Cidnb29nbGUubWFwcy5wbGFjZXMudjEuUGxhY2VzLlNlYXJjaFRleHQQAhgEIAA,https://www.facebook.com/profile.php?id=100074110038050,OPERATIONAL,point_of_interest|manufacturer|service|establishment
ChIJ6Ys82FRNrlQRji0Mdr1CgYU,Treasure Valley Welding,point_of_interest,Welding service,(208) 617-9134,"8165 Waterfowl Ave, Nampa, ID 83687, USA",Nampa,5,4,https://maps.google.com/?cid=9620043660536851854&g_mp=Cidnb29nbGUubWFwcy5wbGFjZXMudjEuUGxhY2VzLlNlYXJjaFRleHQQAhgEIAA,http://treasurevalleywelding.com/,OPERATIONAL,point_of_interest|service|establishment
ChIJk1UUm3izr1QR29Ne09nk4k8,G & L Welding,car_repair,Welding service,(208) 454-3443,"10741 US-20 #26, Caldwell, ID 83605, USA",Caldwell,5,34,https://maps.google.com/?cid=5756414897938158555&g_mp=Cidnb29nbGUubWFwcy5wbGFjZXMudjEuUGxhY2VzLlNlYXJjaFRleHQQAhgEIAA,http://www.gandlwelding.com/,OPERATIONAL,car_repair|store|food|point_of_interest|supplier|manufacturer|service|establishment
ChIJ34QaafpTrlQRxVXWhsAb0E4,Master Excavation,general_contractor,Excavation contractor,(208) 884-4777,"281 N Baltic Pl, Meridian, ID 83642, USA",Meridian,4.9,242,https://maps.google.com/?cid=5679069643824059845&g_mp=Cidnb29nbGUubWFwcy5wbGFjZXMudjEuUGxhY2VzLlNlYXJjaFRleHQQAhgEIAA,https://masterexcavation.com/,OPERATIONAL,general_contractor|service|point_of_interest|establishment
ChIJcW1x-Ah1YowRbxjdOk-_kpU,Nampa Excavation Services & Dirt Yard,general_contractor,Excavation contractor,(208) 210-8710,"2672 2nd St S, Nampa, ID 83686, USA",Nampa,5,9,https://maps.google.com/?cid=10777887205261908079&g_mp=Cidnb29nbGUubWFwcy5wbGFjZXMudjEuUGxhY2VzLlNlYXJjaFRleHQQAhgEIAA,https://ndwpro.com/,OPERATIONAL,general_contractor|service|point_of_interest|establishment
ChIJGZ4Q4uvnpygRgYHRQNrIYbs,RipRock Hydro Excavation,general_contractor,Excavation contractor,(208) 803-1776,"12891 Romiro Ave, Kuna, ID 83634, USA",,5,11,https://maps.google.com/?cid=13502293997549355393&g_mp=Cidnb29nbGUubWFwcy5wbGFjZXMudjEuUGxhY2VzLlNlYXJjaFRleHQQAhgEIAA,https://riprockhydro.com/,OPERATIONAL,general_contractor|service|point_of_interest|establishment
ChIJz1LBW8dTrlQReNl454Kq0e0,Sawtooth Landworks LLC - Excavation,shipping_service,Excavation contractor,(208) 713-8871,"5706 Airport Rd, Nampa, ID 83687, USA",Nampa,5,57,https://maps.google.com/?cid=17136665536327375224&g_mp=Cidnb29nbGUubWFwcy5wbGFjZXMudjEuUGxhY2VzLlNlYXJjaFRleHQQAhgEIAA,http://www.sawtoothlandworks.biz/,OPERATIONAL,shipping_service|moving_company|transportation_service|general_contractor|service|supplier|point_of_interest|establishment
ChIJtxXAW8tRrlQRVh7xV96v4G4,"Boswell Asphalt Paving Solutions,Inc.",point_of_interest,Paving contractor,(208) 884-1050,"1651 W Jarvis Ct, Meridian, ID 83642, USA",Meridian,3.4,39,https://maps.google.com/?cid=7989579108448280150&g_mp=Cidnb29nbGUubWFwcy5wbGFjZXMudjEuUGxhY2VzLlNlYXJjaFRleHQQAhgEIAA,http://boswellpaving.com/,OPERATIONAL,point_of_interest|general_contractor|service|establishment
ChIJUV4dRktOrlQRbLHMOWs-b04,Pro Paving LLC,point_of_interest,Paving contractor,(208) 888-9300,"5575 W Summerview Ln, Nampa, ID 83687, USA",Nampa,4.9,92,https://maps.google.com/?cid=5651804687625400684&g_mp=Cidnb29nbGUubWFwcy5wbGFjZXMudjEuUGxhY2VzLlNlYXJjaFRleHQQAhgEIAA,https://propavingllc.com/,OPERATIONAL,point_of_interest|general_contractor|service|establishment
ChIJGx-lxupVrlQRkYm09v4zoAI,Delta Paving,parking_lot,Paving contractor,(208) 803-1486,"3597 E Monarch Sky Ln Suite 240, Meridian, ID 83646, USA",Meridian,4,3,https://maps.google.com/?cid=189208354503297425&g_mp=Cidnb29nbGUubWFwcy5wbGFjZXMudjEuUGxhY2VzLlNlYXJjaFRleHQQAhgEIAA,http://delta-paving.com/,OPERATIONAL,parking_lot|parking|transportation_service|point_of_interest|general_contractor|service|establishment
ChIJAz7ff7pNrlQRbNfaXDGt8MI,Express Plumbing Heating & Air,plumber,Plumber,(208) 398-0309,"3207 Garrity Blvd, Nampa, ID 83687, USA",Nampa,4.9,2397,https://maps.google.com/?cid=14046917665291425644&g_mp=Cidnb29nbGUubWFwcy5wbGFjZXMudjEuUGxhY2VzLlNlYXJjaFRleHQQAhgEIAA,https://expressplumbingidaho.com/,OPERATIONAL,plumber|general_contractor|service|point_of_interest|establishment
ChIJK6QadDNJrlQRVw3HXiS1GV0,Cleanline Plumbing Solutions,plumber,Plumber,(208) 463-4863,"1225 Madison Ave, Nampa, ID 83687, USA",Nampa,4.9,215,https://maps.google.com/?cid=6708592287758617943&g_mp=Cidnb29nbGUubWFwcy5wbGFjZXMudjEuUGxhY2VzLlNlYXJjaFRleHQQAhgEIAA,http://www.cleanlineplumbing.com/,OPERATIONAL,plumber|general_contractor|home_goods_store|store|service|point_of_interest|establishment
ChIJcQwYxu9NrlQRwBogaidVEyY,Master Plumbing,plumber,Plumber,(208) 960-1091,"1015 Caldwell Blvd Suite 4, Nampa, ID 83651, USA",Nampa,4.9,200,https://maps.google.com/?cid=2743630225771338432&g_mp=Cidnb29nbGUubWFwcy5wbGFjZXMudjEuUGxhY2VzLlNlYXJjaFRleHQQAhgEIAA,https://masterrooter.com/,OPERATIONAL,plumber|service|point_of_interest|establishment
ChIJWZcEprFNrlQR-0sUjUX9g6g,Magic Plumbing - Best Plumber in Nampa,plumber,Plumber,(208) 606-7339,"250 4th St N, Nampa, ID 83687, USA",Nampa,4.7,217,https://maps.google.com/?cid=12142827495482477563&g_mp=Cidnb29nbGUubWFwcy5wbGFjZXMudjEuUGxhY2VzLlNlYXJjaFRleHQQAhgEIAA,http://mymagicplumbing.com/,OPERATIONAL,plumber|general_contractor|service|point_of_interest|establishment
ChIJ3RhCA1nTLY4RyJEd2z0d_R0,Pristine Plumbing and Construction,plumber,Plumber,(208) 870-0148,"3615 E Newby St #101, Nampa, ID 83687, USA",Nampa,4.9,391,https://maps.google.com/?cid=2160915547714064840&g_mp=Cidnb29nbGUubWFwcy5wbGFjZXMudjEuUGxhY2VzLlNlYXJjaFRleHQQAhgEIAA,https://pristine-plumbing.com/?utm_source=google&utm_medium=organic&utm_campaign=SEO,OPERATIONAL,plumber|general_contractor|supplier|home_goods_store|store|service|point_of_interest|establishment
ChIJfdS2jHZNrlQR4fuOg0AbIyU,Jetstream Plumbing Idaho,plumber,Plumber,(208) 400-3353,"1331 11th Ave N, Nampa, ID 83687, USA",Nampa,4.9,582,https://maps.google.com/?cid=2676012567487249377&g_mp=Cidnb29nbGUubWFwcy5wbGFjZXMudjEuUGxhY2VzLlNlYXJjaFRleHQQAhgEIAA,https://jetstreamplumbing.com/,OPERATIONAL,plumber|service|point_of_interest|establishment
ChIJWdYkO7NNrlQR2Q-3k7toEAU,Wickstrom Plumbing Heating & Cooling,plumber,Plumber,(208) 214-4206,"4121 Garrity Blvd, Nampa, ID 83687, USA",Nampa,4.9,963,https://maps.google.com/?cid=364906724663431129&g_mp=Cidnb29nbGUubWFwcy5wbGFjZXMudjEuUGxhY2VzLlNlYXJjaFRleHQQAhgEIAA,https://www.wickstromphc.com/,OPERATIONAL,plumber|general_contractor|service|point_of_interest|establishment
ChIJGXnn2iNNrlQR0qn4XeFdmwM,Same Day Electric,electrician,Electrician,(208) 278-2960,"120 17th Ave N, Nampa, ID 83687, USA",Nampa,4.8,232,https://maps.google.com/?cid=259904626029537746&g_mp=Cidnb29nbGUubWFwcy5wbGFjZXMudjEuUGxhY2VzLlNlYXJjaFRleHQQAhgEIAA,https://samedayelectric.net/?utm_source=google-gbp&utm_medium=organic&utm_campaign=*246*same-day-electric-nampa,OPERATIONAL,electrician|wholesaler|store|service|point_of_interest|establishment
ChIJp7nM31Wxr1QR4ioG3Jwxksc,Same Day Electric,electrician,Electrician,(208) 466-3278,"3413 Black Butte Ct, Nampa, ID 83651, USA",Nampa,4.9,117,https://maps.google.com/?cid=14380611109923465954&g_mp=Cidnb29nbGUubWFwcy5wbGFjZXMudjEuUGxhY2VzLlNlYXJjaFRleHQQAhgEIAA,https://samedayelectric.net/?utm_source=google-gbp&utm_medium=organic&utm_campaign=*245*same-day-electric-caldwell,OPERATIONAL,electrician|wholesaler|store|service|point_of_interest|establishment
ChIJAQCkOzW1r1QRcwULjq73IGc,Amp Electric,electrician,Electrician,(208) 505-9814,"2328 W Hemingway Blvd, Nampa, ID 83651, USA",Nampa,4.9,83,https://maps.google.com/?cid=7431211714240775539&g_mp=Cidnb29nbGUubWFwcy5wbGFjZXMudjEuUGxhY2VzLlNlYXJjaFRleHQQAhgEIAA,https://amp240v.com/,OPERATIONAL,electrician|service|point_of_interest|establishment
ChIJPZ1_Mw6eFGQRdG4Nqu6HO8w,Vasilk Electric | Electrician,electrician,Electrician,(208) 546-2200,"8129 E Colter Bay Dr, Nampa, ID 83687, USA",Nampa,5,10,https://maps.google.com/?cid=14716505666488200820&g_mp=Cidnb29nbGUubWFwcy5wbGFjZXMudjEuUGxhY2VzLlNlYXJjaFRleHQQAhgEIAA,http://vasilkelectric.com/,OPERATIONAL,electrician|service|point_of_interest|establishment
ChIJu2ALsD5NrlQRrVS1UAmhNzE,Prime Electrical,electrician,Electrician,(208) 565-8708,"1219 Industrial Rd, Nampa, ID 83687, USA",Nampa,5,4,https://maps.google.com/?cid=3546480292958393517&g_mp=Cidnb29nbGUubWFwcy5wbGFjZXMudjEuUGxhY2VzLlNlYXJjaFRleHQQAhgEIAA,http://www.prime-electrical.co/,OPERATIONAL,electrician|service|point_of_interest|establishment
ChIJOY0plkNLrlQRVvUaechAmCo,Value Electric,electrician,Electrician,(208) 615-2829,"11377 W Tiekel River St, Nampa, ID 83686, USA",Nampa,5,2,https://maps.google.com/?cid=3069274375822439766&g_mp=Cidnb29nbGUubWFwcy5wbGFjZXMudjEuUGxhY2VzLlNlYXJjaFRleHQQAhgEIAA,https://valueelectric208.com/,OPERATIONAL,electrician|service|point_of_interest|establishment
ChIJH6ewQ1FMrlQRsvZ0RSUshW4,"Town & Country Electric, Inc.",electrician,Electrical contractor,(208) 467-2148,"1223 11th Ave N, Nampa, ID 83687, USA",Nampa,4.4,21,https://maps.google.com/?cid=7963820054665295538&g_mp=Cidnb29nbGUubWFwcy5wbGFjZXMudjEuUGxhY2VzLlNlYXJjaFRleHQQAhgEIAA,http://www.town-and-country-electric.com/,OPERATIONAL,electrician|service|point_of_interest|establishment
ChIJIQphda5FrlQRGM7QZ9q5Dw8,Legacy Roofing LLC,roofing_contractor,Roofer,(208) 901-1142,"10909 Pelican Ln, Nampa, ID 83686, USA",Nampa,5,274,https://maps.google.com/?cid=1085290382915325464&g_mp=Cidnb29nbGUubWFwcy5wbGFjZXMudjEuUGxhY2VzLlNlYXJjaFRleHQQAhgEIAA,https://legacyroofingidaho.com/,OPERATIONAL,roofing_contractor|general_contractor|point_of_interest|service|establishment
ChIJjy-N6WxRrlQRBwVVETaEZD0,E & H Roofing,roofing_contractor,Roofer,(208) 608-5569,"9530 S Powerline Rd, Nampa, ID 83686, USA",Nampa,4.9,144,https://maps.google.com/?cid=4423806101738554631&g_mp=Cidnb29nbGUubWFwcy5wbGFjZXMudjEuUGxhY2VzLlNlYXJjaFRleHQQAhgEIAA,http://www.ehroofing.com/,OPERATIONAL,roofing_contractor|general_contractor|point_of_interest|service|establishment
ChIJsTrEXsxTrlQRqIGMoPdTt-k,"Three Brothers, LLC",roofing_contractor,Roofer,(208) 917-1616,"2025 N Bingham Dr, Nampa, ID 83651, USA",Nampa,4.7,610,https://maps.google.com/?cid=16841021654590849448&g_mp=Cidnb29nbGUubWFwcy5wbGFjZXMudjEuUGxhY2VzLlNlYXJjaFRleHQQAhgEIAA,https://threebrothersllc.com/,OPERATIONAL,roofing_contractor|home_goods_store|general_contractor|point_of_interest|store|service|establishment
ChIJdxB3A5lOrlQRnquLKr3kFSE,Mountain View Roofing,roofing_contractor,Roofer,(208) 353-2952,"3412 Wilson Ln, Nampa, ID 83686, USA",Nampa,4.9,157,https://maps.google.com/?cid=2384063078876294046&g_mp=Cidnb29nbGUubWFwcy5wbGFjZXMudjEuUGxhY2VzLlNlYXJjaFRleHQQAhgEIAA,https://mtviewroofing.com/,OPERATIONAL,roofing_contractor|point_of_interest|service|establishment
ChIJKYEQfTpNrlQRu037dJZnJyU,M3 Roofing and Exteriors LLC,roofing_contractor,Roofer,(208) 724-0943,"18403 N Wild Goose Ave, Nampa, ID 83687, USA",Nampa,4.9,153,https://maps.google.com/?cid=2677222399400431035&g_mp=Cidnb29nbGUubWFwcy5wbGFjZXMudjEuUGxhY2VzLlNlYXJjaFRleHQQAhgEIAA,https://m3-roofing.com/,OPERATIONAL,roofing_contractor|point_of_interest|service|establishment
ChIJs7AUA3tLrlQRDDkSde5VDug,Superior Gutter and Roofing,roofing_contractor,Roofer,(208) 998-0233,"2820 Brandt Ave, Nampa, ID 83687, USA",Nampa,4.9,1062,https://maps.google.com/?cid=16721396949127936268&g_mp=Cidnb29nbGUubWFwcy5wbGFjZXMudjEuUGxhY2VzLlNlYXJjaFRleHQQAhgEIAA,https://superiorguttercompany.com/?utm_source=gmb,OPERATIONAL,roofing_contractor|point_of_interest|service|establishment
ChIJAQDw0eNMrlQRSBHflUBnA8s,Western Roofing,roofing_contractor,Roofer,(208) 466-8921,"16170 N Elder St, Nampa, ID 83687, USA",Nampa,4.8,96,https://maps.google.com/?cid=14628649541719494984&g_mp=Cidnb29nbGUubWFwcy5wbGFjZXMudjEuUGxhY2VzLlNlYXJjaFRleHQQAhgEIAA,http://western-roofing.com/,OPERATIONAL,roofing_contractor|point_of_interest|service|establishment
ChIJkZljpaJNrlQR45Q5ZWwbcBQ,Knox Construction Inc,roofing_contractor,Roofing contractor,(208) 400-3350,"2025 N Bingham Dr, Nampa, ID 83651, USA",Nampa,4.9,52,https://maps.google.com/?cid=1472707230518842595&g_mp=Cidnb29nbGUubWFwcy5wbGFjZXMudjEuUGxhY2VzLlNlYXJjaFRleHQQAhgEIAA,https://knoxrc.com/,OPERATIONAL,roofing_contractor|painter|point_of_interest|service|establishment
ChIJDdcBCmlMrlQRFM-r4sKcSfo,Owyhee Heating and Air Conditioning,general_contractor,HVAC,(208) 466-8401,"1020 1st St S, Nampa, ID 83651, USA",Nampa,4.8,995,https://maps.google.com/?cid=18035118543622360852&g_mp=Cidnb29nbGUubWFwcy5wbGFjZXMudjEuUGxhY2VzLlNlYXJjaFRleHQQAhgEIAA,https://owyheeheating.com/?utm_source=google-gbp&utm_medium=organic&utm_campaign=*153*owyhee-heating-ac-nampa,OPERATIONAL,general_contractor|service|point_of_interest|establishment
ChIJJRNRhldJrlQRyejfnQHGesM,Premier Heating & Air Conditioning Inc,general_contractor,HVAC,(208) 466-7050,"334 Palmer Dr, Nampa, ID 83686, USA",Nampa,4.9,212,https://maps.google.com/?cid=14085788494800611529&g_mp=Cidnb29nbGUubWFwcy5wbGFjZXMudjEuUGxhY2VzLlNlYXJjaFRleHQQAhgEIAA,http://www.premier-hvac.com/,OPERATIONAL,general_contractor|supplier|manufacturer|store|service|point_of_interest|establishment
ChIJ-c4UX60hlAcRap9G6b06ryk,Peppy Heating and Cooling Nampa,general_contractor,HVAC,(208) 586-3525,"16096 N 20th St, Nampa, ID 83687, USA",Nampa,5,119,https://maps.google.com/?cid=3003684063816359786&g_mp=Cidnb29nbGUubWFwcy5wbGFjZXMudjEuUGxhY2VzLlNlYXJjaFRleHQQAhgEIAA,https://callpeppy.com/service-area/nampa/?utm_source=google&utm_medium=organic&utm_campaign=gbp+nampa,OPERATIONAL,general_contractor|service|point_of_interest|establishment
ChIJLdmINFdMrlQR-r9caX9mW0M,Greens Heating & Air Conditioning,general_contractor,HVAC,(208) 465-0859,"4027 Summit Ln, Nampa, ID 83687, USA",Nampa,4.9,1222,https://maps.google.com/?cid=4853585720836407290&g_mp=Cidnb29nbGUubWFwcy5wbGFjZXMudjEuUGxhY2VzLlNlYXJjaFRleHQQAhgEIAA,http://www.greensheating.com/?utm_source=organic&utm_medium=gbp,OPERATIONAL,general_contractor|supplier|store|service|point_of_interest|establishment
ChIJI8PCWMBNrlQRBx8jLvTKjYU,"J&D Heating, Cooling, & Water",general_contractor,HVAC,(208) 254-5802,"5313 Airport Rd, Nampa, ID 83687, USA",Nampa,4.8,1004,https://maps.google.com/?cid=9623571128855502599&g_mp=Cidnb29nbGUubWFwcy5wbGFjZXMudjEuUGxhY2VzLlNlYXJjaFRleHQQAhgEIAA,https://www.getjdnow.com/?utm_source=google&utm_medium=organic&utm_campaign=gbp,OPERATIONAL,general_contractor|service|point_of_interest|establishment
ChIJ-diPyYn4rlQRaUyP-CsxG90,Boise Valley Heating & Air,general_contractor,HVAC,(208) 330-2631,"1017 N 52nd St, Nampa, ID 83687, USA",Nampa,4.9,117,https://maps.google.com/?cid=15932382171676757097&g_mp=Cidnb29nbGUubWFwcy5wbGFjZXMudjEuUGxhY2VzLlNlYXJjaFRleHQQAhgEIAA,https://www.boisevalleyheatingandair.com/,OPERATIONAL,general_contractor|supplier|manufacturer|service|point_of_interest|establishment
ChIJ3QyDRGy1r1QR7LiAMJfOjuI,"Right Now Heating, Air Conditioning & Plumbing",plumber,HVAC,(208) 585-5868,"212 Evans St, Caldwell, ID 83605, USA",Caldwell,4.8,7441,https://maps.google.com/?cid=16325212848013752556&g_mp=Cidnb29nbGUubWFwcy5wbGFjZXMudjEuUGxhY2VzLlNlYXJjaFRleHQQAhgEIAA,https://rightnowheatcool.com/?utm_source=google-gbp&utm_medium=organic&utm_campaign=*174*right-now-heating-caldwell,OPERATIONAL,plumber|general_contractor|service|point_of_interest|establishment
ChIJVRVFh3ZNrlQRS0WKJhnFRf8,The Heating & Cooling Company,general_contractor,Heating and cooling,(208) 800-2201,"912 12th Ave S, Nampa, ID 83651, USA",Nampa,5,2,https://maps.google.com/?cid=18394324964876109131&g_mp=Cidnb29nbGUubWFwcy5wbGFjZXMudjEuUGxhY2VzLlNlYXJjaFRleHQQAhgEIAA,https://www.heatcoolco.com/,OPERATIONAL,general_contractor|service|point_of_interest|establishment
ChIJlxlmwulNrlQRgxyVrUS8PfQ,Dependable Nampa Pest Control,point_of_interest,Pest control,(208) 565-2289,"2107 N Cassia St, Nampa, ID 83651, USA",Nampa,5,45,https://maps.google.com/?cid=17599429921989794947&g_mp=Cidnb29nbGUubWFwcy5wbGFjZXMudjEuUGxhY2VzLlNlYXJjaFRleHQQAhgEIAA,https://dependablenampapestcontrol.com/,OPERATIONAL,point_of_interest|service|establishment
ChIJ5yR0JCRMrlQRylKO6EKgnoE,Barrier Pest Control,point_of_interest,Pest control,(208) 463-4533,"224 12th Ave Rd, Nampa, ID 83686, USA",Nampa,4.9,1318,https://maps.google.com/?cid=9340078886442914506&g_mp=Cidnb29nbGUubWFwcy5wbGFjZXMudjEuUGxhY2VzLlNlYXJjaFRleHQQAhgEIAA,https://barrierpestcontrol.com/nampapestcontrol/,OPERATIONAL,point_of_interest|service|establishment
ChIJI6N_9OJMrlQRNWCrVKXBXtA,Saela Pest Control,point_of_interest,Pest control,(208) 551-1582,"16099 N Franklin Blvd Ste 1, Nampa, ID 83687, USA",Nampa,4.5,1760,https://maps.google.com/?cid=15014651123534094389&g_mp=Cidnb29nbGUubWFwcy5wbGFjZXMudjEuUGxhY2VzLlNlYXJjaFRleHQQAhgEIAA,https://saelapest.com/american-fork-ut-pest-control//?utm_source=gbp&utm_medium=organic&utm_campaign=boise,OPERATIONAL,point_of_interest|service|establishment
ChIJqV88dvZTrlQRNDU8GsAs00Y,Wilkinson Pest Control,point_of_interest,Pest control,(208) 228-0711,"720 16th Ave N, Nampa, ID 83687, USA",Nampa,5,159,https://maps.google.com/?cid=5103472006326400308&g_mp=Cidnb29nbGUubWFwcy5wbGFjZXMudjEuUGxhY2VzLlNlYXJjaFRleHQQAhgEIAA,http://www.wilkinsonpestcontrol.com/,OPERATIONAL,point_of_interest|service|establishment
ChIJzQvxjehTrlQRS0MgX55H0Kc,Pestcom Pest Management,point_of_interest,Pest control,(208) 795-3298,"16201 N 20th St Suite 110, Nampa, ID 83687, USA",Nampa,4.9,947,https://maps.google.com/?cid=12092243745016136523&g_mp=Cidnb29nbGUubWFwcy5wbGFjZXMudjEuUGxhY2VzLlNlYXJjaFRleHQQAhgEIAA,https://www.pestcom.com/,OPERATIONAL,point_of_interest|service|establishment
ChIJE8lLD5C1r1QRSpU7GzYry1Q,Caldwell Pest Control Pros,point_of_interest,Pest control,(208) 453-7391,"3020 Cleveland Blvd, Caldwell, ID 83605, USA",Caldwell,5,42,https://maps.google.com/?cid=6110024830843327818&g_mp=Cidnb29nbGUubWFwcy5wbGFjZXMudjEuUGxhY2VzLlNlYXJjaFRleHQQAhgEIAA,http://caldwellpestcontrolpros.site/,OPERATIONAL,point_of_interest|service|establishment
ChIJ716pF5FPrlQRr7j6P0mUvDA,Platinum Lawn & Landscape LLC,general_contractor,Landscaping,(208) 985-8399,"4812 E Greenhurst Rd, Nampa, ID 83686, USA",Nampa,5,55,https://maps.google.com/?cid=3511844851769063599&g_mp=Cidnb29nbGUubWFwcy5wbGFjZXMudjEuUGxhY2VzLlNlYXJjaFRleHQQAhgEIAA,https://www.platinumlandl.com/,OPERATIONAL,general_contractor|service|point_of_interest|establishment
ChIJe3mtTi5NrlQRH6i4X3CVsW0,Lawn Ninja Landscape and Lawncare LLC,general_contractor,Landscaping,(208) 550-9790,"Victory &, S Meridian Rd, Nampa, ID 83687, USA",Meridian,4.5,77,https://maps.google.com/?cid=7904263130886744095&g_mp=Cidnb29nbGUubWFwcy5wbGFjZXMudjEuUGxhY2VzLlNlYXJjaFRleHQQAhgEIAA,https://www.lawnninja208.com/,OPERATIONAL,general_contractor|service|point_of_interest|establishment
ChIJBavNgNZKrlQRSsZSUA527Ts,"Country Boys Landscape, LLC",swimming_pool,Landscaping,(208) 573-9527,"11460 Karcher Rd, Nampa, ID 83651, USA",Nampa,4.7,71,https://maps.google.com/?cid=4318237421567395402&g_mp=Cidnb29nbGUubWFwcy5wbGFjZXMudjEuUGxhY2VzLlNlYXJjaFRleHQQAhgEIAA,http://www.countryboyslandscape.com/,OPERATIONAL,swimming_pool|general_contractor|manufacturer|sports_activity_location|service|point_of_interest|establishment
ChIJu-M7BPJPrlQR04Js6ocX2gg,Unlimited Creation Landscape,general_contractor,Landscaping,(208) 250-2003,"3635 S High Springs St, Nampa, ID 83686, USA",Nampa,5,25,https://maps.google.com/?cid=637848169747350227&g_mp=Cidnb29nbGUubWFwcy5wbGFjZXMudjEuUGxhY2VzLlNlYXJjaFRleHQQAhgEIAA,https://www.uclandscape.com/,OPERATIONAL,general_contractor|service|point_of_interest|establishment
ChIJsQxA5e9JrlQRdxtJIzPfvw4,Hidden Creek Landscaping,general_contractor,Landscaping,(208) 606-8674,"11336 Emerald Rd, Nampa, ID 83686, USA",Nampa,5,11,https://maps.google.com/?cid=1062813447811046263&g_mp=Cidnb29nbGUubWFwcy5wbGFjZXMudjEuUGxhY2VzLlNlYXJjaFRleHQQAhgEIAA,https://hiddencreeklandscape.com/,OPERATIONAL,general_contractor|service|point_of_interest|establishment
ChIJR5JYbq5LrlQRlPC93WApfSE,Augusta Lawn Care Services of Nampa,point_of_interest,Lawn care,(208) 900-6399,"2461 W Herron Rdg Ct, Nampa, ID 83686, USA",Nampa,4.8,80,https://maps.google.com/?cid=2413130471354265748&g_mp=Cidnb29nbGUubWFwcy5wbGFjZXMudjEuUGxhY2VzLlNlYXJjaFRleHQQAhgEIAA,https://www.augustalawncareservices.com/nampa,OPERATIONAL,point_of_interest|service|establishment
ChIJc-hF-VJJrlQR02e58s2ukps,Alluring Lawn Service,general_contractor,Lawn care,(208) 724-1417,"2221 Lambert Dr, Nampa, ID 83686, USA",Nampa,4.7,62,https://maps.google.com/?cid=11210214622042351571&g_mp=Cidnb29nbGUubWFwcy5wbGFjZXMudjEuUGxhY2VzLlNlYXJjaFRleHQQAhgEIAA,http://www.alluringlawns.com/,OPERATIONAL,general_contractor|point_of_interest|service|establishment
ChIJaYZLq8NLrlQREIo2TFPzgJk,Blade Brigade Lawn Care LLC,point_of_interest,Lawn care,(208) 606-9552,"2218 Jodi Ave, Nampa, ID 83651, USA",Nampa,5,3,https://maps.google.com/?cid=11061108223908416016&g_mp=Cidnb29nbGUubWFwcy5wbGFjZXMudjEuUGxhY2VzLlNlYXJjaFRleHQQAhgEIAA,https://bladebrigadelawncare.com/,OPERATIONAL,point_of_interest|service|establishment
ChIJnWKCMOxJrlQRSPD3uKXLeTA,Brother Bear Lawn Care,general_contractor,Lawn care,(208) 576-8904,"3809 Whistler Ln, Nampa, ID 83687, USA",Nampa,4.7,24,https://maps.google.com/?cid=3493046898635829320&g_mp=Cidnb29nbGUubWFwcy5wbGFjZXMudjEuUGxhY2VzLlNlYXJjaFRleHQQAhgEIAA,http://brotherbearlawn.com/,OPERATIONAL,general_contractor|point_of_interest|service|establishment
ChIJ1e6fNQ1JrlQRaoZG9SkAUc0,Signature Lawns,point_of_interest,Lawn care,(208) 989-5454,"8019 Upland Dr, Nampa, ID 83686, USA",Nampa,4.9,97,https://maps.google.com/?cid=14794606431097489002&g_mp=Cidnb29nbGUubWFwcy5wbGFjZXMudjEuUGxhY2VzLlNlYXJjaFRleHQQAhgEIAA,http://signaturelawnsnampa.com/,OPERATIONAL,point_of_interest|service|establishment
ChIJhx8tRYVLrlQRPerafYHIUUg,Treasure Valley Mobile Auto Repair LLC,car_repair,Auto repair,(208) 740-2174,"1901 Caldwell Blvd #1076, Nampa, ID 83651, USA",Nampa,5,17,https://maps.google.com/?cid=5211166702332209725&g_mp=Cidnb29nbGUubWFwcy5wbGFjZXMudjEuUGxhY2VzLlNlYXJjaFRleHQQAhgEIAA,http://www.treasurevalleymobileautorepair.net/,OPERATIONAL,car_repair|service|point_of_interest|establishment
ChIJsU-cKG9MrlQR0uFPR-s9yhU,"Whit's Auto Repair, Inc.",car_repair,Auto repair,(208) 759-5345,"807 3rd St S, Nampa, ID 83651, USA",Nampa,4.8,589,https://maps.google.com/?cid=1570135500815065554&g_mp=Cidnb29nbGUubWFwcy5wbGFjZXMudjEuUGxhY2VzLlNlYXJjaFRleHQQAhgEIAA,https://www.whitsautorepairnampa.com/,OPERATIONAL,car_repair|service|point_of_interest|establishment
ChIJB14r0O9LrlQRYMYcKzWycfE,All Tech Auto Repair,car_repair,Auto repair,(208) 461-7506,"916 Arrowhead St, Nampa, ID 83686, USA",Nampa,4.8,650,https://maps.google.com/?cid=17397882776935253600&g_mp=Cidnb29nbGUubWFwcy5wbGFjZXMudjEuUGxhY2VzLlNlYXJjaFRleHQQAhgEIAA,https://alltechautorepair.net/,OPERATIONAL,car_repair|service|point_of_interest|establishment
ChIJxQS6csCyr1QRuOuYojrYbe0,All Auto Repair Nampa,medical_clinic,Auto repair,(208) 989-7871,"617 North Barger St, Nampa, ID 83687, USA",Nampa,4.3,113,https://maps.google.com/?cid=17108568305798015928&g_mp=Cidnb29nbGUubWFwcy5wbGFjZXMudjEuUGxhY2VzLlNlYXJjaFRleHQQAhgEIAA,http://www.all-autorepair.com/,OPERATIONAL,medical_clinic|car_repair|health|service|point_of_interest|establishment
ChIJZ3T_KmdVrlQRzMDQFww7UdU,Wylde West Automotive,car_repair,Mechanic,(208) 602-1352,"229 Smith Ave, Nampa, ID 83651, USA",Nampa,5,5,https://maps.google.com/?cid=15371131926317416652&g_mp=Cidnb29nbGUubWFwcy5wbGFjZXMudjEuUGxhY2VzLlNlYXJjaFRleHQQAhgEIAA,https://www.facebook.com/WyldeWestAuto,OPERATIONAL,car_repair|service|point_of_interest|establishment
ChIJ9WiOrZlMrlQRcnX2DiE0etA,Meineke Car Care Center,car_repair,Mechanic,(208) 505-8611,"1227 Caldwell Blvd, Nampa, ID 83651, USA",Nampa,4.5,848,https://maps.google.com/?cid=15022376823637308786&g_mp=Cidnb29nbGUubWFwcy5wbGFjZXMudjEuUGxhY2VzLlNlYXJjaFRleHQQAhgEIAA,https://www.meineke.com/locations/id/nampa-4393/?utm_source=google&utm_medium=organic&utm_campaign=gbp_website,OPERATIONAL,car_repair|store|service|point_of_interest|establishment
ChIJkUC61opPrlQRk4qxcJ82U3o,Scrub 'N Bubbles Cleaning LLC,point_of_interest,Cleaning service,(208) 899-8584,"701 N 39th St, Nampa, ID 83687, USA",Nampa,4.9,344,https://maps.google.com/?cid=8814448954112576147&g_mp=Cidnb29nbGUubWFwcy5wbGFjZXMudjEuUGxhY2VzLlNlYXJjaFRleHQQAhgEIAA,https://scrubnbubbles.com/?utm_source=google&utm_medium=local&utm_campaign=1&utm_content=primary,OPERATIONAL,point_of_interest|service|establishment
ChIJZxGxnM9LrlQRNo4hzriidEE,Extra Clean Cleaning,laundry,Cleaning service,(208) 468-8967,"1010 W Finch Dr, Nampa, ID 83651, USA",Nampa,4.8,97,https://maps.google.com/?cid=4716573624379739702&g_mp=Cidnb29nbGUubWFwcy5wbGFjZXMudjEuUGxhY2VzLlNlYXJjaFRleHQQAhgEIAA,http://extracleancleaning.com/,OPERATIONAL,laundry|point_of_interest|service|establishment
ChIJl22lnQpNrlQRHGqHWkyG6Kc,Dream Clean Maid Services - Nampa,point_of_interest,Cleaning service,(208) 580-4020,"1123 12th Ave Rd, Nampa, ID 83686, USA",Nampa,5,2,https://maps.google.com/?cid=12099068061425297948&g_mp=Cidnb29nbGUubWFwcy5wbGFjZXMudjEuUGxhY2VzLlNlYXJjaFRleHQQAhgEIAA,https://dreamcleanidaho.com/nampa,OPERATIONAL,point_of_interest|service|establishment
ChIJu7NSMKhJrlQRX843few39K8,"Scrub 'N Bubbles Cleaning, LLC",point_of_interest,Cleaning service,(208) 899-8584,"7504 Lake Hazel Rd, Nampa, ID 83687, USA",Nampa,4.8,37,https://maps.google.com/?cid=12678820339807407711&g_mp=Cidnb29nbGUubWFwcy5wbGFjZXMudjEuUGxhY2VzLlNlYXJjaFRleHQQAhgEIAA,https://scrubnbubbles.com/,OPERATIONAL,point_of_interest|service|establishment
ChIJRcdegM1b6asRYQRLAgeMwcI,PeakClean - Idaho Cleaning Pros,general_contractor,Cleaning service,(208) 871-5458,"3571 S Avondale Ave, Nampa, ID 83686, USA",Nampa,5,17,https://maps.google.com/?cid=14033651875594306657&g_mp=Cidnb29nbGUubWFwcy5wbGFjZXMudjEuUGxhY2VzLlNlYXJjaFRleHQQAhgEIAA,http://www.peakcleanidaho.com/,OPERATIONAL,general_contractor|point_of_interest|service|establishment
ChIJj58x64pMrlQRFmscpPpx0ds,"Meticulous Man Services, LLC",point_of_interest,Cleaning service,(208) 615-4781,"2522 E Maryland Ave, Nampa, ID 83686, USA",Nampa,4.8,75,https://maps.google.com/?cid=15839566685747833622&g_mp=Cidnb29nbGUubWFwcy5wbGFjZXMudjEuUGxhY2VzLlNlYXJjaFRleHQQAhgEIAA,https://meticulousmanservices.com/,OPERATIONAL,point_of_interest|service|establishment
ChIJb645-9xNrlQR7S3fLJKOJy8,Contents Cleaning Company,point_of_interest,Cleaning service,(208) 615-5555,"321 S Kings Rd, Nampa, ID 83687, USA",Nampa,5,6,https://maps.google.com/?cid=3397841202343521773&g_mp=Cidnb29nbGUubWFwcy5wbGFjZXMudjEuUGxhY2VzLlNlYXJjaFRleHQQAhgEIAA,http://www.contentscleaningco.com/,OPERATIONAL,point_of_interest|service|establishment
ChIJWzd9R5VNrlQRP-zr6uOrgl8,Trina's Cleaning Services,service,House cleaning,(208) 861-8823,"912 12th Ave S, Nampa, ID 83651, USA",Nampa,4.3,70,https://maps.google.com/?cid=6882252175962795071&g_mp=Cidnb29nbGUubWFwcy5wbGFjZXMudjEuUGxhY2VzLlNlYXJjaFRleHQQAhgEIAA,http://www.cleaningservicenampa.com/,OPERATIONAL,service|point_of_interest|establishment
ChIJAalPl8FNrlQRucSQGZHX440,Altius Office Cleaning and Janitorial - Nampa,laundry,Janitorial,(208) 917-8080,"112 9th Ave S Suite B6, Nampa, ID 83651, USA",Nampa,5,1,https://maps.google.com/?cid=10224252597260305593&g_mp=Cidnb29nbGUubWFwcy5wbGFjZXMudjEuUGxhY2VzLlNlYXJjaFRleHQQAhgEIAA,https://altiusclean.com/office-cleaning-janitorial-services-nampa-id/,OPERATIONAL,laundry|service|point_of_interest|establishment
ChIJG9mna1VNrlQRxxv6tLdubX0,High Standards Cleaning LLC,service,Janitorial,(253) 221-9714,"13206 S Pine River Way, Nampa, ID 83686, USA",Nampa,5,1,https://maps.google.com/?cid=9038001762496814023&g_mp=Cidnb29nbGUubWFwcy5wbGFjZXMudjEuUGxhY2VzLlNlYXJjaFRleHQQAhgEIAA,http://www.hscidaho.com/,OPERATIONAL,service|point_of_interest|establishment
ChIJhXaSVv9MrlQRlnCHj70waw4,"MicroClean, Inc.",laundry,Janitorial,(208) 466-0441,"1720 Industrial Rd, Nampa, ID 83687, USA",Nampa,4.9,13,https://maps.google.com/?cid=1038977729754001558&g_mp=Cidnb29nbGUubWFwcy5wbGFjZXMudjEuUGxhY2VzLlNlYXJjaFRleHQQAhgEIAA,http://www.microcleaninc.com/,OPERATIONAL,laundry|service|point_of_interest|establishment
ChIJPXc84a-0r1QRTGNlsgOlEQA,Quality Cleaning Company Idaho,service,Janitorial,(208) 890-7445,"4419 E Homedale Rd, Caldwell, ID 83607, USA",Caldwell,5,5,https://maps.google.com/?cid=4966509900555084&g_mp=Cidnb29nbGUubWFwcy5wbGFjZXMudjEuUGxhY2VzLlNlYXJjaFRleHQQAhgEIAA,https://commercialcleaningidaho.com/,OPERATIONAL,service|point_of_interest|establishment
ChIJhz9kk89NrlQRI_WOKZ7OI3s,City Wide Facility Solutions - Idaho,service,Janitorial,(208) 546-0982,"1206 N Galleria Dr, Nampa, ID 83687, USA",Nampa,5,7,https://maps.google.com/?cid=8873162869547398435&g_mp=Cidnb29nbGUubWFwcy5wbGFjZXMudjEuUGxhY2VzLlNlYXJjaFRleHQQAhgEIAA,https://gocitywide.com/idaho,OPERATIONAL,service|point_of_interest|establishment
ChIJ_f_TmllXrlQRsRfJNH-6In4,1A2C Handyman,general_contractor,Handyman,(208) 850-9030,"5307 Airport Rd, Nampa, ID 83687, USA",Nampa,5,10,https://maps.google.com/?cid=9089032053496289201&g_mp=Cidnb29nbGUubWFwcy5wbGFjZXMudjEuUGxhY2VzLlNlYXJjaFRleHQQAhgEIAA,http://1a2chandyman.com/,OPERATIONAL,general_contractor|point_of_interest|service|establishment
ChIJR8P2RVmzr1QRyuTokG04eN4,"Busy B's Handyman Solutions, LLC",general_contractor,Handyman,(208) 207-7716,"18423 Avalon Pl, Nampa, ID 83687, USA",Nampa,5,17,https://maps.google.com/?cid=16030624916859053258&g_mp=Cidnb29nbGUubWFwcy5wbGFjZXMudjEuUGxhY2VzLlNlYXJjaFRleHQQAhgEIAA,http://www.myidahohandyman.com/,OPERATIONAL,general_contractor|point_of_interest|service|establishment
ChIJL2mEbVVNrlQRLxxNgrPjK4c,Sage Fork Handyman,general_contractor,Handyman,(208) 249-8279,"4206 E Lanager Ct, Nampa, ID 83687, USA",Nampa,5,3,https://maps.google.com/?cid=9740128979243572271&g_mp=Cidnb29nbGUubWFwcy5wbGFjZXMudjEuUGxhY2VzLlNlYXJjaFRleHQQAhgEIAA,http://sageforkhandyman.com/,OPERATIONAL,general_contractor|point_of_interest|service|establishment
ChIJ9VLpnQafHW4RHvj6Gfp5IrU,Hippies & Cowboys Handyman LLC,general_contractor,Handyman,(931) 286-5736,"3720 E Green Meadows Pl, Nampa, ID 83687, USA",Nampa,5,1,https://maps.google.com/?cid=13052128785157781534&g_mp=Cidnb29nbGUubWFwcy5wbGFjZXMudjEuUGxhY2VzLlNlYXJjaFRleHQQAhgEIAA,https://www.facebook.com/profile.php?id=61567380637301,OPERATIONAL,general_contractor|point_of_interest|service|establishment
ChIJfyKGMCjb2oAR1DwZ47PHk90,Landers Home Services,plumber,Handyman,(208) 250-0058,"1519 W Florida Ave, Nampa, ID 83686, USA",Nampa,4.8,29,https://maps.google.com/?cid=15966324679381695700&g_mp=Cidnb29nbGUubWFwcy5wbGFjZXMudjEuUGxhY2VzLlNlYXJjaFRleHQQAhgEIAA,https://landershomeservices.com/,OPERATIONAL,plumber|electrician|home_goods_store|general_contractor|store|point_of_interest|service|manufacturer|establishment
ChIJHyXVL3FNrlQRd1Bncp2uiu0,Sanchez Painting L.L.C,painter,Painter,(208) 606-9567,"1900 W Deep Creek Ct, Nampa, ID 83686, USA",Nampa,5,18,https://maps.google.com/?cid=17116685325027463287&g_mp=Cidnb29nbGUubWFwcy5wbGFjZXMudjEuUGxhY2VzLlNlYXJjaFRleHQQAhgEIAA,https://sanchezpaint.com/,OPERATIONAL,painter|general_contractor|point_of_interest|service|establishment
ChIJxVKD7gS9l6IRwgoUCap8ILo,That 1 Painter Treasure Valley,painter,Painter,(208) 488-3171,"3603 E Kings Gate Dr, Nampa, ID 83687, USA",Nampa,5,280,https://maps.google.com/?cid=13411856760047930050&g_mp=Cidnb29nbGUubWFwcy5wbGFjZXMudjEuUGxhY2VzLlNlYXJjaFRleHQQAhgEIAA,https://that1painter.com/treasure-valley/,OPERATIONAL,painter|manufacturer|point_of_interest|service|establishment
ChIJ94Mo5UhMrlQR0O8UPMYE1LM,Rocky Mountain Painting Contractors,painter,Painter,(208) 703-1832,"77 N 25th St, Nampa, ID 83687, USA",Nampa,4.5,27,https://maps.google.com/?cid=12957987277309800400&g_mp=Cidnb29nbGUubWFwcy5wbGFjZXMudjEuUGxhY2VzLlNlYXJjaFRleHQQAhgEIAA,https://www.rockymountainpaintingcontractors.com/,OPERATIONAL,painter|point_of_interest|service|establishment
ChIJazf2eCBPrlQRHhcFZ0gq6to,Luxe Painting & Coatings,point_of_interest,Painter,(208) 918-6033,"1923 E Massachusetts Ave, Nampa, ID 83686, USA",Nampa,5,42,https://maps.google.com/?cid=15774467135272982302&g_mp=Cidnb29nbGUubWFwcy5wbGFjZXMudjEuUGxhY2VzLlNlYXJjaFRleHQQAhgEIAA,https://luxepaintingcoatings.com/,OPERATIONAL,point_of_interest|establishment
ChIJa-QCFxy0sYoRJBQYHiZCPP8,Splash Art Painting,point_of_interest,Painter,(208) 696-8465,"315 Nectarine St, Nampa, ID 83686, USA",Nampa,5,15,https://maps.google.com/?cid=18391647709755348004&g_mp=Cidnb29nbGUubWFwcy5wbGFjZXMudjEuUGxhY2VzLlNlYXJjaFRleHQQAhgEIAA,http://splashartpainting.com/,OPERATIONAL,point_of_interest|establishment
ChIJHao3Gh9NrlQRaP-zkOxFQuE,ALLIANCE PAINTING PROFESSIONALS LLC,painter,Painter,(208) 392-0985,"3320 Airport Rd Trlr 26, Nampa, ID 83687, USA",Nampa,5,4,https://maps.google.com/?cid=16231612889339002728&g_mp=Cidnb29nbGUubWFwcy5wbGFjZXMudjEuUGxhY2VzLlNlYXJjaFRleHQQAhgEIAA,https://alliancepaintingpros.com/,OPERATIONAL,painter|point_of_interest|service|establishment
ChIJAQA8hWdNrlQR_HkCQB_KXg8,Flatstone Concrete LLC,general_contractor,Concrete contractor,(208) 254-2202,"6327 E Lemhi Ct, Nampa, ID 83687, USA",Nampa,4.7,65,https://maps.google.com/?cid=1107544793946421756&g_mp=Cidnb29nbGUubWFwcy5wbGFjZXMudjEuUGxhY2VzLlNlYXJjaFRleHQQAhgEIAA,https://flatstoneconcretellc.com/,OPERATIONAL,general_contractor|point_of_interest|service|establishment
ChIJ5yxZSjn5TYYRICSdWXTgois,All Star Concrete,general_contractor,Concrete contractor,(208) 779-0654,"1308 W Hawk Pl, Nampa, ID 83651, USA",Nampa,5,29,https://maps.google.com/?cid=3144322280182326304&g_mp=Cidnb29nbGUubWFwcy5wbGFjZXMudjEuUGxhY2VzLlNlYXJjaFRleHQQAhgEIAA,http://www.allstarconcreteidaho.com/,OPERATIONAL,general_contractor|point_of_interest|service|establishment
ChIJDTIxbSRNrlQRE-klo9B8_dI,Luna Concrete,general_contractor,Concrete contractor,(208) 573-7247,"8169 E Brandts Creek Way, Nampa, ID 83687, USA",Nampa,5,15,https://maps.google.com/?cid=15203445152604875027&g_mp=Cidnb29nbGUubWFwcy5wbGFjZXMudjEuUGxhY2VzLlNlYXJjaFRleHQQAhgEIAA,http://corveraconcretecom.lovable.app/,OPERATIONAL,general_contractor|manufacturer|point_of_interest|service|establishment
ChIJMcPB9CtNrlQRerzCd3_dfqE,Classic Ready-Mix,general_contractor,Concrete contractor,(208) 841-7033,"1904 E Sherman Ave, Nampa, ID 83686, USA",Nampa,4.6,14,https://maps.google.com/?cid=11636982026711776378&g_mp=Cidnb29nbGUubWFwcy5wbGFjZXMudjEuUGxhY2VzLlNlYXJjaFRleHQQAhgEIAA,https://www.classicreadymix.com/,OPERATIONAL,general_contractor|manufacturer|point_of_interest|service|establishment
ChIJl8GyzGUU6W4RpNsTsIAaer8,5 Star Concrete Construction LLC,general_contractor,Concrete contractor,(208) 800-2505,"1012 N Pit Ln, Nampa, ID 83687, USA",Nampa,5,6,https://maps.google.com/?cid=13797369548415163300&g_mp=Cidnb29nbGUubWFwcy5wbGFjZXMudjEuUGxhY2VzLlNlYXJjaFRleHQQAhgEIAA,https://5starconcretefoundation.com/,OPERATIONAL,general_contractor|point_of_interest|service|establishment
ChIJOSmHbwNNrlQRl-VKewMoyA4,First Fence of Idaho LLC,general_contractor,Fencing contractor,,"411 S Garland St, Nampa, ID 83686, USA",Nampa,5,23,https://maps.google.com/?cid=1065145307291641239&g_mp=Cidnb29nbGUubWFwcy5wbGFjZXMudjEuUGxhY2VzLlNlYXJjaFRleHQQAhgEIAA,https://firstfenceofidaho.com/,OPERATIONAL,general_contractor|point_of_interest|service|establishment
ChIJzZ4oLRizr1QR6Fy_5SUrDjg,Idaho Fence Contractor,general_contractor,Fencing contractor,(208) 204-3022,"18284 N Wild Goose Ave, Nampa, ID 83687, USA",Nampa,5,53,https://maps.google.com/?cid=4039213357566221544&g_mp=Cidnb29nbGUubWFwcy5wbGFjZXMudjEuUGxhY2VzLlNlYXJjaFRleHQQAhgEIAA,https://idahofencecontractor.com/,OPERATIONAL,general_contractor|point_of_interest|service|establishment
ChIJo6_moZxLrlQRJHzEYdfjLhI,Owyhee Fence Co. LLC,general_contractor,Fencing contractor,(208) 646-4475,"11078 Smith Ave, Nampa, ID 83651, USA",Nampa,5,28,https://maps.google.com/?cid=1310235055809133604&g_mp=Cidnb29nbGUubWFwcy5wbGFjZXMudjEuUGxhY2VzLlNlYXJjaFRleHQQAhgEIAA,https://owyheefencecompany.com/,OPERATIONAL,general_contractor|point_of_interest|service|establishment
ChIJgYZOiRRNrlQRUDIechA5MwI,Vanderhoof Brothers LLC,general_contractor,Fencing contractor,(208) 606-8003,"7060 E Canterbury Ln, Nampa, ID 83687, USA",Nampa,4.9,72,https://maps.google.com/?cid=158533154684940880&g_mp=Cidnb29nbGUubWFwcy5wbGFjZXMudjEuUGxhY2VzLlNlYXJjaFRleHQQAhgEIAA,http://www.vanderhoofbrothers.com/,OPERATIONAL,general_contractor|point_of_interest|service|establishment
ChIJz9t1lIoUg2kRMLafBPIGuMY,Need Fencing Installed,general_contractor,Fencing contractor,(208) 204-3022,"18284 N Wild Goose Ave, Nampa, ID 83687, USA",Nampa,5,8,https://maps.google.com/?cid=14319202651753920048&g_mp=Cidnb29nbGUubWFwcy5wbGFjZXMudjEuUGxhY2VzLlNlYXJjaFRleHQQAhgEIAA,http://idahofencecontractor.com/,OPERATIONAL,general_contractor|manufacturer|point_of_interest|service|establishment
ChIJXbfnOqhNrlQRpqz5auAw2vs,Valleywide Patio & Fence,building_materials_store,Fencing contractor,(208) 960-1630,"800 Caldwell Blvd, Nampa, ID 83651, USA",Nampa,5,47,https://maps.google.com/?cid=18147871388868390054&g_mp=Cidnb29nbGUubWFwcy5wbGFjZXMudjEuUGxhY2VzLlNlYXJjaFRleHQQAhgEIAA,https://www.idaho.vwfence.com/,OPERATIONAL,building_materials_store|general_contractor|point_of_interest|service|store|establishment
ChIJCV96TlNLrlQR6W9jnvRH0CM,Nampa Tree Experts,service,Tree service,(208) 856-6608,"1720 Midland Blvd, Nampa, ID 83686, USA",Nampa,5,1,https://maps.google.com/?cid=2580641702438203369&g_mp=Cidnb29nbGUubWFwcy5wbGFjZXMudjEuUGxhY2VzLlNlYXJjaFRleHQQAhgEIAA,https://www.nampatreeservices.com/,OPERATIONAL,service|point_of_interest|establishment
ChIJYVpxQ9tNrlQR2IBINNlv4Lo,Timmy's Tree Service,service,Tree service,(208) 412-5647,"18 N Pit Ln, Nampa, ID 83687, USA",Nampa,4.7,460,https://maps.google.com/?cid=13465885864513536216&g_mp=Cidnb29nbGUubWFwcy5wbGFjZXMudjEuUGxhY2VzLlNlYXJjaFRleHQQAhgEIAA,https://www.timmystrees.com/?utm_source=gbp,OPERATIONAL,service|point_of_interest|establishment
ChIJl7w-C_5HrlQRoGhEL-WnyYE,HUNTER TREE SERVICES,supplier,Tree service,(208) 509-9512,"8457 Rim Rd, Nampa, ID 83686, USA",Nampa,4.9,83,https://maps.google.com/?cid=9352190703993907360&g_mp=Cidnb29nbGUubWFwcy5wbGFjZXMudjEuUGxhY2VzLlNlYXJjaFRleHQQAhgEIAA,https://huntertreeservices.net/,OPERATIONAL,supplier|general_contractor|service|point_of_interest|establishment
ChIJdxn37YBMrlQRmgRCUc7QAq0,Integrity Tree Service LLC,general_contractor,Tree service,(208) 319-4666,"715 Forsythia Dr, Nampa, ID 83651, USA",Nampa,5,13,https://maps.google.com/?cid=12466756303060075674&g_mp=Cidnb29nbGUubWFwcy5wbGFjZXMudjEuUGxhY2VzLlNlYXJjaFRleHQQAhgEIAA,http://integrity-tree-service.com/,OPERATIONAL,general_contractor|service|point_of_interest|establishment
ChIJ2aWm3NDLr1QRKapP0pMs3y8,"Parker Tree Service, Inc.",supplier,Tree service,(208) 461-8733,"3214 E Homedale Rd, Caldwell, ID 83607, USA",Caldwell,4.8,372,https://maps.google.com/?cid=3449524852989340201&g_mp=Cidnb29nbGUubWFwcy5wbGFjZXMudjEuUGxhY2VzLlNlYXJjaFRleHQQAhgEIAA,https://parkertreeservice.com/,OPERATIONAL,supplier|general_contractor|service|point_of_interest|establishment
ChIJ_0dsKLxNrlQRaEF4eCt4I_E,Pieks Tree Service,service,Tree service,(208) 989-8187,"1311 E Dewey Ave, Nampa, ID 83686, USA",Nampa,5,52,https://maps.google.com/?cid=17375863915425579368&g_mp=Cidnb29nbGUubWFwcy5wbGFjZXMudjEuUGxhY2VzLlNlYXJjaFRleHQQAhgEIAA,http://boisetreetrimming.com/,OPERATIONAL,service|point_of_interest|establishment
ChIJ58JX6pnTP2cRS27fJHol9F4,Timber Tree and Stump Removal,point_of_interest,Tree removal,(208) 724-9793,"8300 US-20 #26, Nampa, ID 83687, USA",Nampa,5,1,https://maps.google.com/?cid=6842134940417486411&g_mp=Cidnb29nbGUubWFwcy5wbGFjZXMudjEuUGxhY2VzLlNlYXJjaFRleHQQAhgEIAA,http://www.timbertreeidaho.com/,OPERATIONAL,point_of_interest|service|establishment
ChIJo2VImKlNrlQR4rFt09e5s28,A1 Garage Door Service,general_contractor,Garage door repair,(206) 567-7639,"1014 W Finch Dr, Nampa, ID 83651, USA",Nampa,4.8,275,https://maps.google.com/?cid=8048981295657497058&g_mp=Cidnb29nbGUubWFwcy5wbGFjZXMudjEuUGxhY2VzLlNlYXJjaFRleHQQAhgEIAA,https://a1garage.com/locations/idaho/nampa/garage-door-repair-and-installation-boi-83651-s.html?utm_source=google&utm_medium=organic&utm_campaign=gbpwebsite[nampa],OPERATIONAL,general_contractor|supplier|service|point_of_interest|establishment
ChIJ-SfOP_RLrlQRJT77cEyMlhU,Haney Door Service,supplier,Garage door repair,(208) 466-3543,"14648 Midway Rd, Nampa, ID 83651, USA",Nampa,5,2379,https://maps.google.com/?cid=1555584981244001829&g_mp=Cidnb29nbGUubWFwcy5wbGFjZXMudjEuUGxhY2VzLlNlYXJjaFRleHQQAhgEIAA,https://haneydoorservice.com/,OPERATIONAL,supplier|service|point_of_interest|establishment
ChIJhZQ3-5VNrlQRmpU81Ixi348,SureFix Garage Door Service,supplier,Garage door repair,(208) 242-4523,"3615 E Newby St SUITE 105, Nampa, ID 83687, USA",Nampa,5,58,https://maps.google.com/?cid=10367113224225854874&g_mp=Cidnb29nbGUubWFwcy5wbGFjZXMudjEuUGxhY2VzLlNlYXJjaFRleHQQAhgEIAA,https://surefixgarage.com/garage-door-company-idaho/?utm_campaign=google&utm_medium=organic&utm_source=google_business_profile,OPERATIONAL,supplier|service|point_of_interest|establishment
ChIJGZuajHxMrlQRz_CzJTI7qys,Nampa Garage Door Co,supplier,Garage door repair,(208) 546-9464,"132 N Gem St, Nampa, ID 83651, USA",Nampa,5,44,https://maps.google.com/?cid=3146673851215376591&g_mp=Cidnb29nbGUubWFwcy5wbGFjZXMudjEuUGxhY2VzLlNlYXJjaFRleHQQAhgEIAA,http://nampagaragedoorco.com/,OPERATIONAL,supplier|service|point_of_interest|establishment
ChIJhTo8Uu1OrlQRbRuo7yTYbeo,Garage Door 911,supplier,Garage door repair,(208) 468-9110,"4904 E Greenhurst Rd, Nampa, ID 83686, USA",Nampa,4.9,128,https://maps.google.com/?cid=16892395430487792493&g_mp=Cidnb29nbGUubWFwcy5wbGFjZXMudjEuUGxhY2VzLlNlYXJjaFRleHQQAhgEIAA,http://www.garagedoor911idaho.com/,OPERATIONAL,supplier|service|point_of_interest|establishment
ChIJ1esQl9cd24gRzRopeS43Bok,Overhead Door Company of Nampa,general_contractor,Garage door repair,(208) 467-2300,"161 Caldwell Blvd, Nampa, ID 83651, USA",Nampa,4.8,72,https://maps.google.com/?cid=9873639905797151437&g_mp=Cidnb29nbGUubWFwcy5wbGFjZXMudjEuUGxhY2VzLlNlYXJjaFRleHQQAhgEIAA,https://overheaddoorinc.com/overhead-door-company-of-nampa/?utm_source=google&utm_medium=local&utm_campaign=gmb_listing,OPERATIONAL,general_contractor|supplier|service|point_of_interest|establishment
ChIJi0mopr61r1QRspYHuMg0Eos,All Valley Appliance Repair LLP,service,Appliance repair,(208) 800-1955,"515 S 2nd Ave A, Caldwell, ID 83605, USA",Caldwell,4.7,144,https://maps.google.com/?cid=10021130157538383538&g_mp=Cidnb29nbGUubWFwcy5wbGFjZXMudjEuUGxhY2VzLlNlYXJjaFRleHQQAhgEIAA,http://www.allvalleyappliancerepair.com/?utm_campaign=gmb,OPERATIONAL,service|point_of_interest|establishment
ChIJuy9o9IFLrlQR5ke4HsaBTTA,Appliance King,service,Appliance repair,(208) 697-6133,"1400 W Hudson Ave, Nampa, ID 83651, USA",Nampa,4.2,73,https://maps.google.com/?cid=3480580774946162662&g_mp=Cidnb29nbGUubWFwcy5wbGFjZXMudjEuUGxhY2VzLlNlYXJjaFRleHQQAhgEIAA,https://www.appliancekingidaho.com/,OPERATIONAL,service|point_of_interest|establishment
ChIJuyA0wWVMrlQRDtOgJu72a2A,Express Appliance and Mattress Outlet,discount_store,Appliance repair,(208) 465-1801,"419 Caldwell Blvd, Nampa, ID 83651, USA",Nampa,4.9,295,https://maps.google.com/?cid=6947918352859845390&g_mp=Cidnb29nbGUubWFwcy5wbGFjZXMudjEuUGxhY2VzLlNlYXJjaFRleHQQAhgEIAA,https://www.expressapplianceid.com/,OPERATIONAL,discount_store|supplier|furniture_store|home_improvement_store|home_goods_store|manufacturer|store|point_of_interest|establishment
ChIJ1R8FCQyzr1QRh-wv45iH-FA,Sears Appliance Repair,service,Appliance repair,(208) 505-0446,"3309 Caldwell Blvd, Nampa, ID 83651, USA",Nampa,4.8,82,https://maps.google.com/?cid=5834562407974825095&g_mp=Cidnb29nbGUubWFwcy5wbGFjZXMudjEuUGxhY2VzLlNlYXJjaFRleHQQAhgEIAA,https://www.searshomeservices.com/locations/id/nampa/sears-appliance-repair/3309-caldwell-blvd?utm_source=GMBlisting&utm_medium=organic&utm_campaign=GMBinhomerepair&SID=1034232&phone=2085050446,OPERATIONAL,service|point_of_interest|establishment
ChIJR1QxHSoExqgRLLu7tvSSIGE,Kingsway Idaho Carpet Cleaning,laundry,Carpet cleaning,(986) 910-9741,"6218 E Mayfield Dr, Nampa, ID 83687, USA",Nampa,4.9,112,https://maps.google.com/?cid=6998755400669182764&g_mp=Cidnb29nbGUubWFwcy5wbGFjZXMudjEuUGxhY2VzLlNlYXJjaFRleHQQAhgEIAA,https://kingswayidaho.com/,OPERATIONAL,laundry|service|point_of_interest|establishment
ChIJi0Z2uiby0YARC7EVNAz4I0A,Ringo Carpet Cleaning,laundry,Carpet cleaning,(928) 486-6833,"1336 S Edgewater Cir #102, Nampa, ID 83686, USA",Nampa,5,165,https://maps.google.com/?cid=4621810373909393675&g_mp=Cidnb29nbGUubWFwcy5wbGFjZXMudjEuUGxhY2VzLlNlYXJjaFRleHQQAhgEIAA,http://ringocarpetcleaning.com/,OPERATIONAL,laundry|service|point_of_interest|establishment
ChIJW1hDZBG3r1QRTH2RksIE0mI,116 Extreme Clean,laundry,Carpet cleaning,(208) 407-1649,"7758 Ustick Rd, Nampa, ID 83687, USA",Nampa,5,338,https://maps.google.com/?cid=7120759194555350348&g_mp=Cidnb29nbGUubWFwcy5wbGFjZXMudjEuUGxhY2VzLlNlYXJjaFRleHQQAhgEIAA,https://www.116extremeclean.com/,OPERATIONAL,laundry|general_contractor|service|point_of_interest|establishment
ChIJkc64qqJNrlQRi1PfVg2qC2I,1st and Goal Carpet Cleaning,laundry,Carpet cleaning,(208) 989-5191,"Cedar Park Pl, Nampa, ID 83686, USA",Nampa,4.9,57,https://maps.google.com/?cid=7064927414729528203&g_mp=Cidnb29nbGUubWFwcy5wbGFjZXMudjEuUGxhY2VzLlNlYXJjaFRleHQQAhgEIAA,https://www.1standgoalcc.com/,OPERATIONAL,laundry|service|point_of_interest|establishment
ChIJB9eqzm5MrlQRu5Nm3v1sW34,A-1 Chemdry Carpet and Upholstery Cleaning,laundry,Carpet cleaning,(208) 606-3271,"909 3rd St S, Nampa, ID 83651, USA",Nampa,4.9,499,https://maps.google.com/?cid=9104990909273379771&g_mp=Cidnb29nbGUubWFwcy5wbGFjZXMudjEuUGxhY2VzLlNlYXJjaFRleHQQAhgEIAA,http://www.healthycleancarpet.com/?utm_campaign=gbp,OPERATIONAL,laundry|service|point_of_interest|establishment
ChIJaXtPZvFLrlQRSjr3xQqvb1k,Alert Carpet Cleaning And Services LLC,laundry,Carpet cleaning,(208) 853-1171,"611 S State St, Nampa, ID 83686, USA",Nampa,4.6,81,https://maps.google.com/?cid=6444562052596316746&g_mp=Cidnb29nbGUubWFwcy5wbGFjZXMudjEuUGxhY2VzLlNlYXJjaFRleHQQAhgEIAA,http://www.alertcarpetcleaning.net/,OPERATIONAL,laundry|service|point_of_interest|establishment
ChIJbx635RtDXawRh_9wcLKEGXg,Fresh start carpet cleaning llc,laundry,Carpet cleaning,(208) 880-5409,"8056 E Mckenzre St, Nampa, ID 83687, USA",Nampa,5,26,https://maps.google.com/?cid=8654094060894617479&g_mp=Cidnb29nbGUubWFwcy5wbGFjZXMudjEuUGxhY2VzLlNlYXJjaFRleHQQAhgEIAA,http://www.freshstartcarpetcleaningllc.com/,OPERATIONAL,laundry|service|point_of_interest|establishment
ChIJxclC-4-Dx2kRrakQIXQPslw,Window Wise,service,Window cleaning,(208) 617-9439,"715 Maple St, Nampa, ID 83686, USA",Nampa,5,23,https://maps.google.com/?cid=6679418188789229997&g_mp=Cidnb29nbGUubWFwcy5wbGFjZXMudjEuUGxhY2VzLlNlYXJjaFRleHQQAhgEIAA,http://window-wise-llc.com/,OPERATIONAL,service|point_of_interest|establishment
ChIJ-9uwdy4KxqwRRV8XFoTzRb8,Quick Clean Windows LLC,service,Window cleaning,(208) 495-5711,"11545 W Syringa Ct Ste 200, Star, ID 83669, USA",,5,17,https://maps.google.com/?cid=13782689983269134149&g_mp=Cidnb29nbGUubWFwcy5wbGFjZXMudjEuUGxhY2VzLlNlYXJjaFRleHQQAhgEIAA,https://www.quickcleanwindows.com/,OPERATIONAL,service|point_of_interest|establishment
ChIJiQCxVY5NrlQRSwRHWdhz0EQ,Speedy Windows,service,Window cleaning,(208) 284-6048,"1411 Robinson Blvd, Nampa, ID 83687, USA",Nampa,5,14,https://maps.google.com/?cid=4958590562782872651&g_mp=Cidnb29nbGUubWFwcy5wbGFjZXMudjEuUGxhY2VzLlNlYXJjaFRleHQQAhgEIAA,https://speedywindows.net/,OPERATIONAL,service|point_of_interest|establishment
ChIJ9UmItnop30sRGXybrVJlBfM,Pro Services,service,Window cleaning,(208) 450-9009,"11573 N 20th Pl, Boise, ID 83714, USA",Boise,5,133,https://maps.google.com/?cid=17511514131874413593&g_mp=Cidnb29nbGUubWFwcy5wbGFjZXMudjEuUGxhY2VzLlNlYXJjaFRleHQQAhgEIAA,http://proservicesidaho.com/,OPERATIONAL,service|point_of_interest|establishment
ChIJq-TVdhZNrlQRTYRGBoZlDfg,Express Pressure Wash Inc,service,Pressure washing,(208) 573-0242,"208 Barbara St, Nampa, ID 83687, USA",Nampa,4.5,168,https://maps.google.com/?cid=17874054122408674381&g_mp=Cidnb29nbGUubWFwcy5wbGFjZXMudjEuUGxhY2VzLlNlYXJjaFRleHQQAhgEIAA,https://www.manta.com/c/mtcfq0y/express-pressure-wash-inc,OPERATIONAL,service|point_of_interest|establishment
ChIJRXkMXTdNrlQR9-QO5ypzQRo,All Purpose Pressure Washing,service,Pressure washing,(208) 371-1583,"N Idaho Center Blvd, Nampa, ID 83687, USA",Nampa,5,25,https://maps.google.com/?cid=1891919946574652663&g_mp=Cidnb29nbGUubWFwcy5wbGFjZXMudjEuUGxhY2VzLlNlYXJjaFRleHQQAhgEIAA,https://www.pressurewashingandcleaning.com/,OPERATIONAL,service|point_of_interest|establishment
ChIJAQCQsW9NrlQRK1xNXi8_N9w,Evolution Pressure Washing,service,Pressure washing,(208) 353-4879,"16674 N Profit Cir, Nampa, ID 83687, USA",Nampa,5,1,https://maps.google.com/?cid=15868221284741372971&g_mp=Cidnb29nbGUubWFwcy5wbGFjZXMudjEuUGxhY2VzLlNlYXJjaFRleHQQAhgEIAA,https://www.evolutionpwid.com/contact,OPERATIONAL,service|point_of_interest|establishment
ChIJpeoPG-B9sUcRYbTELYAtOP4,Idaho Pressure Details,service,Pressure washing,(208) 805-9542,"3819 E Clear Springs Dr., Nampa, ID 83686, USA",Nampa,,0,https://maps.google.com/?cid=18318441512876422241&g_mp=Cidnb29nbGUubWFwcy5wbGFjZXMudjEuUGxhY2VzLlNlYXJjaFRleHQQAhgEIAA,http://idahopressuredetails.com/,OPERATIONAL,service|point_of_interest|establishment
ChIJ4awRuZxi9yoRXiwI9erpye0,"Fleet to Farm Pressure Washing, LLC",point_of_interest,Power washing,(208) 697-9898,"109 Sunnyside Dr, Caldwell, ID 83605, USA",Caldwell,5,2,https://maps.google.com/?cid=17134483452650335326&g_mp=Cidnb29nbGUubWFwcy5wbGFjZXMudjEuUGxhY2VzLlNlYXJjaFRleHQQAhgEIAA,http://www.fleettofarmpressurewashing.com/,OPERATIONAL,point_of_interest|service|establishment
ChIJ3ceaSZpMrlQRY00j55Net54,AAA-1 Lock & Key,locksmith,Locksmith,(208) 466-3742,"1507 N Midland Blvd, Nampa, ID 83651, USA",Nampa,4.7,379,https://maps.google.com/?cid=11436713768061717859&g_mp=Cidnb29nbGUubWFwcy5wbGFjZXMudjEuUGxhY2VzLlNlYXJjaFRleHQQAhgEIAA,http://aaa1lock.com/,OPERATIONAL,locksmith|point_of_interest|service|establishment
ChIJQXqLkgpNrlQRJR5brzC4gjk,Locksmith Near Me of Idaho,locksmith,Locksmith,(208) 218-8181,"1217 3rd St S Suite 107, Nampa, ID 83651, USA",Nampa,4.8,86,https://maps.google.com/?cid=4144077126374202917&g_mp=Cidnb29nbGUubWFwcy5wbGFjZXMudjEuUGxhY2VzLlNlYXJjaFRleHQQAhgEIAA,https://locksmith-near-me-idaho.com/,OPERATIONAL,locksmith|point_of_interest|service|establishment
ChIJ8xG3FJ3r12URBnquvLRlqEE,Wingate locksmith,locksmith,Locksmith,(208) 559-8150,"3819 Southside Blvd, Nampa, ID 83686, USA",Nampa,5,2,https://maps.google.com/?cid=4731143235486775814&g_mp=Cidnb29nbGUubWFwcy5wbGFjZXMudjEuUGxhY2VzLlNlYXJjaFRleHQQAhgEIAA,http://www.wingatelocksmith.com/,OPERATIONAL,locksmith|point_of_interest|service|establishment
ChIJC2F2oxdNrlQRzHEOb0xllVo,KeyMe Locksmiths,locksmith,Locksmith,(208) 547-5379,"50 2nd St S, Nampa, ID 83651, USA",Nampa,4.1,27,https://maps.google.com/?cid=6527234613898539468&g_mp=Cidnb29nbGUubWFwcy5wbGFjZXMudjEuUGxhY2VzLlNlYXJjaFRleHQQAhgEIAA,https://key.me/kiosks/idaho/nampa/nampa/locksmith-key-copy-nampa-fred-meyer-83651-idaho,OPERATIONAL,locksmith|point_of_interest|service|establishment
ChIJL-YqLLROrlQRlxxb2wmH9Gw,Elite Key Solutions,locksmith,Locksmith,(208) 440-2277,"2406 Cleveland Blvd, Caldwell, ID 83605, USA",Caldwell,4.6,134,https://maps.google.com/?cid=7851048526818253975&g_mp=Cidnb29nbGUubWFwcy5wbGFjZXMudjEuUGxhY2VzLlNlYXJjaFRleHQQAhgEIAA,https://www.elitekeysolutions.com/,OPERATIONAL,locksmith|point_of_interest|service|establishment
ChIJSy_IUgS1r1QRinaQwESm6qg,Discount Locksmith of Idaho,locksmith,Locksmith,(208) 504-1606,"1002 Blaine St #204, Caldwell, ID 83605, USA",Caldwell,4.8,204,https://maps.google.com/?cid=12171723757140866698&g_mp=Cidnb29nbGUubWFwcy5wbGFjZXMudjEuUGxhY2VzLlNlYXJjaFRleHQQAhgEIAA,https://discount-locksmith-caldwell-id.com/,OPERATIONAL,locksmith|point_of_interest|service|establishment
ChIJnceIe2RMrlQRbqtrx-mLkMs,Dave's Lock Shop,locksmith,Locksmith,(208) 466-4222,"111 3rd St S, Nampa, ID 83651, USA",Nampa,4.8,202,https://maps.google.com/?cid=14668377822535068526&g_mp=Cidnb29nbGUubWFwcy5wbGFjZXMudjEuUGxhY2VzLlNlYXJjaFRleHQQAhgEIAA,http://daves-lock-shop-inc.multiscreensite.com/,OPERATIONAL,locksmith|point_of_interest|service|establishment
ChIJg4LPMQm1r1QRoB2vfMbXieQ,Canyon Septic Services LLC,service,Septic service,(208) 454-2692,"16152 Lonkey Ln, Caldwell, ID 83607, USA",Caldwell,5,83,https://maps.google.com/?cid=16467930759952276896&g_mp=Cidnb29nbGUubWFwcy5wbGFjZXMudjEuUGxhY2VzLlNlYXJjaFRleHQQAhgEIAA,http://canyonsepticidaho.com/,OPERATIONAL,service|point_of_interest|establishment
ChIJFxgXHlBMrlQR1BmUsLBZJRo,Pipeco Irrigation Supply Nampa,building_materials_store,Irrigation,(208) 466-8916,"1504 Garrity Blvd, Nampa, ID 83687, USA",Nampa,4.5,96,https://maps.google.com/?cid=1884010634536032724&g_mp=Cidnb29nbGUubWFwcy5wbGFjZXMudjEuUGxhY2VzLlNlYXJjaFRleHQQAhgEIAA,http://www.pipecoidaho.com/,OPERATIONAL,building_materials_store|home_improvement_store|general_contractor|home_goods_store|supplier|food|point_of_interest|service|store|establishment
ChIJyZhGGb4hA0MRN3H0iweUFA0,Focal Point Smart Irrigation,general_contractor,Irrigation,(208) 701-2023,"1123 12th Ave Rd #158, Nampa, ID 83686, USA",Nampa,5,27,https://maps.google.com/?cid=942540982161010999&g_mp=Cidnb29nbGUubWFwcy5wbGFjZXMudjEuUGxhY2VzLlNlYXJjaFRleHQQAhgEIAA,http://focalpointsmartirrigation.com/,OPERATIONAL,general_contractor|point_of_interest|service|establishment
ChIJnWudR7BNrlQRtBJ06JDTZ2U,Silver Creek Supply,building_materials_store,Irrigation,(208) 463-0519,"3713 Garrity Blvd, Nampa, ID 83687, USA",Nampa,4.3,96,https://maps.google.com/?cid=7307041539760591540&g_mp=Cidnb29nbGUubWFwcy5wbGFjZXMudjEuUGxhY2VzLlNlYXJjaFRleHQQAhgEIAA,https://www.heritagelandscapesupplygroup.com/en/distributor-network/SCSNAMP/,OPERATIONAL,building_materials_store|general_contractor|point_of_interest|service|store|establishment
ChIJswYL6CpSE6gRWHAwf8RFjmA,Everything Irrigation Holding Inc,general_contractor,Irrigation,(208) 559-6974,"Nampa, ID 83651, USA",Nampa,5,41,https://maps.google.com/?cid=6957575184583782488&g_mp=Cidnb29nbGUubWFwcy5wbGFjZXMudjEuUGxhY2VzLlNlYXJjaFRleHQQAhgEIAA,https://www.208everythingirrigation.com/,OPERATIONAL,general_contractor|point_of_interest|service|establishment
ChIJE7hI_SdJrlQRNSf6QwgeUhY,Backflow and Sprinkler Service Pro LLC,general_contractor,Irrigation,(208) 971-8059,"1001 Sage Creek Rd, Nampa, ID 83686, USA",Nampa,5,206,https://maps.google.com/?cid=1608381037773727541&g_mp=Cidnb29nbGUubWFwcy5wbGFjZXMudjEuUGxhY2VzLlNlYXJjaFRleHQQAhgEIAA,https://www.backflowandsprinklerservicepro.com/,OPERATIONAL,general_contractor|point_of_interest|service|establishment
ChIJ5ePKFGGXpooRR02W-FfGpyI,EB Flooring LLC,general_contractor,Flooring contractor,(208) 249-0370,"1720 N Midland Blvd, Nampa, ID 83651, USA",Nampa,5,3,https://maps.google.com/?cid=2497182599535283527&g_mp=Cidnb29nbGUubWFwcy5wbGFjZXMudjEuUGxhY2VzLlNlYXJjaFRleHQQAhgEIAA,https://www.ebflooring.com/,OPERATIONAL,general_contractor|point_of_interest|service|establishment
ChIJU0-6dlhWrlQRy7wGx0ysSzY,Nampa Floors & Interiors,building_materials_store,Flooring contractor,(208) 376-6363,"1276 S Maple Grove Rd, Boise, ID 83709, USA",Boise,4.9,331,https://maps.google.com/?cid=3912410147058007243&g_mp=Cidnb29nbGUubWFwcy5wbGFjZXMudjEuUGxhY2VzLlNlYXJjaFRleHQQAhgEIAA,http://www.nampafloors.com/,OPERATIONAL,building_materials_store|furniture_store|home_improvement_store|home_goods_store|general_contractor|point_of_interest|store|service|establishment
ChIJLdmINFdMrlQRmlHWW6D3f54,Nampa Floors & Interiors,building_materials_store,Flooring contractor,(208) 466-8461,"2121 E Plaza Loop, Nampa, ID 83687, USA",Nampa,4.7,557,https://maps.google.com/?cid=11421119448142467482&g_mp=Cidnb29nbGUubWFwcy5wbGFjZXMudjEuUGxhY2VzLlNlYXJjaFRleHQQAhgEIAA,https://www.nampafloors.com/,OPERATIONAL,building_materials_store|supplier|home_goods_store|general_contractor|point_of_interest|store|service|establishment
ChIJbSXXbWxMrlQROpbThNgnNH0,Dillabaugh's Carpet One Floor & Home,building_materials_store,Flooring contractor,(208) 475-3228,"323 12th Ave S, Nampa, ID 83651, USA",Nampa,4.9,241,https://maps.google.com/?cid=9021879764424824378&g_mp=Cidnb29nbGUubWFwcy5wbGFjZXMudjEuUGxhY2VzLlNlYXJjaFRleHQQAhgEIAA,http://dillabaughscarpetone.com/,OPERATIONAL,building_materials_store|supplier|furniture_store|home_improvement_store|home_goods_store|general_contractor|point_of_interest|store|service|establishment
ChIJga7ME6cBeaERwY_Zw7yj6uo,HSB Tile LLC,general_contractor,Tile contractor,(208) 800-2641,"1809 S Suncroft Ave, Nampa, ID 83686, USA",Nampa,4.8,22,https://maps.google.com/?cid=16927522180560424897&g_mp=Cidnb29nbGUubWFwcy5wbGFjZXMudjEuUGxhY2VzLlNlYXJjaFRleHQQAhgEIAA,https://hsbtile.com/,OPERATIONAL,general_contractor|home_goods_store|store|point_of_interest|service|establishment
ChIJ6W9ItbYwJQgRShXAarq5aJk,Precision Tiling and Epoxy LLC,general_contractor,Tile contractor,(320) 493-1597,"1328 S Edgewater Cir, Nampa, ID 83686, USA",Nampa,5,10,https://maps.google.com/?cid=11054289495686911306&g_mp=Cidnb29nbGUubWFwcy5wbGFjZXMudjEuUGxhY2VzLlNlYXJjaFRleHQQAhgEIAA,https://www.facebook.com/precisiontme,OPERATIONAL,general_contractor|point_of_interest|service|establishment
ChIJzc-LKWlMrlQRnAsvQYOnW3Q,Forest Creek Cabinetry,general_contractor,Cabinet maker,(208) 391-3682,"211 9th Ave S, Nampa, ID 83651, USA",Nampa,4.7,29,https://maps.google.com/?cid=8384479313456466844&g_mp=Cidnb29nbGUubWFwcy5wbGFjZXMudjEuUGxhY2VzLlNlYXJjaFRleHQQAhgEIAA,http://www.forestcreekcabinetry.com/,OPERATIONAL,general_contractor|home_goods_store|manufacturer|service|store|point_of_interest|establishment
ChIJifAOkLpNrlQRndYMoioFoZE,Chapel Hill,manufacturer,Cabinet maker,(208) 442-8044,"4016 Summit Ln, Nampa, ID 83687, USA",Nampa,4.6,7,https://maps.google.com/?cid=10493674287415482013&g_mp=Cidnb29nbGUubWFwcy5wbGFjZXMudjEuUGxhY2VzLlNlYXJjaFRleHQQAhgEIAA,http://www.chapelhillcabinetry.com/,OPERATIONAL,manufacturer|service|point_of_interest|establishment
ChIJq6quJI9MrlQR0AEc-uWV1Po,Legacy Craft,manufacturer,Cabinet maker,(208) 223-3863,"414 Caldwell Blvd, Nampa, ID 83651, USA",Nampa,5,1,https://maps.google.com/?cid=18074236019520831952&g_mp=Cidnb29nbGUubWFwcy5wbGFjZXMudjEuUGxhY2VzLlNlYXJjaFRleHQQAhgEIAA,http://www.legacycraft.co/,OPERATIONAL,manufacturer|service|point_of_interest|establishment
ChIJ3S7ZMktNrlQRFBTyWvCgZZI,Pacific West Cabinetry,manufacturer,Cabinet maker,(208) 849-3612,"3618 E Newby St, Nampa, ID 83687, USA",Nampa,,0,https://maps.google.com/?cid=10549014656363664404&g_mp=Cidnb29nbGUubWFwcy5wbGFjZXMudjEuUGxhY2VzLlNlYXJjaFRleHQQAhgEIAA,https://pwcquality.com/,OPERATIONAL,manufacturer|service|point_of_interest|establishment
ChIJZ6rO1bJNrlQRDzurKAZ61yE,Porter's Custom Cabinets,manufacturer,Cabinet maker,(208) 466-3877,"405 N Kings Rd, Nampa, ID 83687, USA",Nampa,4.2,5,https://maps.google.com/?cid=2438551890115115791&g_mp=Cidnb29nbGUubWFwcy5wbGFjZXMudjEuUGxhY2VzLlNlYXJjaFRleHQQAhgEIAA,http://www.porterscustomcabinets.com/,OPERATIONAL,manufacturer|service|point_of_interest|establishment
ChIJf-ljFxtNrlQR68yk8izWjoU,River City Cabinetry,building_materials_store,Cabinet maker,(208) 559-5302,"2603 Sundance Rd # 100, Nampa, ID 83651, USA",Nampa,4.9,27,https://maps.google.com/?cid=9623864942275120363&g_mp=Cidnb29nbGUubWFwcy5wbGFjZXMudjEuUGxhY2VzLlNlYXJjaFRleHQQAhgEIAA,https://www.rivercitycabinetsidaho.com/,OPERATIONAL,building_materials_store|furniture_store|home_improvement_store|home_goods_store|store|point_of_interest|establishment
ChIJsTcXiCtMS6ARWTykiOdih48,Freimark Construction,home_goods_store,Kitchen remodel,(208) 810-0874,"776 E Riverside Dr, Eagle, ID 83616, USA",Eagle,5,22,https://maps.google.com/?cid=10342343815849065561&g_mp=Cidnb29nbGUubWFwcy5wbGFjZXMudjEuUGxhY2VzLlNlYXJjaFRleHQQAhgEIAA,https://freimarkconstruction.com/,OPERATIONAL,home_goods_store|general_contractor|store|point_of_interest|service|establishment
ChIJ-cuu9jJJrlQRGJlepWS8qAk,Good Works R&C,point_of_interest,Kitchen remodel,(208) 912-8444,"435 W Wycliff Dr, Nampa, ID 83686, USA",Nampa,5,10,https://maps.google.com/?cid=696013282885933336&g_mp=Cidnb29nbGUubWFwcy5wbGFjZXMudjEuUGxhY2VzLlNlYXJjaFRleHQQAhgEIAA,https://goodworksrnc.com/,OPERATIONAL,point_of_interest|service|establishment
ChIJvcc1VTBNrlQRGjYdBfx7PNQ,Max Fix Renovation LLC Construction and Remodeling services.,general_contractor,Kitchen remodel,(208) 505-7212,"16928 N Kettering Ct, Nampa, ID 83687, USA",Nampa,5,2,https://maps.google.com/?cid=15293234756991137306&g_mp=Cidnb29nbGUubWFwcy5wbGFjZXMudjEuUGxhY2VzLlNlYXJjaFRleHQQAhgEIAA,http://maxfixpro.com/,OPERATIONAL,general_contractor|painter|home_goods_store|store|point_of_interest|service|establishment
ChIJQU9wu99NrlQRjqZ_1ev8cKA,Refinish First in Nampa,home_goods_store,Bathroom remodel,(208) 505-6635,"104 9th Ave S #B5, Nampa, ID 83651, USA",Nampa,4.7,82,https://maps.google.com/?cid=11561018333289490062&g_mp=Cidnb29nbGUubWFwcy5wbGFjZXMudjEuUGxhY2VzLlNlYXJjaFRleHQQAhgEIAA,https://refinishfirst.net/?utm_source=gbp&utm_medium=nampa,OPERATIONAL,home_goods_store|store|point_of_interest|general_contractor|service|establishment
ChIJAQCct3NMrlQRBl4WvNC4_iQ,Remodels Plus LLC,home_goods_store,Bathroom remodel,(208) 467-9307,"923 9th Ave S, Nampa, ID 83651, USA",Nampa,,0,https://maps.google.com/?cid=2665771236098203142&g_mp=Cidnb29nbGUubWFwcy5wbGFjZXMudjEuUGxhY2VzLlNlYXJjaFRleHQQAhgEIAA,https://remodelsplusllc.com/,OPERATIONAL,home_goods_store|store|point_of_interest|general_contractor|service|establishment
ChIJ5ZXWZFp0V6URjldvtDa1ZEk,Mallard Custom Construction llc,home_goods_store,Bathroom remodel,(208) 249-4402,"11224 W Hunt Ave, Nampa, ID 83651, USA",Nampa,5,6,https://maps.google.com/?cid=5288551108999862158&g_mp=Cidnb29nbGUubWFwcy5wbGFjZXMudjEuUGxhY2VzLlNlYXJjaFRleHQQAhgEIAA,http://mallardcustom.com/,OPERATIONAL,home_goods_store|store|point_of_interest|manufacturer|general_contractor|service|establishment
ChIJb3X2UTchro4Ry0TnrAOoWvg,Evolution Drywall and Remodeling LLC,general_contractor,General contractor,(661) 510-9752,"331 W Washington Ave, Nampa, ID 83686, USA",Nampa,5,10,https://maps.google.com/?cid=17895800803049293003&g_mp=Cidnb29nbGUubWFwcy5wbGFjZXMudjEuUGxhY2VzLlNlYXJjaFRleHQQAhgEIAA,https://evolutiondrywallandremodeling.com/,OPERATIONAL,general_contractor|point_of_interest|service|establishment
ChIJo7uO2GdNrlQRJrTlEmsFj9I,CAID Company LLC,general_contractor,General contractor,,"803 S Powerline Rd, Nampa, ID 83686, USA",Nampa,4.8,78,https://maps.google.com/?cid=15172351627071173670&g_mp=Cidnb29nbGUubWFwcy5wbGFjZXMudjEuUGxhY2VzLlNlYXJjaFRleHQQAhgEIAA,http://www.caidcompany.com/,OPERATIONAL,general_contractor|point_of_interest|service|establishment
ChIJXT12pGJMrlQRKrWpv49-mgc,Mussell Construction,general_contractor,General contractor,(208) 466-3331,"315 11th Ave S Suite 140, Nampa, ID 83651, USA",Nampa,4.2,16,https://maps.google.com/?cid=547889460539929898&g_mp=Cidnb29nbGUubWFwcy5wbGFjZXMudjEuUGxhY2VzLlNlYXJjaFRleHQQAhgEIAA,http://mussellconstruction.com/,OPERATIONAL,general_contractor|point_of_interest|service|establishment
ChIJCYmGNkNMrlQRYli6fuyLmuE,"HCD, Inc.",general_contractor,General contractor,(208) 442-9900,"1012 4th St N, Nampa, ID 83687, USA",Nampa,5,7,https://maps.google.com/?cid=16256459652801910882&g_mp=Cidnb29nbGUubWFwcy5wbGFjZXMudjEuUGxhY2VzLlNlYXJjaFRleHQQAhgEIAA,http://www.hcdconstruction.com/,OPERATIONAL,general_contractor|point_of_interest|service|establishment
ChIJGa8lthFJrlQR97Z4s6Ykqog,Solid Concrete and Gravel,general_contractor,Foundation repair,(208) 250-8097,"1924 Fern St, Nampa, ID 83686, USA",Nampa,5,21,https://maps.google.com/?cid=9847723833593214711&g_mp=Cidnb29nbGUubWFwcy5wbGFjZXMudjEuUGxhY2VzLlNlYXJjaFRleHQQAhgEIAA,https://nampaconcrete.work/,OPERATIONAL,general_contractor|point_of_interest|service|establishment
ChIJ1xeQs4okrKwRQ7TMtm6CBQ8,D&R Drainage Systems,general_contractor,Foundation repair,(208) 713-7555,"1907 N 21st St, Nampa, ID 83687, USA",Nampa,5,237,https://maps.google.com/?cid=1082414697477354563&g_mp=Cidnb29nbGUubWFwcy5wbGFjZXMudjEuUGxhY2VzLlNlYXJjaFRleHQQAhgEIAA,https://drdrainagesystems.com/,OPERATIONAL,general_contractor|point_of_interest|service|establishment
ChIJ78yINP8P4CoRYna3StdrIGE,"Clearview Gutters LLC, Inc.",general_contractor,Gutter cleaning,(425) 330-2300,"6844 Red Forest Ln, Nampa, ID 83686, USA",Nampa,4.9,55,https://maps.google.com/?cid=6998712393349428834&g_mp=Cidnb29nbGUubWFwcy5wbGFjZXMudjEuUGxhY2VzLlNlYXJjaFRleHQQAhgEIAA,http://www.clearviewgutters.com/,OPERATIONAL,general_contractor|point_of_interest|service|establishment
ChIJ__8To79OrlQRn_H-AfiLGFo,AAA Professional Rain Gutters,point_of_interest,Gutter cleaning,(208) 866-7318,"2995 E Onyx Ct, Nampa, ID 83686, USA",Nampa,4.5,8,https://maps.google.com/?cid=6492092760156205471&g_mp=Cidnb29nbGUubWFwcy5wbGFjZXMudjEuUGxhY2VzLlNlYXJjaFRleHQQAhgEIAA,http://aaa-raingutters.com/contact/,OPERATIONAL,point_of_interest|service|establishment
ChIJLd9sbn-3r1QRBlvyRgF9KXY,Idaho Seamless Gutter,point_of_interest,Gutter installation,(208) 250-9321,"20839 Whittier Dr, Greenleaf, ID 83626, USA",,5,393,https://maps.google.com/?cid=8514474014959360774&g_mp=Cidnb29nbGUubWFwcy5wbGFjZXMudjEuUGxhY2VzLlNlYXJjaFRleHQQAhgEIAA,http://idahoseamlessgutter.com/,OPERATIONAL,point_of_interest|service|establishment
ChIJBbC912tMrlQRLNdYT-v1dsI,R&S Rain Gutters,point_of_interest,Gutter installation,(208) 941-1118,"1907 N 21st St, Nampa, ID 83687, USA",Nampa,5,22,https://maps.google.com/?cid=14012657681607218988&g_mp=Cidnb29nbGUubWFwcy5wbGFjZXMudjEuUGxhY2VzLlNlYXJjaFRleHQQAhgEIAA,https://rsraingutters.com/,OPERATIONAL,point_of_interest|service|establishment
ChIJh843VZmzr1QRpTv2P4NewYc,Fort Comfort Gutters - Boise,point_of_interest,Gutter installation,(208) 572-7129,"18272 Hush Crk Wy, Nampa, ID 83687, USA",Nampa,5,21,https://maps.google.com/?cid=9782203783432256421&g_mp=Cidnb29nbGUubWFwcy5wbGFjZXMudjEuUGxhY2VzLlNlYXJjaFRleHQQAhgEIAA,https://www.fortcomfortgutters.com/locations/boise-id,OPERATIONAL,point_of_interest|service|establishment
ChIJJ5_NIqtNrlQR6dEtWLaYOwc,Taylor Drywall Inc,general_contractor,Drywall contractor,(208) 318-1100,"1532 11th Ave N, Nampa, ID 83687, USA",Nampa,4.8,23,https://maps.google.com/?cid=521178090822291945&g_mp=Cidnb29nbGUubWFwcy5wbGFjZXMudjEuUGxhY2VzLlNlYXJjaFRleHQQAhgEIAA,https://www.taylordrywall.com/,OPERATIONAL,general_contractor|point_of_interest|service|establishment
ChIJRZaHEWSzr1QRfvlcEACC3xI,Performance Drywall Inc,home_goods_store,Drywall contractor,(208) 468-9603,"16160 N Elder St, Nampa, ID 83687, USA",Nampa,3,23,https://maps.google.com/?cid=1359948549275318654&g_mp=Cidnb29nbGUubWFwcy5wbGFjZXMudjEuUGxhY2VzLlNlYXJjaFRleHQQAhgEIAA,http://www.performance-drywallinc.com/,OPERATIONAL,home_goods_store|building_materials_store|general_contractor|store|point_of_interest|service|establishment
ChIJLdmINFdMrlQRbXa1w9KyLMo,Keely's Drywall,general_contractor,Drywall contractor,(208) 465-0736,"3629 E Comstock Ave, Nampa, ID 83687, USA",Nampa,3.8,10,https://maps.google.com/?cid=14568215512933037677&g_mp=Cidnb29nbGUubWFwcy5wbGFjZXMudjEuUGxhY2VzLlNlYXJjaFRleHQQAhgEIAA,https://www.keelysdrywall.com/,OPERATIONAL,general_contractor|point_of_interest|service|establishment
ChIJ-VSeQ0fsNGwRMB-ju2L6i9c,Treasure Valley Insulation,general_contractor,Insulation contractor,(208) 695-0671,"1720 N Midland Blvd Suite 102, Nampa, ID 83651, USA",Nampa,5,3,https://maps.google.com/?cid=15531783041879056176&g_mp=Cidnb29nbGUubWFwcy5wbGFjZXMudjEuUGxhY2VzLlNlYXJjaFRleHQQAhgEIAA,http://treasurevalleyinsulation.com/,OPERATIONAL,general_contractor|service|point_of_interest|establishment
ChIJB1kxB5BXrlQRUL9f4PTbR5Y,Big City Insulation of Idaho,roofing_contractor,Insulation contractor,(208) 322-3522,"1314 Shilo Dr, Nampa, ID 83687, USA",Nampa,4.6,21,https://maps.google.com/?cid=10828865673818521424&g_mp=Cidnb29nbGUubWFwcy5wbGFjZXMudjEuUGxhY2VzLlNlYXJjaFRleHQQAhgEIAA,https://www.bigcityinsulationidaho.com/?utm_source=google&utm_medium=organic&utm_campaign=listings,OPERATIONAL,roofing_contractor|general_contractor|building_materials_store|supplier|store|service|point_of_interest|establishment
ChIJxx3xAK1NrlQRZw5tViIpsoM,Gale Insulation,general_contractor,Insulation contractor,(208) 465-5201,"2908 Brandt Ave, Nampa, ID 83687, USA",Nampa,3.7,21,https://maps.google.com/?cid=9489692592278670951&g_mp=Cidnb29nbGUubWFwcy5wbGFjZXMudjEuUGxhY2VzLlNlYXJjaFRleHQQAhgEIAA,https://www.truteam.com/branches/id/boise/9/,OPERATIONAL,general_contractor|service|point_of_interest|establishment
ChIJ8cUP4apNrlQRt9wUfLshie0,NC Siding,general_contractor,Siding contractor,(208) 504-8137,"1018 W Finch Dr, Nampa, ID 83651, USA",Nampa,3,2,https://maps.google.com/?cid=17116248947922623671&g_mp=Cidnb29nbGUubWFwcy5wbGFjZXMudjEuUGxhY2VzLlNlYXJjaFRleHQQAhgEIAA,https://www.ncsiding.net/,OPERATIONAL,general_contractor|service|point_of_interest|establishment
ChIJHcdzvdlJ_ioRxnOb98PJKjs,Home Specialties,painter,Siding contractor,(208) 914-5759,"3104 E Park Ridge Dr, Nampa, ID 83687, USA",Nampa,4.2,21,https://maps.google.com/?cid=4263441840769561542&g_mp=Cidnb29nbGUubWFwcy5wbGFjZXMudjEuUGxhY2VzLlNlYXJjaFRleHQQAhgEIAA,http://www.homespecialtiesllc.com/,OPERATIONAL,painter|roofing_contractor|general_contractor|service|point_of_interest|establishment
ChIJO5uXQ29MrlQR4ounkiOXQTU,Canyon Pools & Spas,sporting_goods_store,Pool service,(208) 467-5151,"623 3rd St S, Nampa, ID 83651, USA",Nampa,4.1,91,https://maps.google.com/?cid=3837514536536476642&g_mp=Cidnb29nbGUubWFwcy5wbGFjZXMudjEuUGxhY2VzLlNlYXJjaFRleHQQAhgEIAA,http://www.canyonpoolsandspa.com/,OPERATIONAL,sporting_goods_store|service|store|point_of_interest|establishment
ChIJOX5XroQAG6oR_GOY_sZiusM,RetroWave Pool & Spa,service,Pool service,(208) 296-6930,"1204 7th St N, Nampa, ID 83687, USA",Nampa,5,19,https://maps.google.com/?cid=14103693789878576124&g_mp=Cidnb29nbGUubWFwcy5wbGFjZXMudjEuUGxhY2VzLlNlYXJjaFRleHQQAhgEIAA,https://www.retrowavepools.com/,OPERATIONAL,service|point_of_interest|establishment
ChIJMzBe86VNrlQRK8y0RWNTrTY,"Cover Care, LLC",general_contractor,Pool cleaning,(855) 454-0868,"1604 E Fargo Ave, Nampa, ID 83687, USA",Nampa,4.7,48,https://maps.google.com/?cid=3939896934855396395&g_mp=Cidnb29nbGUubWFwcy5wbGFjZXMudjEuUGxhY2VzLlNlYXJjaFRleHQQAhgEIAA,https://covercare.com/,OPERATIONAL,general_contractor|service|point_of_interest|establishment
ChIJk5MKOh1TrlQRUlDEP_XuaPQ,Valley Custom Moving,moving_company,Moving company,(208) 918-3899,"1524 11th Ave N, Nampa, ID 83687, USA",Nampa,5,390,https://maps.google.com/?cid=17611589079936553042&g_mp=Cidnb29nbGUubWFwcy5wbGFjZXMudjEuUGxhY2VzLlNlYXJjaFRleHQQAhgEIAA,https://valleycustommoving.com/,OPERATIONAL,moving_company|transportation_service|service|point_of_interest|establishment
ChIJiReh_jdhlGoRIAkvZkm3GhI,Big Boy Movers,moving_company,Moving company,(208) 643-5817,"524 S 9th Ave #101, Caldwell, ID 83605, USA",Caldwell,4.8,118,https://maps.google.com/?cid=1304556567952034080&g_mp=Cidnb29nbGUubWFwcy5wbGFjZXMudjEuUGxhY2VzLlNlYXJjaFRleHQQAhgEIAA,https://www.thebigboymovers.com/locations/boise-area/,OPERATIONAL,moving_company|transportation_service|service|point_of_interest|establishment
ChIJU7BTMR9XrlQR0wmgCSm0zH0,Superman Moving & Storage Express,moving_company,Moving company,(208) 908-6766,"530 Murray St, Nampa, ID 83686, USA",Nampa,4.7,39,https://maps.google.com/?cid=9064818238338107859&g_mp=Cidnb29nbGUubWFwcy5wbGFjZXMudjEuUGxhY2VzLlNlYXJjaFRleHQQAhgEIAA,https://northwestmover.com/#quote,OPERATIONAL,moving_company|storage|transportation_service|shipping_service|service|point_of_interest|establishment
ChIJ7XCnMVJNrlQRyNO6akDeZiA,Dump It Junk Removal | Garbage Services,point_of_interest,Junk removal,(208) 900-4640,"1224 1st St S suite 1b, Nampa, ID 83651, USA",Nampa,5,8,https://maps.google.com/?cid=2334797825088082888&g_mp=Cidnb29nbGUubWFwcy5wbGFjZXMudjEuUGxhY2VzLlNlYXJjaFRleHQQAhgEIAA,https://junkgarbageremovalusa.com/dump-it-junk-removal-garbage-services-nampa-location/,OPERATIONAL,point_of_interest|service|establishment
ChIJPS-qvfNsBAsR-5tXDqZQSAw,Affordable Junk Removal Idaho,point_of_interest,Junk removal,(208) 615-5330,"17999 Lonkey Ln, Caldwell, ID 83607, USA",Caldwell,4.8,23,https://maps.google.com/?cid=885046000913718267&g_mp=Cidnb29nbGUubWFwcy5wbGFjZXMudjEuUGxhY2VzLlNlYXJjaFRleHQQAhgEIAA,https://www.affordablejunkremovalid.com/,OPERATIONAL,point_of_interest|service|establishment
ChIJx20w9ZS1r1QR-4uOyFhswcs,Junk Holler,point_of_interest,Junk removal,(208) 899-4000,"2922 Cleveland Blvd, Caldwell, ID 83605, USA",Caldwell,5,5,https://maps.google.com/?cid=14682135388782234619&g_mp=Cidnb29nbGUubWFwcy5wbGFjZXMudjEuUGxhY2VzLlNlYXJjaFRleHQQAhgEIAA,https://junkholler.com/caldwell-id-junk-removal/?utm_source=gbp&utm_campaign=main,OPERATIONAL,point_of_interest|service|establishment
ChIJv60CHea1r1QR6Q1dLLeLUxU,Dump Guys Junk Removal,point_of_interest,Junk removal,(208) 314-6644,"418 S 9th Ave Suite F, Caldwell, ID 83605, USA",Caldwell,5,21,https://maps.google.com/?cid=1536725516703043049&g_mp=Cidnb29nbGUubWFwcy5wbGFjZXMudjEuUGxhY2VzLlNlYXJjaFRleHQQAhgEIAA,https://canyoncountyjunkremoval.com/junk-removal-caldwell/,OPERATIONAL,point_of_interest|service|establishment
ChIJAQCQ-5dXrlQRnHf4QmC_8JY,Safer Chimney LLC,home_improvement_store,Chimney sweep,(208) 695-7542,"7425 Falazon Ct, Nampa, ID 83686, USA",Nampa,4.4,161,https://maps.google.com/?cid=10876403520261093276&g_mp=Cidnb29nbGUubWFwcy5wbGFjZXMudjEuUGxhY2VzLlNlYXJjaFRleHQQAhgEIAA,https://www.saferchimney.com/,OPERATIONAL,home_improvement_store|home_goods_store|store|general_contractor|service|point_of_interest|establishment
ChIJSVfyAS1NrlQRajNSvdAxwTI,Rock Chip Hero,building_materials_store,Glass repair,(208) 982-2802,"1813 Caldwell Blvd, Nampa, ID 83651, USA",Nampa,4.9,147,https://maps.google.com/?cid=3657259145000792938&g_mp=Cidnb29nbGUubWFwcy5wbGFjZXMudjEuUGxhY2VzLlNlYXJjaFRleHQQAhgEIAA,http://rockchiphero.com/,OPERATIONAL,building_materials_store|car_repair|store|point_of_interest|service|establishment
ChIJkzncrWNMrlQRiklOZVuaJWM,Fast Glass Inc.,building_materials_store,Glass repair,(208) 442-1336,"156 Caldwell Blvd, Nampa, ID 83651, USA",Nampa,4.7,527,https://maps.google.com/?cid=7144286101225490826&g_mp=Cidnb29nbGUubWFwcy5wbGFjZXMudjEuUGxhY2VzLlNlYXJjaFRleHQQAhgEIAA,http://fastglassinc.com/locations/nampa/,OPERATIONAL,building_materials_store|car_repair|store|point_of_interest|general_contractor|service|establishment
ChIJLR5OcppMrlQRJFoa18Njp6Q,Safelite AutoGlass,point_of_interest,Glass repair,(208) 965-8961,"4522 Cleveland Blvd, Caldwell, ID 83605, USA",Caldwell,4.4,564,https://maps.google.com/?cid=11864561436109462052&g_mp=Cidnb29nbGUubWFwcy5wbGFjZXMudjEuUGxhY2VzLlNlYXJjaFRleHQQAhgEIAA,https://www.safelite.com/stores/Nampa?utm_source=yext&utm_medium=list&utm_campaign=local&y_source=1_MTc4NzEwMC03MTUtbG9jYXRpb24ud2Vic2l0ZQ%3D%3D,OPERATIONAL,point_of_interest|establishment
ChIJKV4EBGtMrlQRAdAZKY8P7pQ,Asqueta Glass,building_materials_store,Glass repair,(208) 466-2476,"1408 2nd St S, Nampa, ID 83651, USA",Nampa,3.8,50,https://maps.google.com/?cid=10731532069614768129&g_mp=Cidnb29nbGUubWFwcy5wbGFjZXMudjEuUGxhY2VzLlNlYXJjaFRleHQQAhgEIAA,http://asquetaglass.com/,OPERATIONAL,building_materials_store|store|point_of_interest|general_contractor|service|establishment
ChIJxXIEUb9NrlQRDxWc7yHLeZA,Cascade Auto Glass,car_repair,Glass repair,(208) 608-5811,"3402 Black Butte Ct Suite A, Nampa, ID 83687, USA",Nampa,5,16,https://maps.google.com/?cid=10410575360257955087&g_mp=Cidnb29nbGUubWFwcy5wbGFjZXMudjEuUGxhY2VzLlNlYXJjaFRleHQQAhgEIAA,https://cascadeautoglass.com/locations/?utm_source=google_business&utm_medium=organic&utm_campaign=nam,OPERATIONAL,car_repair|point_of_interest|service|establishment
ChIJwYc5uk1MrlQRHZAFa_1N2yQ,Anything Glass Inc,building_materials_store,Glass repair,(208) 442-4406,"510 3rd St S, Nampa, ID 83651, USA",Nampa,4.6,44,https://maps.google.com/?cid=2655802156082630685&g_mp=Cidnb29nbGUubWFwcy5wbGFjZXMudjEuUGxhY2VzLlNlYXJjaFRleHQQAhgEIAA,http://www.anythingglassinc.com/,OPERATIONAL,building_materials_store|store|point_of_interest|general_contractor|service|establishment
ChIJU-hQ-7NNrlQR9od0YYANVtk,Rainbow Glass Works,store,Glass repair,(208) 467-5767,"3524 Airport Rd, Nampa, ID 83687, USA",Nampa,4.9,30,https://maps.google.com/?cid=15660719599269480438&g_mp=Cidnb29nbGUubWFwcy5wbGFjZXMudjEuUGxhY2VzLlNlYXJjaFRleHQQAhgEIAA,https://rainbowglassnampa.com/,OPERATIONAL,store|point_of_interest|establishment
ChIJS1GOI-VXrlQRRr5Gb2-kVyI,Sweet Window & Glass,general_contractor,Window repair,(208) 353-5641,"74 N Pit Ln, Nampa, ID 83687, USA",Nampa,5,26,https://maps.google.com/?cid=2474627318778609222&g_mp=Cidnb29nbGUubWFwcy5wbGFjZXMudjEuUGxhY2VzLlNlYXJjaFRleHQQAhgEIAA,http://sweetwindows.com/,OPERATIONAL,general_contractor|building_materials_store|home_goods_store|store|service|point_of_interest|establishment
ChIJM5uzpa1NrlQRxM3hjQMaErw,Erwin Custom Fabrication,general_contractor,Welding service,(208) 856-6487,"811 N Kings Rd, Nampa, ID 83687, USA",Nampa,5,142,https://maps.google.com/?cid=13551922831278853572&g_mp=Cidnb29nbGUubWFwcy5wbGFjZXMudjEuUGxhY2VzLlNlYXJjaFRleHQQAhgEIAA,https://erwinfab.com/?utm_source=gmb,OPERATIONAL,general_contractor|manufacturer|point_of_interest|service|establishment
ChIJWVE1Me9MrlQRWGHAHWoYxzg,Sawtooth Welding,point_of_interest,Welding service,(208) 467-1473,"435 E Karcher Rd, Nampa, ID 83687, USA",Nampa,3.8,11,https://maps.google.com/?cid=4091265630534132056&g_mp=Cidnb29nbGUubWFwcy5wbGFjZXMudjEuUGxhY2VzLlNlYXJjaFRleHQQAhgEIAA,http://sawtoothwelding.com/,OPERATIONAL,point_of_interest|service|establishment
ChIJvXXcxBlPrlQRFckZAw2bsj0,Mountain West Excavation LLC,general_contractor,Excavation contractor,(208) 506-2134,"3782 E Amity Ave, Nampa, ID 83687, USA",Nampa,4.7,14,https://maps.google.com/?cid=4445786262357002517&g_mp=Cidnb29nbGUubWFwcy5wbGFjZXMudjEuUGxhY2VzLlNlYXJjaFRleHQQAhgEIAA,https://www.mountainwestex.com/,OPERATIONAL,general_contractor|service|point_of_interest|establishment
ChIJeVICaw1NrlQR_EvsbfG8Zv0,Alpha Grade Earthworks,general_contractor,Excavation contractor,(208) 789-7931,"2601 E Amity Ave, Nampa, ID 83686, USA",Nampa,5,3,https://maps.google.com/?cid=18259489484337597436&g_mp=Cidnb29nbGUubWFwcy5wbGFjZXMudjEuUGxhY2VzLlNlYXJjaFRleHQQAhgEIAA,http://alphagradeearthworks.com/,OPERATIONAL,general_contractor|service|point_of_interest|establishment
ChIJlwR9fBhLrlQRNPtkciXuTSs,G & S Excavation LLC,general_contractor,Excavation contractor,(208) 467-5330,"13937 Indiana Ave, Nampa, ID 83651, USA",Nampa,3.9,7,https://maps.google.com/?cid=3120411961438042932&g_mp=Cidnb29nbGUubWFwcy5wbGFjZXMudjEuUGxhY2VzLlNlYXJjaFRleHQQAhgEIAA,https://www.gands-excavation.com/,OPERATIONAL,general_contractor|service|point_of_interest|establishment
ChIJa2Ef1L9MrlQRutcNdkS6k4U,Nampa Paving & Asphalt Co,general_contractor,Paving contractor,(208) 466-4051,"444 W Karcher Rd, Nampa, ID 83687, USA",Nampa,3.5,42,https://maps.google.com/?cid=9625241631822043066&g_mp=Cidnb29nbGUubWFwcy5wbGFjZXMudjEuUGxhY2VzLlNlYXJjaFRleHQQAhgEIAA,http://nampapaving.com/,OPERATIONAL,general_contractor|service|point_of_interest|establishment
ChIJZQc0DBixr1QRfJeKp3vjSm4,Prime Construction & Asphalt Sealcoating,general_contractor,Paving contractor,(208) 649-4338,"920 Laurel St, Caldwell, ID 83605, USA",Caldwell,4,23,https://maps.google.com/?cid=7947414612680021884&g_mp=Cidnb29nbGUubWFwcy5wbGFjZXMudjEuUGxhY2VzLlNlYXJjaFRleHQQAhgEIAA,http://www.primeconstructionidaho.com/,OPERATIONAL,general_contractor|service|point_of_interest|establishment
ChIJpyllR2VNrlQREEeGN8H7aJM,Gem State Asphalt,general_contractor,Paving contractor,(208) 740-8350,"16719 N Idaho Center Blvd, Nampa, ID 83687, USA",Nampa,4.4,7,https://maps.google.com/?cid=10622016528432121616&g_mp=Cidnb29nbGUubWFwcy5wbGFjZXMudjEuUGxhY2VzLlNlYXJjaFRleHQQAhgEIAA,https://gem-stateasphalt.com/,OPERATIONAL,general_contractor|service|point_of_interest|establishment
ChIJld5I-BS1r1QRCNclhdbBrHc,"Beacon Plumbing, Heating, Air-Conditioning, and Electrical, Inc",plumber,Plumber,(208) 741-6439,"5312 Cleveland Blvd, Caldwell, ID 83607, USA",Caldwell,5,321,https://maps.google.com/?cid=8623480513608668936&g_mp=Cidnb29nbGUubWFwcy5wbGFjZXMudjEuUGxhY2VzLlNlYXJjaFRleHQQAhgEIAA,https://www.beaconplumbing.com/caldwell-plumbing,OPERATIONAL,plumber|electrician|general_contractor|building_materials_store|point_of_interest|service|store|establishment
ChIJv0h_nNnk2KIRMzoughHwKdU,RSM Plumbing LLC,plumber,Plumber,(208) 941-0456,"2604 S Kimball Ave, Caldwell, ID 83605, USA",Caldwell,5,86,https://maps.google.com/?cid=15360071962112965171&g_mp=Cidnb29nbGUubWFwcy5wbGFjZXMudjEuUGxhY2VzLlNlYXJjaFRleHQQAhgEIAA,https://rsmplumbingidaho.com/,OPERATIONAL,plumber|point_of_interest|service|establishment
ChIJNY1-PrBNrlQRCua5fEBS50g,American Rooter & Drain,plumber,Plumber,(208) 402-8033,"1005 Commercial Way, Caldwell, ID 83605, USA",Caldwell,4.8,1593,https://maps.google.com/?cid=5253257927274915338&g_mp=Cidnb29nbGUubWFwcy5wbGFjZXMudjEuUGxhY2VzLlNlYXJjaFRleHQQAhgEIAA,https://www.idahosplumber.com/?utm_source=google&utm_medium=organic&utm_campaign=gbp-listing&utm_term=website,OPERATIONAL,plumber|general_contractor|point_of_interest|service|establishment
ChIJ48IHvKu1r1QROGkp2watOvk,Ace Caldwell Emergency Plumber,plumber,Plumber,(208) 247-0293,"518 Shaver Ave, Caldwell, ID 83605, USA",Caldwell,5,10,https://maps.google.com/?cid=17958856709051607352&g_mp=Cidnb29nbGUubWFwcy5wbGFjZXMudjEuUGxhY2VzLlNlYXJjaFRleHQQAhgEIAA,https://acecaldwellemergencyplumber.com/,OPERATIONAL,plumber|point_of_interest|service|establishment
ChIJC2DaI6q3r1QR3ZRGMH7S2Uk,Quality Caldwell Emergency Plumber,plumber,Plumber,(208) 453-7026,"19560 Lower Pleasant Ridge Rd, Caldwell, ID 83607, USA",Caldwell,5,8,https://maps.google.com/?cid=5321515874132595933&g_mp=Cidnb29nbGUubWFwcy5wbGFjZXMudjEuUGxhY2VzLlNlYXJjaFRleHQQAhgEIAA,https://qualitycaldwellemergencyplumber.com/,OPERATIONAL,plumber|point_of_interest|service|establishment
ChIJr8y2Iy1NrlQRD_cBAq1gbZo,Prime Plumbing,plumber,Plumber,(208) 276-9079,"1020 E Homedale Rd, Caldwell, ID 83607, USA",Caldwell,4.9,805,https://maps.google.com/?cid=11127656550481655567&g_mp=Cidnb29nbGUubWFwcy5wbGFjZXMudjEuUGxhY2VzLlNlYXJjaFRleHQQAhgEIAA,https://www.primeplumbingidaho.com/,OPERATIONAL,plumber|point_of_interest|service|establishment
ChIJXWT6gwGzr1QRIfPCii3S8DM,Spartan Electric LLC,electrician,Electrician,(208) 999-5200,"1011 Teton Ave, Caldwell, ID 83605, USA",Caldwell,5,11,https://maps.google.com/?cid=3742722383388275489&g_mp=Cidnb29nbGUubWFwcy5wbGFjZXMudjEuUGxhY2VzLlNlYXJjaFRleHQQAhgEIAA,http://spartanelectricllc.com/,OPERATIONAL,electrician|general_contractor|point_of_interest|service|establishment
ChIJH_qycZ6zr1QRpjaMKW6Oh08,Steelhead Electric LLC,electrician,Electrician,(208) 789-8844,"1310 N La Cresta Ave, Caldwell, ID 83605, USA",Caldwell,5,29,https://maps.google.com/?cid=5730705654646847142&g_mp=Cidnb29nbGUubWFwcy5wbGFjZXMudjEuUGxhY2VzLlNlYXJjaFRleHQQAhgEIAA,https://steelheadelectricid.com/,OPERATIONAL,electrician|point_of_interest|service|establishment
ChIJPXvrRYC0r1QR1IFhcHabxeM,"AME Electric, Inc.",electrician,Electrician,(208) 459-8959,"3621 Arthur St, Caldwell, ID 83605, USA",Caldwell,4.6,42,https://maps.google.com/?cid=16412695350015525332&g_mp=Cidnb29nbGUubWFwcy5wbGFjZXMudjEuUGxhY2VzLlNlYXJjaFRleHQQAhgEIAA,http://www.ameelectric.com/,OPERATIONAL,electrician|point_of_interest|service|establishment
ChIJnRGPvnS0r1QR9jxfdJU3n9U,Lynn Proctor Electrical Contractor,electrician,Electrician,(208) 459-2122,"302 Badiola St, Caldwell, ID 83605, USA",Caldwell,5,3,https://maps.google.com/?cid=15393083166417698038&g_mp=Cidnb29nbGUubWFwcy5wbGFjZXMudjEuUGxhY2VzLlNlYXJjaFRleHQQAhgEIAA,https://www.lynnproctorelectrical.com/,OPERATIONAL,electrician|point_of_interest|service|establishment
ChIJN7HbUxmxr1QRtv46KSs8HXo,Electric Experts,electrician,Electrician,(208) 454-0304,"23553 Freezeout Rd, Caldwell, ID 83607, USA",Caldwell,4.8,24,https://maps.google.com/?cid=8799255403024809654&g_mp=Cidnb29nbGUubWFwcy5wbGFjZXMudjEuUGxhY2VzLlNlYXJjaFRleHQQAhgEIAA,http://www.electricexpertsinc.com/,OPERATIONAL,electrician|general_contractor|point_of_interest|service|establishment
ChIJoQMrfY-zr1QRY7KGvhGvgkg,"Weathertight Roofing, Inc.",roofing_contractor,Roofer,(208) 455-7663,"1429 Andy Ln, Caldwell, ID 83605, USA",Caldwell,4.8,89,https://maps.google.com/?cid=5224931008449000035&g_mp=Cidnb29nbGUubWFwcy5wbGFjZXMudjEuUGxhY2VzLlNlYXJjaFRleHQQAhgEIAA,https://www.weathertightidaho.com/?utm_source=google&utm_medium=organic&utm_campaign=gbp&utm_term=Weathertight-Roofing-Inc&utm_content=website,OPERATIONAL,roofing_contractor|service|point_of_interest|establishment
ChIJWWOt9RK5r1QRlhrgALMwcAI,Valley Oak Roofing,roofing_contractor,Roofer,(208) 546-8911,"27202 Lon Davis Rd, Parma, ID 83660, USA",,5,116,https://maps.google.com/?cid=175693930839415446&g_mp=Cidnb29nbGUubWFwcy5wbGFjZXMudjEuUGxhY2VzLlNlYXJjaFRleHQQAhgEIAA,https://valleyoakroofing.com/,OPERATIONAL,roofing_contractor|service|point_of_interest|establishment
ChIJS2_qyq290SER4wiqIsvSa-o,Mike's Roofing and Repairs LLC,roofing_contractor,Roofer,(208) 631-0806,"513 Huckleberry St, Middleton, ID 83644, USA",,5,42,https://maps.google.com/?cid=16891826597284940003&g_mp=Cidnb29nbGUubWFwcy5wbGFjZXMudjEuUGxhY2VzLlNlYXJjaFRleHQQAhgEIAA,https://www.mikesroofingandrepairs.com/home,OPERATIONAL,roofing_contractor|service|point_of_interest|establishment
ChIJeyoBzx-1r1QR5LYWjLVLwBE,"JB's Roofing, Inc.",roofing_contractor,Roofer,(208) 454-9162,"510 Laurel St, Caldwell, ID 83605, USA",Caldwell,4.5,49,https://maps.google.com/?cid=1279105537284683492&g_mp=Cidnb29nbGUubWFwcy5wbGFjZXMudjEuUGxhY2VzLlNlYXJjaFRleHQQAhgEIAA,https://jbsroof.com/,OPERATIONAL,roofing_contractor|service|point_of_interest|establishment
ChIJ49QufDi0r1QRBE1faacdicg,Dreamroofs,roofing_contractor,Roofer,(208) 454-0323,"204 Main St, Caldwell, ID 83605, USA",Caldwell,4.5,46,https://maps.google.com/?cid=14450113484259544324&g_mp=Cidnb29nbGUubWFwcy5wbGFjZXMudjEuUGxhY2VzLlNlYXJjaFRleHQQAhgEIAA,http://dreamroofsidaho.com/,OPERATIONAL,roofing_contractor|service|point_of_interest|establishment
ChIJ0Xu1h1W1r1QRoCyLaNjjboI,"Owyhee Heating, Air Conditioning & Plumbing",general_contractor,HVAC,(208) 398-4811,"200 Evans St, Caldwell, ID 83605, USA",Caldwell,5,27,https://maps.google.com/?cid=9398699990975196320&g_mp=Cidnb29nbGUubWFwcy5wbGFjZXMudjEuUGxhY2VzLlNlYXJjaFRleHQQAhgEIAA,https://owyheeheating.com/,OPERATIONAL,general_contractor|point_of_interest|service|establishment
ChIJQfFHn7yzr1QRB9D7sQcIqNM,Arctic Air Inc.,general_contractor,HVAC,(208) 453-9272,"11124 Bass Ln, Caldwell, ID 83605, USA",Caldwell,5,604,https://maps.google.com/?cid=15251448967234048007&g_mp=Cidnb29nbGUubWFwcy5wbGFjZXMudjEuUGxhY2VzLlNlYXJjaFRleHQQAhgEIAA,https://www.arcticairidaho.com/,OPERATIONAL,general_contractor|point_of_interest|service|establishment
ChIJiWcqqua1r1QRp0c7Fv4ZB2I,Superior Caldwell Pest Control,service,Pest control,(208) 453-7114,"915 E Chicago St, Caldwell, ID 83605, USA",Caldwell,5,42,https://maps.google.com/?cid=7063643119639283623&g_mp=Cidnb29nbGUubWFwcy5wbGFjZXMudjEuUGxhY2VzLlNlYXJjaFRleHQQAhgEIAA,http://superiorcaldwellpestcontrol.com/,OPERATIONAL,service|point_of_interest|establishment
ChIJX_o3wFO1r1QRRJmb20Rcnuo,Gravity Pest Control,service,Pest control,(208) 425-7211,"15311 Lavin St, Caldwell, ID 83607, USA",Caldwell,5,55,https://maps.google.com/?cid=16906051502007359812&g_mp=Cidnb29nbGUubWFwcy5wbGFjZXMudjEuUGxhY2VzLlNlYXJjaFRleHQQAhgEIAA,https://gravitypestcontrol.com/?utm_source=google&utm_medium=organic&utm_campaign=gbp-caldwell-website-actions,OPERATIONAL,service|point_of_interest|establishment
ChIJq12Isr5LrlQRPtueWFKVbsw,Idaho Pest Solutions,service,Pest control,(208) 999-0687,"12885 Three Point St, Caldwell, ID 83607, USA",Caldwell,5,25,https://maps.google.com/?cid=14730875612082133822&g_mp=Cidnb29nbGUubWFwcy5wbGFjZXMudjEuUGxhY2VzLlNlYXJjaFRleHQQAhgEIAA,https://idahopestsolutions.com/,OPERATIONAL,service|point_of_interest|establishment
ChIJbY0AnTizr1QRb0dKS2aaeTA,TriGuard Pest Control,service,Pest control,(208) 999-5070,"11167 Tungsten St Suite 101, Caldwell, ID 83605, USA",Caldwell,4.7,2296,https://maps.google.com/?cid=3492992750143031151&g_mp=Cidnb29nbGUubWFwcy5wbGFjZXMudjEuUGxhY2VzLlNlYXJjaFRleHQQAhgEIAA,https://www.triguardpestcontrol.com/boise,OPERATIONAL,service|point_of_interest|establishment
ChIJT6EuQb305gIR1_MYkdbxp-c,Paz Landscape & Lawn Care LLC,general_contractor,Landscaping,(208) 329-2004,"2506 Meadow Ave, Caldwell, ID 83605, USA",Caldwell,5,17,https://maps.google.com/?cid=16692576447731659735&g_mp=Cidnb29nbGUubWFwcy5wbGFjZXMudjEuUGxhY2VzLlNlYXJjaFRleHQQAhgEIAA,https://pazlandscapeandlawncarellc.pro/,OPERATIONAL,general_contractor|point_of_interest|service|establishment
ChIJj2Vt3bGjMk4Rk7rOTOgRb1o,J&J Lawn Maintenance LLC,general_contractor,Landscaping,(208) 906-4225,"15880 Riverside Rd, Caldwell, ID 83607, USA",Caldwell,5,48,https://maps.google.com/?cid=6516446875247098515&g_mp=Cidnb29nbGUubWFwcy5wbGFjZXMudjEuUGxhY2VzLlNlYXJjaFRleHQQAhgEIAA,http://www.jandjlawnmaintenance.com/,OPERATIONAL,general_contractor|point_of_interest|service|establishment
ChIJnyTk7GdPrlQRbvNrk_jBmJY,Quality Greens,general_contractor,Landscaping,(208) 867-5802,"16695 Marshall Ave, Caldwell, ID 83607, USA",Caldwell,4.9,98,https://maps.google.com/?cid=10851636575518585710&g_mp=Cidnb29nbGUubWFwcy5wbGFjZXMudjEuUGxhY2VzLlNlYXJjaFRleHQQAhgEIAA,https://www.qualitygreenslandscaping.com/,OPERATIONAL,general_contractor|point_of_interest|service|establishment
ChIJLXIShcu2r1QRJR6cvC69akI,Blue Ribbon Landscape & Maintenance Inc.,general_contractor,Landscaping,(208) 466-5656,"10497 US-20, Caldwell, ID 83605, USA",Caldwell,4.2,59,https://maps.google.com/?cid=4785845562465066533&g_mp=Cidnb29nbGUubWFwcy5wbGFjZXMudjEuUGxhY2VzLlNlYXJjaFRleHQQAhgEIAA,https://www.blueribbonlandscapes.com/,OPERATIONAL,general_contractor|point_of_interest|service|establishment
ChIJ9Uoeoxexr1QRglXHynjNgQA,Rainy Day Irrigation & Landscaping,general_contractor,Landscaping,(208) 407-5123,"14452 ID-44, Caldwell, ID 83607, USA",Caldwell,4.3,72,https://maps.google.com/?cid=36536190677505410&g_mp=Cidnb29nbGUubWFwcy5wbGFjZXMudjEuUGxhY2VzLlNlYXJjaFRleHQQAhgEIAA,http://www.landscaperboise.com/,OPERATIONAL,general_contractor|point_of_interest|service|establishment
ChIJGfZu5Yqzr1QRXoCemKGZag0,Canyon Hardscape Supply,general_contractor,Landscaping,(208) 614-9447,"519 N 21st Ave, Caldwell, ID 83605, USA",Caldwell,4.7,99,https://maps.google.com/?cid=966753989353701470&g_mp=Cidnb29nbGUubWFwcy5wbGFjZXMudjEuUGxhY2VzLlNlYXJjaFRleHQQAhgEIAA,https://www.canyonhardscape.com/,OPERATIONAL,general_contractor|building_materials_store|store|point_of_interest|service|establishment
ChIJrSHBgh4WJS0RPLQKAl2V3dI,Hartley Lawn Aeration,point_of_interest,Lawn care,(208) 250-6137,"6524 River Ln, Marsing, ID 83639, USA",,5,237,https://maps.google.com/?cid=15194464944516674620&g_mp=Cidnb29nbGUubWFwcy5wbGFjZXMudjEuUGxhY2VzLlNlYXJjaFRleHQQAhgEIAA,http://hartleylawnaeration.com/,OPERATIONAL,point_of_interest|service|establishment
ChIJzyAgPQC0r1QRUX_rSdb7Ruc,Caldwell Automotive,tire_shop,Auto repair,(208) 454-8300,"50 E Frontage Rd, Caldwell, ID 83605, USA",Caldwell,4.9,280,https://maps.google.com/?cid=16665284368912842577&g_mp=Cidnb29nbGUubWFwcy5wbGFjZXMudjEuUGxhY2VzLlNlYXJjaFRleHQQAhgEIAA,http://caldwellautorepair.com/,OPERATIONAL,tire_shop|auto_parts_store|car_repair|store|service|point_of_interest|establishment
ChIJt8mcavK1r1QRGYkjRuiC5c4,Blue Skies Automotive,car_repair,Auto repair,(208) 794-9195,"2825 Orion St, Caldwell, ID 83605, USA",Caldwell,5,113,https://maps.google.com/?cid=14908466075600652569&g_mp=Cidnb29nbGUubWFwcy5wbGFjZXMudjEuUGxhY2VzLlNlYXJjaFRleHQQAhgEIAA,http://www.blueskies-automotive.com/,OPERATIONAL,car_repair|service|point_of_interest|establishment
ChIJdQoC5v61r1QRmTVk9Jn1VX4,American Muffler & Auto Repair,car_repair,Auto repair,(208) 402-4817,"3510 Lake Ave, Caldwell, ID 83605, USA",Caldwell,4.8,241,https://maps.google.com/?cid=9103452263378335129&g_mp=Cidnb29nbGUubWFwcy5wbGFjZXMudjEuUGxhY2VzLlNlYXJjaFRleHQQAhgEIAA,https://www.americanmuffler208.com/,OPERATIONAL,car_repair|service|point_of_interest|establishment
ChIJhTd2fmW1r1QRcfELsRxlZZc,Archers Auto Repair,car_repair,Auto repair,(208) 402-1021,"5300 Cleveland Blvd, Caldwell, ID 83607, USA",Caldwell,4.8,324,https://maps.google.com/?cid=10909236846278734193&g_mp=Cidnb29nbGUubWFwcy5wbGFjZXMudjEuUGxhY2VzLlNlYXJjaFRleHQQAhgEIAA,https://archersautorepair.com/,OPERATIONAL,car_repair|service|point_of_interest|establishment
ChIJzWElmPizr1QROXvD9OboYLI,DeMark Auto Services,car_repair,Auto repair,(208) 459-3468,"603 Hannibal St, Caldwell, ID 83605, USA",Caldwell,4.7,218,https://maps.google.com/?cid=12853529415161969465&g_mp=Cidnb29nbGUubWFwcy5wbGFjZXMudjEuUGxhY2VzLlNlYXJjaFRleHQQAhgEIAA,https://demarkauto.com/,OPERATIONAL,car_repair|car_dealer|store|service|point_of_interest|establishment
ChIJ7x8B9qZMrlQR-yv9Gdz3v5c,4 Motion Automotive LLC,car_repair,Auto repair,(208) 442-1939,"521 S 41st Ave Suite A, Caldwell, ID 83605, USA",Caldwell,4.9,117,https://maps.google.com/?cid=10934730944979741691&g_mp=Cidnb29nbGUubWFwcy5wbGFjZXMudjEuUGxhY2VzLlNlYXJjaFRleHQQAhgEIAA,http://vwaudirepaircaldwell.com/,OPERATIONAL,car_repair|service|point_of_interest|establishment
ChIJb7mQAaa1r1QRkdzwE7Soqjc,Heritage Auto Repair,tire_shop,Auto repair,(208) 459-9798,"5018 Midway Rd, Caldwell, ID 83607, USA",Caldwell,4.7,111,https://maps.google.com/?cid=4011203909508979857&g_mp=Cidnb29nbGUubWFwcy5wbGFjZXMudjEuUGxhY2VzLlNlYXJjaFRleHQQAhgEIAA,https://heritageautorepair.com/the-best-car-mechanic-in-caldwell-idaho/,OPERATIONAL,tire_shop|auto_parts_store|car_repair|store|service|point_of_interest|establishment
ChIJQfkU2wVZnkIRe_vZD706hkE,Shiniest Clean LLC,point_of_interest,Cleaning service,(208) 447-6955,"11860 Webster St, Caldwell, ID 83605, USA",Caldwell,5,11,https://maps.google.com/?cid=4721525843033717627&g_mp=Cidnb29nbGUubWFwcy5wbGFjZXMudjEuUGxhY2VzLlNlYXJjaFRleHQQAhgEIAA,https://shinecleanidaho.com/,OPERATIONAL,point_of_interest|service|establishment
ChIJ3yevGpWzr1QRodZTnDCmVxM,Idaho Cleaning Services,laundry,Cleaning service,(208) 515-3101,"120 W Kearney St, Caldwell, ID 83605, USA",Caldwell,4.9,148,https://maps.google.com/?cid=1393765337405839009&g_mp=Cidnb29nbGUubWFwcy5wbGFjZXMudjEuUGxhY2VzLlNlYXJjaFRleHQQAhgEIAA,https://idahocleaningservices.com/,OPERATIONAL,laundry|point_of_interest|service|establishment
ChIJgd_pn4S1r1QRvrwqnaYstOM,Lauri’s House Cleaning Services LLC,point_of_interest,Cleaning service,(208) 590-0835,"2317 Locust St apt 203, Caldwell, ID 83605, USA",Caldwell,5,9,https://maps.google.com/?cid=16407788436530576574&g_mp=Cidnb29nbGUubWFwcy5wbGFjZXMudjEuUGxhY2VzLlNlYXJjaFRleHQQAhgEIAA,https://lauriscleaningservices.com/,OPERATIONAL,point_of_interest|service|establishment
ChIJs8zkgfuzr1QRqpEon3Yr1RM,Howard Building Maintenance,laundry,Janitorial,(208) 999-3392,"120 W Kearney St, Caldwell, ID 83605, USA",Caldwell,4.9,103,https://maps.google.com/?cid=1429096245236371882&g_mp=Cidnb29nbGUubWFwcy5wbGFjZXMudjEuUGxhY2VzLlNlYXJjaFRleHQQAhgEIAA,https://howardbuildingmaintenance.com/,OPERATIONAL,laundry|service|point_of_interest|establishment
ChIJwYf7Dku1r1QRdDIaHInB9AM,Stewart Painting and Handyman Services LLC.,painter,Handyman,(208) 515-0466,"1402 S Kimball Ave, Caldwell, ID 83605, USA",Caldwell,4.9,17,https://maps.google.com/?cid=285065471057343092&g_mp=Cidnb29nbGUubWFwcy5wbGFjZXMudjEuUGxhY2VzLlNlYXJjaFRleHQQAhgEIAA,http://stewartpaintingandhandyman.com/,OPERATIONAL,painter|point_of_interest|service|establishment
ChIJ1SgoN0UBPaQRQ4YN0Vmw7rU,On Target Home Maintenance LLC,general_contractor,Handyman,(208) 565-7055,"4404 Gap Creek Ave, Caldwell, ID 83607, USA",Caldwell,5,5,https://maps.google.com/?cid=13109609465127994947&g_mp=Cidnb29nbGUubWFwcy5wbGFjZXMudjEuUGxhY2VzLlNlYXJjaFRleHQQAhgEIAA,https://www.ontargethomemaintenance.com/,OPERATIONAL,general_contractor|point_of_interest|service|establishment
ChIJFTQZxjWxr1QRPag3PFYGlag,Lagunas Painting,painter,Painter,(208) 943-2595,"320 W Homedale Rd, Caldwell, ID 83605, USA",Caldwell,4.9,197,https://maps.google.com/?cid=12147622537349015613&g_mp=Cidnb29nbGUubWFwcy5wbGFjZXMudjEuUGxhY2VzLlNlYXJjaFRleHQQAhgEIAA,https://www.lagunaspaintingidaho.com/,OPERATIONAL,painter|service|point_of_interest|establishment
ChIJoUOqYTG1r1QREK4mJtixjqQ,Jay's Painting LLC,painter,Painter,(208) 598-7439,"11774 Penobscot St, Caldwell, ID 83605, USA",Caldwell,4.8,94,https://maps.google.com/?cid=11857610410824216080&g_mp=Cidnb29nbGUubWFwcy5wbGFjZXMudjEuUGxhY2VzLlNlYXJjaFRleHQQAhgEIAA,http://www.painting208.com/,OPERATIONAL,painter|service|point_of_interest|establishment
ChIJSVgmpfK1r1QRscV3gUrRw9w,Busy Bee Painting,painter,Painter,(208) 459-0998,"1608 Missoula Way, Caldwell, ID 83605, USA",Caldwell,4.6,19,https://maps.google.com/?cid=15907788426732619185&g_mp=Cidnb29nbGUubWFwcy5wbGFjZXMudjEuUGxhY2VzLlNlYXJjaFRleHQQAhgEIAA,http://www.busybee-painting.com/,OPERATIONAL,painter|service|point_of_interest|establishment
ChIJb5g5vta1r1QRp6zwKR0uh6E,New Again Painting of Caldwell,general_contractor,Painter,(208) 614-8181,"707 E Denver St, Caldwell, ID 83605, USA",Caldwell,5,17,https://maps.google.com/?cid=11639322464754904231&g_mp=Cidnb29nbGUubWFwcy5wbGFjZXMudjEuUGxhY2VzLlNlYXJjaFRleHQQAhgEIAA,http://newagainpaint.com/,OPERATIONAL,general_contractor|manufacturer|service|point_of_interest|establishment
ChIJwfNghx61r1QR8x_yvYL2mbE,First Class Painting LLC,painter,Painter,(208) 794-3407,"16947 Long Mdw Dr, Caldwell, ID 83607, USA",Caldwell,5,4,https://maps.google.com/?cid=12797530857542918131&g_mp=Cidnb29nbGUubWFwcy5wbGFjZXMudjEuUGxhY2VzLlNlYXJjaFRleHQQAhgEIAA,http://firstclass-paintingllc.com/,OPERATIONAL,painter|service|point_of_interest|establishment
ChIJ3-bd7Di0r1QRTPUfwT_BSS8,McKinney and Sons Painting,painter,Painter,(208) 707-1619,"605 W Logan St, Caldwell, ID 83605, USA",Caldwell,5,2,https://maps.google.com/?cid=3407467072649688396&g_mp=Cidnb29nbGUubWFwcy5wbGFjZXMudjEuUGxhY2VzLlNlYXJjaFRleHQQAhgEIAA,http://mckandsonspainting.com/,OPERATIONAL,painter|service|point_of_interest|establishment
ChIJt6x7z2XA7koRwRegcE1TXBE,We'll-B-Painting,painter,Painting contractor,(208) 703-3967,"11851 Hensen Dr, Nampa, ID 83651, USA",Nampa,5,10,https://maps.google.com/?cid=1250966388569282497&g_mp=Cidnb29nbGUubWFwcy5wbGFjZXMudjEuUGxhY2VzLlNlYXJjaFRleHQQAhgEIAA,https://www.wellbpainting.com/,OPERATIONAL,painter|point_of_interest|service|establishment
ChIJRX6RTZu1r1QRwB4bQe09XYY,Zamora Concrete,general_contractor,Concrete contractor,(208) 258-5309,"1201 E Elgin St, Caldwell, ID 83605, USA",Caldwell,4.9,61,https://maps.google.com/?cid=9681962863125274304&g_mp=Cidnb29nbGUubWFwcy5wbGFjZXMudjEuUGxhY2VzLlNlYXJjaFRleHQQAhgEIAA,https://wordpress-1501953-6211699.cloudwaysapps.com/,OPERATIONAL,general_contractor|manufacturer|point_of_interest|service|establishment
ChIJAf_z5BSD9yERh5ECZqzLKg4,GM Concrete And Excavation,general_contractor,Concrete contractor,(208) 809-9523,"5617 Crimson Ave, Caldwell, ID 83607, USA",Caldwell,4.9,86,https://maps.google.com/?cid=1020852206859096455&g_mp=Cidnb29nbGUubWFwcy5wbGFjZXMudjEuUGxhY2VzLlNlYXJjaFRleHQQAhgEIAA,https://www.gmconcreteandexcavation.com/,OPERATIONAL,general_contractor|point_of_interest|service|establishment
ChIJ23gtRISzr1QRfsAyIcX2Aco,Ponce Concrete Llc,general_contractor,Concrete contractor,(208) 318-8365,"5016 E Ustick Rd #22, Caldwell, ID 83605, USA",Caldwell,5,3,https://maps.google.com/?cid=14556186797164118142&g_mp=Cidnb29nbGUubWFwcy5wbGFjZXMudjEuUGxhY2VzLlNlYXJjaFRleHQQAhgEIAA,http://ponceconcretellc.us/,OPERATIONAL,general_contractor|point_of_interest|service|establishment
ChIJKS2wlT21r1QRb-40DWqVHRo,H & S Company LLC,general_contractor,Concrete contractor,(986) 229-7373,"2511 Airport Ave, Caldwell, ID 83605, USA",Caldwell,5,17,https://maps.google.com/?cid=1881824502031380079&g_mp=Cidnb29nbGUubWFwcy5wbGFjZXMudjEuUGxhY2VzLlNlYXJjaFRleHQQAhgEIAA,http://www.hscompanyllc.com/,OPERATIONAL,general_contractor|point_of_interest|service|establishment
ChIJDTzhvFJVrlQRfLydc8-sSN8,Henry's Treasure Valley Fence,general_contractor,Fencing contractor,(208) 514-8299,"3204 S Indiana Ave, Caldwell, ID 83605, USA",Caldwell,4.8,67,https://maps.google.com/?cid=16089299675779021948&g_mp=Cidnb29nbGUubWFwcy5wbGFjZXMudjEuUGxhY2VzLlNlYXJjaFRleHQQAhgEIAA,http://treasurevalleyfence.com/,OPERATIONAL,general_contractor|point_of_interest|service|establishment
ChIJ3SrPtdtNrlQRg5clqvNPfkE,Western Fence & Landscape Supply,building_materials_store,Fencing contractor,(208) 995-6468,"11220 Bass Ln, Caldwell, ID 83605, USA",Caldwell,4.8,58,https://maps.google.com/?cid=4719297367481096067&g_mp=Cidnb29nbGUubWFwcy5wbGFjZXMudjEuUGxhY2VzLlNlYXJjaFRleHQQAhgEIAA,http://www.westernfencelandscape.com/,OPERATIONAL,building_materials_store|general_contractor|store|point_of_interest|service|establishment
ChIJGdyOZC-1r1QR9NR9p-BaxpA,Total Tree Care LLC,point_of_interest,Tree service,(208) 269-0424,"Caldwell, ID 83605, USA",Caldwell,5,58,https://maps.google.com/?cid=10432125507779548404&g_mp=Cidnb29nbGUubWFwcy5wbGFjZXMudjEuUGxhY2VzLlNlYXJjaFRleHQQAhgEIAA,https://www.totaltreecarellc.com/,OPERATIONAL,point_of_interest|service|establishment
ChIJC00-xIjG7IYRHeDUa7PXM7M,Angry Beaver Tree Service LLC.,point_of_interest,Tree service,(208) 614-7465,"Cleveland Blvd, Caldwell, ID 83605, USA",Caldwell,5,14,https://maps.google.com/?cid=12912901722209574941&g_mp=Cidnb29nbGUubWFwcy5wbGFjZXMudjEuUGxhY2VzLlNlYXJjaFRleHQQAhgEIAA,https://angrybeavertreeservicellc.jobbersites.com/,OPERATIONAL,point_of_interest|service|establishment
ChIJVwgDmBu1r1QRPUHxzhaDi80,Heartwood Tree Care LLC,point_of_interest,Tree service,(208) 459-0595,"16905 Crystal Ln, Wilder, ID 83676, USA",,5,24,https://maps.google.com/?cid=14811075933522444605&g_mp=Cidnb29nbGUubWFwcy5wbGFjZXMudjEuUGxhY2VzLlNlYXJjaFRleHQQAhgEIAA,https://heartwoodtreepros.com/,OPERATIONAL,point_of_interest|service|establishment
ChIJKwu3viOxr1QRQTEPK3M0g_g,Treasure Valley Tree Company,point_of_interest,Tree removal,(208) 861-6254,"13981 Sand Hollow Rd, Caldwell, ID 83607, USA",Caldwell,5,58,https://maps.google.com/?cid=17907214212603523393&g_mp=Cidnb29nbGUubWFwcy5wbGFjZXMudjEuUGxhY2VzLlNlYXJjaFRleHQQAhgEIAA,https://treasurevalleytreecompany.com/,OPERATIONAL,point_of_interest|service|establishment
ChIJyxwQfbazr1QR9gsEVNGKsIE,Action Garage Door of Caldwell,supplier,Garage door repair,(208) 315-6025,"4308 Capital St, Caldwell, ID 83605, USA",Caldwell,5,16,https://maps.google.com/?cid=9345121858456128502&g_mp=Cidnb29nbGUubWFwcy5wbGFjZXMudjEuUGxhY2VzLlNlYXJjaFRleHQQAhgEIAA,https://actiongaragedoor.net/,OPERATIONAL,supplier|point_of_interest|service|establishment
ChIJ894DfsJNrlQRjW8f4W3iofI,IDAHO DOOR AND GATE,manufacturer,Garage door repair,(208) 591-4283,"5911 Howard Ln, Nampa, ID 83687, USA",Nampa,5,112,https://maps.google.com/?cid=17483504189985222541&g_mp=Cidnb29nbGUubWFwcy5wbGFjZXMudjEuUGxhY2VzLlNlYXJjaFRleHQQAhgEIAA,https://idahodoorandgate.com/?utm_source=GMB&utm_medium=organic&utm_campaign=Nampa,OPERATIONAL,manufacturer|supplier|point_of_interest|service|establishment
ChIJrUOgENCxr1QR87OyR1Dzdnw,Performance Carpet Care,service,Carpet cleaning,(208) 949-4394,"1417 N La Cresta Ave, Caldwell, ID 83605, USA",Caldwell,4.9,509,https://maps.google.com/?cid=8968623234080748531&g_mp=Cidnb29nbGUubWFwcy5wbGFjZXMudjEuUGxhY2VzLlNlYXJjaFRleHQQAhgEIAA,https://www.performancecarpetcareid.com/,OPERATIONAL,service|point_of_interest|establishment
ChIJSWD7TEq1r1QRoxx6JjBN4fI,Clearwater Carpet Cleaning & Tile Cleaning,laundry,Carpet cleaning,(208) 318-3028,"15792 Cupid Dr, Caldwell, ID 83607, USA",Caldwell,5,18,https://maps.google.com/?cid=17501354496137764003&g_mp=Cidnb29nbGUubWFwcy5wbGFjZXMudjEuUGxhY2VzLlNlYXJjaFRleHQQAhgEIAA,https://www.getclearwaterrclean.com/,OPERATIONAL,laundry|service|point_of_interest|establishment
ChIJ-y95qceur1QRlmEtNjoDTWI,"Clear Choice Window Cleaning, Inc",service,Window cleaning,(208) 891-9464,"22975 Crystal View Ln, Caldwell, ID 83607, USA",Caldwell,5,503,https://maps.google.com/?cid=7083321337475588502&g_mp=Cidnb29nbGUubWFwcy5wbGFjZXMudjEuUGxhY2VzLlNlYXJjaFRleHQQAhgEIAA,https://windowcleaningboiseid.com/,OPERATIONAL,service|point_of_interest|establishment
ChIJb10KQWtLrlQRJjVYRaveJIo,Brighterside Cleaning,service,Window cleaning,(208) 989-2820,"15378 Flora Springs Way, Caldwell, ID 83607, USA",Caldwell,,0,https://maps.google.com/?cid=9954325903579821350&g_mp=Cidnb29nbGUubWFwcy5wbGFjZXMudjEuUGxhY2VzLlNlYXJjaFRleHQQAhgEIAA,https://brighterside.biz/,OPERATIONAL,service|point_of_interest|establishment
ChIJXa0q1iXJr1QRkszfnGRECGI,Lone Cypress Window & House Wash,service,Window cleaning,(208) 546-2764,"235 Mitchell Dr, Wilder, ID 83676, USA",,4.7,27,https://maps.google.com/?cid=7063971214449953938&g_mp=Cidnb29nbGUubWFwcy5wbGFjZXMudjEuUGxhY2VzLlNlYXJjaFRleHQQAhgEIAA,https://www.instagram.com/lone_cypress_window_cleaning/,OPERATIONAL,service|point_of_interest|establishment
ChIJE0rZf7pNrlQROWy68X1PgS4,Express Septic & Drain Cleaning,service,Septic service,(208) 254-1217,"24902 Vavold Way, Caldwell, ID 83607, USA",Caldwell,4.9,603,https://maps.google.com/?cid=3351047000085392441&g_mp=Cidnb29nbGUubWFwcy5wbGFjZXMudjEuUGxhY2VzLlNlYXJjaFRleHQQAhgEIAA,https://septicsystempumping.com/,OPERATIONAL,service|point_of_interest|establishment
ChIJDYcMUgC1r1QRLL9IKB-VIf4,Wild Land Irrigation,general_contractor,Irrigation,,"518 Dearborn St, Caldwell, ID 83605, USA",Caldwell,5,7,https://maps.google.com/?cid=18312081520917528364&g_mp=Cidnb29nbGUubWFwcy5wbGFjZXMudjEuUGxhY2VzLlNlYXJjaFRleHQQAhgEIAA,https://wildlandirrigation.com/,OPERATIONAL,general_contractor|point_of_interest|service|establishment
ChIJuXL7dZu0r1QRtFiT1pCWk3Q,Pioneer District,supplier,Irrigation,(208) 459-3617,"3804 S Lk Ave, Caldwell, ID 83607, USA",Caldwell,4.6,9,https://maps.google.com/?cid=8400223278795544756&g_mp=Cidnb29nbGUubWFwcy5wbGFjZXMudjEuUGxhY2VzLlNlYXJjaFRleHQQAhgEIAA,http://www.pioneerirrigation.com/,OPERATIONAL,supplier|food|point_of_interest|establishment
ChIJUb_a-xO2r1QRHGoteyzDqTI,Interwest Supply,building_materials_store,Irrigation,(208) 453-9155,"20488 Pinto Ln, Caldwell, ID 83607, USA",Caldwell,4.3,29,https://maps.google.com/?cid=3650663568773048860&g_mp=Cidnb29nbGUubWFwcy5wbGFjZXMudjEuUGxhY2VzLlNlYXJjaFRleHQQAhgEIAA,https://www.interwestsupply.com/,OPERATIONAL,building_materials_store|supplier|manufacturer|store|food|point_of_interest|service|establishment
ChIJBRCpy7K1r1QRlGZ5KBerLH0,Sprinkler World,building_materials_store,Irrigation,(208) 402-5011,"3807 Cleveland Blvd, Caldwell, ID 83605, USA",Caldwell,4.2,6,https://maps.google.com/?cid=9019772269667903124&g_mp=Cidnb29nbGUubWFwcy5wbGFjZXMudjEuUGxhY2VzLlNlYXJjaFRleHQQAhgEIAA,https://www.standardplumbing.com/locations/CH,OPERATIONAL,building_materials_store|supplier|general_contractor|store|food|point_of_interest|service|establishment
ChIJrYv5ZZ1NrlQR97dkFrIINBs,Canyon Hill Irrigation District,general_contractor,Irrigation,(208) 442-6989,"5700 E Franklin Rd STE 220E, Nampa, ID 83687, USA",Nampa,3.5,6,https://maps.google.com/?cid=1960201298785908727&g_mp=Cidnb29nbGUubWFwcy5wbGFjZXMudjEuUGxhY2VzLlNlYXJjaFRleHQQAhgEIAA,https://canyonhillirrigation.com/,OPERATIONAL,general_contractor|point_of_interest|service|establishment
ChIJkZUUha61r1QR6Eo0L3bRLbs,Selkow's Flooring LLC,general_contractor,Flooring contractor,(208) 718-8292,"2900 Cleveland Blvd Suite 106, Caldwell, ID 83605, USA",Caldwell,,0,https://maps.google.com/?cid=13487666764572805864&g_mp=Cidnb29nbGUubWFwcy5wbGFjZXMudjEuUGxhY2VzLlNlYXJjaFRleHQQAhgEIAA,https://www.facebook.com/profile.php?id=61583183034399,OPERATIONAL,general_contractor|point_of_interest|service|establishment
ChIJSYaPheqzr1QRU_cQjR2SVhQ,Z Tile and Flooring,building_materials_store,Tile contractor,(208) 869-5768,"204 Happy Day Blvd suite 102, Caldwell, ID 83607, USA",Caldwell,4.7,13,https://maps.google.com/?cid=1465519384374081363&g_mp=Cidnb29nbGUubWFwcy5wbGFjZXMudjEuUGxhY2VzLlNlYXJjaFRleHQQAhgEIAA,https://theztile.com/,OPERATIONAL,building_materials_store|general_contractor|home_goods_store|service|store|point_of_interest|establishment
ChIJDW8Bi0CD8SsRQq8rQ2BNBwQ,Seare Woodworking LLC,manufacturer,Cabinet maker,(208) 918-7172,"19708 Cumberland Way, Caldwell, ID 83605, USA",Caldwell,5,14,https://maps.google.com/?cid=290285776827821890&g_mp=Cidnb29nbGUubWFwcy5wbGFjZXMudjEuUGxhY2VzLlNlYXJjaFRleHQQAhgEIAA,http://searewoodworkingllc.com/,OPERATIONAL,manufacturer|service|point_of_interest|establishment
ChIJY3nbVB-2r1QRdUWQviGJdu8,"Valley Finish, Inc.",general_contractor,Cabinet maker,(208) 565-0373,"20061 Monte Wy, Caldwell, ID 83607, USA",Caldwell,4.7,19,https://maps.google.com/?cid=17255129800340686197&g_mp=Cidnb29nbGUubWFwcy5wbGFjZXMudjEuUGxhY2VzLlNlYXJjaFRleHQQAhgEIAA,https://www.valleyfinish.com/,OPERATIONAL,general_contractor|manufacturer|service|point_of_interest|establishment
ChIJ9zc_27mxr1QRAf3ejzlu-eM,Walker Cabinet Refinishing & Painting,painter,Cabinet maker,(208) 353-9962,"20249 Dixie River Rd, Caldwell, ID 83607, USA",Caldwell,4.9,52,https://maps.google.com/?cid=16427282309316541697&g_mp=Cidnb29nbGUubWFwcy5wbGFjZXMudjEuUGxhY2VzLlNlYXJjaFRleHQQAhgEIAA,https://walkercabinetrefinishing.com/?utm_source=GMB&utm_medium=organic&utm_campaign=Caldwell,OPERATIONAL,painter|general_contractor|home_goods_store|service|store|point_of_interest|establishment
ChIJV-4U61FSrlQRsbjV04kgHik,Upscale Kitchen Refinishing,general_contractor,Cabinet maker,(208) 559-2952,"22020 Rio Vista Dr, Caldwell, ID 83607, USA",Caldwell,5,4,https://maps.google.com/?cid=2962841381192972465&g_mp=Cidnb29nbGUubWFwcy5wbGFjZXMudjEuUGxhY2VzLlNlYXJjaFRleHQQAhgEIAA,https://upscalekitchenrefinishing.com/,OPERATIONAL,general_contractor|home_goods_store|manufacturer|service|store|point_of_interest|establishment
ChIJU3HuMQ_Lr1QRrfc7Ki5hW5c,Parry Construction,home_goods_store,Kitchen remodel,(208) 284-3836,"14594 Perfection Ln, Caldwell, ID 83607, USA",Caldwell,5,75,https://maps.google.com/?cid=10906417773512751021&g_mp=Cidnb29nbGUubWFwcy5wbGFjZXMudjEuUGxhY2VzLlNlYXJjaFRleHQQAhgEIAA,https://parryconstruction.com/nampa-caldwell/,OPERATIONAL,home_goods_store|store|general_contractor|service|point_of_interest|establishment
ChIJ0ZbRR0tNrlQRDibl3HUDWsI,Treasure Valley Redesign & Remodel,service,Kitchen remodel,(208) 318-5588,"3425 E Chicago St, Caldwell, ID 83605, USA",Caldwell,4.4,14,https://maps.google.com/?cid=14004509796014040590&g_mp=Cidnb29nbGUubWFwcy5wbGFjZXMudjEuUGxhY2VzLlNlYXJjaFRleHQQAhgEIAA,https://www.tvremodel.com/,OPERATIONAL,service|point_of_interest|establishment
ChIJZe-bZ1_YAmcRgp_uUsh6LYM,Idahome Artisans Construction,manufacturer,Kitchen remodel,(208) 600-9193,"5109 Bluestem Way, Caldwell, ID 83607, USA",Caldwell,5,3,https://maps.google.com/?cid=9452346193723957122&g_mp=Cidnb29nbGUubWFwcy5wbGFjZXMudjEuUGxhY2VzLlNlYXJjaFRleHQQAhgEIAA,https://www.idahomeartisans.com/,OPERATIONAL,manufacturer|general_contractor|service|point_of_interest|establishment
ChIJX_6xh96xr1QRox8868MVjn8,208 Marble & Granite LLC,home_goods_store,Kitchen remodel,(208) 250-7226,"115 E Plymouth St Suite 105, Caldwell, ID 83605, USA",Caldwell,5,12,https://maps.google.com/?cid=9191307820719153059&g_mp=Cidnb29nbGUubWFwcy5wbGFjZXMudjEuUGxhY2VzLlNlYXJjaFRleHQQAhgEIAA,http://facebook.com/208marbleandgranite,OPERATIONAL,home_goods_store|store|general_contractor|service|point_of_interest|establishment
ChIJn_ilSRmtr1QRMm9x4Nh7E2k,Phoenix Remodeling LLC,point_of_interest,Bathroom remodel,(208) 800-9426,"8569 Silverwood Wy, Middleton, ID 83644, USA",,4.9,11,https://maps.google.com/?cid=7571531569948618546&g_mp=Cidnb29nbGUubWFwcy5wbGFjZXMudjEuUGxhY2VzLlNlYXJjaFRleHQQAhgEIAA,http://www.phoenixremodelingllc.net/,OPERATIONAL,point_of_interest|service|establishment
ChIJR3AlW01pBIQRcfySz_4KBUU,B&T Construction and Remodels,general_contractor,Bathroom remodel,(208) 936-9364,"11938 Sandpiper Ct, Caldwell, ID 83605, USA",Caldwell,5,3,https://maps.google.com/?cid=4973393453021068401&g_mp=Cidnb29nbGUubWFwcy5wbGFjZXMudjEuUGxhY2VzLlNlYXJjaFRleHQQAhgEIAA,https://btconstructionremodels.com/,OPERATIONAL,general_contractor|point_of_interest|service|establishment
ChIJK_ZxOo-zr1QRJhLcuSDFj7k,Custom Marble & Solid Surfaces,general_contractor,Bathroom remodel,(208) 454-8702,"1405 Industrial Way, Caldwell, ID 83605, USA",Caldwell,4.9,55,https://maps.google.com/?cid=13371122563034124838&g_mp=Cidnb29nbGUubWFwcy5wbGFjZXMudjEuUGxhY2VzLlNlYXJjaFRleHQQAhgEIAA,https://www.custommarblellc.com/,OPERATIONAL,general_contractor|home_goods_store|manufacturer|store|point_of_interest|service|establishment
ChIJpS34aOC1r1QRcD0DQzI-vxc,Victory Construction,general_contractor,General contractor,(208) 989-3482,"2308 Wyoming Ave, Caldwell, ID 83605, USA",Caldwell,5,23,https://maps.google.com/?cid=1711154769017650544&g_mp=Cidnb29nbGUubWFwcy5wbGFjZXMudjEuUGxhY2VzLlNlYXJjaFRleHQQAhgEIAA,https://victoryconstructll.wixsite.com/victoryconstructio-2,OPERATIONAL,general_contractor|service|point_of_interest|establishment
ChIJ82_dyRG0r1QRdTsYCDt1OMc,Hibbard Construction Inc,general_contractor,General contractor,(208) 459-7048,"716 Cleveland Blvd, Caldwell, ID 83605, USA",Caldwell,4.7,13,https://maps.google.com/?cid=14355352708642782069&g_mp=Cidnb29nbGUubWFwcy5wbGFjZXMudjEuUGxhY2VzLlNlYXJjaFRleHQQAhgEIAA,http://www.hibbardconstruction.com/,OPERATIONAL,general_contractor|service|point_of_interest|establishment
ChIJVVUpS9a0r1QRTKrHaBX2jUY,RED BEARD DRYWALL,point_of_interest,Drywall contractor,(208) 219-6896,"16395 Kingsley Way, Caldwell, ID 83607, USA",Caldwell,5,10,https://maps.google.com/?cid=5083990126183819852&g_mp=Cidnb29nbGUubWFwcy5wbGFjZXMudjEuUGxhY2VzLlNlYXJjaFRleHQQAhgEIAA,https://redbearddrywall.com/contact-us,OPERATIONAL,point_of_interest|service|establishment
ChIJe5WfheXKr1QRCyi9b9V8t68,Eco Green LLC,general_contractor,Insulation contractor,(208) 989-4970,"19433 Karcher Rd, Caldwell, ID 83607, USA",Caldwell,5,8,https://maps.google.com/?cid=12661726133519984651&g_mp=Cidnb29nbGUubWFwcy5wbGFjZXMudjEuUGxhY2VzLlNlYXJjaFRleHQQAhgEIAA,http://www.ecogreenidaho.com/,OPERATIONAL,general_contractor|service|point_of_interest|establishment
ChIJXwn1zFi1r1QRHpy0v6RaXsY,Any Weather Exteriors,point_of_interest,Siding contractor,(208) 228-0939,"2620 Cleveland Blvd, Caldwell, ID 83605, USA",Caldwell,4.7,27,https://maps.google.com/?cid=14293961930957954078&g_mp=Cidnb29nbGUubWFwcy5wbGFjZXMudjEuUGxhY2VzLlNlYXJjaFRleHQQAhgEIAA,https://awxllc.com/,OPERATIONAL,point_of_interest|service|establishment
ChIJ09j4gBa1r1QRXER2Oi2eF1Q,Align Construction,general_contractor,Siding contractor,(208) 392-3855,"14072 Pearl Pointe Dr, Caldwell, ID 83607, USA",Caldwell,4.3,11,https://maps.google.com/?cid=6059485740741837916&g_mp=Cidnb29nbGUubWFwcy5wbGFjZXMudjEuUGxhY2VzLlNlYXJjaFRleHQQAhgEIAA,https://www.alignconst.com/,OPERATIONAL,general_contractor|point_of_interest|service|establishment
ChIJVVUFrmmsr1QRvVe3eoJVLBo,Elite Pools of Idaho,general_contractor,Pool cleaning,(208) 991-7910,"10992 W Box Canyon St, Star, ID 83669, USA",,,0,https://maps.google.com/?cid=1885976362854340541&g_mp=Cidnb29nbGUubWFwcy5wbGFjZXMudjEuUGxhY2VzLlNlYXJjaFRleHQQAhgEIAA,https://elitepoolsofidaho.com/contact-us/,OPERATIONAL,general_contractor|point_of_interest|service|establishment
ChIJv9aC6b-wr1QRlH8603mLMIU,Cate Movers,moving_company,Moving company,(208) 812-5522,"15892 Sunburst Dr, Caldwell, ID 83607, USA",Caldwell,4.9,61,https://maps.google.com/?cid=9597324161277656980&g_mp=Cidnb29nbGUubWFwcy5wbGFjZXMudjEuUGxhY2VzLlNlYXJjaFRleHQQAhgEIAA,https://catecaldwellmovers.com/,OPERATIONAL,moving_company|storage|transportation_service|shipping_service|service|point_of_interest|establishment
ChIJ6_zKuYfAKW8RUvDElXL2hsA,Load N' Deliver,moving_company,Moving company,(208) 366-5623,"10916 Super Cub Dr, Caldwell, ID 83605, USA",Caldwell,4.9,42,https://maps.google.com/?cid=13873046674160808018&g_mp=Cidnb29nbGUubWFwcy5wbGFjZXMudjEuUGxhY2VzLlNlYXJjaFRleHQQAhgEIAA,https://loadndeliver.wixsite.com/loadndeliver,OPERATIONAL,moving_company|transportation_service|service|point_of_interest|establishment
ChIJZUdkgOOzr1QRE0PTbgmtKEM,Better Route Moving & Storage,moving_company,Moving company,(208) 402-5356,"1415 Lauren Ln STE 102, Caldwell, ID 83605, USA",Caldwell,5,69,https://maps.google.com/?cid=4839308055635247891&g_mp=Cidnb29nbGUubWFwcy5wbGFjZXMudjEuUGxhY2VzLlNlYXJjaFRleHQQAhgEIAA,https://www.betterroutemoving.com/,OPERATIONAL,moving_company|transportation_service|service|point_of_interest|establishment
ChIJVZQ0hPGnMiURQqQw4U_DgZw,Blackburn hauling services llc,service,Junk removal,(208) 504-7900,"2002 Willow St, Caldwell, ID 83605, USA",Caldwell,5,5,https://maps.google.com/?cid=11277509689760326722&g_mp=Cidnb29nbGUubWFwcy5wbGFjZXMudjEuUGxhY2VzLlNlYXJjaFRleHQQAhgEIAA,http://blackburnhaulingjr.com/,OPERATIONAL,service|point_of_interest|establishment
ChIJHTMVOAS1r1QRfnB1bucZ7T4,Dump It Junk Removal | Garbage Services,service,Junk removal,(208) 545-5699,"418 S 9th Ave Suite J, Caldwell, ID 83605, USA",Caldwell,5,7,https://maps.google.com/?cid=4534308881613287550&g_mp=Cidnb29nbGUubWFwcy5wbGFjZXMudjEuUGxhY2VzLlNlYXJjaFRleHQQAhgEIAA,https://junkgarbageremovalusa.com/dump-it-junk-removal-garbage-services-caldwell-id-location/,OPERATIONAL,service|point_of_interest|establishment
ChIJGd62caC0r1QR-yRp0htUb6g,Windshield Doctor,car_repair,Glass repair,(208) 459-7757,"209 N Phoenix Ln ste 106, Caldwell, ID 83607, USA",Caldwell,4.8,152,https://maps.google.com/?cid=12137011999257732347&g_mp=Cidnb29nbGUubWFwcy5wbGFjZXMudjEuUGxhY2VzLlNlYXJjaFRleHQQAhgEIAA,http://www.thewindshielddoctor.net/,OPERATIONAL,car_repair|service|point_of_interest|establishment
ChIJbdAaoIG0r1QRMbD2pHWe4d8,Custom Glass,point_of_interest,Glass repair,(208) 454-0340,"254 Loop St, Caldwell, ID 83605, USA",Caldwell,4,4,https://maps.google.com/?cid=16132349568333819953&g_mp=Cidnb29nbGUubWFwcy5wbGFjZXMudjEuUGxhY2VzLlNlYXJjaFRleHQQAhgEIAA,http://www.cgidaho.com/,OPERATIONAL,point_of_interest|establishment
ChIJeZt_4JRMrlQR-gHfpCwBQJI,River City Glass & Design,manufacturer,Window repair,(208) 467-6600,"1410 Lauren Ln Ste# 102, Caldwell, ID 83605, USA",Caldwell,4.9,34,https://maps.google.com/?cid=10538424419303227898&g_mp=Cidnb29nbGUubWFwcy5wbGFjZXMudjEuUGxhY2VzLlNlYXJjaFRleHQQAhgEIAA,http://www.rivercityglassanddesign.com/,OPERATIONAL,manufacturer|building_materials_store|store|point_of_interest|establishment
ChIJIYnI9AZTrlQRL1070SonvTg,KJ Fabrication,manufacturer,Welding service,(208) 398-0890,"5604 S Indiana Ave, Caldwell, ID 83607, USA",Caldwell,5,27,https://maps.google.com/?cid=4088467101574716719&g_mp=Cidnb29nbGUubWFwcy5wbGFjZXMudjEuUGxhY2VzLlNlYXJjaFRleHQQAhgEIAA,http://www.kjfabrication.com/,OPERATIONAL,manufacturer|service|point_of_interest|establishment
ChIJh-RtPL6zr1QRbDbnF4v59tg,Aztec Welding Services LLC,service,Welding service,(208) 219-1273,"3902 Muller Dr ste 101, Caldwell, ID 83605, USA",Caldwell,5,1,https://maps.google.com/?cid=15633957532260054636&g_mp=Cidnb29nbGUubWFwcy5wbGFjZXMudjEuUGxhY2VzLlNlYXJjaFRleHQQAhgEIAA,http://aztecwelding.com/,OPERATIONAL,service|point_of_interest|establishment
ChIJ-7bhf-e1r1QRlyNVOjxfeUY,"Valley Compact Demolition Excavation, LLC",moving_company,Excavation contractor,(208) 275-9616,"804 W Ash St, Caldwell, ID 83605, USA",Caldwell,5,4,https://maps.google.com/?cid=5078194767118279575&g_mp=Cidnb29nbGUubWFwcy5wbGFjZXMudjEuUGxhY2VzLlNlYXJjaFRleHQQAhgEIAA,http://www.valleycompact.com/,OPERATIONAL,moving_company|shipping_service|general_contractor|transportation_service|service|point_of_interest|establishment
ChIJK117Eb207UYRrMFTuhLAocs,Ray SealCoat LLC,general_contractor,Paving contractor,(208) 249-7153,"19664 Commonwealth Ave, Caldwell, ID 83605, USA",Caldwell,5,1,https://maps.google.com/?cid=14673220247617782188&g_mp=Cidnb29nbGUubWFwcy5wbGFjZXMudjEuUGxhY2VzLlNlYXJjaFRleHQQAhgEIAA,https://www.raysealcoat.com/,OPERATIONAL,general_contractor|service|point_of_interest|establishment
ChIJpx5RI4C3r1QRCCTrv8FqkRU,"Idaho Materials & Construction, A CRH Company",general_contractor,Paving contractor,(208) 466-5001,"21943 Look Ln, Caldwell, ID 83607, USA",Caldwell,5,2,https://maps.google.com/?cid=1554140726800622600&g_mp=Cidnb29nbGUubWFwcy5wbGFjZXMudjEuUGxhY2VzLlNlYXJjaFRleHQQAhgEIAA,https://stakerparson.com/companies/idaho-materials-construction/,OPERATIONAL,general_contractor|supplier|service|manufacturer|point_of_interest|establishment
ChIJhw1gYHWxr1QR4mL5UadmpJY,A A Sealcoat Inc,general_contractor,Paving contractor,(208) 454-1178,"823 Arthur St #279, Caldwell, ID 83605, USA",Caldwell,4.3,6,https://maps.google.com/?cid=10854913870690607842&g_mp=Cidnb29nbGUubWFwcy5wbGFjZXMudjEuUGxhY2VzLlNlYXJjaFRleHQQAhgEIAA,http://www.aasealcoat.com/,OPERATIONAL,general_contractor|service|point_of_interest|establishment
ChIJV0G9Wd-rr1QRdGcOGmQhSLk,Master Plumbing,plumber,Plumber,(208) 922-6955,"393 W State St c, Eagle, ID 83616, USA",Eagle,4.9,164,https://maps.google.com/?cid=13350957809157433204&g_mp=Cidnb29nbGUubWFwcy5wbGFjZXMudjEuUGxhY2VzLlNlYXJjaFRleHQQAhgEIAA,https://masterrooter.com/home/southwest-idaho-plumbers/eagle-idaho-plumber/,OPERATIONAL,plumber|supplier|general_contractor|store|point_of_interest|service|establishment
ChIJ5x6runRVrlQRHbvNaEsBrVE,Quality Plumber Eagle ID,plumber,Plumber,(208) 247-0308,"2073 E Dunyon St, Eagle, ID 83616, USA",Eagle,5,17,https://maps.google.com/?cid=5885361711435594525&g_mp=Cidnb29nbGUubWFwcy5wbGFjZXMudjEuUGxhY2VzLlNlYXJjaFRleHQQAhgEIAA,https://qualityplumbereagleid.com/,OPERATIONAL,plumber|point_of_interest|service|establishment
ChIJk3-j6aFVrlQRSGNbOtKd0qY,Ritchie Plumbing LLC,plumber,Plumber,(208) 609-9000,"2903 S Fox Den Pl, Eagle, ID 83616, USA",Eagle,5,286,https://maps.google.com/?cid=12020843881653035848&g_mp=Cidnb29nbGUubWFwcy5wbGFjZXMudjEuUGxhY2VzLlNlYXJjaFRleHQQAhgEIAA,https://ritchieplumbing.com/,OPERATIONAL,plumber|home_goods_store|general_contractor|store|point_of_interest|service|establishment
ChIJJ-9KjesSkFQRYwlJiqy4aoA,EMB Plumbing Services,plumber,Plumber,(208) 948-8997,"408 S Eagle Rd, Eagle, ID 83616, USA",Eagle,4.9,31,https://maps.google.com/?cid=9253411435580033379&g_mp=Cidnb29nbGUubWFwcy5wbGFjZXMudjEuUGxhY2VzLlNlYXJjaFRleHQQAhgEIAA,https://www.embplumbing.com/,OPERATIONAL,plumber|point_of_interest|service|establishment
ChIJm6lO0GZoj6AR4ii_Od51VIE,IdaPros Plumbing & Drains,plumber,Plumber,(208) 299-9611,"1121 E State St STE 105, Eagle, ID 83616, USA",Eagle,5,116,https://maps.google.com/?cid=9319203126248417506&g_mp=Cidnb29nbGUubWFwcy5wbGFjZXMudjEuUGxhY2VzLlNlYXJjaFRleHQQAhgEIAA,https://www.idapros.com/,OPERATIONAL,plumber|point_of_interest|service|establishment
ChIJN8-honv92YgRuLIMKX5txf0,Goodrich Plumbing Idaho,plumber,Plumbing,(208) 752-2139,"372 S Eagle Rd #214, Eagle, ID 83616, USA",Eagle,4.7,13,https://maps.google.com/?cid=18286142250629771960&g_mp=Cidnb29nbGUubWFwcy5wbGFjZXMudjEuUGxhY2VzLlNlYXJjaFRleHQQAhgEIAA,https://goodrichplumbingidaho.com/,OPERATIONAL,plumber|service|point_of_interest|establishment
ChIJYwa_B1FjcyERSE_QNwktFYE,State Street Electric,electrician,Electrician,(208) 996-7973,"1121 E State St STE 100, Eagle, ID 83616, USA",Eagle,5,104,https://maps.google.com/?cid=9301390123017981768&g_mp=Cidnb29nbGUubWFwcy5wbGFjZXMudjEuUGxhY2VzLlNlYXJjaFRleHQQAhgEIAA,https://statestreetelectric.com/?utm_source=gbp&utm_medium=organic,OPERATIONAL,electrician|service|point_of_interest|establishment
ChIJrcZppFM3q1QRl9TMhdlsayo,AG Electric LLC.,electrician,Electrical contractor,(208) 312-7245,"685 W 100 S, Paul, ID 83347, USA",,5,2,https://maps.google.com/?cid=3056656453609510039&g_mp=Cidnb29nbGUubWFwcy5wbGFjZXMudjEuUGxhY2VzLlNlYXJjaFRleHQQAhgEIAA,http://www.agelectricidaho.com/,OPERATIONAL,electrician|service|point_of_interest|establishment
ChIJzaR9Mumtr1QR4SN_LxG8K5A,Keely Electric,electrician,Electrical contractor,(208) 991-0122,"846 S Star Rd Suite 101, Star, ID 83669, USA",,5,284,https://maps.google.com/?cid=10388603747457508321&g_mp=Cidnb29nbGUubWFwcy5wbGFjZXMudjEuUGxhY2VzLlNlYXJjaFRleHQQAhgEIAA,http://keelyelectric.com/,OPERATIONAL,electrician|service|point_of_interest|establishment
ChIJid4-_QZUrlQRIdzMUJLd-MY,"Lea Electric, LLC",electrician,Electrical contractor,(208) 888-2523,"2201 E Commercial St, Meridian, ID 83642, USA",Meridian,4.5,22,https://maps.google.com/?cid=14337453034224540705&g_mp=Cidnb29nbGUubWFwcy5wbGFjZXMudjEuUGxhY2VzLlNlYXJjaFRleHQQAhgEIAA,https://www.leaelectric.com/,OPERATIONAL,electrician|general_contractor|service|point_of_interest|establishment
ChIJYyv0_Turr1QRAeAAGoM2m9g,Black Tree Roofing LLC,roofing_contractor,Roofer,(208) 244-0403,"233 W State St suite a, Eagle, ID 83616, USA",Eagle,5,9,https://maps.google.com/?cid=15608128870287466497&g_mp=Cidnb29nbGUubWFwcy5wbGFjZXMudjEuUGxhY2VzLlNlYXJjaFRleHQQAhgEIAA,https://blacktreeroofing.com/,OPERATIONAL,roofing_contractor|point_of_interest|service|establishment
ChIJjc4pJR6GX28RL-HZiCRHyJ4,"Idaho Roofing Partners, LLC",roofing_contractor,Roofer,(208) 917-1869,"2600 N Croft Ln, Eagle, ID 83616, USA",Eagle,5,40,https://maps.google.com/?cid=11441473075575120175&g_mp=Cidnb29nbGUubWFwcy5wbGFjZXMudjEuUGxhY2VzLlNlYXJjaFRleHQQAhgEIAA,https://idahoroofingpartners.com/,OPERATIONAL,roofing_contractor|building_materials_store|general_contractor|store|point_of_interest|service|establishment
ChIJ-RRwNFVVrlQRDLJx-j0XGYI,Pro Tech Roofing Inc,roofing_contractor,Roofer,(208) 939-6714,"1986 E State St, Eagle, ID 83616, USA",Eagle,5,6,https://maps.google.com/?cid=9374549654310597132&g_mp=Cidnb29nbGUubWFwcy5wbGFjZXMudjEuUGxhY2VzLlNlYXJjaFRleHQQAhgEIAA,http://protechroofing.us/,OPERATIONAL,roofing_contractor|point_of_interest|service|establishment
ChIJD86TTO1VrlQRnCOomrYCkXo,"Tru Armor Roofing Idaho, LLC",roofing_contractor,Roofer,(208) 550-9387,"1392 W Colchester Dr, Eagle, ID 83616, USA",Eagle,5,10,https://maps.google.com/?cid=8831843327552267164&g_mp=Cidnb29nbGUubWFwcy5wbGFjZXMudjEuUGxhY2VzLlNlYXJjaFRleHQQAhgEIAA,https://www.truarmoridaho.com/,OPERATIONAL,roofing_contractor|point_of_interest|service|establishment
ChIJK_sMBaahs4oR4bKL2DAQJ-M,Bork Roofing,roofing_contractor,Roofer,(208) 869-6674,"1475 N Hornback Ave, Star, ID 83669, USA",,5,272,https://maps.google.com/?cid=16368069172678865633&g_mp=Cidnb29nbGUubWFwcy5wbGFjZXMudjEuUGxhY2VzLlNlYXJjaFRleHQQAhgEIAA,https://www.borkroofing.com/,OPERATIONAL,roofing_contractor|point_of_interest|service|establishment
ChIJvaIXDPdTrlQRSudphSW6OIM,Advanced Heating & Cooling,general_contractor,HVAC,(208) 336-2665,"2640 E Lanark St, Meridian, ID 83642, USA",Meridian,4.5,326,https://maps.google.com/?cid=9455512087979222858&g_mp=Cidnb29nbGUubWFwcy5wbGFjZXMudjEuUGxhY2VzLlNlYXJjaFRleHQQAhgEIAA,https://www.advancedheatingandcooling.com/,OPERATIONAL,general_contractor|supplier|point_of_interest|service|establishment
ChIJ20m8g_err1QRSD2tW22SMO4,ProGuard Pest Control,point_of_interest,Pest control,(208) 352-2062,"5341 W Piaffe St, Eagle, ID 83616, USA",Eagle,5,262,https://maps.google.com/?cid=17163379178296130888&g_mp=Cidnb29nbGUubWFwcy5wbGFjZXMudjEuUGxhY2VzLlNlYXJjaFRleHQQAhgEIAA,https://proguardpest.com/contact-us/,OPERATIONAL,point_of_interest|service|establishment
ChIJyVHpSDu5dYMRyUYQ7Ze6siE,Six Brothers Pest Control,point_of_interest,Pest control,(208) 801-7378,"2616 E Aspenwood Ct, Eagle, ID 83616, USA",Eagle,4.9,189,https://maps.google.com/?cid=2428208310786213577&g_mp=Cidnb29nbGUubWFwcy5wbGFjZXMudjEuUGxhY2VzLlNlYXJjaFRleHQQAhgEIAA,https://sixbrotherspestcontrol.com/eagle-id/,OPERATIONAL,point_of_interest|service|establishment
ChIJgwdzZ63DrAQRmR_zykCQVh8,Cedar Pest Management,point_of_interest,Pest control,(208) 671-3774,"2976 E State St Ste 120 PMB 2942, Eagle, ID 83616, USA",Eagle,5,86,https://maps.google.com/?cid=2258150871130120089&g_mp=Cidnb29nbGUubWFwcy5wbGFjZXMudjEuUGxhY2VzLlNlYXJjaFRleHQQAhgEIAA,https://cedarpestidaho.com/,OPERATIONAL,point_of_interest|service|establishment
ChIJFSsI3Carr1QR1OlOPPBz7Sk,Sawtooth Pest Control,point_of_interest,Pest control,(208) 900-4717,"1117 E Plaza Dr suite f, Eagle, ID 83616, USA",Eagle,5,594,https://maps.google.com/?cid=3021198400676620756&g_mp=Cidnb29nbGUubWFwcy5wbGFjZXMudjEuUGxhY2VzLlNlYXJjaFRleHQQAhgEIAA,https://www.sawtoothpest.com/,OPERATIONAL,point_of_interest|service|establishment
ChIJBaQrBjSrr1QRC9j5GfOk3H8,Vertex Pest Control,point_of_interest,Pest control,(208) 460-7223,"1121 E State St #102e, Eagle, ID 83616, USA",Eagle,5,1090,https://maps.google.com/?cid=9213420301713004555&g_mp=Cidnb29nbGUubWFwcy5wbGFjZXMudjEuUGxhY2VzLlNlYXJjaFRleHQQAhgEIAA,https://www.vertexpestcontrol.com/pest-control-eagle?utm_source=gbp&utm_medium=organic&utm_campaign=gbp-Eagle,OPERATIONAL,point_of_interest|service|establishment
ChIJibifIUWrr1QRf2ZDxJ1hWyw,HEMI Pest Control,point_of_interest,Pest control,(208) 906-3668,"393 W State St f, Eagle, ID 83616, USA",Eagle,4.9,153,https://maps.google.com/?cid=3196255690780010111&g_mp=Cidnb29nbGUubWFwcy5wbGFjZXMudjEuUGxhY2VzLlNlYXJjaFRleHQQAhgEIAA,https://hemipest.com/,OPERATIONAL,point_of_interest|service|establishment
ChIJxapjJE3vXwwR20yRJsXs9XY,Jennings Landscape & Cleaning,general_contractor,Landscaping,(208) 279-3297,"2580 E Blackstone Dr, Eagle, ID 83616, USA",Eagle,5,57,https://maps.google.com/?cid=8572017797269376219&g_mp=Cidnb29nbGUubWFwcy5wbGFjZXMudjEuUGxhY2VzLlNlYXJjaFRleHQQAhgEIAA,http://www.jenningslandscaping208.com/,OPERATIONAL,general_contractor|point_of_interest|service|establishment
ChIJJV3pO3Kqr1QR5V2GycD-87E,Eagle Landscape,general_contractor,Landscaping,(208) 939-8723,"3931 N Ballantyne Ln, Eagle, ID 83616, USA",Eagle,3.8,4,https://maps.google.com/?cid=12822872668022136293&g_mp=Cidnb29nbGUubWFwcy5wbGFjZXMudjEuUGxhY2VzLlNlYXJjaFRleHQQAhgEIAA,http://eaglelandscape.com/contact,OPERATIONAL,general_contractor|point_of_interest|service|establishment
ChIJ90USWfL5rlQR1CMYv4gnmf8,"208 Specialties - Landscaping, Paver Patios, and Fencing",general_contractor,Landscaping,(208) 925-2393,"210-1 E 37th St, Garden City, ID 83714, USA",,4.8,25,https://maps.google.com/?cid=18417795619383419860&g_mp=Cidnb29nbGUubWFwcy5wbGFjZXMudjEuUGxhY2VzLlNlYXJjaFRleHQQAhgEIAA,https://208specialties.com/?utm_source=gmb,OPERATIONAL,general_contractor|point_of_interest|service|establishment
ChIJf6YzM2b_rlQRhoO2enpVAe0,Cutting Edge Landscape,general_contractor,Landscaping,(208) 378-4588,"5407 Alworth St, Garden City, ID 83714, USA",,4.2,124,https://maps.google.com/?cid=17078025246498784134&g_mp=Cidnb29nbGUubWFwcy5wbGFjZXMudjEuUGxhY2VzLlNlYXJjaFRleHQQAhgEIAA,https://www.cuttingedgelandscape.com/?utm_source=google&utm_id=gmb,OPERATIONAL,general_contractor|point_of_interest|service|establishment
ChIJLQ5VHQoAr1QR8gFKn8CylFk,Mustard Seed Lawn Care,point_of_interest,Lawn care,(208) 901-2678,"768 N Eagle Hills Way, Eagle, ID 83616, USA",Eagle,5,56,https://maps.google.com/?cid=6454980706304655858&g_mp=Cidnb29nbGUubWFwcy5wbGFjZXMudjEuUGxhY2VzLlNlYXJjaFRleHQQAhgEIAA,https://mustardseedlawncare.com/contact-us,OPERATIONAL,point_of_interest|service|establishment
ChIJ94C2Amyqr1QRSnxx4AkgVl0,Four Seasons Lawn Services,general_contractor,Lawn care,(208) 938-3104,"2986 W Deerfield Ct, Eagle, ID 83616, USA",Eagle,4.4,5,https://maps.google.com/?cid=6725598320316742730&g_mp=Cidnb29nbGUubWFwcy5wbGFjZXMudjEuUGxhY2VzLlNlYXJjaFRleHQQAhgEIAA,http://www.4seasonsidaho.com/,OPERATIONAL,general_contractor|point_of_interest|service|establishment
ChIJEYLFUD6jrFQRGMPQH2yWTqY,Eagle Lawn Care Services of Twin Falls Idaho,point_of_interest,Lawn care,(986) 888-2629,"1789 Osterloh Ave, Twin Falls, ID 83301, USA",,4.8,17,https://maps.google.com/?cid=11983681049613878040&g_mp=Cidnb29nbGUubWFwcy5wbGFjZXMudjEuUGxhY2VzLlNlYXJjaFRleHQQAhgEIAA,https://eaglelawncare.co/,OPERATIONAL,point_of_interest|service|establishment
ChIJm9RrtLqqr1QRBeKRWtSen4s,Eagle Auto Repair,car_repair,Auto repair,(208) 515-7353,"347 E State St, Eagle, ID 83616, USA",Eagle,4.8,381,https://maps.google.com/?cid=10060934727458742789&g_mp=Cidnb29nbGUubWFwcy5wbGFjZXMudjEuUGxhY2VzLlNlYXJjaFRleHQQAhgEIAA,https://www.eagleidahoautorepair.com/?utm_campaign=gmb,OPERATIONAL,car_repair|point_of_interest|service|establishment
ChIJgaP3Nvv_rlQRmg4pz4yNFFM,27th St. Automotive - Eagle,car_repair,Auto repair,(208) 991-4929,"9998 W State St, Boise, ID 83714, USA",Boise,4.7,153,https://maps.google.com/?cid=5986565440592744090&g_mp=Cidnb29nbGUubWFwcy5wbGFjZXMudjEuUGxhY2VzLlNlYXJjaFRleHQQAhgEIAA,https://27thstauto.com/,OPERATIONAL,car_repair|point_of_interest|service|establishment
ChIJQ9OCofn_rlQRhyEnivOV2I8,Commercial Tire,tire_shop,Auto repair,(208) 427-8094,"2948 E State St, Eagle, ID 83616, USA",Eagle,4.7,371,https://maps.google.com/?cid=10365199415620608391&g_mp=Cidnb29nbGUubWFwcy5wbGFjZXMudjEuUGxhY2VzLlNlYXJjaFRleHQQAhgEIAA,https://commercialtire.com/locations/eagle?utm_source=Local&utm_medium=Listings&utm_campaign=Brand,OPERATIONAL,tire_shop|auto_parts_store|car_repair|store|point_of_interest|service|establishment
ChIJ5Qz-wKuqr1QRhhzyJ2PbdAI,Jiffy Lube Oil Change and Repair,car_repair,Auto repair,(208) 939-7288,"1516 E State St, Eagle, ID 83616, USA",Eagle,4.7,355,https://maps.google.com/?cid=177007504292715654&g_mp=Cidnb29nbGUubWFwcy5wbGFjZXMudjEuUGxhY2VzLlNlYXJjaFRleHQQAhgEIAA,https://www.jiffylube.com/locations/id/eagle/3352,OPERATIONAL,car_repair|point_of_interest|service|establishment
ChIJs4qNXbr4rlQRMsVX7Hn4-k4,"Bob's Auto Repair of Boise, LLC",car_repair,Auto repair,(208) 322-2568,"4600 W Chinden Blvd, Garden City, ID 83714, USA",,4.9,61,https://maps.google.com/?cid=5691134281675949362&g_mp=Cidnb29nbGUubWFwcy5wbGFjZXMudjEuUGxhY2VzLlNlYXJjaFRleHQQAhgEIAA,http://www.bobsautorepairofboise.com/,OPERATIONAL,car_repair|point_of_interest|service|establishment
ChIJd8YpHPr_rlQR1-G25dBW3z0,Valvoline Instant Oil Change,auto_parts_store,Mechanic,(208) 939-3599,"3088 E State St, Eagle, ID 83616, USA",Eagle,4.6,391,https://maps.google.com/?cid=4458377611327234519&g_mp=Cidnb29nbGUubWFwcy5wbGFjZXMudjEuUGxhY2VzLlNlYXJjaFRleHQQAhgEIAA,https://store.vioc.com/id/eagle/3088-east-state-street?utm_source=google&utm_medium=local&utm_campaign=localsearch,OPERATIONAL,auto_parts_store|car_repair|store|point_of_interest|service|establishment
ChIJW3mZJukkAkgR9xDGVe0NHZM,Favorite Day Maid & House Cleaning Service,service,Cleaning service,(208) 999-7427,"1036 E Iron Eagle Dr Suite 162, Eagle, ID 83616, USA",Eagle,4.9,87,https://maps.google.com/?cid=10600644410897469687&g_mp=Cidnb29nbGUubWFwcy5wbGFjZXMudjEuUGxhY2VzLlNlYXJjaFRleHQQAhgEIAA,https://www.favoritedaymaid.com/,OPERATIONAL,service|point_of_interest|establishment
ChIJS9TtoBGrr1QRuLEAmDqzK04,Dream Clean Maid Services - Eagle,service,Cleaning service,(208) 562-9012,"372 S Eagle Rd Suite 178, Eagle, ID 83616, USA",Eagle,4.8,69,https://maps.google.com/?cid=5632792823196594616&g_mp=Cidnb29nbGUubWFwcy5wbGFjZXMudjEuUGxhY2VzLlNlYXJjaFRleHQQAhgEIAA,https://dreamcleanidaho.com/,OPERATIONAL,service|point_of_interest|establishment
ChIJpYaf5bhVrlQR3sui3SGkq3w,Chic Cleaning Services,service,Cleaning service,(208) 681-3583,"1426 E Iron Eagle Dr, Eagle, ID 83616, USA",Eagle,4.9,79,https://maps.google.com/?cid=8983454347079896030&g_mp=Cidnb29nbGUubWFwcy5wbGFjZXMudjEuUGxhY2VzLlNlYXJjaFRleHQQAhgEIAA,http://www.chiccleaningpro.com/,OPERATIONAL,service|point_of_interest|establishment
ChIJRQqNfauqr1QRvqqEWljz5mc,Infinite Maintenance and Cleaning,general_contractor,Cleaning service,(208) 369-7363,"1440 E Iron Eagle Dr, Eagle, ID 83616, USA",Eagle,4.6,56,https://maps.google.com/?cid=7486938991351343806&g_mp=Cidnb29nbGUubWFwcy5wbGFjZXMudjEuUGxhY2VzLlNlYXJjaFRleHQQAhgEIAA,http://www.imcfirst.com/,OPERATIONAL,general_contractor|service|point_of_interest|establishment
ChIJTfojKZqrr1QR_ok-R8_wYKY,Five-Star Cleaning Services LLC,point_of_interest,House cleaning,(208) 948-5738,"1379 N Morehouse Ave, Eagle, ID 83616, USA",Eagle,5,2,https://maps.google.com/?cid=11988846981104437758&g_mp=Cidnb29nbGUubWFwcy5wbGFjZXMudjEuUGxhY2VzLlNlYXJjaFRleHQQAhgEIAA,https://www.webcleanings.com/,OPERATIONAL,point_of_interest|service|establishment
ChIJYzJAkaWqr1QRHv2hY-_dt_U,Modern Clean,laundry,Janitorial,(208) 757-8218,"141 N Palmetto Ave, Eagle, ID 83616, USA",Eagle,5,5,https://maps.google.com/?cid=17705864480268877086&g_mp=Cidnb29nbGUubWFwcy5wbGFjZXMudjEuUGxhY2VzLlNlYXJjaFRleHQQAhgEIAA,https://themodernclean.com/,OPERATIONAL,laundry|service|point_of_interest|establishment
ChIJobjzghhXrlQRKBdwtB8rRKc,Eagleson Cleaning,service,Janitorial,(208) 999-2039,"Eagleson Rd, Boise, ID 83706, USA",Boise,4.9,7,https://maps.google.com/?cid=12052805917921515304&g_mp=Cidnb29nbGUubWFwcy5wbGFjZXMudjEuUGxhY2VzLlNlYXJjaFRleHQQAhgEIAA,http://www.eaglesoncleaning.com/,OPERATIONAL,service|point_of_interest|establishment
ChIJNTWazi1VrlQR7L_wkEcF03E,River Valley Handyman,general_contractor,Handyman,(208) 330-4208,"12303 W Freedom Dr, Boise, ID 83713, USA",Boise,5,1,https://maps.google.com/?cid=8201905151304318956&g_mp=Cidnb29nbGUubWFwcy5wbGFjZXMudjEuUGxhY2VzLlNlYXJjaFRleHQQAhgEIAA,https://www.therivervalleyhandyman.com/,OPERATIONAL,general_contractor|service|point_of_interest|establishment
ChIJr-5chkZRrlQR0N83G8Gu9dY,"Adam Roe Painting, Inc.",painter,Painter,(208) 247-0891,"7085 S Eagle Rd, Meridian, ID 83642, USA",Meridian,4.8,52,https://maps.google.com/?cid=15489478637819256784&g_mp=Cidnb29nbGUubWFwcy5wbGFjZXMudjEuUGxhY2VzLlNlYXJjaFRleHQQAhgEIAA,https://arppainting.com/,OPERATIONAL,painter|general_contractor|manufacturer|point_of_interest|service|establishment
ChIJ51X62Un_rlQRNQTTtntmm40,Eagle Concrete and Landscape,general_contractor,Concrete contractor,(208) 370-4120,"9902 W Arnold Rd, Garden City, ID 83714, USA",,5,53,https://maps.google.com/?cid=10203862062272283701&g_mp=Cidnb29nbGUubWFwcy5wbGFjZXMudjEuUGxhY2VzLlNlYXJjaFRleHQQAhgEIAA,http://www.eagleconcretelandscape.com/,OPERATIONAL,general_contractor|point_of_interest|service|establishment
ChIJF6e-Q55QrlQRSATsZUu1a4Q,Ultimate Concrete,general_contractor,Concrete contractor,(208) 515-9085,"7474 S Cloverdale Rd, Boise, ID 83709, USA",Boise,4.9,25,https://maps.google.com/?cid=9541919570951668808&g_mp=Cidnb29nbGUubWFwcy5wbGFjZXMudjEuUGxhY2VzLlNlYXJjaFRleHQQAhgEIAA,https://ultimateconcreteidaho.com/,OPERATIONAL,general_contractor|point_of_interest|service|establishment
ChIJAQCQuLOqr1QRG7NRIk8S_wQ,JC Eagle Concrete,general_contractor,Concrete contractor,(208) 573-9724,"500 E Shore Dr, Eagle, ID 83616, USA",Eagle,,0,https://maps.google.com/?cid=360026626300424987&g_mp=Cidnb29nbGUubWFwcy5wbGFjZXMudjEuUGxhY2VzLlNlYXJjaFRleHQQAhgEIAA,https://www.jceagleconcrete.com/contact,OPERATIONAL,general_contractor|point_of_interest|service|establishment
ChIJrxd0IWzJr1QR47i0YqfZ77M,Superior Fence & Rail,general_contractor,Fencing contractor,(208) 325-5570,"20990 Simplot Blvd, Greenleaf, ID 83626, USA",,4.7,194,https://maps.google.com/?cid=12965821165161724131&g_mp=Cidnb29nbGUubWFwcy5wbGFjZXMudjEuUGxhY2VzLlNlYXJjaFRleHQQAhgEIAA,https://www.superiorfenceandrail.com/treasure-valley/?utm_source=gmb&utm_medium=location&utm_campaign=sfr-boisey-gmb&utm_content=main-5-15-2020,OPERATIONAL,general_contractor|service|point_of_interest|establishment
ChIJAQDQmGOsr1QRhCZw5BZw57o,Top Of The Mountain Construction Llc,general_contractor,Fencing contractor,,"338 N Devon Way, Star, ID 83669, USA",,4.2,10,https://maps.google.com/?cid=13467856454298904196&g_mp=Cidnb29nbGUubWFwcy5wbGFjZXMudjEuUGxhY2VzLlNlYXJjaFRleHQQAhgEIAA,https://totmconstruction.com/,OPERATIONAL,general_contractor|service|point_of_interest|establishment
ChIJL1mB9T__rlQRyMmiQ07QJso,Eagle Tree Service,service,Tree service,(208) 856-7352,"2676 E State St STE 120 #413, Eagle, ID 83616, USA",Eagle,5,10,https://maps.google.com/?cid=14566559079337216456&g_mp=Cidnb29nbGUubWFwcy5wbGFjZXMudjEuUGxhY2VzLlNlYXJjaFRleHQQAhgEIAA,https://www.eagletreeservice.org/,OPERATIONAL,service|point_of_interest|establishment
ChIJiX7e8RHxPocRth0HB4yJ_DI,OL' BOI Tree Service,service,Tree service,(208) 571-2557,"372 S Eagle Rd #129, Eagle, ID 83616, USA",Eagle,5,36,https://maps.google.com/?cid=3673962630533815734&g_mp=Cidnb29nbGUubWFwcy5wbGFjZXMudjEuUGxhY2VzLlNlYXJjaFRleHQQAhgEIAA,http://www.olboitree.com/,OPERATIONAL,service|point_of_interest|establishment
ChIJIeFZDBdWrlQRtGb2iC0Aaks,Overhead Door Company of Southwestern Idaho™,general_contractor,Garage door repair,(208) 375-0137,"621 N Allumbaugh St, Boise, ID 83704, USA",Boise,4.9,287,https://maps.google.com/?cid=5434156095947302580&g_mp=Cidnb29nbGUubWFwcy5wbGFjZXMudjEuUGxhY2VzLlNlYXJjaFRleHQQAhgEIAA,https://overheaddoorinc.com/overhead-door-company-of-southwestern-idaho/?utm_source=google&utm_medium=local&utm_campaign=gmb_listing,OPERATIONAL,general_contractor|supplier|store|service|point_of_interest|establishment
ChIJVcYPq1sBr1QRYer4tWGu-Z8,Eagle Floor Care,laundry,Carpet cleaning,(208) 999-1331,"2575 E Bonita Hls St, Eagle, ID 83616, USA",Eagle,5,189,https://maps.google.com/?cid=11527436455919544929&g_mp=Cidnb29nbGUubWFwcy5wbGFjZXMudjEuUGxhY2VzLlNlYXJjaFRleHQQAhgEIAA,https://eaglecarpetpros.com/,OPERATIONAL,laundry|service|point_of_interest|establishment
ChIJi-rOuRgAr1QRdGmAvVdvYTw,Allied Carpet Care,laundry,Carpet cleaning,(208) 939-3815,"10246 W Lariat Dr, Boise, ID 83714, USA",Boise,4.9,61,https://maps.google.com/?cid=4350881137648757108&g_mp=Cidnb29nbGUubWFwcy5wbGFjZXMudjEuUGxhY2VzLlNlYXJjaFRleHQQAhgEIAA,https://www.alliedcarpetcare.com/,OPERATIONAL,laundry|service|point_of_interest|establishment
ChIJ68NXEzlVrlQRB2GnpiWPvQk,Magic Carpet Cleaning,laundry,Carpet cleaning,(208) 418-1900,"10480 Garverdale Ct, Boise, ID 83704, USA",Boise,5,25,https://maps.google.com/?cid=701874508812214535&g_mp=Cidnb29nbGUubWFwcy5wbGFjZXMudjEuUGxhY2VzLlNlYXJjaFRleHQQAhgEIAA,https://magiccarpetcleaningboise.com/,OPERATIONAL,laundry|service|point_of_interest|establishment
ChIJA1B85zh7j4AR8sHLftYzh94,EcoGreen Carpet Upholstery and Floor Care,laundry,Carpet cleaning,(208) 713-8795,"2975 E State St, Eagle, ID 83616, USA",Eagle,5,5,https://maps.google.com/?cid=16034841994619240946&g_mp=Cidnb29nbGUubWFwcy5wbGFjZXMudjEuUGxhY2VzLlNlYXJjaFRleHQQAhgEIAA,http://egcarpetcare.com/,OPERATIONAL,laundry|service|point_of_interest|establishment
ChIJo6PYRgyrr1QR0zPgwopwlkY,Epic Exterior Services,service,Window cleaning,(208) 990-5137,"372 S Eagle Rd #201, Eagle, ID 83616, USA",Eagle,4.9,179,https://maps.google.com/?cid=5086376570438824915&g_mp=Cidnb29nbGUubWFwcy5wbGFjZXMudjEuUGxhY2VzLlNlYXJjaFRleHQQAhgEIAA,https://epicexteriorservices.com/,OPERATIONAL,service|point_of_interest|establishment
ChIJkQBDBmYBr1QRDcnDorX22dY,Eagle ClearView Windows,car_repair,Window cleaning,(208) 917-3044,"8279 W Brooks Dr, Boise, ID 83714, USA",Boise,5,27,https://maps.google.com/?cid=15481676454043044109&g_mp=Cidnb29nbGUubWFwcy5wbGFjZXMudjEuUGxhY2VzLlNlYXJjaFRleHQQAhgEIAA,https://eagleclearview.my.canva.site/,OPERATIONAL,car_repair|service|point_of_interest|establishment
ChIJb9at7wurr1QRE4I-A6rSR7Y,Exterior Refresh,point_of_interest,Pressure washing,(208) 900-8534,"302 S Neskowin Way, Eagle, ID 83616, USA",Eagle,5,16,https://maps.google.com/?cid=13134698465890042387&g_mp=Cidnb29nbGUubWFwcy5wbGFjZXMudjEuUGxhY2VzLlNlYXJjaFRleHQQAhgEIAA,http://www.exterior-refresh.com/,OPERATIONAL,point_of_interest|service|establishment
ChIJ8fK-5On_rlQR8LYRUEKfHgc,KeyMe Locksmiths,locksmith,Locksmith,(208) 944-1680,"3032 E State St, Eagle, ID 83616, USA",Eagle,3.8,5,https://maps.google.com/?cid=513022514726811376&g_mp=Cidnb29nbGUubWFwcy5wbGFjZXMudjEuUGxhY2VzLlNlYXJjaFRleHQQAhgEIAA,https://key.me/kiosks/idaho/eagle/eagle/locksmith-key-copy-eagle-winco-83616-idaho,OPERATIONAL,locksmith|service|point_of_interest|establishment
ChIJEwXNb4r_rlQRni7t3PL0Yug,KeyMe Locksmiths,locksmith,Locksmith,(208) 261-7399,"5425 W Chinden Blvd, Garden City, ID 83714, USA",,4.7,18,https://maps.google.com/?cid=16745215688442719902&g_mp=Cidnb29nbGUubWFwcy5wbGFjZXMudjEuUGxhY2VzLlNlYXJjaFRleHQQAhgEIAA,https://key.me/kiosks/idaho/garden-city/garden-city/locksmith-key-maker-garden-city-fred-meyer-83714-idaho,OPERATIONAL,locksmith|service|point_of_interest|establishment
ChIJuTvjxHqnr1QRxvnp1k_hDq0,P. U. Septic,supplier,Septic service,(208) 365-3459,"244 W Sales Yard Rd, Emmett, ID 83617, USA",,3.9,65,https://maps.google.com/?cid=12470152151259806150&g_mp=Cidnb29nbGUubWFwcy5wbGFjZXMudjEuUGxhY2VzLlNlYXJjaFRleHQQAhgEIAA,http://www.puseptic.com/,OPERATIONAL,supplier|manufacturer|service|point_of_interest|establishment
ChIJ44vfsjT_rlQRqnKl0bqYGSU,Farmers Union Ditch Co Ltd,supplier,Irrigation,(208) 870-7919,"715 N Clover Dr, Boise, ID 83703, USA",Boise,5,2,https://maps.google.com/?cid=2673335781969719978&g_mp=Cidnb29nbGUubWFwcy5wbGFjZXMudjEuUGxhY2VzLlNlYXJjaFRleHQQAhgEIAA,http://farmersunionditch.com/,OPERATIONAL,supplier|food|point_of_interest|establishment
ChIJkYW4QvGrr1QRGn4DoYRFMko,Falcon Flooring LLC,general_contractor,Flooring contractor,(208) 908-9767,"164 Lucy Ct, Eagle, ID 83616, USA",Eagle,4.9,74,https://maps.google.com/?cid=5346412143581560346&g_mp=Cidnb29nbGUubWFwcy5wbGFjZXMudjEuUGxhY2VzLlNlYXJjaFRleHQQAhgEIAA,http://www.falcon-flooring.com/,OPERATIONAL,general_contractor|point_of_interest|service|establishment
ChIJUU7bZKuqr1QRK5Xv8ZIFBP4,Eagle Floors + Design,building_materials_store,Flooring contractor,(208) 938-5590,"1396 E Iron Eagle Dr STE 125, Eagle, ID 83616, USA",Eagle,4.7,27,https://maps.google.com/?cid=18303760914222912811&g_mp=Cidnb29nbGUubWFwcy5wbGFjZXMudjEuUGxhY2VzLlNlYXJjaFRleHQQAhgEIAA,https://www.eaglefloorsanddesign.com/?utm_source=google_business_profile&utm_medium=organic&utm_campaign=gbp_listing,OPERATIONAL,building_materials_store|furniture_store|home_improvement_store|home_goods_store|general_contractor|store|point_of_interest|service|establishment
ChIJFbSUjm1XrlQRkyZJWxpDY0Y,Armor Flooring Idaho Epoxy LLC,general_contractor,Flooring contractor,(208) 585-7249,"380 N Clearpoint Way, Eagle, ID 83616, USA",Eagle,5,100,https://maps.google.com/?cid=5071971385829041811&g_mp=Cidnb29nbGUubWFwcy5wbGFjZXMudjEuUGxhY2VzLlNlYXJjaFRleHQQAhgEIAA,http://armorflooringidaho.com/,OPERATIONAL,general_contractor|point_of_interest|service|establishment
ChIJOx8NQ79VrlQRtWoZFfhYKiI,Fronel Hardwood Flooring LLC,general_contractor,Flooring contractor,(208) 284-1232,"8800 W Pembrook Dr, Boise, ID 83704, USA",Boise,5,75,https://maps.google.com/?cid=2461877968840518325&g_mp=Cidnb29nbGUubWFwcy5wbGFjZXMudjEuUGxhY2VzLlNlYXJjaFRleHQQAhgEIAA,https://fronel-hardwoodflooring.com/,OPERATIONAL,general_contractor|point_of_interest|service|establishment
ChIJdbwD76VTrlQRjXnp82zbDbw,Heritage Hardwood Flooring,general_contractor,Flooring contractor,(208) 761-6283,"9335 W State St, Garden City, ID 83714, USA",,4.9,134,https://maps.google.com/?cid=13550728114822805901&g_mp=Cidnb29nbGUubWFwcy5wbGFjZXMudjEuUGxhY2VzLlNlYXJjaFRleHQQAhgEIAA,http://heritagehardwoodboise.com/,OPERATIONAL,general_contractor|point_of_interest|service|establishment
ChIJ__gERW6rr1QR8_TTzf6DOKU,CT Tile,general_contractor,Tile contractor,(208) 912-8190,"372 S Eagle Rd #324, Eagle, ID 83616, USA",Eagle,,0,https://maps.google.com/?cid=11905410745352058099&g_mp=Cidnb29nbGUubWFwcy5wbGFjZXMudjEuUGxhY2VzLlNlYXJjaFRleHQQAhgEIAA,http://craigthetileman4u.blogspot.com/,OPERATIONAL,general_contractor|point_of_interest|service|establishment
ChIJj06U5YVUrlQRsYY1Is-BA3U,Una Tile,general_contractor,Tile contractor,(208) 869-2468,"119 E 44th St, Garden City, ID 83714, USA",,4.3,39,https://maps.google.com/?cid=8431725653999847089&g_mp=Cidnb29nbGUubWFwcy5wbGFjZXMudjEuUGxhY2VzLlNlYXJjaFRleHQQAhgEIAA,https://www.unatile.com/,OPERATIONAL,general_contractor|point_of_interest|service|establishment
ChIJ9zZHBUVVrlQRlOakiVTw4FM,Cameron's Custom Cabinetry,manufacturer,Cabinet maker,(208) 863-6350,"2128 E State St, Eagle, ID 83616, USA",Eagle,5,1,https://maps.google.com/?cid=6044094945808410260&g_mp=Cidnb29nbGUubWFwcy5wbGFjZXMudjEuUGxhY2VzLlNlYXJjaFRleHQQAhgEIAA,http://www.cameronscustomcabinetry.com/,OPERATIONAL,manufacturer|point_of_interest|service|establishment
ChIJ16fjJquqr1QRbwhZUleJNiI,"Cabinet Concepts, Inc",furniture_store,Cabinet maker,(208) 939-5930,"1764 E State St, Eagle, ID 83616, USA",Eagle,4.7,3,https://maps.google.com/?cid=2465308854168651887&g_mp=Cidnb29nbGUubWFwcy5wbGFjZXMudjEuUGxhY2VzLlNlYXJjaFRleHQQAhgEIAA,http://cabinetconceptsidaho.com/,OPERATIONAL,furniture_store|home_improvement_store|home_goods_store|point_of_interest|store|establishment
ChIJp54FsPpVrlQR1xe7UwssQGQ,MOD Boise Cabinets,furniture_store,Cabinet maker,(208) 724-1811,"1392 W Colchester Dr, Eagle, ID 83616, USA",Eagle,5,5,https://maps.google.com/?cid=7223822229463308247&g_mp=Cidnb29nbGUubWFwcy5wbGFjZXMudjEuUGxhY2VzLlNlYXJjaFRleHQQAhgEIAA,http://modboise.com/,OPERATIONAL,furniture_store|home_improvement_store|home_goods_store|manufacturer|point_of_interest|service|store|establishment
ChIJ7yRs4bWtr1QR_6SnYme-AuM,Greyloch LLC,manufacturer,Cabinet maker,(208) 322-1165,"350 S Calhoun Pl, Star, ID 83669, USA",,4.1,9,https://maps.google.com/?cid=16357846147809125631&g_mp=Cidnb29nbGUubWFwcy5wbGFjZXMudjEuUGxhY2VzLlNlYXJjaFRleHQQAhgEIAA,https://www.greyloch.com/,OPERATIONAL,manufacturer|point_of_interest|service|establishment
ChIJh7NgOcqqr1QRIbLblnBzdEQ,One Shop Kitchen,general_contractor,Kitchen remodel,(208) 995-6867,"934 S Island Glenn Way, Eagle, ID 83616, USA",Eagle,4.8,5,https://maps.google.com/?cid=4932694419282047521&g_mp=Cidnb29nbGUubWFwcy5wbGFjZXMudjEuUGxhY2VzLlNlYXJjaFRleHQQAhgEIAA,http://oneshopkitchen.com/,OPERATIONAL,general_contractor|furniture_store|home_improvement_store|home_goods_store|building_materials_store|point_of_interest|service|store|establishment
ChIJ26BTh_v6oacRcFI7MOxc7tg,"GLM Customs, LLC l Remodel + Addition Contractors l Boise - Eagle - Meridian",general_contractor,Kitchen remodel,(208) 917-3581,"8884 W Austin St, Boise, ID 83714, USA",Boise,5,18,https://maps.google.com/?cid=15631533526140801648&g_mp=Cidnb29nbGUubWFwcy5wbGFjZXMudjEuUGxhY2VzLlNlYXJjaFRleHQQAhgEIAA,https://www.glmcustoms.com/,OPERATIONAL,general_contractor|home_goods_store|point_of_interest|service|store|establishment
ChIJc5BZtDFVrlQRuzE_86x5qTU,Paradigm Construction Company,general_contractor,General contractor,(208) 867-7284,"553 S Fitness Pl, Eagle, ID 83616, USA",Eagle,4.5,23,https://maps.google.com/?cid=3866755538796622267&g_mp=Cidnb29nbGUubWFwcy5wbGFjZXMudjEuUGxhY2VzLlNlYXJjaFRleHQQAhgEIAA,http://paradigmconstructioncompany.com/,OPERATIONAL,general_contractor|point_of_interest|service|establishment
ChIJXeUwqkFUrlQR-u_fChu_SmA,Highland Homes,general_contractor,General contractor,(208) 288-2722,"1015 S Bridgeway Pl Suite 200, Eagle, ID 83616, USA",Eagle,4.9,57,https://maps.google.com/?cid=6938568298785140730&g_mp=Cidnb29nbGUubWFwcy5wbGFjZXMudjEuUGxhY2VzLlNlYXJjaFRleHQQAhgEIAA,http://www.highlandhomesllc.com/,OPERATIONAL,general_contractor|point_of_interest|service|establishment
ChIJVVVpyYVUrlQR2AJRnfZfxlw,O2 Construction LLC,general_contractor,General contractor,(208) 920-3303,"46 E Eagle River St Suite 130, Eagle, ID 83616, USA",Eagle,4.9,15,https://maps.google.com/?cid=6685136209684005592&g_mp=Cidnb29nbGUubWFwcy5wbGFjZXMudjEuUGxhY2VzLlNlYXJjaFRleHQQAhgEIAA,http://o2idaho.com/,OPERATIONAL,general_contractor|point_of_interest|service|establishment
ChIJyatnetOrr1QRI32LN4oracs,Eagle ADU Solutions,general_contractor,General contractor,(208) 816-7144,"460 S Eagle Rd, Eagle, ID 83616, USA",Eagle,5,19,https://maps.google.com/?cid=14657294334891359523&g_mp=Cidnb29nbGUubWFwcy5wbGFjZXMudjEuUGxhY2VzLlNlYXJjaFRleHQQAhgEIAA,http://eagleidconstructioncompany.com/,OPERATIONAL,general_contractor|point_of_interest|service|establishment
ChIJUwkFW1RVrlQRQY3MzkMcfBs,Red Leaf Building Company,general_contractor,General contractor,(208) 761-2101,"200 S Rivershore Ln #200, Eagle, ID 83616, USA",Eagle,5,4,https://maps.google.com/?cid=1980489013694074177&g_mp=Cidnb29nbGUubWFwcy5wbGFjZXMudjEuUGxhY2VzLlNlYXJjaFRleHQQAhgEIAA,https://www.redleafbuildingcompany.com/,OPERATIONAL,general_contractor|point_of_interest|service|establishment
ChIJydKGw82qr1QRDNbvPNwQIJo,Northern Construction,general_contractor,General contractor,(208) 938-4055,"1250 E Iron Eagle Dr #300, Eagle, ID 83616, USA",Eagle,4.7,13,https://maps.google.com/?cid=11105895219196843532&g_mp=Cidnb29nbGUubWFwcy5wbGFjZXMudjEuUGxhY2VzLlNlYXJjaFRleHQQAhgEIAA,http://www.northernconstructionhomes.com/,OPERATIONAL,general_contractor|point_of_interest|service|establishment
ChIJh7iiZ6yqr1QRCPUEFjdtQfU,"Steed Construction, Inc.",general_contractor,General contractor,(208) 378-7300,"1250 E Iron Eagle Dr Ste 200, Eagle, ID 83616, USA",Eagle,4.1,15,https://maps.google.com/?cid=17672526496138589448&g_mp=Cidnb29nbGUubWFwcy5wbGFjZXMudjEuUGxhY2VzLlNlYXJjaFRleHQQAhgEIAA,http://www.steedconstruction.com/,OPERATIONAL,general_contractor|point_of_interest|service|establishment
ChIJAQDwq0__rlQR8lqXehnS32Y,All American Rain Gutter LLC,service,Gutter cleaning,(208) 927-7302,"120 E 46th St, Garden City, ID 83714, USA",,4.5,54,https://maps.google.com/?cid=7412874518547880690&g_mp=Cidnb29nbGUubWFwcy5wbGFjZXMudjEuUGxhY2VzLlNlYXJjaFRleHQQAhgEIAA,https://aaraingutterboise.com/,OPERATIONAL,service|point_of_interest|establishment
ChIJh4Asljw2RC8RoOOI-AUCqUw,Lifetime Gutter Guards LLC,roofing_contractor,Gutter installation,(208) 600-2033,"200 N Highbrook Wy, Star, ID 83669, USA",,5,5,https://maps.google.com/?cid=5523948642614436768&g_mp=Cidnb29nbGUubWFwcy5wbGFjZXMudjEuUGxhY2VzLlNlYXJjaFRleHQQAhgEIAA,https://lifetimegutterguards.net/,OPERATIONAL,roofing_contractor|point_of_interest|service|establishment
ChIJb8ava5pWrlQR2C59WXN9ZBY,"Idaho Gutter & Shade Solutions, Inc.",supplier,Gutter installation,(208) 999-0729,"5140 N Sawyer Ave Unit G, Garden City, ID 83714, USA",,4.9,102,https://maps.google.com/?cid=1613552500881567448&g_mp=Cidnb29nbGUubWFwcy5wbGFjZXMudjEuUGxhY2VzLlNlYXJjaFRleHQQAhgEIAA,https://idahogutter.com/,OPERATIONAL,supplier|general_contractor|point_of_interest|service|establishment
ChIJAcVAYAEbx4kRDCv62IS5gqw,Aim High,general_contractor,Insulation contractor,(208) 225-6935,"250 S Eagle Rd #16, Eagle, ID 83616, USA",Eagle,5,13,https://maps.google.com/?cid=12430701901723085580&g_mp=Cidnb29nbGUubWFwcy5wbGFjZXMudjEuUGxhY2VzLlNlYXJjaFRleHQQAhgEIAA,https://www.insulationeagle.com/,OPERATIONAL,general_contractor|service|point_of_interest|establishment
ChIJp0RvnxxWrlQRxl-QwGiF6Ck,Siding Pros of Idaho,roofing_contractor,Siding contractor,(208) 672-1697,"9446 Fairview Ave ste a, Boise, ID 83704, USA",Boise,5,92,https://maps.google.com/?cid=3019810235105697734&g_mp=Cidnb29nbGUubWFwcy5wbGFjZXMudjEuUGxhY2VzLlNlYXJjaFRleHQQAhgEIAA,https://www.sidingprosofidaho.com/,OPERATIONAL,roofing_contractor|general_contractor|service|point_of_interest|establishment
ChIJzThARqBXrlQRBgXVTHvVmkA,Boise Siding,service,Siding contractor,(208) 965-5049,"1550 S Cloverdale Rd Suite 205, Boise, ID 83709, USA",Boise,5,45,https://maps.google.com/?cid=4655267890387551494&g_mp=Cidnb29nbGUubWFwcy5wbGFjZXMudjEuUGxhY2VzLlNlYXJjaFRleHQQAhgEIAA,https://www.boisesiding.net/?utm_source=gmb&utm_medium=local_organic,OPERATIONAL,service|point_of_interest|establishment
ChIJ81iNp2sAr1QRnOsQqpzhHXA,Bott's Exteriors,general_contractor,Siding contractor,(208) 870-4324,"2348 E Brigantine Dr, Eagle, ID 83616, USA",Eagle,4.3,6,https://maps.google.com/?cid=8078861369556921244&g_mp=Cidnb29nbGUubWFwcy5wbGFjZXMudjEuUGxhY2VzLlNlYXJjaFRleHQQAhgEIAA,https://www.facebook.com/Bottexteriors/,OPERATIONAL,general_contractor|service|point_of_interest|establishment
ChIJp8fGd2Str1QRfleDsAsdLFo,Cool River LLC,general_contractor,Deck builder,(208) 995-3280,"975 N Cardigan Pl, Star, ID 83669, USA",,5,26,https://maps.google.com/?cid=6497600298432026494&g_mp=Cidnb29nbGUubWFwcy5wbGFjZXMudjEuUGxhY2VzLlNlYXJjaFRleHQQAhgEIAA,http://crc-idaho.com/,OPERATIONAL,general_contractor|home_goods_store|store|service|point_of_interest|establishment
ChIJQ0pbEbP_rlQRT6uk8MtMjU4,Berbower Builds,manufacturer,Deck builder,(208) 350-8621,"2007 N 28th St, Boise, ID 83703, USA",Boise,5,33,https://maps.google.com/?cid=5660264745473977167&g_mp=Cidnb29nbGUubWFwcy5wbGFjZXMudjEuUGxhY2VzLlNlYXJjaFRleHQQAhgEIAA,https://berbowerbuilds.com/,OPERATIONAL,manufacturer|general_contractor|service|point_of_interest|establishment
ChIJIbtDXoGeBGARjJUyakNtngY,Decked Out | Decks and Outdoor Living,general_contractor,Deck builder,(208) 400-5300,"114 E 43rd St, Garden City, ID 83714, USA",,5,3,https://maps.google.com/?cid=476938746859787660&g_mp=Cidnb29nbGUubWFwcy5wbGFjZXMudjEuUGxhY2VzLlNlYXJjaFRleHQQAhgEIAA,https://deckedoutboise.com/,OPERATIONAL,general_contractor|service|supplier|point_of_interest|establishment
ChIJgQzg6oob2YgRChk2GjgpCNc,EAGLE POOL SERVICE BOCA RATON,general_contractor,Pool service,(561) 408-5121,"18935 Adagio Dr, Boca Raton, FL 33498, USA",,5,542,https://maps.google.com/?cid=15494679838902851850&g_mp=Cidnb29nbGUubWFwcy5wbGFjZXMudjEuUGxhY2VzLlNlYXJjaFRleHQQAhgEIAA,https://eaglepoolservice.com/,OPERATIONAL,general_contractor|point_of_interest|service|establishment
ChIJRSWF4kLPag0Rl09dQ4OP7QY,American Eagle Pool Services,point_of_interest,Pool service,(407) 848-8185,"9377 Meadow Hunt Way, Winter Garden, FL 34787, USA",,5,14,https://maps.google.com/?cid=499212927641669527&g_mp=Cidnb29nbGUubWFwcy5wbGFjZXMudjEuUGxhY2VzLlNlYXJjaFRleHQQAhgEIAA,https://aeaglepools.com/,OPERATIONAL,point_of_interest|service|establishment
ChIJh-dOwzz_rlQR0eeQbXlUiTk,Superior Solutions,swimming_pool,Pool service,(208) 912-9358,"4515 N Glenwood St, Boise, ID 83704, USA",Boise,4.4,13,https://maps.google.com/?cid=4145937812477241297&g_mp=Cidnb29nbGUubWFwcy5wbGFjZXMudjEuUGxhY2VzLlNlYXJjaFRleHQQAhgEIAA,http://superiorsolutionsboise.org/,OPERATIONAL,swimming_pool|sports_activity_location|point_of_interest|service|establishment
ChIJc_mK08D_rlQRwGi7-efbk68,Peak Performance Pools,point_of_interest,Pool service,(208) 505-1155,"9740 Shields Ave, Boise, ID 83714, USA",Boise,5,11,https://maps.google.com/?cid=12651697567587592384&g_mp=Cidnb29nbGUubWFwcy5wbGFjZXMudjEuUGxhY2VzLlNlYXJjaFRleHQQAhgEIAA,http://www.peakperformancepoolsidaho.com/,OPERATIONAL,point_of_interest|service|establishment
ChIJyWJZgoH5rlQRNkg_w4L8agw,Better Way Moving and Storage,shipping_service,Moving company,(208) 274-9042,"504 E 45th St Ste 1, Garden City, ID 83714, USA",,4.9,46,https://maps.google.com/?cid=894805114538117174&g_mp=Cidnb29nbGUubWFwcy5wbGFjZXMudjEuUGxhY2VzLlNlYXJjaFRleHQQAhgEIAA,https://www.betterwayboise.com/,OPERATIONAL,shipping_service|moving_company|storage|transportation_service|point_of_interest|service|establishment
ChIJ9zBFROeqUiIRAbeCZUopfOA,Eagle Junk Removal,point_of_interest,Junk removal,(986) 888-2629,"161 N Eagle Rd, Eagle, ID 83616, USA",Eagle,5,2,https://maps.google.com/?cid=16175849361115363073&g_mp=Cidnb29nbGUubWFwcy5wbGFjZXMudjEuUGxhY2VzLlNlYXJjaFRleHQQAhgEIAA,https://eagl.pro/,OPERATIONAL,point_of_interest|service|establishment
ChIJ2XWVf3JMFWsRtvTumcjsxm0,Sperry junk removal,general_contractor,Junk removal,(775) 777-5231,"759 N Celeste Ave, Star, ID 83669, USA",,4.9,19,https://maps.google.com/?cid=7910270141843043510&g_mp=Cidnb29nbGUubWFwcy5wbGFjZXMudjEuUGxhY2VzLlNlYXJjaFRleHQQAhgEIAA,https://sperryjunkremovalllc.jobbersites.com/,OPERATIONAL,general_contractor|point_of_interest|service|establishment
ChIJVVVFyhWsr1QR-_Bfq0xoiSc,Full House Junk Removal,point_of_interest,Junk removal,(208) 994-2429,"11818 W Hiddenlake Dr, Star, ID 83669, USA",,5,2,https://maps.google.com/?cid=2848922917790544123&g_mp=Cidnb29nbGUubWFwcy5wbGFjZXMudjEuUGxhY2VzLlNlYXJjaFRleHQQAhgEIAA,https://fullhousejunkremoval.com/about-us/,OPERATIONAL,point_of_interest|service|establishment
ChIJNybZ0y6BQK8RFIUX6QfKPw0,Peak Auto Glass LLC,car_repair,Glass repair,(208) 901-0971,"1472 E Iron Eagle Dr, Eagle, ID 83616, USA",Eagle,5,39,https://maps.google.com/?cid=954703781350049044&g_mp=Cidnb29nbGUubWFwcy5wbGFjZXMudjEuUGxhY2VzLlNlYXJjaFRleHQQAhgEIAA,https://peakautoglass.com/,OPERATIONAL,car_repair|point_of_interest|service|establishment
ChIJX8GvBruqr1QRMFHFhwpTlq0,"Summit Auto Glass, LLC",car_repair,Glass repair,(208) 287-4252,"335 S Edgewood Ln #110, Eagle, ID 83616, USA",Eagle,5,654,https://maps.google.com/?cid=12508276319760765232&g_mp=Cidnb29nbGUubWFwcy5wbGFjZXMudjEuUGxhY2VzLlNlYXJjaFRleHQQAhgEIAA,http://www.summitautoglassllc.com/,OPERATIONAL,car_repair|point_of_interest|service|establishment
ChIJnYTzEwD_rlQRSPok7RJHEgc,Glass Doctor of Eagle & Boise,building_materials_store,Glass repair,(208) 888-1096,"6845 N Gardener Ln, Garden City, ID 83714, USA",,4.9,118,https://maps.google.com/?cid=509547854459894344&g_mp=Cidnb29nbGUubWFwcy5wbGFjZXMudjEuUGxhY2VzLlNlYXJjaFRleHQQAhgEIAA,https://glassdoctor.com/eagle-boise?cid=LSTL_MGD000191&utm_source=gmb&utm_campaign=local&utm_medium=organic,OPERATIONAL,building_materials_store|car_repair|general_contractor|point_of_interest|service|store|establishment
ChIJ57nzaINTrlQRsXP_odLHZFY,Caliber Auto Glass,point_of_interest,Glass repair,(888) 461-0010,"1537 E State St, Eagle, ID 83616, USA",Eagle,4,5,https://maps.google.com/?cid=6225320292407800753&g_mp=Cidnb29nbGUubWFwcy5wbGFjZXMudjEuUGxhY2VzLlNlYXJjaFRleHQQAhgEIAA,https://www.caliber.com/services/auto-glass,OPERATIONAL,point_of_interest|establishment
ChIJEY--K5eqr1QRohvURUZQhbs,Patriot Mobile Auto Glass Repair,car_repair,Glass repair,(208) 991-7686,"11801 W Box Canyon St, Star, ID 83669, USA",,5,246,https://maps.google.com/?cid=13512294519744502690&g_mp=Cidnb29nbGUubWFwcy5wbGFjZXMudjEuUGxhY2VzLlNlYXJjaFRleHQQAhgEIAA,https://www.patriotglassrepair.com/,OPERATIONAL,car_repair|point_of_interest|service|establishment
ChIJJYIWfPStr1QRA3oCvDPeuQQ,Rapid Rock Chip Repair,car_repair,Glass repair,(208) 614-8078,"1102 n, N Star Bright Ln, Star, ID 83669, USA",,5,177,https://maps.google.com/?cid=340547560622160387&g_mp=Cidnb29nbGUubWFwcy5wbGFjZXMudjEuUGxhY2VzLlNlYXJjaFRleHQQAhgEIAA,http://www.rockchiprepairboise.com/,OPERATIONAL,car_repair|point_of_interest|service|establishment
ChIJ8TGQN7VVrlQRbm3k2p1_UX8,Avalon Glass,building_materials_store,Window repair,(208) 866-4341,"4744 Fenton St Suite A, Garden City, ID 83714, USA",,5,39,https://maps.google.com/?cid=9174254231889407342&g_mp=Cidnb29nbGUubWFwcy5wbGFjZXMudjEuUGxhY2VzLlNlYXJjaFRleHQQAhgEIAA,https://www.avalonglassidaho.com/,OPERATIONAL,building_materials_store|point_of_interest|service|store|establishment
ChIJZUqfCAoo3YARg53yX6hrTxI,American Welding and Fabrication LLC,ranch,Welding service,(208) 281-7177,"28072 Watkins Glen Ct, Wilder, ID 83676, USA",,4.9,34,https://maps.google.com/?cid=1319391586751257987&g_mp=Cidnb29nbGUubWFwcy5wbGFjZXMudjEuUGxhY2VzLlNlYXJjaFRleHQQAhgEIAA,http://americanweldingoc.com/,OPERATIONAL,ranch|farm|manufacturer|point_of_interest|service|establishment
ChIJh6rIW6UVTEoRsgkPiibon2Q,Smallwork Pro LLC,general_contractor,Excavation contractor,(208) 995-3165,"11727 W Azure Dr, Boise, ID 83713, USA",Boise,5,9,https://maps.google.com/?cid=7250769177312430514&g_mp=Cidnb29nbGUubWFwcy5wbGFjZXMudjEuUGxhY2VzLlNlYXJjaFRleHQQAhgEIAA,http://www.smallworkprollc.com/,OPERATIONAL,general_contractor|point_of_interest|service|establishment
ChIJt1R3SISLrCARPtkmN5QP2Pc,Eagle Rock Excavation LLC,general_contractor,Excavation contractor,(208) 840-0710,"2831 W 1500 S, Aberdeen, ID 83210, USA",,,0,https://maps.google.com/?cid=17859041451592571198&g_mp=Cidnb29nbGUubWFwcy5wbGFjZXMudjEuUGxhY2VzLlNlYXJjaFRleHQQAhgEIAA,https://eaglerockexcavation.com/,OPERATIONAL,general_contractor|point_of_interest|service|establishment
ChIJhzavSV2tr1QRFqA58xC_w7s,New Star Excavation,general_contractor,Excavation contractor,(208) 593-2323,"21400 Trigger Ranch Ln, Star, ID 83669, USA",,,0,https://maps.google.com/?cid=13529867785072123926&g_mp=Cidnb29nbGUubWFwcy5wbGFjZXMudjEuUGxhY2VzLlNlYXJjaFRleHQQAhgEIAA,http://newstarexcavation.com/,OPERATIONAL,general_contractor|point_of_interest|service|establishment
ChIJyUov9ZbGpVQRUJyjhrAlcqc,A3 Underground Construction,point_of_interest,Excavation contractor,(208) 630-3017,"3494 Rush Creek Rd, Cambridge, ID 83610, USA",,5,1,https://maps.google.com/?cid=12065747791782321232&g_mp=Cidnb29nbGUubWFwcy5wbGFjZXMudjEuUGxhY2VzLlNlYXJjaFRleHQQAhgEIAA,https://www.idahoseptictanks.com/contact-septic-installation-company-boise.php,OPERATIONAL,point_of_interest|service|establishment
ChIJ78_x8FdVrlQRxAQ12tm4SUM,"Idaho Materials & Construction, A CRH Company",supplier,Paving contractor,(208) 466-5001,"2755 E State St, Eagle, ID 83616, USA",Eagle,4.1,54,https://maps.google.com/?cid=4848609719649371332&g_mp=Cidnb29nbGUubWFwcy5wbGFjZXMudjEuUGxhY2VzLlNlYXJjaFRleHQQAhgEIAA,https://stakerparson.com/companies/idaho-materials-construction/,OPERATIONAL,supplier|general_contractor|point_of_interest|service|manufacturer|establishment
ChIJldBMVxeWxAQRYDgt_8xF_rM,Idaho Striping LLC,general_contractor,Paving contractor,(208) 908-9315,"410 E 41st St, Garden City, ID 83714, USA",,5,2,https://maps.google.com/?cid=12969880723630405728&g_mp=Cidnb29nbGUubWFwcy5wbGFjZXMudjEuUGxhY2VzLlNlYXJjaFRleHQQAhgEIAA,https://idahostriping.com/,OPERATIONAL,general_contractor|point_of_interest|service|establishment
